iteration,isolation,commit_hint_first,thread_a_committed,thread_b_committed,thread_a_error,thread_b_error,invariant_ok,invariant_detail
0,SERIALIZABLE,B,0,1,"SerializationFailure: could not serialize access due to read/write dependencies among transactions
DETAIL:  Reason code: Canceled on identification as a pivot, during write.
HINT:  The transaction might succeed if retried.",,1,
1,SERIALIZABLE,A,1,0,,"SerializationFailure: could not serialize access due to read/write dependencies among transactions
DETAIL:  Reason code: Canceled on identification as a pivot, during write.
HINT:  The transaction might succeed if retried.",1,
2,SERIALIZABLE,A,1,1,,,1,
3,SERIALIZABLE,A,1,0,,"SerializationFailure: could not serialize access due to read/write dependencies among transactions
DETAIL:  Reason code: Canceled on identification as a pivot, during write.
HINT:  The transaction might succeed if retried.",1,
4,SERIALIZABLE,B,0,1,"SerializationFailure: could not serialize access due to read/write dependencies among transactions
DETAIL:  Reason code: Canceled on identification as a pivot, during write.
HINT:  The transaction might succeed if retried.",,1,
5,SERIALIZABLE,B,0,1,"SerializationFailure: could not serialize access due to read/write dependencies among transactions
DETAIL:  Reason code: Canceled on identification as a pivot, during write.
HINT:  The transaction might succeed if retried.",,1,
6,SERIALIZABLE,B,0,1,"SerializationFailure: could not serialize access due to read/write dependencies among transactions
DETAIL:  Reason code: Canceled on identification as a pivot, during write.
HINT:  The transaction might succeed if retried.",,1,
7,SERIALIZABLE,A,1,0,,"SerializationFailure: could not serialize access due to read/write dependencies among transactions
DETAIL:  Reason code: Canceled on identification as a pivot, during write.
HINT:  The transaction might succeed if retried.",1,
8,SERIALIZABLE,A,1,0,,"SerializationFailure: could not serialize access due to read/write dependencies among transactions
DETAIL:  Reason code: Canceled on identification as a pivot, during write.
HINT:  The transaction might succeed if retried.",1,
9,SERIALIZABLE,A,1,0,,"SerializationFailure: could not serialize access due to read/write dependencies among transactions
DETAIL:  Reason code: Canceled on identification as a pivot, during write.
HINT:  The transaction might succeed if retried.",1,
10,SERIALIZABLE,A,1,0,,"SerializationFailure: could not serialize access due to read/write dependencies among transactions
DETAIL:  Reason code: Canceled on identification as a pivot, during write.
HINT:  The transaction might succeed if retried.",1,
11,SERIALIZABLE,B,0,1,"SerializationFailure: could not serialize access due to read/write dependencies among transactions
DETAIL:  Reason code: Canceled on identification as a pivot, during write.
HINT:  The transaction might succeed if retried.",,1,
12,SERIALIZABLE,A,1,0,,"SerializationFailure: could not serialize access due to read/write dependencies among transactions
DETAIL:  Reason code: Canceled on identification as a pivot, during write.
HINT:  The transaction might succeed if retried.",1,
13,SERIALIZABLE,A,1,0,,"SerializationFailure: could not serialize access due to read/write dependencies among transactions
DETAIL:  Reason code: Canceled on identification as a pivot, during write.
HINT:  The transaction might succeed if retried.",1,
14,SERIALIZABLE,B,0,1,"SerializationFailure: could not serialize access due to read/write dependencies among transactions
DETAIL:  Reason code: Canceled on identification as a pivot, during write.
HINT:  The transaction might succeed if retried.",,1,
15,SERIALIZABLE,B,0,1,"SerializationFailure: could not serialize access due to read/write dependencies among transactions
DETAIL:  Reason code: Canceled on identification as a pivot, during write.
HINT:  The transaction might succeed if retried.",,1,
16,SERIALIZABLE,A,1,0,,"SerializationFailure: could not serialize access due to read/write dependencies among transactions
DETAIL:  Reason code: Canceled on identification as a pivot, during write.
HINT:  The transaction might succeed if retried.",1,
17,SERIALIZABLE,B,0,1,"SerializationFailure: could not serialize access due to read/write dependencies among transactions
DETAIL:  Reason code: Canceled on identification as a pivot, during write.
HINT:  The transaction might succeed if retried.",,1,
18,SERIALIZABLE,B,0,1,"SerializationFailure: could not serialize access due to read/write dependencies among transactions
DETAIL:  Reason code: Canceled on identification as a pivot, during write.
HINT:  The transaction might succeed if retried.",,1,
19,SERIALIZABLE,A,1,0,,"SerializationFailure: could not serialize access due to read/write dependencies among transactions
DETAIL:  Reason code: Canceled on identification as a pivot, during write.
HINT:  The transaction might succeed if retried.",1,
20,SERIALIZABLE,B,0,1,"SerializationFailure: could not serialize access due to read/write dependencies among transactions
DETAIL:  Reason code: Canceled on identification as a pivot, during write.
HINT:  The transaction might succeed if retried.",,1,
21,SERIALIZABLE,B,0,1,"SerializationFailure: could not serialize access due to read/write dependencies among transactions
DETAIL:  Reason code: Canceled on identification as a pivot, during write.
HINT:  The transaction might succeed if retried.",,1,
22,SERIALIZABLE,A,1,0,,"SerializationFailure: could not serialize access due to read/write dependencies among transactions
DETAIL:  Reason code: Canceled on identification as a pivot, during write.
HINT:  The transaction might succeed if retried.",1,
23,SERIALIZABLE,A,1,0,,"SerializationFailure: could not serialize access due to read/write dependencies among transactions
DETAIL:  Reason code: Canceled on identification as a pivot, during write.
HINT:  The transaction might succeed if retried.",1,
24,SERIALIZABLE,B,0,1,"SerializationFailure: could not serialize access due to read/write dependencies among transactions
DETAIL:  Reason code: Canceled on identification as a pivot, during write.
HINT:  The transaction might succeed if retried.",,1,
25,SERIALIZABLE,A,1,0,,"SerializationFailure: could not serialize access due to read/write dependencies among transactions
DETAIL:  Reason code: Canceled on identification as a pivot, during write.
HINT:  The transaction might succeed if retried.",1,
26,SERIALIZABLE,A,1,0,,"SerializationFailure: could not serialize access due to read/write dependencies among transactions
DETAIL:  Reason code: Canceled on identification as a pivot, during write.
HINT:  The transaction might succeed if retried.",1,
27,SERIALIZABLE,A,1,0,,"SerializationFailure: could not serialize access due to read/write dependencies among transactions
DETAIL:  Reason code: Canceled on identification as a pivot, during write.
HINT:  The transaction might succeed if retried.",1,
28,SERIALIZABLE,B,0,1,"SerializationFailure: could not serialize access due to read/write dependencies among transactions
DETAIL:  Reason code: Canceled on identification as a pivot, during write.
HINT:  The transaction might succeed if retried.",,1,
29,SERIALIZABLE,B,0,1,"SerializationFailure: could not serialize access due to read/write dependencies among transactions
DETAIL:  Reason code: Canceled on identification as a pivot, during write.
HINT:  The transaction might succeed if retried.",,1,
30,SERIALIZABLE,B,0,1,"SerializationFailure: could not serialize access due to read/write dependencies among transactions
DETAIL:  Reason code: Canceled on identification as a pivot, during write.
HINT:  The transaction might succeed if retried.",,1,
31,SERIALIZABLE,B,0,1,"SerializationFailure: could not serialize access due to read/write dependencies among transactions
DETAIL:  Reason code: Canceled on identification as a pivot, during write.
HINT:  The transaction might succeed if retried.",,1,
32,SERIALIZABLE,B,0,1,"SerializationFailure: could not serialize access due to read/write dependencies among transactions
DETAIL:  Reason code: Canceled on identification as a pivot, during write.
HINT:  The transaction might succeed if retried.",,1,
33,SERIALIZABLE,B,0,1,"SerializationFailure: could not serialize access due to read/write dependencies among transactions
DETAIL:  Reason code: Canceled on identification as a pivot, during write.
HINT:  The transaction might succeed if retried.",,1,
34,SERIALIZABLE,A,1,0,,"SerializationFailure: could not serialize access due to read/write dependencies among transactions
DETAIL:  Reason code: Canceled on identification as a pivot, during write.
HINT:  The transaction might succeed if retried.",1,
35,SERIALIZABLE,B,0,1,"SerializationFailure: could not serialize access due to read/write dependencies among transactions
DETAIL:  Reason code: Canceled on identification as a pivot, during write.
HINT:  The transaction might succeed if retried.",,1,
36,SERIALIZABLE,B,0,1,"SerializationFailure: could not serialize access due to read/write dependencies among transactions
DETAIL:  Reason code: Canceled on identification as a pivot, during write.
HINT:  The transaction might succeed if retried.",,1,
37,SERIALIZABLE,B,0,1,"SerializationFailure: could not serialize access due to read/write dependencies among transactions
DETAIL:  Reason code: Canceled on identification as a pivot, during write.
HINT:  The transaction might succeed if retried.",,1,
38,SERIALIZABLE,B,0,1,"SerializationFailure: could not serialize access due to read/write dependencies among transactions
DETAIL:  Reason code: Canceled on identification as a pivot, during write.
HINT:  The transaction might succeed if retried.",,1,
39,SERIALIZABLE,B,0,1,"SerializationFailure: could not serialize access due to read/write dependencies among transactions
DETAIL:  Reason code: Canceled on identification as a pivot, during write.
HINT:  The transaction might succeed if retried.",,1,
40,SERIALIZABLE,B,0,1,"SerializationFailure: could not serialize access due to read/write dependencies among transactions
DETAIL:  Reason code: Canceled on identification as a pivot, during write.
HINT:  The transaction might succeed if retried.",,1,
41,SERIALIZABLE,A,1,1,,,1,
42,SERIALIZABLE,A,1,0,,"SerializationFailure: could not serialize access due to read/write dependencies among transactions
DETAIL:  Reason code: Canceled on identification as a pivot, during write.
HINT:  The transaction might succeed if retried.",1,
43,SERIALIZABLE,A,1,0,,"SerializationFailure: could not serialize access due to read/write dependencies among transactions
DETAIL:  Reason code: Canceled on identification as a pivot, during write.
HINT:  The transaction might succeed if retried.",1,
44,SERIALIZABLE,A,1,1,,,1,
45,SERIALIZABLE,A,1,0,,"SerializationFailure: could not serialize access due to read/write dependencies among transactions
DETAIL:  Reason code: Canceled on identification as a pivot, during write.
HINT:  The transaction might succeed if retried.",1,
46,SERIALIZABLE,A,1,0,,"SerializationFailure: could not serialize access due to read/write dependencies among transactions
DETAIL:  Reason code: Canceled on identification as a pivot, during write.
HINT:  The transaction might succeed if retried.",1,
47,SERIALIZABLE,A,1,0,,"SerializationFailure: could not serialize access due to read/write dependencies among transactions
DETAIL:  Reason code: Canceled on identification as a pivot, during write.
HINT:  The transaction might succeed if retried.",1,
48,SERIALIZABLE,B,0,1,"SerializationFailure: could not serialize access due to read/write dependencies among transactions
DETAIL:  Reason code: Canceled on identification as a pivot, during write.
HINT:  The transaction might succeed if retried.",,1,
49,SERIALIZABLE,A,1,0,,"SerializationFailure: could not serialize access due to read/write dependencies among transactions
DETAIL:  Reason code: Canceled on identification as a pivot, during write.
HINT:  The transaction might succeed if retried.",1,
50,SERIALIZABLE,A,1,1,,,1,
51,SERIALIZABLE,A,1,0,,"SerializationFailure: could not serialize access due to read/write dependencies among transactions
DETAIL:  Reason code: Canceled on identification as a pivot, during write.
HINT:  The transaction might succeed if retried.",1,
52,SERIALIZABLE,A,1,1,,,1,
53,SERIALIZABLE,B,0,1,"SerializationFailure: could not serialize access due to read/write dependencies among transactions
DETAIL:  Reason code: Canceled on identification as a pivot, during write.
HINT:  The transaction might succeed if retried.",,1,
54,SERIALIZABLE,B,0,1,"SerializationFailure: could not serialize access due to read/write dependencies among transactions
DETAIL:  Reason code: Canceled on identification as a pivot, during write.
HINT:  The transaction might succeed if retried.",,1,
55,SERIALIZABLE,B,0,1,"SerializationFailure: could not serialize access due to read/write dependencies among transactions
DETAIL:  Reason code: Canceled on identification as a pivot, during write.
HINT:  The transaction might succeed if retried.",,1,
56,SERIALIZABLE,A,1,0,,"SerializationFailure: could not serialize access due to read/write dependencies among transactions
DETAIL:  Reason code: Canceled on identification as a pivot, during write.
HINT:  The transaction might succeed if retried.",1,
57,SERIALIZABLE,B,0,1,"SerializationFailure: could not serialize access due to read/write dependencies among transactions
DETAIL:  Reason code: Canceled on identification as a pivot, during write.
HINT:  The transaction might succeed if retried.",,1,
58,SERIALIZABLE,A,1,0,,"SerializationFailure: could not serialize access due to read/write dependencies among transactions
DETAIL:  Reason code: Canceled on identification as a pivot, during write.
HINT:  The transaction might succeed if retried.",1,
59,SERIALIZABLE,A,1,0,,"SerializationFailure: could not serialize access due to read/write dependencies among transactions
DETAIL:  Reason code: Canceled on identification as a pivot, during write.
HINT:  The transaction might succeed if retried.",1,
60,SERIALIZABLE,B,0,1,"SerializationFailure: could not serialize access due to read/write dependencies among transactions
DETAIL:  Reason code: Canceled on identification as a pivot, during write.
HINT:  The transaction might succeed if retried.",,1,
61,SERIALIZABLE,B,1,1,,,1,
62,SERIALIZABLE,B,0,1,"SerializationFailure: could not serialize access due to read/write dependencies among transactions
DETAIL:  Reason code: Canceled on identification as a pivot, during write.
HINT:  The transaction might succeed if retried.",,1,
63,SERIALIZABLE,B,0,1,"SerializationFailure: could not serialize access due to read/write dependencies among transactions
DETAIL:  Reason code: Canceled on identification as a pivot, during write.
HINT:  The transaction might succeed if retried.",,1,
64,SERIALIZABLE,B,0,1,"SerializationFailure: could not serialize access due to read/write dependencies among transactions
DETAIL:  Reason code: Canceled on identification as a pivot, during write.
HINT:  The transaction might succeed if retried.",,1,
65,SERIALIZABLE,B,0,1,"SerializationFailure: could not serialize access due to read/write dependencies among transactions
DETAIL:  Reason code: Canceled on identification as a pivot, during write.
HINT:  The transaction might succeed if retried.",,1,
66,SERIALIZABLE,A,1,0,,"SerializationFailure: could not serialize access due to read/write dependencies among transactions
DETAIL:  Reason code: Canceled on identification as a pivot, during write.
HINT:  The transaction might succeed if retried.",1,
67,SERIALIZABLE,A,1,0,,"SerializationFailure: could not serialize access due to read/write dependencies among transactions
DETAIL:  Reason code: Canceled on identification as a pivot, during write.
HINT:  The transaction might succeed if retried.",1,
68,SERIALIZABLE,A,1,0,,"SerializationFailure: could not serialize access due to read/write dependencies among transactions
DETAIL:  Reason code: Canceled on identification as a pivot, during write.
HINT:  The transaction might succeed if retried.",1,
69,SERIALIZABLE,A,1,0,,"SerializationFailure: could not serialize access due to read/write dependencies among transactions
DETAIL:  Reason code: Canceled on identification as a pivot, during write.
HINT:  The transaction might succeed if retried.",1,
70,SERIALIZABLE,A,1,0,,"SerializationFailure: could not serialize access due to read/write dependencies among transactions
DETAIL:  Reason code: Canceled on identification as a pivot, during write.
HINT:  The transaction might succeed if retried.",1,
71,SERIALIZABLE,B,0,1,"SerializationFailure: could not serialize access due to read/write dependencies among transactions
DETAIL:  Reason code: Canceled on identification as a pivot, during write.
HINT:  The transaction might succeed if retried.",,1,
72,SERIALIZABLE,B,0,1,"SerializationFailure: could not serialize access due to read/write dependencies among transactions
DETAIL:  Reason code: Canceled on identification as a pivot, during write.
HINT:  The transaction might succeed if retried.",,1,
73,SERIALIZABLE,A,1,1,,,1,
74,SERIALIZABLE,B,1,1,,,1,
75,SERIALIZABLE,A,1,1,,,1,
76,SERIALIZABLE,B,1,1,,,1,
77,SERIALIZABLE,A,1,1,,,1,
78,SERIALIZABLE,A,1,0,,"SerializationFailure: could not serialize access due to read/write dependencies among transactions
DETAIL:  Reason code: Canceled on identification as a pivot, during write.
HINT:  The transaction might succeed if retried.",1,
79,SERIALIZABLE,A,1,1,,,1,
80,SERIALIZABLE,B,1,1,,,1,
81,SERIALIZABLE,A,1,0,,"SerializationFailure: could not serialize access due to read/write dependencies among transactions
DETAIL:  Reason code: Canceled on identification as a pivot, during write.
HINT:  The transaction might succeed if retried.",1,
82,SERIALIZABLE,B,0,1,"SerializationFailure: could not serialize access due to read/write dependencies among transactions
DETAIL:  Reason code: Canceled on identification as a pivot, during write.
HINT:  The transaction might succeed if retried.",,1,
83,SERIALIZABLE,B,1,1,,,1,
84,SERIALIZABLE,A,1,0,,"SerializationFailure: could not serialize access due to read/write dependencies among transactions
DETAIL:  Reason code: Canceled on identification as a pivot, during write.
HINT:  The transaction might succeed if retried.",1,
85,SERIALIZABLE,A,1,0,,"SerializationFailure: could not serialize access due to read/write dependencies among transactions
DETAIL:  Reason code: Canceled on identification as a pivot, during write.
HINT:  The transaction might succeed if retried.",1,
86,SERIALIZABLE,B,0,1,"SerializationFailure: could not serialize access due to read/write dependencies among transactions
DETAIL:  Reason code: Canceled on identification as a pivot, during write.
HINT:  The transaction might succeed if retried.",,1,
87,SERIALIZABLE,B,0,1,"SerializationFailure: could not serialize access due to read/write dependencies among transactions
DETAIL:  Reason code: Canceled on identification as a pivot, during write.
HINT:  The transaction might succeed if retried.",,1,
88,SERIALIZABLE,A,1,1,,,1,
89,SERIALIZABLE,A,1,0,,"SerializationFailure: could not serialize access due to read/write dependencies among transactions
DETAIL:  Reason code: Canceled on identification as a pivot, during write.
HINT:  The transaction might succeed if retried.",1,
90,SERIALIZABLE,A,1,0,,"SerializationFailure: could not serialize access due to read/write dependencies among transactions
DETAIL:  Reason code: Canceled on identification as a pivot, during write.
HINT:  The transaction might succeed if retried.",1,
91,SERIALIZABLE,B,0,1,"SerializationFailure: could not serialize access due to read/write dependencies among transactions
DETAIL:  Reason code: Canceled on identification as a pivot, during write.
HINT:  The transaction might succeed if retried.",,1,
92,SERIALIZABLE,B,0,1,"SerializationFailure: could not serialize access due to read/write dependencies among transactions
DETAIL:  Reason code: Canceled on identification as a pivot, during write.
HINT:  The transaction might succeed if retried.",,1,
93,SERIALIZABLE,A,1,0,,"SerializationFailure: could not serialize access due to read/write dependencies among transactions
DETAIL:  Reason code: Canceled on identification as a pivot, during write.
HINT:  The transaction might succeed if retried.",1,
94,SERIALIZABLE,A,1,1,,,1,
95,SERIALIZABLE,A,1,1,,,1,
96,SERIALIZABLE,B,0,1,"SerializationFailure: could not serialize access due to read/write dependencies among transactions
DETAIL:  Reason code: Canceled on identification as a pivot, during write.
HINT:  The transaction might succeed if retried.",,1,
97,SERIALIZABLE,B,0,1,"SerializationFailure: could not serialize access due to read/write dependencies among transactions
DETAIL:  Reason code: Canceled on identification as a pivot, during write.
HINT:  The transaction might succeed if retried.",,1,
98,SERIALIZABLE,B,1,1,,,1,
99,SERIALIZABLE,B,0,1,"SerializationFailure: could not serialize access due to read/write dependencies among transactions
DETAIL:  Reason code: Canceled on identification as a pivot, during write.
HINT:  The transaction might succeed if retried.",,1,
100,SERIALIZABLE,A,1,1,,,1,
101,SERIALIZABLE,B,0,1,"SerializationFailure: could not serialize access due to read/write dependencies among transactions
DETAIL:  Reason code: Canceled on identification as a pivot, during write.
HINT:  The transaction might succeed if retried.",,1,
102,SERIALIZABLE,B,1,1,,,1,
103,SERIALIZABLE,B,0,1,"SerializationFailure: could not serialize access due to read/write dependencies among transactions
DETAIL:  Reason code: Canceled on identification as a pivot, during write.
HINT:  The transaction might succeed if retried.",,1,
104,SERIALIZABLE,A,1,0,,"SerializationFailure: could not serialize access due to read/write dependencies among transactions
DETAIL:  Reason code: Canceled on identification as a pivot, during write.
HINT:  The transaction might succeed if retried.",1,
105,SERIALIZABLE,B,0,1,"SerializationFailure: could not serialize access due to read/write dependencies among transactions
DETAIL:  Reason code: Canceled on identification as a pivot, during write.
HINT:  The transaction might succeed if retried.",,1,
106,SERIALIZABLE,A,1,1,,,1,
107,SERIALIZABLE,A,1,1,,,1,
108,SERIALIZABLE,A,1,1,,,1,
109,SERIALIZABLE,B,1,1,,,1,
110,SERIALIZABLE,B,0,1,"SerializationFailure: could not serialize access due to read/write dependencies among transactions
DETAIL:  Reason code: Canceled on identification as a pivot, during write.
HINT:  The transaction might succeed if retried.",,1,
111,SERIALIZABLE,A,1,1,,,1,
112,SERIALIZABLE,B,1,1,,,1,
113,SERIALIZABLE,A,1,1,,,1,
114,SERIALIZABLE,B,0,1,"SerializationFailure: could not serialize access due to read/write dependencies among transactions
DETAIL:  Reason code: Canceled on identification as a pivot, during write.
HINT:  The transaction might succeed if retried.",,1,
115,SERIALIZABLE,B,1,1,,,1,
116,SERIALIZABLE,A,1,1,,,1,
117,SERIALIZABLE,B,0,1,"SerializationFailure: could not serialize access due to read/write dependencies among transactions
DETAIL:  Reason code: Canceled on identification as a pivot, during write.
HINT:  The transaction might succeed if retried.",,1,
118,SERIALIZABLE,B,0,1,"SerializationFailure: could not serialize access due to read/write dependencies among transactions
DETAIL:  Reason code: Canceled on identification as a pivot, during write.
HINT:  The transaction might succeed if retried.",,1,
119,SERIALIZABLE,A,1,0,,"SerializationFailure: could not serialize access due to read/write dependencies among transactions
DETAIL:  Reason code: Canceled on identification as a pivot, during write.
HINT:  The transaction might succeed if retried.",1,
120,SERIALIZABLE,B,1,1,,,1,
121,SERIALIZABLE,B,1,1,,,1,
122,SERIALIZABLE,B,0,1,"SerializationFailure: could not serialize access due to read/write dependencies among transactions
DETAIL:  Reason code: Canceled on identification as a pivot, during write.
HINT:  The transaction might succeed if retried.",,1,
123,SERIALIZABLE,B,0,1,"SerializationFailure: could not serialize access due to read/write dependencies among transactions
DETAIL:  Reason code: Canceled on identification as a pivot, during write.
HINT:  The transaction might succeed if retried.",,1,
124,SERIALIZABLE,A,1,1,,,1,
125,SERIALIZABLE,A,1,1,,,1,
126,SERIALIZABLE,A,1,1,,,1,
127,SERIALIZABLE,B,0,1,"SerializationFailure: could not serialize access due to read/write dependencies among transactions
DETAIL:  Reason code: Canceled on identification as a pivot, during write.
HINT:  The transaction might succeed if retried.",,1,
128,SERIALIZABLE,B,1,1,,,1,
129,SERIALIZABLE,B,1,1,,,1,
130,SERIALIZABLE,A,1,0,,"SerializationFailure: could not serialize access due to read/write dependencies among transactions
DETAIL:  Reason code: Canceled on identification as a pivot, during write.
HINT:  The transaction might succeed if retried.",1,
131,SERIALIZABLE,A,1,1,,,1,
132,SERIALIZABLE,B,0,1,"SerializationFailure: could not serialize access due to read/write dependencies among transactions
DETAIL:  Reason code: Canceled on identification as a pivot, during write.
HINT:  The transaction might succeed if retried.",,1,
133,SERIALIZABLE,B,0,1,"SerializationFailure: could not serialize access due to read/write dependencies among transactions
DETAIL:  Reason code: Canceled on identification as a pivot, during write.
HINT:  The transaction might succeed if retried.",,1,
134,SERIALIZABLE,A,1,0,,"SerializationFailure: could not serialize access due to read/write dependencies among transactions
DETAIL:  Reason code: Canceled on identification as a pivot, during write.
HINT:  The transaction might succeed if retried.",1,
135,SERIALIZABLE,A,1,1,,,1,
136,SERIALIZABLE,A,1,0,,"SerializationFailure: could not serialize access due to read/write dependencies among transactions
DETAIL:  Reason code: Canceled on identification as a pivot, during write.
HINT:  The transaction might succeed if retried.",1,
137,SERIALIZABLE,B,1,1,,,1,
138,SERIALIZABLE,B,0,1,"SerializationFailure: could not serialize access due to read/write dependencies among transactions
DETAIL:  Reason code: Canceled on identification as a pivot, during write.
HINT:  The transaction might succeed if retried.",,1,
139,SERIALIZABLE,A,1,1,,,1,
140,SERIALIZABLE,A,1,1,,,1,
141,SERIALIZABLE,B,0,1,"SerializationFailure: could not serialize access due to read/write dependencies among transactions
DETAIL:  Reason code: Canceled on identification as a pivot, during write.
HINT:  The transaction might succeed if retried.",,1,
142,SERIALIZABLE,A,1,0,,"SerializationFailure: could not serialize access due to read/write dependencies among transactions
DETAIL:  Reason code: Canceled on identification as a pivot, during write.
HINT:  The transaction might succeed if retried.",1,
143,SERIALIZABLE,B,0,1,"SerializationFailure: could not serialize access due to read/write dependencies among transactions
DETAIL:  Reason code: Canceled on identification as a pivot, during write.
HINT:  The transaction might succeed if retried.",,1,
144,SERIALIZABLE,A,1,0,,"SerializationFailure: could not serialize access due to read/write dependencies among transactions
DETAIL:  Reason code: Canceled on identification as a pivot, during write.
HINT:  The transaction might succeed if retried.",1,
145,SERIALIZABLE,A,1,0,,"SerializationFailure: could not serialize access due to read/write dependencies among transactions
DETAIL:  Reason code: Canceled on identification as a pivot, during write.
HINT:  The transaction might succeed if retried.",1,
146,SERIALIZABLE,B,0,1,"SerializationFailure: could not serialize access due to read/write dependencies among transactions
DETAIL:  Reason code: Canceled on identification as a pivot, during write.
HINT:  The transaction might succeed if retried.",,1,
147,SERIALIZABLE,B,0,1,"SerializationFailure: could not serialize access due to read/write dependencies among transactions
DETAIL:  Reason code: Canceled on identification as a pivot, during write.
HINT:  The transaction might succeed if retried.",,1,
148,SERIALIZABLE,A,1,1,,,1,
149,SERIALIZABLE,A,1,1,,,1,
150,SERIALIZABLE,B,1,1,,,1,
151,SERIALIZABLE,B,0,1,"SerializationFailure: could not serialize access due to read/write dependencies among transactions
DETAIL:  Reason code: Canceled on identification as a pivot, during write.
HINT:  The transaction might succeed if retried.",,1,
152,SERIALIZABLE,A,1,0,,"SerializationFailure: could not serialize access due to read/write dependencies among transactions
DETAIL:  Reason code: Canceled on identification as a pivot, during write.
HINT:  The transaction might succeed if retried.",1,
153,SERIALIZABLE,B,0,1,"SerializationFailure: could not serialize access due to read/write dependencies among transactions
DETAIL:  Reason code: Canceled on identification as a pivot, during write.
HINT:  The transaction might succeed if retried.",,1,
154,SERIALIZABLE,A,1,1,,,1,
155,SERIALIZABLE,A,1,0,,"SerializationFailure: could not serialize access due to read/write dependencies among transactions
DETAIL:  Reason code: Canceled on identification as a pivot, during write.
HINT:  The transaction might succeed if retried.",1,
156,SERIALIZABLE,A,1,0,,"SerializationFailure: could not serialize access due to read/write dependencies among transactions
DETAIL:  Reason code: Canceled on identification as a pivot, during write.
HINT:  The transaction might succeed if retried.",1,
157,SERIALIZABLE,B,0,1,"SerializationFailure: could not serialize access due to read/write dependencies among transactions
DETAIL:  Reason code: Canceled on identification as a pivot, during write.
HINT:  The transaction might succeed if retried.",,1,
158,SERIALIZABLE,A,1,0,,"SerializationFailure: could not serialize access due to read/write dependencies among transactions
DETAIL:  Reason code: Canceled on identification as a pivot, during write.
HINT:  The transaction might succeed if retried.",1,
159,SERIALIZABLE,A,1,0,,"SerializationFailure: could not serialize access due to read/write dependencies among transactions
DETAIL:  Reason code: Canceled on identification as a pivot, during write.
HINT:  The transaction might succeed if retried.",1,
160,SERIALIZABLE,A,1,1,,,1,
161,SERIALIZABLE,B,0,1,"SerializationFailure: could not serialize access due to read/write dependencies among transactions
DETAIL:  Reason code: Canceled on identification as a pivot, during write.
HINT:  The transaction might succeed if retried.",,1,
162,SERIALIZABLE,A,1,1,,,1,
163,SERIALIZABLE,B,1,1,,,1,
164,SERIALIZABLE,B,0,1,"SerializationFailure: could not serialize access due to read/write dependencies among transactions
DETAIL:  Reason code: Canceled on identification as a pivot, during write.
HINT:  The transaction might succeed if retried.",,1,
165,SERIALIZABLE,A,1,1,,,1,
166,SERIALIZABLE,A,1,1,,,1,
167,SERIALIZABLE,B,0,1,"SerializationFailure: could not serialize access due to read/write dependencies among transactions
DETAIL:  Reason code: Canceled on identification as a pivot, during write.
HINT:  The transaction might succeed if retried.",,1,
168,SERIALIZABLE,A,1,0,,"SerializationFailure: could not serialize access due to read/write dependencies among transactions
DETAIL:  Reason code: Canceled on identification as a pivot, during write.
HINT:  The transaction might succeed if retried.",1,
169,SERIALIZABLE,A,1,0,,"SerializationFailure: could not serialize access due to read/write dependencies among transactions
DETAIL:  Reason code: Canceled on identification as a pivot, during write.
HINT:  The transaction might succeed if retried.",1,
170,SERIALIZABLE,B,1,1,,,1,
171,SERIALIZABLE,B,1,1,,,1,
172,SERIALIZABLE,A,1,0,,"SerializationFailure: could not serialize access due to read/write dependencies among transactions
DETAIL:  Reason code: Canceled on identification as a pivot, during write.
HINT:  The transaction might succeed if retried.",1,
173,SERIALIZABLE,B,0,1,"SerializationFailure: could not serialize access due to read/write dependencies among transactions
DETAIL:  Reason code: Canceled on identification as a pivot, during write.
HINT:  The transaction might succeed if retried.",,1,
174,SERIALIZABLE,B,0,1,"SerializationFailure: could not serialize access due to read/write dependencies among transactions
DETAIL:  Reason code: Canceled on identification as a pivot, during write.
HINT:  The transaction might succeed if retried.",,1,
175,SERIALIZABLE,A,1,0,,"SerializationFailure: could not serialize access due to read/write dependencies among transactions
DETAIL:  Reason code: Canceled on identification as a pivot, during write.
HINT:  The transaction might succeed if retried.",1,
176,SERIALIZABLE,A,1,1,,,1,
177,SERIALIZABLE,A,1,1,,,1,
178,SERIALIZABLE,A,1,0,,"SerializationFailure: could not serialize access due to read/write dependencies among transactions
DETAIL:  Reason code: Canceled on identification as a pivot, during write.
HINT:  The transaction might succeed if retried.",1,
179,SERIALIZABLE,A,1,0,,"SerializationFailure: could not serialize access due to read/write dependencies among transactions
DETAIL:  Reason code: Canceled on identification as a pivot, during write.
HINT:  The transaction might succeed if retried.",1,
180,SERIALIZABLE,B,0,1,"SerializationFailure: could not serialize access due to read/write dependencies among transactions
DETAIL:  Reason code: Canceled on identification as a pivot, during write.
HINT:  The transaction might succeed if retried.",,1,
181,SERIALIZABLE,B,1,1,,,1,
182,SERIALIZABLE,B,0,1,"SerializationFailure: could not serialize access due to read/write dependencies among transactions
DETAIL:  Reason code: Canceled on identification as a pivot, during write.
HINT:  The transaction might succeed if retried.",,1,
183,SERIALIZABLE,A,1,0,,"SerializationFailure: could not serialize access due to read/write dependencies among transactions
DETAIL:  Reason code: Canceled on identification as a pivot, during write.
HINT:  The transaction might succeed if retried.",1,
184,SERIALIZABLE,A,1,0,,"SerializationFailure: could not serialize access due to read/write dependencies among transactions
DETAIL:  Reason code: Canceled on identification as a pivot, during write.
HINT:  The transaction might succeed if retried.",1,
185,SERIALIZABLE,A,1,0,,"SerializationFailure: could not serialize access due to read/write dependencies among transactions
DETAIL:  Reason code: Canceled on identification as a pivot, during write.
HINT:  The transaction might succeed if retried.",1,
186,SERIALIZABLE,B,1,1,,,1,
187,SERIALIZABLE,A,1,0,,"SerializationFailure: could not serialize access due to read/write dependencies among transactions
DETAIL:  Reason code: Canceled on identification as a pivot, during write.
HINT:  The transaction might succeed if retried.",1,
188,SERIALIZABLE,A,1,0,,"SerializationFailure: could not serialize access due to read/write dependencies among transactions
DETAIL:  Reason code: Canceled on identification as a pivot, during write.
HINT:  The transaction might succeed if retried.",1,
189,SERIALIZABLE,A,1,0,,"SerializationFailure: could not serialize access due to read/write dependencies among transactions
DETAIL:  Reason code: Canceled on identification as a pivot, during write.
HINT:  The transaction might succeed if retried.",1,
190,SERIALIZABLE,A,1,1,,,1,
191,SERIALIZABLE,A,1,0,,"SerializationFailure: could not serialize access due to read/write dependencies among transactions
DETAIL:  Reason code: Canceled on identification as a pivot, during write.
HINT:  The transaction might succeed if retried.",1,
192,SERIALIZABLE,A,1,0,,"SerializationFailure: could not serialize access due to read/write dependencies among transactions
DETAIL:  Reason code: Canceled on identification as a pivot, during write.
HINT:  The transaction might succeed if retried.",1,
193,SERIALIZABLE,B,0,1,"SerializationFailure: could not serialize access due to read/write dependencies among transactions
DETAIL:  Reason code: Canceled on identification as a pivot, during write.
HINT:  The transaction might succeed if retried.",,1,
194,SERIALIZABLE,A,1,0,,"SerializationFailure: could not serialize access due to read/write dependencies among transactions
DETAIL:  Reason code: Canceled on identification as a pivot, during write.
HINT:  The transaction might succeed if retried.",1,
195,SERIALIZABLE,B,1,1,,,1,
196,SERIALIZABLE,B,0,1,"SerializationFailure: could not serialize access due to read/write dependencies among transactions
DETAIL:  Reason code: Canceled on identification as a pivot, during write.
HINT:  The transaction might succeed if retried.",,1,
197,SERIALIZABLE,A,1,0,,"SerializationFailure: could not serialize access due to read/write dependencies among transactions
DETAIL:  Reason code: Canceled on identification as a pivot, during write.
HINT:  The transaction might succeed if retried.",1,
198,SERIALIZABLE,B,0,1,"SerializationFailure: could not serialize access due to read/write dependencies among transactions
DETAIL:  Reason code: Canceled on identification as a pivot, during write.
HINT:  The transaction might succeed if retried.",,1,
199,SERIALIZABLE,B,0,1,"SerializationFailure: could not serialize access due to read/write dependencies among transactions
DETAIL:  Reason code: Canceled on identification as a pivot, during write.
HINT:  The transaction might succeed if retried.",,1,
200,SERIALIZABLE,B,0,1,"SerializationFailure: could not serialize access due to read/write dependencies among transactions
DETAIL:  Reason code: Canceled on identification as a pivot, during write.
HINT:  The transaction might succeed if retried.",,1,
201,SERIALIZABLE,B,1,1,,,1,
202,SERIALIZABLE,B,1,1,,,1,
203,SERIALIZABLE,A,1,0,,"SerializationFailure: could not serialize access due to read/write dependencies among transactions
DETAIL:  Reason code: Canceled on identification as a pivot, during write.
HINT:  The transaction might succeed if retried.",1,
204,SERIALIZABLE,A,1,0,,"SerializationFailure: could not serialize access due to read/write dependencies among transactions
DETAIL:  Reason code: Canceled on identification as a pivot, during write.
HINT:  The transaction might succeed if retried.",1,
205,SERIALIZABLE,A,1,1,,,1,
206,SERIALIZABLE,A,1,0,,"SerializationFailure: could not serialize access due to read/write dependencies among transactions
DETAIL:  Reason code: Canceled on identification as a pivot, during write.
HINT:  The transaction might succeed if retried.",1,
207,SERIALIZABLE,A,1,0,,"SerializationFailure: could not serialize access due to read/write dependencies among transactions
DETAIL:  Reason code: Canceled on identification as a pivot, during write.
HINT:  The transaction might succeed if retried.",1,
208,SERIALIZABLE,A,1,1,,,1,
209,SERIALIZABLE,B,1,1,,,1,
210,SERIALIZABLE,A,1,0,,"SerializationFailure: could not serialize access due to read/write dependencies among transactions
DETAIL:  Reason code: Canceled on identification as a pivot, during write.
HINT:  The transaction might succeed if retried.",1,
211,SERIALIZABLE,B,1,1,,,1,
212,SERIALIZABLE,A,1,0,,"SerializationFailure: could not serialize access due to read/write dependencies among transactions
DETAIL:  Reason code: Canceled on identification as a pivot, during write.
HINT:  The transaction might succeed if retried.",1,
213,SERIALIZABLE,A,1,1,,,1,
214,SERIALIZABLE,B,1,1,,,1,
215,SERIALIZABLE,B,0,1,"SerializationFailure: could not serialize access due to read/write dependencies among transactions
DETAIL:  Reason code: Canceled on identification as a pivot, during write.
HINT:  The transaction might succeed if retried.",,1,
216,SERIALIZABLE,B,0,1,"SerializationFailure: could not serialize access due to read/write dependencies among transactions
DETAIL:  Reason code: Canceled on identification as a pivot, during write.
HINT:  The transaction might succeed if retried.",,1,
217,SERIALIZABLE,B,0,1,"SerializationFailure: could not serialize access due to read/write dependencies among transactions
DETAIL:  Reason code: Canceled on identification as a pivot, during write.
HINT:  The transaction might succeed if retried.",,1,
218,SERIALIZABLE,A,1,1,,,1,
219,SERIALIZABLE,A,1,1,,,1,
220,SERIALIZABLE,B,0,1,"SerializationFailure: could not serialize access due to read/write dependencies among transactions
DETAIL:  Reason code: Canceled on identification as a pivot, during write.
HINT:  The transaction might succeed if retried.",,1,
221,SERIALIZABLE,B,0,1,"SerializationFailure: could not serialize access due to read/write dependencies among transactions
DETAIL:  Reason code: Canceled on identification as a pivot, during write.
HINT:  The transaction might succeed if retried.",,1,
222,SERIALIZABLE,B,1,1,,,1,
223,SERIALIZABLE,B,1,1,,,1,
224,SERIALIZABLE,A,1,0,,"SerializationFailure: could not serialize access due to read/write dependencies among transactions
DETAIL:  Reason code: Canceled on identification as a pivot, during write.
HINT:  The transaction might succeed if retried.",1,
225,SERIALIZABLE,B,0,1,"SerializationFailure: could not serialize access due to read/write dependencies among transactions
DETAIL:  Reason code: Canceled on identification as a pivot, during write.
HINT:  The transaction might succeed if retried.",,1,
226,SERIALIZABLE,B,0,1,"SerializationFailure: could not serialize access due to read/write dependencies among transactions
DETAIL:  Reason code: Canceled on identification as a pivot, during write.
HINT:  The transaction might succeed if retried.",,1,
227,SERIALIZABLE,B,1,1,,,1,
228,SERIALIZABLE,A,1,0,,"SerializationFailure: could not serialize access due to read/write dependencies among transactions
DETAIL:  Reason code: Canceled on identification as a pivot, during write.
HINT:  The transaction might succeed if retried.",1,
229,SERIALIZABLE,B,0,1,"SerializationFailure: could not serialize access due to read/write dependencies among transactions
DETAIL:  Reason code: Canceled on identification as a pivot, during write.
HINT:  The transaction might succeed if retried.",,1,
230,SERIALIZABLE,A,1,0,,"SerializationFailure: could not serialize access due to read/write dependencies among transactions
DETAIL:  Reason code: Canceled on identification as a pivot, during write.
HINT:  The transaction might succeed if retried.",1,
231,SERIALIZABLE,A,1,0,,"SerializationFailure: could not serialize access due to read/write dependencies among transactions
DETAIL:  Reason code: Canceled on identification as a pivot, during write.
HINT:  The transaction might succeed if retried.",1,
232,SERIALIZABLE,B,1,1,,,1,
233,SERIALIZABLE,B,0,1,"SerializationFailure: could not serialize access due to read/write dependencies among transactions
DETAIL:  Reason code: Canceled on identification as a pivot, during write.
HINT:  The transaction might succeed if retried.",,1,
234,SERIALIZABLE,A,1,1,,,1,
235,SERIALIZABLE,A,1,0,,"SerializationFailure: could not serialize access due to read/write dependencies among transactions
DETAIL:  Reason code: Canceled on identification as a pivot, during write.
HINT:  The transaction might succeed if retried.",1,
236,SERIALIZABLE,B,0,1,"SerializationFailure: could not serialize access due to read/write dependencies among transactions
DETAIL:  Reason code: Canceled on identification as a pivot, during write.
HINT:  The transaction might succeed if retried.",,1,
237,SERIALIZABLE,A,1,1,,,1,
238,SERIALIZABLE,B,1,1,,,1,
239,SERIALIZABLE,B,0,1,"SerializationFailure: could not serialize access due to read/write dependencies among transactions
DETAIL:  Reason code: Canceled on identification as a pivot, during write.
HINT:  The transaction might succeed if retried.",,1,
240,SERIALIZABLE,A,1,0,,"SerializationFailure: could not serialize access due to read/write dependencies among transactions
DETAIL:  Reason code: Canceled on identification as a pivot, during write.
HINT:  The transaction might succeed if retried.",1,
241,SERIALIZABLE,B,1,1,,,1,
242,SERIALIZABLE,B,1,1,,,1,
243,SERIALIZABLE,B,1,1,,,1,
244,SERIALIZABLE,A,1,0,,"SerializationFailure: could not serialize access due to read/write dependencies among transactions
DETAIL:  Reason code: Canceled on identification as a pivot, during write.
HINT:  The transaction might succeed if retried.",1,
245,SERIALIZABLE,B,1,1,,,1,
246,SERIALIZABLE,A,1,0,,"SerializationFailure: could not serialize access due to read/write dependencies among transactions
DETAIL:  Reason code: Canceled on identification as a pivot, during write.
HINT:  The transaction might succeed if retried.",1,
247,SERIALIZABLE,A,1,0,,"SerializationFailure: could not serialize access due to read/write dependencies among transactions
DETAIL:  Reason code: Canceled on identification as a pivot, during write.
HINT:  The transaction might succeed if retried.",1,
248,SERIALIZABLE,B,1,1,,,1,
249,SERIALIZABLE,A,1,0,,"SerializationFailure: could not serialize access due to read/write dependencies among transactions
DETAIL:  Reason code: Canceled on identification as a pivot, during write.
HINT:  The transaction might succeed if retried.",1,
250,SERIALIZABLE,A,1,1,,,1,
251,SERIALIZABLE,B,1,1,,,1,
252,SERIALIZABLE,A,1,1,,,1,
253,SERIALIZABLE,A,1,0,,"SerializationFailure: could not serialize access due to read/write dependencies among transactions
DETAIL:  Reason code: Canceled on identification as a pivot, during write.
HINT:  The transaction might succeed if retried.",1,
254,SERIALIZABLE,B,0,1,"SerializationFailure: could not serialize access due to read/write dependencies among transactions
DETAIL:  Reason code: Canceled on identification as a pivot, during write.
HINT:  The transaction might succeed if retried.",,1,
255,SERIALIZABLE,B,1,1,,,1,
256,SERIALIZABLE,A,1,0,,"SerializationFailure: could not serialize access due to read/write dependencies among transactions
DETAIL:  Reason code: Canceled on identification as a pivot, during write.
HINT:  The transaction might succeed if retried.",1,
257,SERIALIZABLE,A,1,0,,"SerializationFailure: could not serialize access due to read/write dependencies among transactions
DETAIL:  Reason code: Canceled on identification as a pivot, during write.
HINT:  The transaction might succeed if retried.",1,
258,SERIALIZABLE,A,1,0,,"SerializationFailure: could not serialize access due to read/write dependencies among transactions
DETAIL:  Reason code: Canceled on identification as a pivot, during write.
HINT:  The transaction might succeed if retried.",1,
259,SERIALIZABLE,B,1,1,,,1,
260,SERIALIZABLE,B,1,1,,,1,
261,SERIALIZABLE,B,1,1,,,1,
262,SERIALIZABLE,A,1,0,,"SerializationFailure: could not serialize access due to read/write dependencies among transactions
DETAIL:  Reason code: Canceled on identification as a pivot, during write.
HINT:  The transaction might succeed if retried.",1,
263,SERIALIZABLE,A,1,1,,,1,
264,SERIALIZABLE,B,1,1,,,1,
265,SERIALIZABLE,B,0,1,"SerializationFailure: could not serialize access due to read/write dependencies among transactions
DETAIL:  Reason code: Canceled on identification as a pivot, during write.
HINT:  The transaction might succeed if retried.",,1,
266,SERIALIZABLE,B,1,1,,,1,
267,SERIALIZABLE,B,0,1,"SerializationFailure: could not serialize access due to read/write dependencies among transactions
DETAIL:  Reason code: Canceled on identification as a pivot, during write.
HINT:  The transaction might succeed if retried.",,1,
268,SERIALIZABLE,B,1,1,,,1,
269,SERIALIZABLE,A,1,0,,"SerializationFailure: could not serialize access due to read/write dependencies among transactions
DETAIL:  Reason code: Canceled on identification as a pivot, during write.
HINT:  The transaction might succeed if retried.",1,
270,SERIALIZABLE,B,1,1,,,1,
271,SERIALIZABLE,A,1,0,,"SerializationFailure: could not serialize access due to read/write dependencies among transactions
DETAIL:  Reason code: Canceled on identification as a pivot, during write.
HINT:  The transaction might succeed if retried.",1,
272,SERIALIZABLE,B,1,1,,,1,
273,SERIALIZABLE,B,1,1,,,1,
274,SERIALIZABLE,A,1,0,,"SerializationFailure: could not serialize access due to read/write dependencies among transactions
DETAIL:  Reason code: Canceled on identification as a pivot, during write.
HINT:  The transaction might succeed if retried.",1,
275,SERIALIZABLE,A,1,1,,,1,
276,SERIALIZABLE,A,1,0,,"SerializationFailure: could not serialize access due to read/write dependencies among transactions
DETAIL:  Reason code: Canceled on identification as a pivot, during write.
HINT:  The transaction might succeed if retried.",1,
277,SERIALIZABLE,B,1,1,,,1,
278,SERIALIZABLE,A,1,0,,"SerializationFailure: could not serialize access due to read/write dependencies among transactions
DETAIL:  Reason code: Canceled on identification as a pivot, during write.
HINT:  The transaction might succeed if retried.",1,
279,SERIALIZABLE,B,1,1,,,1,
280,SERIALIZABLE,B,0,1,"SerializationFailure: could not serialize access due to read/write dependencies among transactions
DETAIL:  Reason code: Canceled on identification as a pivot, during write.
HINT:  The transaction might succeed if retried.",,1,
281,SERIALIZABLE,A,1,0,,"SerializationFailure: could not serialize access due to read/write dependencies among transactions
DETAIL:  Reason code: Canceled on identification as a pivot, during write.
HINT:  The transaction might succeed if retried.",1,
282,SERIALIZABLE,B,1,1,,,1,
283,SERIALIZABLE,A,1,0,,"SerializationFailure: could not serialize access due to read/write dependencies among transactions
DETAIL:  Reason code: Canceled on identification as a pivot, during write.
HINT:  The transaction might succeed if retried.",1,
284,SERIALIZABLE,A,1,1,,,1,
285,SERIALIZABLE,B,0,1,"SerializationFailure: could not serialize access due to read/write dependencies among transactions
DETAIL:  Reason code: Canceled on identification as a pivot, during write.
HINT:  The transaction might succeed if retried.",,1,
286,SERIALIZABLE,B,1,1,,,1,
287,SERIALIZABLE,A,1,1,,,1,
288,SERIALIZABLE,A,1,0,,"SerializationFailure: could not serialize access due to read/write dependencies among transactions
DETAIL:  Reason code: Canceled on identification as a pivot, during write.
HINT:  The transaction might succeed if retried.",1,
289,SERIALIZABLE,A,1,0,,"SerializationFailure: could not serialize access due to read/write dependencies among transactions
DETAIL:  Reason code: Canceled on identification as a pivot, during write.
HINT:  The transaction might succeed if retried.",1,
290,SERIALIZABLE,A,1,1,,,1,
291,SERIALIZABLE,B,1,1,,,1,
292,SERIALIZABLE,B,1,1,,,1,
293,SERIALIZABLE,A,1,1,,,1,
294,SERIALIZABLE,B,0,1,"SerializationFailure: could not serialize access due to read/write dependencies among transactions
DETAIL:  Reason code: Canceled on identification as a pivot, during write.
HINT:  The transaction might succeed if retried.",,1,
295,SERIALIZABLE,B,0,1,"SerializationFailure: could not serialize access due to read/write dependencies among transactions
DETAIL:  Reason code: Canceled on identification as a pivot, during write.
HINT:  The transaction might succeed if retried.",,1,
296,SERIALIZABLE,A,1,1,,,1,
297,SERIALIZABLE,A,1,0,,"SerializationFailure: could not serialize access due to read/write dependencies among transactions
DETAIL:  Reason code: Canceled on identification as a pivot, during write.
HINT:  The transaction might succeed if retried.",1,
298,SERIALIZABLE,A,1,0,,"SerializationFailure: could not serialize access due to read/write dependencies among transactions
DETAIL:  Reason code: Canceled on identification as a pivot, during write.
HINT:  The transaction might succeed if retried.",1,
299,SERIALIZABLE,B,1,1,,,1,
300,SERIALIZABLE,B,1,1,,,1,
301,SERIALIZABLE,B,1,1,,,1,
302,SERIALIZABLE,B,1,1,,,1,
303,SERIALIZABLE,B,0,1,"SerializationFailure: could not serialize access due to read/write dependencies among transactions
DETAIL:  Reason code: Canceled on identification as a pivot, during write.
HINT:  The transaction might succeed if retried.",,1,
304,SERIALIZABLE,A,1,0,,"SerializationFailure: could not serialize access due to read/write dependencies among transactions
DETAIL:  Reason code: Canceled on identification as a pivot, during write.
HINT:  The transaction might succeed if retried.",1,
305,SERIALIZABLE,A,1,0,,"SerializationFailure: could not serialize access due to read/write dependencies among transactions
DETAIL:  Reason code: Canceled on identification as a pivot, during write.
HINT:  The transaction might succeed if retried.",1,
306,SERIALIZABLE,A,1,0,,"SerializationFailure: could not serialize access due to read/write dependencies among transactions
DETAIL:  Reason code: Canceled on identification as a pivot, during write.
HINT:  The transaction might succeed if retried.",1,
307,SERIALIZABLE,B,0,1,"SerializationFailure: could not serialize access due to read/write dependencies among transactions
DETAIL:  Reason code: Canceled on identification as a pivot, during write.
HINT:  The transaction might succeed if retried.",,1,
308,SERIALIZABLE,B,0,1,"SerializationFailure: could not serialize access due to read/write dependencies among transactions
DETAIL:  Reason code: Canceled on identification as a pivot, during write.
HINT:  The transaction might succeed if retried.",,1,
309,SERIALIZABLE,B,1,1,,,1,
310,SERIALIZABLE,B,1,1,,,1,
311,SERIALIZABLE,A,1,0,,"SerializationFailure: could not serialize access due to read/write dependencies among transactions
DETAIL:  Reason code: Canceled on identification as a pivot, during write.
HINT:  The transaction might succeed if retried.",1,
312,SERIALIZABLE,A,1,0,,"SerializationFailure: could not serialize access due to read/write dependencies among transactions
DETAIL:  Reason code: Canceled on identification as a pivot, during write.
HINT:  The transaction might succeed if retried.",1,
313,SERIALIZABLE,A,1,0,,"SerializationFailure: could not serialize access due to read/write dependencies among transactions
DETAIL:  Reason code: Canceled on identification as a pivot, during write.
HINT:  The transaction might succeed if retried.",1,
314,SERIALIZABLE,B,1,1,,,1,
315,SERIALIZABLE,B,0,1,"SerializationFailure: could not serialize access due to read/write dependencies among transactions
DETAIL:  Reason code: Canceled on identification as a pivot, during write.
HINT:  The transaction might succeed if retried.",,1,
316,SERIALIZABLE,A,1,0,,"SerializationFailure: could not serialize access due to read/write dependencies among transactions
DETAIL:  Reason code: Canceled on identification as a pivot, during write.
HINT:  The transaction might succeed if retried.",1,
317,SERIALIZABLE,B,0,1,"SerializationFailure: could not serialize access due to read/write dependencies among transactions
DETAIL:  Reason code: Canceled on identification as a pivot, during write.
HINT:  The transaction might succeed if retried.",,1,
318,SERIALIZABLE,A,1,0,,"SerializationFailure: could not serialize access due to read/write dependencies among transactions
DETAIL:  Reason code: Canceled on identification as a pivot, during write.
HINT:  The transaction might succeed if retried.",1,
319,SERIALIZABLE,B,1,1,,,1,
320,SERIALIZABLE,B,0,1,"SerializationFailure: could not serialize access due to read/write dependencies among transactions
DETAIL:  Reason code: Canceled on identification as a pivot, during write.
HINT:  The transaction might succeed if retried.",,1,
321,SERIALIZABLE,B,0,1,"SerializationFailure: could not serialize access due to read/write dependencies among transactions
DETAIL:  Reason code: Canceled on identification as a pivot, during write.
HINT:  The transaction might succeed if retried.",,1,
322,SERIALIZABLE,B,0,1,"SerializationFailure: could not serialize access due to read/write dependencies among transactions
DETAIL:  Reason code: Canceled on identification as a pivot, during write.
HINT:  The transaction might succeed if retried.",,1,
323,SERIALIZABLE,B,0,1,"SerializationFailure: could not serialize access due to read/write dependencies among transactions
DETAIL:  Reason code: Canceled on identification as a pivot, during write.
HINT:  The transaction might succeed if retried.",,1,
324,SERIALIZABLE,A,1,1,,,1,
325,SERIALIZABLE,B,0,1,"SerializationFailure: could not serialize access due to read/write dependencies among transactions
DETAIL:  Reason code: Canceled on identification as a pivot, during write.
HINT:  The transaction might succeed if retried.",,1,
326,SERIALIZABLE,A,1,0,,"SerializationFailure: could not serialize access due to read/write dependencies among transactions
DETAIL:  Reason code: Canceled on identification as a pivot, during write.
HINT:  The transaction might succeed if retried.",1,
327,SERIALIZABLE,B,1,1,,,1,
328,SERIALIZABLE,B,0,1,"SerializationFailure: could not serialize access due to read/write dependencies among transactions
DETAIL:  Reason code: Canceled on identification as a pivot, during write.
HINT:  The transaction might succeed if retried.",,1,
329,SERIALIZABLE,B,0,1,"SerializationFailure: could not serialize access due to read/write dependencies among transactions
DETAIL:  Reason code: Canceled on identification as a pivot, during write.
HINT:  The transaction might succeed if retried.",,1,
330,SERIALIZABLE,B,0,1,"SerializationFailure: could not serialize access due to read/write dependencies among transactions
DETAIL:  Reason code: Canceled on identification as a pivot, during write.
HINT:  The transaction might succeed if retried.",,1,
331,SERIALIZABLE,A,1,0,,"SerializationFailure: could not serialize access due to read/write dependencies among transactions
DETAIL:  Reason code: Canceled on identification as a pivot, during write.
HINT:  The transaction might succeed if retried.",1,
332,SERIALIZABLE,B,1,1,,,1,
333,SERIALIZABLE,A,1,0,,"SerializationFailure: could not serialize access due to read/write dependencies among transactions
DETAIL:  Reason code: Canceled on identification as a pivot, during write.
HINT:  The transaction might succeed if retried.",1,
334,SERIALIZABLE,B,0,1,"SerializationFailure: could not serialize access due to read/write dependencies among transactions
DETAIL:  Reason code: Canceled on identification as a pivot, during write.
HINT:  The transaction might succeed if retried.",,1,
335,SERIALIZABLE,B,0,1,"SerializationFailure: could not serialize access due to read/write dependencies among transactions
DETAIL:  Reason code: Canceled on identification as a pivot, during write.
HINT:  The transaction might succeed if retried.",,1,
336,SERIALIZABLE,A,1,0,,"SerializationFailure: could not serialize access due to read/write dependencies among transactions
DETAIL:  Reason code: Canceled on identification as a pivot, during write.
HINT:  The transaction might succeed if retried.",1,
337,SERIALIZABLE,B,1,1,,,1,
338,SERIALIZABLE,A,1,0,,"SerializationFailure: could not serialize access due to read/write dependencies among transactions
DETAIL:  Reason code: Canceled on identification as a pivot, during write.
HINT:  The transaction might succeed if retried.",1,
339,SERIALIZABLE,A,1,0,,"SerializationFailure: could not serialize access due to read/write dependencies among transactions
DETAIL:  Reason code: Canceled on identification as a pivot, during write.
HINT:  The transaction might succeed if retried.",1,
340,SERIALIZABLE,B,1,1,,,1,
341,SERIALIZABLE,A,1,1,,,1,
342,SERIALIZABLE,A,1,0,,"SerializationFailure: could not serialize access due to read/write dependencies among transactions
DETAIL:  Reason code: Canceled on identification as a pivot, during write.
HINT:  The transaction might succeed if retried.",1,
343,SERIALIZABLE,A,1,1,,,1,
344,SERIALIZABLE,A,1,1,,,1,
345,SERIALIZABLE,B,1,1,,,1,
346,SERIALIZABLE,B,1,1,,,1,
347,SERIALIZABLE,A,1,0,,"SerializationFailure: could not serialize access due to read/write dependencies among transactions
DETAIL:  Reason code: Canceled on identification as a pivot, during write.
HINT:  The transaction might succeed if retried.",1,
348,SERIALIZABLE,B,0,1,"SerializationFailure: could not serialize access due to read/write dependencies among transactions
DETAIL:  Reason code: Canceled on identification as a pivot, during write.
HINT:  The transaction might succeed if retried.",,1,
349,SERIALIZABLE,A,1,1,,,1,
350,SERIALIZABLE,B,1,1,,,1,
351,SERIALIZABLE,B,0,1,"SerializationFailure: could not serialize access due to read/write dependencies among transactions
DETAIL:  Reason code: Canceled on identification as a pivot, during write.
HINT:  The transaction might succeed if retried.",,1,
352,SERIALIZABLE,B,0,1,"SerializationFailure: could not serialize access due to read/write dependencies among transactions
DETAIL:  Reason code: Canceled on identification as a pivot, during write.
HINT:  The transaction might succeed if retried.",,1,
353,SERIALIZABLE,A,1,0,,"SerializationFailure: could not serialize access due to read/write dependencies among transactions
DETAIL:  Reason code: Canceled on identification as a pivot, during write.
HINT:  The transaction might succeed if retried.",1,
354,SERIALIZABLE,B,1,1,,,1,
355,SERIALIZABLE,A,1,0,,"SerializationFailure: could not serialize access due to read/write dependencies among transactions
DETAIL:  Reason code: Canceled on identification as a pivot, during write.
HINT:  The transaction might succeed if retried.",1,
356,SERIALIZABLE,B,1,1,,,1,
357,SERIALIZABLE,A,1,0,,"SerializationFailure: could not serialize access due to read/write dependencies among transactions
DETAIL:  Reason code: Canceled on identification as a pivot, during write.
HINT:  The transaction might succeed if retried.",1,
358,SERIALIZABLE,A,1,1,,,1,
359,SERIALIZABLE,A,1,0,,"SerializationFailure: could not serialize access due to read/write dependencies among transactions
DETAIL:  Reason code: Canceled on identification as a pivot, during write.
HINT:  The transaction might succeed if retried.",1,
360,SERIALIZABLE,B,1,1,,,1,
361,SERIALIZABLE,A,1,0,,"SerializationFailure: could not serialize access due to read/write dependencies among transactions
DETAIL:  Reason code: Canceled on identification as a pivot, during write.
HINT:  The transaction might succeed if retried.",1,
362,SERIALIZABLE,B,0,1,"SerializationFailure: could not serialize access due to read/write dependencies among transactions
DETAIL:  Reason code: Canceled on identification as a pivot, during write.
HINT:  The transaction might succeed if retried.",,1,
363,SERIALIZABLE,B,0,1,"SerializationFailure: could not serialize access due to read/write dependencies among transactions
DETAIL:  Reason code: Canceled on identification as a pivot, during write.
HINT:  The transaction might succeed if retried.",,1,
364,SERIALIZABLE,A,1,0,,"SerializationFailure: could not serialize access due to read/write dependencies among transactions
DETAIL:  Reason code: Canceled on identification as a pivot, during write.
HINT:  The transaction might succeed if retried.",1,
365,SERIALIZABLE,B,0,1,"SerializationFailure: could not serialize access due to read/write dependencies among transactions
DETAIL:  Reason code: Canceled on identification as a pivot, during write.
HINT:  The transaction might succeed if retried.",,1,
366,SERIALIZABLE,A,1,0,,"SerializationFailure: could not serialize access due to read/write dependencies among transactions
DETAIL:  Reason code: Canceled on identification as a pivot, during write.
HINT:  The transaction might succeed if retried.",1,
367,SERIALIZABLE,B,1,1,,,1,
368,SERIALIZABLE,A,1,0,,"SerializationFailure: could not serialize access due to read/write dependencies among transactions
DETAIL:  Reason code: Canceled on identification as a pivot, during write.
HINT:  The transaction might succeed if retried.",1,
369,SERIALIZABLE,B,0,1,"SerializationFailure: could not serialize access due to read/write dependencies among transactions
DETAIL:  Reason code: Canceled on identification as a pivot, during write.
HINT:  The transaction might succeed if retried.",,1,
370,SERIALIZABLE,B,0,1,"SerializationFailure: could not serialize access due to read/write dependencies among transactions
DETAIL:  Reason code: Canceled on identification as a pivot, during write.
HINT:  The transaction might succeed if retried.",,1,
371,SERIALIZABLE,B,0,1,"SerializationFailure: could not serialize access due to read/write dependencies among transactions
DETAIL:  Reason code: Canceled on identification as a pivot, during write.
HINT:  The transaction might succeed if retried.",,1,
372,SERIALIZABLE,B,0,1,"SerializationFailure: could not serialize access due to read/write dependencies among transactions
DETAIL:  Reason code: Canceled on identification as a pivot, during write.
HINT:  The transaction might succeed if retried.",,1,
373,SERIALIZABLE,B,0,1,"SerializationFailure: could not serialize access due to read/write dependencies among transactions
DETAIL:  Reason code: Canceled on identification as a pivot, during write.
HINT:  The transaction might succeed if retried.",,1,
374,SERIALIZABLE,A,1,0,,"SerializationFailure: could not serialize access due to read/write dependencies among transactions
DETAIL:  Reason code: Canceled on identification as a pivot, during write.
HINT:  The transaction might succeed if retried.",1,
375,SERIALIZABLE,A,1,0,,"SerializationFailure: could not serialize access due to read/write dependencies among transactions
DETAIL:  Reason code: Canceled on identification as a pivot, during write.
HINT:  The transaction might succeed if retried.",1,
376,SERIALIZABLE,B,0,1,"SerializationFailure: could not serialize access due to read/write dependencies among transactions
DETAIL:  Reason code: Canceled on identification as a pivot, during write.
HINT:  The transaction might succeed if retried.",,1,
377,SERIALIZABLE,A,1,0,,"SerializationFailure: could not serialize access due to read/write dependencies among transactions
DETAIL:  Reason code: Canceled on identification as a pivot, during write.
HINT:  The transaction might succeed if retried.",1,
378,SERIALIZABLE,A,1,0,,"SerializationFailure: could not serialize access due to read/write dependencies among transactions
DETAIL:  Reason code: Canceled on identification as a pivot, during write.
HINT:  The transaction might succeed if retried.",1,
379,SERIALIZABLE,B,0,1,"SerializationFailure: could not serialize access due to read/write dependencies among transactions
DETAIL:  Reason code: Canceled on identification as a pivot, during write.
HINT:  The transaction might succeed if retried.",,1,
380,SERIALIZABLE,B,0,1,"SerializationFailure: could not serialize access due to read/write dependencies among transactions
DETAIL:  Reason code: Canceled on identification as a pivot, during write.
HINT:  The transaction might succeed if retried.",,1,
381,SERIALIZABLE,A,1,1,,,1,
382,SERIALIZABLE,A,1,1,,,1,
383,SERIALIZABLE,A,1,0,,"SerializationFailure: could not serialize access due to read/write dependencies among transactions
DETAIL:  Reason code: Canceled on identification as a pivot, during write.
HINT:  The transaction might succeed if retried.",1,
384,SERIALIZABLE,A,1,0,,"SerializationFailure: could not serialize access due to read/write dependencies among transactions
DETAIL:  Reason code: Canceled on identification as a pivot, during write.
HINT:  The transaction might succeed if retried.",1,
385,SERIALIZABLE,A,1,0,,"SerializationFailure: could not serialize access due to read/write dependencies among transactions
DETAIL:  Reason code: Canceled on identification as a pivot, during write.
HINT:  The transaction might succeed if retried.",1,
386,SERIALIZABLE,A,1,0,,"SerializationFailure: could not serialize access due to read/write dependencies among transactions
DETAIL:  Reason code: Canceled on identification as a pivot, during write.
HINT:  The transaction might succeed if retried.",1,
387,SERIALIZABLE,A,1,0,,"SerializationFailure: could not serialize access due to read/write dependencies among transactions
DETAIL:  Reason code: Canceled on identification as a pivot, during write.
HINT:  The transaction might succeed if retried.",1,
388,SERIALIZABLE,B,0,1,"SerializationFailure: could not serialize access due to read/write dependencies among transactions
DETAIL:  Reason code: Canceled on identification as a pivot, during write.
HINT:  The transaction might succeed if retried.",,1,
389,SERIALIZABLE,B,1,1,,,1,
390,SERIALIZABLE,B,0,1,"SerializationFailure: could not serialize access due to read/write dependencies among transactions
DETAIL:  Reason code: Canceled on identification as a pivot, during write.
HINT:  The transaction might succeed if retried.",,1,
391,SERIALIZABLE,B,1,1,,,1,
392,SERIALIZABLE,A,1,1,,,1,
393,SERIALIZABLE,B,1,1,,,1,
394,SERIALIZABLE,A,1,0,,"SerializationFailure: could not serialize access due to read/write dependencies among transactions
DETAIL:  Reason code: Canceled on identification as a pivot, during write.
HINT:  The transaction might succeed if retried.",1,
395,SERIALIZABLE,A,1,0,,"SerializationFailure: could not serialize access due to read/write dependencies among transactions
DETAIL:  Reason code: Canceled on identification as a pivot, during write.
HINT:  The transaction might succeed if retried.",1,
396,SERIALIZABLE,A,1,1,,,1,
397,SERIALIZABLE,B,1,1,,,1,
398,SERIALIZABLE,B,0,1,"SerializationFailure: could not serialize access due to read/write dependencies among transactions
DETAIL:  Reason code: Canceled on identification as a pivot, during write.
HINT:  The transaction might succeed if retried.",,1,
399,SERIALIZABLE,A,1,0,,"SerializationFailure: could not serialize access due to read/write dependencies among transactions
DETAIL:  Reason code: Canceled on identification as a pivot, during write.
HINT:  The transaction might succeed if retried.",1,
400,SERIALIZABLE,A,1,1,,,1,
401,SERIALIZABLE,A,1,1,,,1,
402,SERIALIZABLE,A,1,0,,"SerializationFailure: could not serialize access due to read/write dependencies among transactions
DETAIL:  Reason code: Canceled on identification as a pivot, during write.
HINT:  The transaction might succeed if retried.",1,
403,SERIALIZABLE,B,0,1,"SerializationFailure: could not serialize access due to read/write dependencies among transactions
DETAIL:  Reason code: Canceled on identification as a pivot, during write.
HINT:  The transaction might succeed if retried.",,1,
404,SERIALIZABLE,B,0,1,"SerializationFailure: could not serialize access due to read/write dependencies among transactions
DETAIL:  Reason code: Canceled on identification as a pivot, during write.
HINT:  The transaction might succeed if retried.",,1,
405,SERIALIZABLE,A,1,0,,"SerializationFailure: could not serialize access due to read/write dependencies among transactions
DETAIL:  Reason code: Canceled on identification as a pivot, during write.
HINT:  The transaction might succeed if retried.",1,
406,SERIALIZABLE,A,1,0,,"SerializationFailure: could not serialize access due to read/write dependencies among transactions
DETAIL:  Reason code: Canceled on identification as a pivot, during write.
HINT:  The transaction might succeed if retried.",1,
407,SERIALIZABLE,B,0,1,"SerializationFailure: could not serialize access due to read/write dependencies among transactions
DETAIL:  Reason code: Canceled on identification as a pivot, during write.
HINT:  The transaction might succeed if retried.",,1,
408,SERIALIZABLE,B,0,1,"SerializationFailure: could not serialize access due to read/write dependencies among transactions
DETAIL:  Reason code: Canceled on identification as a pivot, during write.
HINT:  The transaction might succeed if retried.",,1,
409,SERIALIZABLE,A,1,0,,"SerializationFailure: could not serialize access due to read/write dependencies among transactions
DETAIL:  Reason code: Canceled on identification as a pivot, during write.
HINT:  The transaction might succeed if retried.",1,
410,SERIALIZABLE,B,0,1,"SerializationFailure: could not serialize access due to read/write dependencies among transactions
DETAIL:  Reason code: Canceled on identification as a pivot, during write.
HINT:  The transaction might succeed if retried.",,1,
411,SERIALIZABLE,B,1,1,,,1,
412,SERIALIZABLE,B,0,1,"SerializationFailure: could not serialize access due to read/write dependencies among transactions
DETAIL:  Reason code: Canceled on identification as a pivot, during write.
HINT:  The transaction might succeed if retried.",,1,
413,SERIALIZABLE,A,1,0,,"SerializationFailure: could not serialize access due to read/write dependencies among transactions
DETAIL:  Reason code: Canceled on identification as a pivot, during write.
HINT:  The transaction might succeed if retried.",1,
414,SERIALIZABLE,A,1,0,,"SerializationFailure: could not serialize access due to read/write dependencies among transactions
DETAIL:  Reason code: Canceled on identification as a pivot, during write.
HINT:  The transaction might succeed if retried.",1,
415,SERIALIZABLE,A,1,1,,,1,
416,SERIALIZABLE,A,1,0,,"SerializationFailure: could not serialize access due to read/write dependencies among transactions
DETAIL:  Reason code: Canceled on identification as a pivot, during write.
HINT:  The transaction might succeed if retried.",1,
417,SERIALIZABLE,A,1,0,,"SerializationFailure: could not serialize access due to read/write dependencies among transactions
DETAIL:  Reason code: Canceled on identification as a pivot, during write.
HINT:  The transaction might succeed if retried.",1,
418,SERIALIZABLE,B,0,1,"SerializationFailure: could not serialize access due to read/write dependencies among transactions
DETAIL:  Reason code: Canceled on identification as a pivot, during write.
HINT:  The transaction might succeed if retried.",,1,
419,SERIALIZABLE,A,1,0,,"SerializationFailure: could not serialize access due to read/write dependencies among transactions
DETAIL:  Reason code: Canceled on identification as a pivot, during write.
HINT:  The transaction might succeed if retried.",1,
420,SERIALIZABLE,A,1,1,,,1,
421,SERIALIZABLE,B,0,1,"SerializationFailure: could not serialize access due to read/write dependencies among transactions
DETAIL:  Reason code: Canceled on identification as a pivot, during write.
HINT:  The transaction might succeed if retried.",,1,
422,SERIALIZABLE,A,1,0,,"SerializationFailure: could not serialize access due to read/write dependencies among transactions
DETAIL:  Reason code: Canceled on identification as a pivot, during write.
HINT:  The transaction might succeed if retried.",1,
423,SERIALIZABLE,B,0,1,"SerializationFailure: could not serialize access due to read/write dependencies among transactions
DETAIL:  Reason code: Canceled on identification as a pivot, during write.
HINT:  The transaction might succeed if retried.",,1,
424,SERIALIZABLE,A,1,0,,"SerializationFailure: could not serialize access due to read/write dependencies among transactions
DETAIL:  Reason code: Canceled on identification as a pivot, during write.
HINT:  The transaction might succeed if retried.",1,
425,SERIALIZABLE,A,1,0,,"SerializationFailure: could not serialize access due to read/write dependencies among transactions
DETAIL:  Reason code: Canceled on identification as a pivot, during write.
HINT:  The transaction might succeed if retried.",1,
426,SERIALIZABLE,B,0,1,"SerializationFailure: could not serialize access due to read/write dependencies among transactions
DETAIL:  Reason code: Canceled on identification as a pivot, during write.
HINT:  The transaction might succeed if retried.",,1,
427,SERIALIZABLE,A,1,0,,"SerializationFailure: could not serialize access due to read/write dependencies among transactions
DETAIL:  Reason code: Canceled on identification as a pivot, during write.
HINT:  The transaction might succeed if retried.",1,
428,SERIALIZABLE,B,0,1,"SerializationFailure: could not serialize access due to read/write dependencies among transactions
DETAIL:  Reason code: Canceled on identification as a pivot, during write.
HINT:  The transaction might succeed if retried.",,1,
429,SERIALIZABLE,B,1,1,,,1,
430,SERIALIZABLE,A,1,1,,,1,
431,SERIALIZABLE,A,1,0,,"SerializationFailure: could not serialize access due to read/write dependencies among transactions
DETAIL:  Reason code: Canceled on identification as a pivot, during write.
HINT:  The transaction might succeed if retried.",1,
432,SERIALIZABLE,A,1,0,,"SerializationFailure: could not serialize access due to read/write dependencies among transactions
DETAIL:  Reason code: Canceled on identification as a pivot, during write.
HINT:  The transaction might succeed if retried.",1,
433,SERIALIZABLE,B,1,1,,,1,
434,SERIALIZABLE,B,1,1,,,1,
435,SERIALIZABLE,A,1,0,,"SerializationFailure: could not serialize access due to read/write dependencies among transactions
DETAIL:  Reason code: Canceled on identification as a pivot, during write.
HINT:  The transaction might succeed if retried.",1,
436,SERIALIZABLE,A,1,1,,,1,
437,SERIALIZABLE,B,1,1,,,1,
438,SERIALIZABLE,A,1,1,,,1,
439,SERIALIZABLE,B,0,1,"SerializationFailure: could not serialize access due to read/write dependencies among transactions
DETAIL:  Reason code: Canceled on identification as a pivot, during write.
HINT:  The transaction might succeed if retried.",,1,
440,SERIALIZABLE,B,1,1,,,1,
441,SERIALIZABLE,B,1,1,,,1,
442,SERIALIZABLE,B,0,1,"SerializationFailure: could not serialize access due to read/write dependencies among transactions
DETAIL:  Reason code: Canceled on identification as a pivot, during write.
HINT:  The transaction might succeed if retried.",,1,
443,SERIALIZABLE,B,0,1,"SerializationFailure: could not serialize access due to read/write dependencies among transactions
DETAIL:  Reason code: Canceled on identification as a pivot, during write.
HINT:  The transaction might succeed if retried.",,1,
444,SERIALIZABLE,B,0,1,"SerializationFailure: could not serialize access due to read/write dependencies among transactions
DETAIL:  Reason code: Canceled on identification as a pivot, during write.
HINT:  The transaction might succeed if retried.",,1,
445,SERIALIZABLE,B,1,1,,,1,
446,SERIALIZABLE,B,1,1,,,1,
447,SERIALIZABLE,B,0,1,"SerializationFailure: could not serialize access due to read/write dependencies among transactions
DETAIL:  Reason code: Canceled on identification as a pivot, during write.
HINT:  The transaction might succeed if retried.",,1,
448,SERIALIZABLE,B,1,1,,,1,
449,SERIALIZABLE,B,0,1,"SerializationFailure: could not serialize access due to read/write dependencies among transactions
DETAIL:  Reason code: Canceled on identification as a pivot, during write.
HINT:  The transaction might succeed if retried.",,1,
450,SERIALIZABLE,B,0,1,"SerializationFailure: could not serialize access due to read/write dependencies among transactions
DETAIL:  Reason code: Canceled on identification as a pivot, during write.
HINT:  The transaction might succeed if retried.",,1,
451,SERIALIZABLE,B,1,1,,,1,
452,SERIALIZABLE,A,1,1,,,1,
453,SERIALIZABLE,A,1,0,,"SerializationFailure: could not serialize access due to read/write dependencies among transactions
DETAIL:  Reason code: Canceled on identification as a pivot, during write.
HINT:  The transaction might succeed if retried.",1,
454,SERIALIZABLE,A,1,0,,"SerializationFailure: could not serialize access due to read/write dependencies among transactions
DETAIL:  Reason code: Canceled on identification as a pivot, during write.
HINT:  The transaction might succeed if retried.",1,
455,SERIALIZABLE,B,1,1,,,1,
456,SERIALIZABLE,B,0,1,"SerializationFailure: could not serialize access due to read/write dependencies among transactions
DETAIL:  Reason code: Canceled on identification as a pivot, during write.
HINT:  The transaction might succeed if retried.",,1,
457,SERIALIZABLE,B,1,1,,,1,
458,SERIALIZABLE,B,0,1,"SerializationFailure: could not serialize access due to read/write dependencies among transactions
DETAIL:  Reason code: Canceled on identification as a pivot, during write.
HINT:  The transaction might succeed if retried.",,1,
459,SERIALIZABLE,A,1,0,,"SerializationFailure: could not serialize access due to read/write dependencies among transactions
DETAIL:  Reason code: Canceled on identification as a pivot, during write.
HINT:  The transaction might succeed if retried.",1,
460,SERIALIZABLE,A,1,1,,,1,
461,SERIALIZABLE,A,1,0,,"SerializationFailure: could not serialize access due to read/write dependencies among transactions
DETAIL:  Reason code: Canceled on identification as a pivot, during write.
HINT:  The transaction might succeed if retried.",1,
462,SERIALIZABLE,A,1,0,,"SerializationFailure: could not serialize access due to read/write dependencies among transactions
DETAIL:  Reason code: Canceled on identification as a pivot, during write.
HINT:  The transaction might succeed if retried.",1,
463,SERIALIZABLE,A,1,0,,"SerializationFailure: could not serialize access due to read/write dependencies among transactions
DETAIL:  Reason code: Canceled on identification as a pivot, during write.
HINT:  The transaction might succeed if retried.",1,
464,SERIALIZABLE,B,1,1,,,1,
465,SERIALIZABLE,A,1,1,,,1,
466,SERIALIZABLE,A,1,0,,"SerializationFailure: could not serialize access due to read/write dependencies among transactions
DETAIL:  Reason code: Canceled on identification as a pivot, during write.
HINT:  The transaction might succeed if retried.",1,
467,SERIALIZABLE,B,1,1,,,1,
468,SERIALIZABLE,B,0,1,"SerializationFailure: could not serialize access due to read/write dependencies among transactions
DETAIL:  Reason code: Canceled on identification as a pivot, during write.
HINT:  The transaction might succeed if retried.",,1,
469,SERIALIZABLE,A,1,0,,"SerializationFailure: could not serialize access due to read/write dependencies among transactions
DETAIL:  Reason code: Canceled on identification as a pivot, during write.
HINT:  The transaction might succeed if retried.",1,
470,SERIALIZABLE,A,1,1,,,1,
471,SERIALIZABLE,B,0,1,"SerializationFailure: could not serialize access due to read/write dependencies among transactions
DETAIL:  Reason code: Canceled on identification as a pivot, during write.
HINT:  The transaction might succeed if retried.",,1,
472,SERIALIZABLE,A,1,1,,,1,
473,SERIALIZABLE,A,1,0,,"SerializationFailure: could not serialize access due to read/write dependencies among transactions
DETAIL:  Reason code: Canceled on identification as a pivot, during write.
HINT:  The transaction might succeed if retried.",1,
474,SERIALIZABLE,A,1,1,,,1,
475,SERIALIZABLE,B,1,1,,,1,
476,SERIALIZABLE,B,1,1,,,1,
477,SERIALIZABLE,B,0,1,"SerializationFailure: could not serialize access due to read/write dependencies among transactions
DETAIL:  Reason code: Canceled on identification as a pivot, during write.
HINT:  The transaction might succeed if retried.",,1,
478,SERIALIZABLE,B,0,1,"SerializationFailure: could not serialize access due to read/write dependencies among transactions
DETAIL:  Reason code: Canceled on identification as a pivot, during write.
HINT:  The transaction might succeed if retried.",,1,
479,SERIALIZABLE,B,1,1,,,1,
480,SERIALIZABLE,A,1,0,,"SerializationFailure: could not serialize access due to read/write dependencies among transactions
DETAIL:  Reason code: Canceled on identification as a pivot, during write.
HINT:  The transaction might succeed if retried.",1,
481,SERIALIZABLE,A,1,0,,"SerializationFailure: could not serialize access due to read/write dependencies among transactions
DETAIL:  Reason code: Canceled on identification as a pivot, during write.
HINT:  The transaction might succeed if retried.",1,
482,SERIALIZABLE,A,1,1,,,1,
483,SERIALIZABLE,B,1,1,,,1,
484,SERIALIZABLE,B,0,1,"SerializationFailure: could not serialize access due to read/write dependencies among transactions
DETAIL:  Reason code: Canceled on identification as a pivot, during write.
HINT:  The transaction might succeed if retried.",,1,
485,SERIALIZABLE,B,0,1,"SerializationFailure: could not serialize access due to read/write dependencies among transactions
DETAIL:  Reason code: Canceled on identification as a pivot, during write.
HINT:  The transaction might succeed if retried.",,1,
486,SERIALIZABLE,A,1,1,,,1,
487,SERIALIZABLE,B,0,1,"SerializationFailure: could not serialize access due to read/write dependencies among transactions
DETAIL:  Reason code: Canceled on identification as a pivot, during write.
HINT:  The transaction might succeed if retried.",,1,
488,SERIALIZABLE,B,1,1,,,1,
489,SERIALIZABLE,B,1,1,,,1,
490,SERIALIZABLE,A,1,0,,"SerializationFailure: could not serialize access due to read/write dependencies among transactions
DETAIL:  Reason code: Canceled on identification as a pivot, during write.
HINT:  The transaction might succeed if retried.",1,
491,SERIALIZABLE,A,1,0,,"SerializationFailure: could not serialize access due to read/write dependencies among transactions
DETAIL:  Reason code: Canceled on identification as a pivot, during write.
HINT:  The transaction might succeed if retried.",1,
492,SERIALIZABLE,A,1,0,,"SerializationFailure: could not serialize access due to read/write dependencies among transactions
DETAIL:  Reason code: Canceled on identification as a pivot, during write.
HINT:  The transaction might succeed if retried.",1,
493,SERIALIZABLE,A,1,1,,,1,
494,SERIALIZABLE,A,1,1,,,1,
495,SERIALIZABLE,B,0,1,"SerializationFailure: could not serialize access due to read/write dependencies among transactions
DETAIL:  Reason code: Canceled on identification as a pivot, during write.
HINT:  The transaction might succeed if retried.",,1,
496,SERIALIZABLE,A,1,0,,"SerializationFailure: could not serialize access due to read/write dependencies among transactions
DETAIL:  Reason code: Canceled on identification as a pivot, during write.
HINT:  The transaction might succeed if retried.",1,
497,SERIALIZABLE,A,1,0,,"SerializationFailure: could not serialize access due to read/write dependencies among transactions
DETAIL:  Reason code: Canceled on identification as a pivot, during write.
HINT:  The transaction might succeed if retried.",1,
498,SERIALIZABLE,A,1,0,,"SerializationFailure: could not serialize access due to read/write dependencies among transactions
DETAIL:  Reason code: Canceled on identification as a pivot, during write.
HINT:  The transaction might succeed if retried.",1,
499,SERIALIZABLE,A,1,0,,"SerializationFailure: could not serialize access due to read/write dependencies among transactions
DETAIL:  Reason code: Canceled on identification as a pivot, during write.
HINT:  The transaction might succeed if retried.",1,
500,SERIALIZABLE,B,1,1,,,1,
501,SERIALIZABLE,A,1,1,,,1,
502,SERIALIZABLE,A,1,0,,"SerializationFailure: could not serialize access due to read/write dependencies among transactions
DETAIL:  Reason code: Canceled on identification as a pivot, during write.
HINT:  The transaction might succeed if retried.",1,
503,SERIALIZABLE,B,1,1,,,1,
504,SERIALIZABLE,A,1,0,,"SerializationFailure: could not serialize access due to read/write dependencies among transactions
DETAIL:  Reason code: Canceled on identification as a pivot, during write.
HINT:  The transaction might succeed if retried.",1,
505,SERIALIZABLE,B,0,1,"SerializationFailure: could not serialize access due to read/write dependencies among transactions
DETAIL:  Reason code: Canceled on identification as a pivot, during write.
HINT:  The transaction might succeed if retried.",,1,
506,SERIALIZABLE,A,1,0,,"SerializationFailure: could not serialize access due to read/write dependencies among transactions
DETAIL:  Reason code: Canceled on identification as a pivot, during write.
HINT:  The transaction might succeed if retried.",1,
507,SERIALIZABLE,A,1,0,,"SerializationFailure: could not serialize access due to read/write dependencies among transactions
DETAIL:  Reason code: Canceled on identification as a pivot, during write.
HINT:  The transaction might succeed if retried.",1,
508,SERIALIZABLE,A,1,0,,"SerializationFailure: could not serialize access due to read/write dependencies among transactions
DETAIL:  Reason code: Canceled on identification as a pivot, during write.
HINT:  The transaction might succeed if retried.",1,
509,SERIALIZABLE,A,1,0,,"SerializationFailure: could not serialize access due to read/write dependencies among transactions
DETAIL:  Reason code: Canceled on identification as a pivot, during write.
HINT:  The transaction might succeed if retried.",1,
510,SERIALIZABLE,A,1,0,,"SerializationFailure: could not serialize access due to read/write dependencies among transactions
DETAIL:  Reason code: Canceled on identification as a pivot, during write.
HINT:  The transaction might succeed if retried.",1,
511,SERIALIZABLE,A,1,0,,"SerializationFailure: could not serialize access due to read/write dependencies among transactions
DETAIL:  Reason code: Canceled on identification as a pivot, during write.
HINT:  The transaction might succeed if retried.",1,
512,SERIALIZABLE,B,0,1,"SerializationFailure: could not serialize access due to read/write dependencies among transactions
DETAIL:  Reason code: Canceled on identification as a pivot, during write.
HINT:  The transaction might succeed if retried.",,1,
513,SERIALIZABLE,A,1,0,,"SerializationFailure: could not serialize access due to read/write dependencies among transactions
DETAIL:  Reason code: Canceled on identification as a pivot, during write.
HINT:  The transaction might succeed if retried.",1,
514,SERIALIZABLE,B,0,1,"SerializationFailure: could not serialize access due to read/write dependencies among transactions
DETAIL:  Reason code: Canceled on identification as a pivot, during write.
HINT:  The transaction might succeed if retried.",,1,
515,SERIALIZABLE,B,0,1,"SerializationFailure: could not serialize access due to read/write dependencies among transactions
DETAIL:  Reason code: Canceled on identification as a pivot, during write.
HINT:  The transaction might succeed if retried.",,1,
516,SERIALIZABLE,A,1,1,,,1,
517,SERIALIZABLE,A,1,0,,"SerializationFailure: could not serialize access due to read/write dependencies among transactions
DETAIL:  Reason code: Canceled on identification as a pivot, during write.
HINT:  The transaction might succeed if retried.",1,
518,SERIALIZABLE,A,1,1,,,1,
519,SERIALIZABLE,B,0,1,"SerializationFailure: could not serialize access due to read/write dependencies among transactions
DETAIL:  Reason code: Canceled on identification as a pivot, during write.
HINT:  The transaction might succeed if retried.",,1,
520,SERIALIZABLE,B,1,1,,,1,
521,SERIALIZABLE,A,1,0,,"SerializationFailure: could not serialize access due to read/write dependencies among transactions
DETAIL:  Reason code: Canceled on identification as a pivot, during write.
HINT:  The transaction might succeed if retried.",1,
522,SERIALIZABLE,B,0,1,"SerializationFailure: could not serialize access due to read/write dependencies among transactions
DETAIL:  Reason code: Canceled on identification as a pivot, during write.
HINT:  The transaction might succeed if retried.",,1,
523,SERIALIZABLE,B,0,1,"SerializationFailure: could not serialize access due to read/write dependencies among transactions
DETAIL:  Reason code: Canceled on identification as a pivot, during write.
HINT:  The transaction might succeed if retried.",,1,
524,SERIALIZABLE,B,0,1,"SerializationFailure: could not serialize access due to read/write dependencies among transactions
DETAIL:  Reason code: Canceled on identification as a pivot, during write.
HINT:  The transaction might succeed if retried.",,1,
525,SERIALIZABLE,B,1,1,,,1,
526,SERIALIZABLE,B,0,1,"SerializationFailure: could not serialize access due to read/write dependencies among transactions
DETAIL:  Reason code: Canceled on identification as a pivot, during write.
HINT:  The transaction might succeed if retried.",,1,
527,SERIALIZABLE,A,1,1,,,1,
528,SERIALIZABLE,A,1,0,,"SerializationFailure: could not serialize access due to read/write dependencies among transactions
DETAIL:  Reason code: Canceled on identification as a pivot, during write.
HINT:  The transaction might succeed if retried.",1,
529,SERIALIZABLE,A,1,0,,"SerializationFailure: could not serialize access due to read/write dependencies among transactions
DETAIL:  Reason code: Canceled on identification as a pivot, during write.
HINT:  The transaction might succeed if retried.",1,
530,SERIALIZABLE,A,1,0,,"SerializationFailure: could not serialize access due to read/write dependencies among transactions
DETAIL:  Reason code: Canceled on identification as a pivot, during write.
HINT:  The transaction might succeed if retried.",1,
531,SERIALIZABLE,B,0,1,"SerializationFailure: could not serialize access due to read/write dependencies among transactions
DETAIL:  Reason code: Canceled on identification as a pivot, during write.
HINT:  The transaction might succeed if retried.",,1,
532,SERIALIZABLE,B,0,1,"SerializationFailure: could not serialize access due to read/write dependencies among transactions
DETAIL:  Reason code: Canceled on identification as a pivot, during write.
HINT:  The transaction might succeed if retried.",,1,
533,SERIALIZABLE,A,1,0,,"SerializationFailure: could not serialize access due to read/write dependencies among transactions
DETAIL:  Reason code: Canceled on identification as a pivot, during write.
HINT:  The transaction might succeed if retried.",1,
534,SERIALIZABLE,B,1,1,,,1,
535,SERIALIZABLE,B,0,1,"SerializationFailure: could not serialize access due to read/write dependencies among transactions
DETAIL:  Reason code: Canceled on identification as a pivot, during write.
HINT:  The transaction might succeed if retried.",,1,
536,SERIALIZABLE,A,1,0,,"SerializationFailure: could not serialize access due to read/write dependencies among transactions
DETAIL:  Reason code: Canceled on identification as a pivot, during write.
HINT:  The transaction might succeed if retried.",1,
537,SERIALIZABLE,B,1,1,,,1,
538,SERIALIZABLE,B,0,1,"SerializationFailure: could not serialize access due to read/write dependencies among transactions
DETAIL:  Reason code: Canceled on identification as a pivot, during write.
HINT:  The transaction might succeed if retried.",,1,
539,SERIALIZABLE,A,1,1,,,1,
540,SERIALIZABLE,B,0,1,"SerializationFailure: could not serialize access due to read/write dependencies among transactions
DETAIL:  Reason code: Canceled on identification as a pivot, during write.
HINT:  The transaction might succeed if retried.",,1,
541,SERIALIZABLE,B,0,1,"SerializationFailure: could not serialize access due to read/write dependencies among transactions
DETAIL:  Reason code: Canceled on identification as a pivot, during write.
HINT:  The transaction might succeed if retried.",,1,
542,SERIALIZABLE,A,1,1,,,1,
543,SERIALIZABLE,A,1,1,,,1,
544,SERIALIZABLE,A,1,0,,"SerializationFailure: could not serialize access due to read/write dependencies among transactions
DETAIL:  Reason code: Canceled on identification as a pivot, during write.
HINT:  The transaction might succeed if retried.",1,
545,SERIALIZABLE,B,0,1,"SerializationFailure: could not serialize access due to read/write dependencies among transactions
DETAIL:  Reason code: Canceled on identification as a pivot, during write.
HINT:  The transaction might succeed if retried.",,1,
546,SERIALIZABLE,B,1,1,,,1,
547,SERIALIZABLE,A,1,0,,"SerializationFailure: could not serialize access due to read/write dependencies among transactions
DETAIL:  Reason code: Canceled on identification as a pivot, during write.
HINT:  The transaction might succeed if retried.",1,
548,SERIALIZABLE,B,1,1,,,1,
549,SERIALIZABLE,A,1,0,,"SerializationFailure: could not serialize access due to read/write dependencies among transactions
DETAIL:  Reason code: Canceled on identification as a pivot, during write.
HINT:  The transaction might succeed if retried.",1,
550,SERIALIZABLE,B,0,1,"SerializationFailure: could not serialize access due to read/write dependencies among transactions
DETAIL:  Reason code: Canceled on identification as a pivot, during write.
HINT:  The transaction might succeed if retried.",,1,
551,SERIALIZABLE,B,0,1,"SerializationFailure: could not serialize access due to read/write dependencies among transactions
DETAIL:  Reason code: Canceled on identification as a pivot, during write.
HINT:  The transaction might succeed if retried.",,1,
552,SERIALIZABLE,A,1,0,,"SerializationFailure: could not serialize access due to read/write dependencies among transactions
DETAIL:  Reason code: Canceled on identification as a pivot, during write.
HINT:  The transaction might succeed if retried.",1,
553,SERIALIZABLE,B,0,1,"SerializationFailure: could not serialize access due to read/write dependencies among transactions
DETAIL:  Reason code: Canceled on identification as a pivot, during write.
HINT:  The transaction might succeed if retried.",,1,
554,SERIALIZABLE,B,0,1,"SerializationFailure: could not serialize access due to read/write dependencies among transactions
DETAIL:  Reason code: Canceled on identification as a pivot, during write.
HINT:  The transaction might succeed if retried.",,1,
555,SERIALIZABLE,B,1,1,,,1,
556,SERIALIZABLE,A,1,0,,"SerializationFailure: could not serialize access due to read/write dependencies among transactions
DETAIL:  Reason code: Canceled on identification as a pivot, during write.
HINT:  The transaction might succeed if retried.",1,
557,SERIALIZABLE,B,0,1,"SerializationFailure: could not serialize access due to read/write dependencies among transactions
DETAIL:  Reason code: Canceled on identification as a pivot, during write.
HINT:  The transaction might succeed if retried.",,1,
558,SERIALIZABLE,B,0,1,"SerializationFailure: could not serialize access due to read/write dependencies among transactions
DETAIL:  Reason code: Canceled on identification as a pivot, during write.
HINT:  The transaction might succeed if retried.",,1,
559,SERIALIZABLE,A,1,0,,"SerializationFailure: could not serialize access due to read/write dependencies among transactions
DETAIL:  Reason code: Canceled on identification as a pivot, during write.
HINT:  The transaction might succeed if retried.",1,
560,SERIALIZABLE,A,1,0,,"SerializationFailure: could not serialize access due to read/write dependencies among transactions
DETAIL:  Reason code: Canceled on identification as a pivot, during write.
HINT:  The transaction might succeed if retried.",1,
561,SERIALIZABLE,A,1,0,,"SerializationFailure: could not serialize access due to read/write dependencies among transactions
DETAIL:  Reason code: Canceled on identification as a pivot, during write.
HINT:  The transaction might succeed if retried.",1,
562,SERIALIZABLE,B,0,1,"SerializationFailure: could not serialize access due to read/write dependencies among transactions
DETAIL:  Reason code: Canceled on identification as a pivot, during write.
HINT:  The transaction might succeed if retried.",,1,
563,SERIALIZABLE,A,1,0,,"SerializationFailure: could not serialize access due to read/write dependencies among transactions
DETAIL:  Reason code: Canceled on identification as a pivot, during write.
HINT:  The transaction might succeed if retried.",1,
564,SERIALIZABLE,B,0,1,"SerializationFailure: could not serialize access due to read/write dependencies among transactions
DETAIL:  Reason code: Canceled on identification as a pivot, during write.
HINT:  The transaction might succeed if retried.",,1,
565,SERIALIZABLE,B,0,1,"SerializationFailure: could not serialize access due to read/write dependencies among transactions
DETAIL:  Reason code: Canceled on identification as a pivot, during write.
HINT:  The transaction might succeed if retried.",,1,
566,SERIALIZABLE,A,1,0,,"SerializationFailure: could not serialize access due to read/write dependencies among transactions
DETAIL:  Reason code: Canceled on identification as a pivot, during write.
HINT:  The transaction might succeed if retried.",1,
567,SERIALIZABLE,B,0,1,"SerializationFailure: could not serialize access due to read/write dependencies among transactions
DETAIL:  Reason code: Canceled on identification as a pivot, during write.
HINT:  The transaction might succeed if retried.",,1,
568,SERIALIZABLE,B,0,1,"SerializationFailure: could not serialize access due to read/write dependencies among transactions
DETAIL:  Reason code: Canceled on identification as a pivot, during write.
HINT:  The transaction might succeed if retried.",,1,
569,SERIALIZABLE,B,1,1,,,1,
570,SERIALIZABLE,B,0,1,"SerializationFailure: could not serialize access due to read/write dependencies among transactions
DETAIL:  Reason code: Canceled on identification as a pivot, during write.
HINT:  The transaction might succeed if retried.",,1,
571,SERIALIZABLE,A,1,0,,"SerializationFailure: could not serialize access due to read/write dependencies among transactions
DETAIL:  Reason code: Canceled on identification as a pivot, during write.
HINT:  The transaction might succeed if retried.",1,
572,SERIALIZABLE,B,1,1,,,1,
573,SERIALIZABLE,B,0,1,"SerializationFailure: could not serialize access due to read/write dependencies among transactions
DETAIL:  Reason code: Canceled on identification as a pivot, during write.
HINT:  The transaction might succeed if retried.",,1,
574,SERIALIZABLE,A,1,0,,"SerializationFailure: could not serialize access due to read/write dependencies among transactions
DETAIL:  Reason code: Canceled on identification as a pivot, during write.
HINT:  The transaction might succeed if retried.",1,
575,SERIALIZABLE,B,1,1,,,1,
576,SERIALIZABLE,B,0,1,"SerializationFailure: could not serialize access due to read/write dependencies among transactions
DETAIL:  Reason code: Canceled on identification as a pivot, during write.
HINT:  The transaction might succeed if retried.",,1,
577,SERIALIZABLE,A,1,1,,,1,
578,SERIALIZABLE,A,1,0,,"SerializationFailure: could not serialize access due to read/write dependencies among transactions
DETAIL:  Reason code: Canceled on identification as a pivot, during write.
HINT:  The transaction might succeed if retried.",1,
579,SERIALIZABLE,B,0,1,"SerializationFailure: could not serialize access due to read/write dependencies among transactions
DETAIL:  Reason code: Canceled on identification as a pivot, during write.
HINT:  The transaction might succeed if retried.",,1,
580,SERIALIZABLE,A,1,0,,"SerializationFailure: could not serialize access due to read/write dependencies among transactions
DETAIL:  Reason code: Canceled on identification as a pivot, during write.
HINT:  The transaction might succeed if retried.",1,
581,SERIALIZABLE,B,0,1,"SerializationFailure: could not serialize access due to read/write dependencies among transactions
DETAIL:  Reason code: Canceled on identification as a pivot, during write.
HINT:  The transaction might succeed if retried.",,1,
582,SERIALIZABLE,B,0,1,"SerializationFailure: could not serialize access due to read/write dependencies among transactions
DETAIL:  Reason code: Canceled on identification as a pivot, during write.
HINT:  The transaction might succeed if retried.",,1,
583,SERIALIZABLE,A,1,0,,"SerializationFailure: could not serialize access due to read/write dependencies among transactions
DETAIL:  Reason code: Canceled on identification as a pivot, during write.
HINT:  The transaction might succeed if retried.",1,
584,SERIALIZABLE,B,0,1,"SerializationFailure: could not serialize access due to read/write dependencies among transactions
DETAIL:  Reason code: Canceled on identification as a pivot, during write.
HINT:  The transaction might succeed if retried.",,1,
585,SERIALIZABLE,A,1,0,,"SerializationFailure: could not serialize access due to read/write dependencies among transactions
DETAIL:  Reason code: Canceled on identification as a pivot, during write.
HINT:  The transaction might succeed if retried.",1,
586,SERIALIZABLE,A,1,0,,"SerializationFailure: could not serialize access due to read/write dependencies among transactions
DETAIL:  Reason code: Canceled on identification as a pivot, during write.
HINT:  The transaction might succeed if retried.",1,
587,SERIALIZABLE,B,0,1,"SerializationFailure: could not serialize access due to read/write dependencies among transactions
DETAIL:  Reason code: Canceled on identification as a pivot, during write.
HINT:  The transaction might succeed if retried.",,1,
588,SERIALIZABLE,A,1,0,,"SerializationFailure: could not serialize access due to read/write dependencies among transactions
DETAIL:  Reason code: Canceled on identification as a pivot, during write.
HINT:  The transaction might succeed if retried.",1,
589,SERIALIZABLE,A,1,1,,,1,
590,SERIALIZABLE,B,1,1,,,1,
591,SERIALIZABLE,A,1,0,,"SerializationFailure: could not serialize access due to read/write dependencies among transactions
DETAIL:  Reason code: Canceled on identification as a pivot, during write.
HINT:  The transaction might succeed if retried.",1,
592,SERIALIZABLE,A,1,0,,"SerializationFailure: could not serialize access due to read/write dependencies among transactions
DETAIL:  Reason code: Canceled on identification as a pivot, during write.
HINT:  The transaction might succeed if retried.",1,
593,SERIALIZABLE,B,1,1,,,1,
594,SERIALIZABLE,A,1,1,,,1,
595,SERIALIZABLE,B,0,1,"SerializationFailure: could not serialize access due to read/write dependencies among transactions
DETAIL:  Reason code: Canceled on identification as a pivot, during write.
HINT:  The transaction might succeed if retried.",,1,
596,SERIALIZABLE,B,0,1,"SerializationFailure: could not serialize access due to read/write dependencies among transactions
DETAIL:  Reason code: Canceled on identification as a pivot, during write.
HINT:  The transaction might succeed if retried.",,1,
597,SERIALIZABLE,A,1,1,,,1,
598,SERIALIZABLE,A,1,1,,,1,
599,SERIALIZABLE,B,0,1,"SerializationFailure: could not serialize access due to read/write dependencies among transactions
DETAIL:  Reason code: Canceled on identification as a pivot, during write.
HINT:  The transaction might succeed if retried.",,1,
600,SERIALIZABLE,A,1,1,,,1,
601,SERIALIZABLE,B,0,1,"SerializationFailure: could not serialize access due to read/write dependencies among transactions
DETAIL:  Reason code: Canceled on identification as a pivot, during write.
HINT:  The transaction might succeed if retried.",,1,
602,SERIALIZABLE,A,1,1,,,1,
603,SERIALIZABLE,B,1,1,,,1,
604,SERIALIZABLE,B,0,1,"SerializationFailure: could not serialize access due to read/write dependencies among transactions
DETAIL:  Reason code: Canceled on identification as a pivot, during write.
HINT:  The transaction might succeed if retried.",,1,
605,SERIALIZABLE,B,0,1,"SerializationFailure: could not serialize access due to read/write dependencies among transactions
DETAIL:  Reason code: Canceled on identification as a pivot, during write.
HINT:  The transaction might succeed if retried.",,1,
606,SERIALIZABLE,A,1,1,,,1,
607,SERIALIZABLE,B,0,1,"SerializationFailure: could not serialize access due to read/write dependencies among transactions
DETAIL:  Reason code: Canceled on identification as a pivot, during write.
HINT:  The transaction might succeed if retried.",,1,
608,SERIALIZABLE,A,1,1,,,1,
609,SERIALIZABLE,A,1,0,,"SerializationFailure: could not serialize access due to read/write dependencies among transactions
DETAIL:  Reason code: Canceled on identification as a pivot, during write.
HINT:  The transaction might succeed if retried.",1,
610,SERIALIZABLE,B,0,1,"SerializationFailure: could not serialize access due to read/write dependencies among transactions
DETAIL:  Reason code: Canceled on identification as a pivot, during write.
HINT:  The transaction might succeed if retried.",,1,
611,SERIALIZABLE,A,1,0,,"SerializationFailure: could not serialize access due to read/write dependencies among transactions
DETAIL:  Reason code: Canceled on identification as a pivot, during write.
HINT:  The transaction might succeed if retried.",1,
612,SERIALIZABLE,B,0,1,"SerializationFailure: could not serialize access due to read/write dependencies among transactions
DETAIL:  Reason code: Canceled on identification as a pivot, during write.
HINT:  The transaction might succeed if retried.",,1,
613,SERIALIZABLE,A,1,1,,,1,
614,SERIALIZABLE,B,1,1,,,1,
615,SERIALIZABLE,A,1,1,,,1,
616,SERIALIZABLE,B,0,1,"SerializationFailure: could not serialize access due to read/write dependencies among transactions
DETAIL:  Reason code: Canceled on identification as a pivot, during write.
HINT:  The transaction might succeed if retried.",,1,
617,SERIALIZABLE,A,1,0,,"SerializationFailure: could not serialize access due to read/write dependencies among transactions
DETAIL:  Reason code: Canceled on identification as a pivot, during write.
HINT:  The transaction might succeed if retried.",1,
618,SERIALIZABLE,B,1,1,,,1,
619,SERIALIZABLE,A,1,1,,,1,
620,SERIALIZABLE,A,1,0,,"SerializationFailure: could not serialize access due to read/write dependencies among transactions
DETAIL:  Reason code: Canceled on identification as a pivot, during write.
HINT:  The transaction might succeed if retried.",1,
621,SERIALIZABLE,A,1,0,,"SerializationFailure: could not serialize access due to read/write dependencies among transactions
DETAIL:  Reason code: Canceled on identification as a pivot, during write.
HINT:  The transaction might succeed if retried.",1,
622,SERIALIZABLE,A,1,1,,,1,
623,SERIALIZABLE,A,1,1,,,1,
624,SERIALIZABLE,B,1,0,,"SerializationFailure: could not serialize access due to read/write dependencies among transactions
DETAIL:  Reason code: Canceled on identification as a pivot, during write.
HINT:  The transaction might succeed if retried.",1,
625,SERIALIZABLE,B,0,1,"SerializationFailure: could not serialize access due to read/write dependencies among transactions
DETAIL:  Reason code: Canceled on identification as a pivot, during write.
HINT:  The transaction might succeed if retried.",,1,
626,SERIALIZABLE,A,1,1,,,1,
627,SERIALIZABLE,A,1,0,,"SerializationFailure: could not serialize access due to read/write dependencies among transactions
DETAIL:  Reason code: Canceled on identification as a pivot, during write.
HINT:  The transaction might succeed if retried.",1,
628,SERIALIZABLE,A,1,0,,"SerializationFailure: could not serialize access due to read/write dependencies among transactions
DETAIL:  Reason code: Canceled on identification as a pivot, during write.
HINT:  The transaction might succeed if retried.",1,
629,SERIALIZABLE,B,1,1,,,1,
630,SERIALIZABLE,B,1,1,,,1,
631,SERIALIZABLE,B,0,1,"SerializationFailure: could not serialize access due to read/write dependencies among transactions
DETAIL:  Reason code: Canceled on identification as a pivot, during write.
HINT:  The transaction might succeed if retried.",,1,
632,SERIALIZABLE,A,1,0,,"SerializationFailure: could not serialize access due to read/write dependencies among transactions
DETAIL:  Reason code: Canceled on identification as a pivot, during write.
HINT:  The transaction might succeed if retried.",1,
633,SERIALIZABLE,A,1,0,,"SerializationFailure: could not serialize access due to read/write dependencies among transactions
DETAIL:  Reason code: Canceled on identification as a pivot, during write.
HINT:  The transaction might succeed if retried.",1,
634,SERIALIZABLE,A,1,0,,"SerializationFailure: could not serialize access due to read/write dependencies among transactions
DETAIL:  Reason code: Canceled on identification as a pivot, during write.
HINT:  The transaction might succeed if retried.",1,
635,SERIALIZABLE,A,1,1,,,1,
636,SERIALIZABLE,A,1,1,,,1,
637,SERIALIZABLE,A,1,0,,"SerializationFailure: could not serialize access due to read/write dependencies among transactions
DETAIL:  Reason code: Canceled on identification as a pivot, during write.
HINT:  The transaction might succeed if retried.",1,
638,SERIALIZABLE,B,0,1,"SerializationFailure: could not serialize access due to read/write dependencies among transactions
DETAIL:  Reason code: Canceled on identification as a pivot, during write.
HINT:  The transaction might succeed if retried.",,1,
639,SERIALIZABLE,A,1,1,,,1,
640,SERIALIZABLE,B,1,1,,,1,
641,SERIALIZABLE,B,1,1,,,1,
642,SERIALIZABLE,B,1,1,,,1,
643,SERIALIZABLE,A,1,0,,"SerializationFailure: could not serialize access due to read/write dependencies among transactions
DETAIL:  Reason code: Canceled on identification as a pivot, during write.
HINT:  The transaction might succeed if retried.",1,
644,SERIALIZABLE,B,0,1,"SerializationFailure: could not serialize access due to read/write dependencies among transactions
DETAIL:  Reason code: Canceled on identification as a pivot, during write.
HINT:  The transaction might succeed if retried.",,1,
645,SERIALIZABLE,A,1,1,,,1,
646,SERIALIZABLE,B,1,1,,,1,
647,SERIALIZABLE,B,1,1,,,1,
648,SERIALIZABLE,A,1,0,,"SerializationFailure: could not serialize access due to read/write dependencies among transactions
DETAIL:  Reason code: Canceled on identification as a pivot, during write.
HINT:  The transaction might succeed if retried.",1,
649,SERIALIZABLE,A,1,1,,,1,
650,SERIALIZABLE,A,1,0,,"SerializationFailure: could not serialize access due to read/write dependencies among transactions
DETAIL:  Reason code: Canceled on identification as a pivot, during write.
HINT:  The transaction might succeed if retried.",1,
651,SERIALIZABLE,A,1,1,,,1,
652,SERIALIZABLE,B,0,1,"SerializationFailure: could not serialize access due to read/write dependencies among transactions
DETAIL:  Reason code: Canceled on identification as a pivot, during write.
HINT:  The transaction might succeed if retried.",,1,
653,SERIALIZABLE,A,1,0,,"SerializationFailure: could not serialize access due to read/write dependencies among transactions
DETAIL:  Reason code: Canceled on identification as a pivot, during write.
HINT:  The transaction might succeed if retried.",1,
654,SERIALIZABLE,B,0,1,"SerializationFailure: could not serialize access due to read/write dependencies among transactions
DETAIL:  Reason code: Canceled on identification as a pivot, during write.
HINT:  The transaction might succeed if retried.",,1,
655,SERIALIZABLE,A,1,1,,,1,
656,SERIALIZABLE,A,1,0,,"SerializationFailure: could not serialize access due to read/write dependencies among transactions
DETAIL:  Reason code: Canceled on identification as a pivot, during write.
HINT:  The transaction might succeed if retried.",1,
657,SERIALIZABLE,B,1,1,,,1,
658,SERIALIZABLE,A,1,1,,,1,
659,SERIALIZABLE,A,1,0,,"SerializationFailure: could not serialize access due to read/write dependencies among transactions
DETAIL:  Reason code: Canceled on identification as a pivot, during write.
HINT:  The transaction might succeed if retried.",1,
660,SERIALIZABLE,B,0,1,"SerializationFailure: could not serialize access due to read/write dependencies among transactions
DETAIL:  Reason code: Canceled on identification as a pivot, during write.
HINT:  The transaction might succeed if retried.",,1,
661,SERIALIZABLE,A,1,0,,"SerializationFailure: could not serialize access due to read/write dependencies among transactions
DETAIL:  Reason code: Canceled on identification as a pivot, during write.
HINT:  The transaction might succeed if retried.",1,
662,SERIALIZABLE,B,0,1,"SerializationFailure: could not serialize access due to read/write dependencies among transactions
DETAIL:  Reason code: Canceled on identification as a pivot, during write.
HINT:  The transaction might succeed if retried.",,1,
663,SERIALIZABLE,A,1,0,,"SerializationFailure: could not serialize access due to read/write dependencies among transactions
DETAIL:  Reason code: Canceled on identification as a pivot, during write.
HINT:  The transaction might succeed if retried.",1,
664,SERIALIZABLE,B,0,1,"SerializationFailure: could not serialize access due to read/write dependencies among transactions
DETAIL:  Reason code: Canceled on identification as a pivot, during write.
HINT:  The transaction might succeed if retried.",,1,
665,SERIALIZABLE,B,0,1,"SerializationFailure: could not serialize access due to read/write dependencies among transactions
DETAIL:  Reason code: Canceled on identification as a pivot, during write.
HINT:  The transaction might succeed if retried.",,1,
666,SERIALIZABLE,B,0,1,"SerializationFailure: could not serialize access due to read/write dependencies among transactions
DETAIL:  Reason code: Canceled on identification as a pivot, during write.
HINT:  The transaction might succeed if retried.",,1,
667,SERIALIZABLE,A,1,0,,"SerializationFailure: could not serialize access due to read/write dependencies among transactions
DETAIL:  Reason code: Canceled on identification as a pivot, during write.
HINT:  The transaction might succeed if retried.",1,
668,SERIALIZABLE,B,0,1,"SerializationFailure: could not serialize access due to read/write dependencies among transactions
DETAIL:  Reason code: Canceled on identification as a pivot, during write.
HINT:  The transaction might succeed if retried.",,1,
669,SERIALIZABLE,A,1,1,,,1,
670,SERIALIZABLE,A,1,0,,"SerializationFailure: could not serialize access due to read/write dependencies among transactions
DETAIL:  Reason code: Canceled on identification as a pivot, during write.
HINT:  The transaction might succeed if retried.",1,
671,SERIALIZABLE,B,1,1,,,1,
672,SERIALIZABLE,B,0,1,"SerializationFailure: could not serialize access due to read/write dependencies among transactions
DETAIL:  Reason code: Canceled on identification as a pivot, during write.
HINT:  The transaction might succeed if retried.",,1,
673,SERIALIZABLE,A,1,0,,"SerializationFailure: could not serialize access due to read/write dependencies among transactions
DETAIL:  Reason code: Canceled on identification as a pivot, during write.
HINT:  The transaction might succeed if retried.",1,
674,SERIALIZABLE,B,0,1,"SerializationFailure: could not serialize access due to read/write dependencies among transactions
DETAIL:  Reason code: Canceled on identification as a pivot, during write.
HINT:  The transaction might succeed if retried.",,1,
675,SERIALIZABLE,B,1,1,,,1,
676,SERIALIZABLE,B,1,1,,,1,
677,SERIALIZABLE,B,1,1,,,1,
678,SERIALIZABLE,A,1,0,,"SerializationFailure: could not serialize access due to read/write dependencies among transactions
DETAIL:  Reason code: Canceled on identification as a pivot, during write.
HINT:  The transaction might succeed if retried.",1,
679,SERIALIZABLE,A,1,1,,,1,
680,SERIALIZABLE,B,0,1,"SerializationFailure: could not serialize access due to read/write dependencies among transactions
DETAIL:  Reason code: Canceled on identification as a pivot, during write.
HINT:  The transaction might succeed if retried.",,1,
681,SERIALIZABLE,A,1,0,,"SerializationFailure: could not serialize access due to read/write dependencies among transactions
DETAIL:  Reason code: Canceled on identification as a pivot, during write.
HINT:  The transaction might succeed if retried.",1,
682,SERIALIZABLE,A,1,1,,,1,
683,SERIALIZABLE,A,1,0,,"SerializationFailure: could not serialize access due to read/write dependencies among transactions
DETAIL:  Reason code: Canceled on identification as a pivot, during write.
HINT:  The transaction might succeed if retried.",1,
684,SERIALIZABLE,A,1,0,,"SerializationFailure: could not serialize access due to read/write dependencies among transactions
DETAIL:  Reason code: Canceled on identification as a pivot, during write.
HINT:  The transaction might succeed if retried.",1,
685,SERIALIZABLE,A,1,0,,"SerializationFailure: could not serialize access due to read/write dependencies among transactions
DETAIL:  Reason code: Canceled on identification as a pivot, during write.
HINT:  The transaction might succeed if retried.",1,
686,SERIALIZABLE,B,0,1,"SerializationFailure: could not serialize access due to read/write dependencies among transactions
DETAIL:  Reason code: Canceled on identification as a pivot, during write.
HINT:  The transaction might succeed if retried.",,1,
687,SERIALIZABLE,A,1,0,,"SerializationFailure: could not serialize access due to read/write dependencies among transactions
DETAIL:  Reason code: Canceled on identification as a pivot, during write.
HINT:  The transaction might succeed if retried.",1,
688,SERIALIZABLE,A,1,0,,"SerializationFailure: could not serialize access due to read/write dependencies among transactions
DETAIL:  Reason code: Canceled on identification as a pivot, during write.
HINT:  The transaction might succeed if retried.",1,
689,SERIALIZABLE,B,0,1,"SerializationFailure: could not serialize access due to read/write dependencies among transactions
DETAIL:  Reason code: Canceled on identification as a pivot, during write.
HINT:  The transaction might succeed if retried.",,1,
690,SERIALIZABLE,B,0,1,"SerializationFailure: could not serialize access due to read/write dependencies among transactions
DETAIL:  Reason code: Canceled on identification as a pivot, during write.
HINT:  The transaction might succeed if retried.",,1,
691,SERIALIZABLE,A,1,0,,"SerializationFailure: could not serialize access due to read/write dependencies among transactions
DETAIL:  Reason code: Canceled on identification as a pivot, during write.
HINT:  The transaction might succeed if retried.",1,
692,SERIALIZABLE,B,1,1,,,1,
693,SERIALIZABLE,B,0,1,"SerializationFailure: could not serialize access due to read/write dependencies among transactions
DETAIL:  Reason code: Canceled on identification as a pivot, during write.
HINT:  The transaction might succeed if retried.",,1,
694,SERIALIZABLE,B,0,1,"SerializationFailure: could not serialize access due to read/write dependencies among transactions
DETAIL:  Reason code: Canceled on identification as a pivot, during write.
HINT:  The transaction might succeed if retried.",,1,
695,SERIALIZABLE,B,0,1,"SerializationFailure: could not serialize access due to read/write dependencies among transactions
DETAIL:  Reason code: Canceled on identification as a pivot, during write.
HINT:  The transaction might succeed if retried.",,1,
696,SERIALIZABLE,B,0,1,"SerializationFailure: could not serialize access due to read/write dependencies among transactions
DETAIL:  Reason code: Canceled on identification as a pivot, during write.
HINT:  The transaction might succeed if retried.",,1,
697,SERIALIZABLE,B,0,1,"SerializationFailure: could not serialize access due to read/write dependencies among transactions
DETAIL:  Reason code: Canceled on identification as a pivot, during write.
HINT:  The transaction might succeed if retried.",,1,
698,SERIALIZABLE,A,1,1,,,1,
699,SERIALIZABLE,B,0,1,"SerializationFailure: could not serialize access due to read/write dependencies among transactions
DETAIL:  Reason code: Canceled on identification as a pivot, during write.
HINT:  The transaction might succeed if retried.",,1,
700,SERIALIZABLE,B,0,1,"SerializationFailure: could not serialize access due to read/write dependencies among transactions
DETAIL:  Reason code: Canceled on identification as a pivot, during write.
HINT:  The transaction might succeed if retried.",,1,
701,SERIALIZABLE,B,0,1,"SerializationFailure: could not serialize access due to read/write dependencies among transactions
DETAIL:  Reason code: Canceled on identification as a pivot, during write.
HINT:  The transaction might succeed if retried.",,1,
702,SERIALIZABLE,B,0,1,"SerializationFailure: could not serialize access due to read/write dependencies among transactions
DETAIL:  Reason code: Canceled on identification as a pivot, during write.
HINT:  The transaction might succeed if retried.",,1,
703,SERIALIZABLE,A,1,1,,,1,
704,SERIALIZABLE,A,1,0,,"SerializationFailure: could not serialize access due to read/write dependencies among transactions
DETAIL:  Reason code: Canceled on identification as a pivot, during write.
HINT:  The transaction might succeed if retried.",1,
705,SERIALIZABLE,A,1,0,,"SerializationFailure: could not serialize access due to read/write dependencies among transactions
DETAIL:  Reason code: Canceled on identification as a pivot, during write.
HINT:  The transaction might succeed if retried.",1,
706,SERIALIZABLE,B,0,1,"SerializationFailure: could not serialize access due to read/write dependencies among transactions
DETAIL:  Reason code: Canceled on identification as a pivot, during write.
HINT:  The transaction might succeed if retried.",,1,
707,SERIALIZABLE,B,1,1,,,1,
708,SERIALIZABLE,A,1,1,,,1,
709,SERIALIZABLE,A,1,0,,"SerializationFailure: could not serialize access due to read/write dependencies among transactions
DETAIL:  Reason code: Canceled on identification as a pivot, during write.
HINT:  The transaction might succeed if retried.",1,
710,SERIALIZABLE,B,0,1,"SerializationFailure: could not serialize access due to read/write dependencies among transactions
DETAIL:  Reason code: Canceled on identification as a pivot, during write.
HINT:  The transaction might succeed if retried.",,1,
711,SERIALIZABLE,B,1,1,,,1,
712,SERIALIZABLE,B,1,1,,,1,
713,SERIALIZABLE,B,0,1,"SerializationFailure: could not serialize access due to read/write dependencies among transactions
DETAIL:  Reason code: Canceled on identification as a pivot, during write.
HINT:  The transaction might succeed if retried.",,1,
714,SERIALIZABLE,A,1,0,,"SerializationFailure: could not serialize access due to read/write dependencies among transactions
DETAIL:  Reason code: Canceled on identification as a pivot, during write.
HINT:  The transaction might succeed if retried.",1,
715,SERIALIZABLE,A,1,0,,"SerializationFailure: could not serialize access due to read/write dependencies among transactions
DETAIL:  Reason code: Canceled on identification as a pivot, during write.
HINT:  The transaction might succeed if retried.",1,
716,SERIALIZABLE,A,1,0,,"SerializationFailure: could not serialize access due to read/write dependencies among transactions
DETAIL:  Reason code: Canceled on identification as a pivot, during write.
HINT:  The transaction might succeed if retried.",1,
717,SERIALIZABLE,A,1,0,,"SerializationFailure: could not serialize access due to read/write dependencies among transactions
DETAIL:  Reason code: Canceled on identification as a pivot, during write.
HINT:  The transaction might succeed if retried.",1,
718,SERIALIZABLE,A,1,1,,,1,
719,SERIALIZABLE,A,1,1,,,1,
720,SERIALIZABLE,A,1,0,,"SerializationFailure: could not serialize access due to read/write dependencies among transactions
DETAIL:  Reason code: Canceled on identification as a pivot, during write.
HINT:  The transaction might succeed if retried.",1,
721,SERIALIZABLE,B,0,1,"SerializationFailure: could not serialize access due to read/write dependencies among transactions
DETAIL:  Reason code: Canceled on identification as a pivot, during write.
HINT:  The transaction might succeed if retried.",,1,
722,SERIALIZABLE,B,0,1,"SerializationFailure: could not serialize access due to read/write dependencies among transactions
DETAIL:  Reason code: Canceled on identification as a pivot, during write.
HINT:  The transaction might succeed if retried.",,1,
723,SERIALIZABLE,B,0,1,"SerializationFailure: could not serialize access due to read/write dependencies among transactions
DETAIL:  Reason code: Canceled on identification as a pivot, during write.
HINT:  The transaction might succeed if retried.",,1,
724,SERIALIZABLE,B,1,1,,,1,
725,SERIALIZABLE,B,1,1,,,1,
726,SERIALIZABLE,B,1,1,,,1,
727,SERIALIZABLE,A,1,1,,,1,
728,SERIALIZABLE,A,1,1,,,1,
729,SERIALIZABLE,B,0,1,"SerializationFailure: could not serialize access due to read/write dependencies among transactions
DETAIL:  Reason code: Canceled on identification as a pivot, during write.
HINT:  The transaction might succeed if retried.",,1,
730,SERIALIZABLE,A,1,1,,,1,
731,SERIALIZABLE,B,1,1,,,1,
732,SERIALIZABLE,B,1,1,,,1,
733,SERIALIZABLE,A,1,0,,"SerializationFailure: could not serialize access due to read/write dependencies among transactions
DETAIL:  Reason code: Canceled on identification as a pivot, during write.
HINT:  The transaction might succeed if retried.",1,
734,SERIALIZABLE,B,1,1,,,1,
735,SERIALIZABLE,B,0,1,"SerializationFailure: could not serialize access due to read/write dependencies among transactions
DETAIL:  Reason code: Canceled on identification as a pivot, during write.
HINT:  The transaction might succeed if retried.",,1,
736,SERIALIZABLE,A,1,0,,"SerializationFailure: could not serialize access due to read/write dependencies among transactions
DETAIL:  Reason code: Canceled on identification as a pivot, during write.
HINT:  The transaction might succeed if retried.",1,
737,SERIALIZABLE,A,1,1,,,1,
738,SERIALIZABLE,A,1,1,,,1,
739,SERIALIZABLE,A,1,0,,"SerializationFailure: could not serialize access due to read/write dependencies among transactions
DETAIL:  Reason code: Canceled on identification as a pivot, during write.
HINT:  The transaction might succeed if retried.",1,
740,SERIALIZABLE,B,1,1,,,1,
741,SERIALIZABLE,B,1,1,,,1,
742,SERIALIZABLE,A,1,1,,,1,
743,SERIALIZABLE,B,1,1,,,1,
744,SERIALIZABLE,A,1,1,,,1,
745,SERIALIZABLE,B,1,1,,,1,
746,SERIALIZABLE,B,0,1,"SerializationFailure: could not serialize access due to read/write dependencies among transactions
DETAIL:  Reason code: Canceled on identification as a pivot, during write.
HINT:  The transaction might succeed if retried.",,1,
747,SERIALIZABLE,B,1,1,,,1,
748,SERIALIZABLE,A,1,0,,"SerializationFailure: could not serialize access due to read/write dependencies among transactions
DETAIL:  Reason code: Canceled on identification as a pivot, during write.
HINT:  The transaction might succeed if retried.",1,
749,SERIALIZABLE,A,1,0,,"SerializationFailure: could not serialize access due to read/write dependencies among transactions
DETAIL:  Reason code: Canceled on identification as a pivot, during write.
HINT:  The transaction might succeed if retried.",1,
750,SERIALIZABLE,A,1,0,,"SerializationFailure: could not serialize access due to read/write dependencies among transactions
DETAIL:  Reason code: Canceled on identification as a pivot, during write.
HINT:  The transaction might succeed if retried.",1,
751,SERIALIZABLE,B,0,1,"SerializationFailure: could not serialize access due to read/write dependencies among transactions
DETAIL:  Reason code: Canceled on identification as a pivot, during write.
HINT:  The transaction might succeed if retried.",,1,
752,SERIALIZABLE,A,1,0,,"SerializationFailure: could not serialize access due to read/write dependencies among transactions
DETAIL:  Reason code: Canceled on identification as a pivot, during write.
HINT:  The transaction might succeed if retried.",1,
753,SERIALIZABLE,B,0,1,"SerializationFailure: could not serialize access due to read/write dependencies among transactions
DETAIL:  Reason code: Canceled on identification as a pivot, during write.
HINT:  The transaction might succeed if retried.",,1,
754,SERIALIZABLE,B,0,1,"SerializationFailure: could not serialize access due to read/write dependencies among transactions
DETAIL:  Reason code: Canceled on identification as a pivot, during write.
HINT:  The transaction might succeed if retried.",,1,
755,SERIALIZABLE,B,0,1,"SerializationFailure: could not serialize access due to read/write dependencies among transactions
DETAIL:  Reason code: Canceled on identification as a pivot, during write.
HINT:  The transaction might succeed if retried.",,1,
756,SERIALIZABLE,B,0,1,"SerializationFailure: could not serialize access due to read/write dependencies among transactions
DETAIL:  Reason code: Canceled on identification as a pivot, during write.
HINT:  The transaction might succeed if retried.",,1,
757,SERIALIZABLE,A,1,0,,"SerializationFailure: could not serialize access due to read/write dependencies among transactions
DETAIL:  Reason code: Canceled on identification as a pivot, during write.
HINT:  The transaction might succeed if retried.",1,
758,SERIALIZABLE,A,1,1,,,1,
759,SERIALIZABLE,A,1,0,,"SerializationFailure: could not serialize access due to read/write dependencies among transactions
DETAIL:  Reason code: Canceled on identification as a pivot, during write.
HINT:  The transaction might succeed if retried.",1,
760,SERIALIZABLE,B,0,1,"SerializationFailure: could not serialize access due to read/write dependencies among transactions
DETAIL:  Reason code: Canceled on identification as a pivot, during write.
HINT:  The transaction might succeed if retried.",,1,
761,SERIALIZABLE,B,0,1,"SerializationFailure: could not serialize access due to read/write dependencies among transactions
DETAIL:  Reason code: Canceled on identification as a pivot, during write.
HINT:  The transaction might succeed if retried.",,1,
762,SERIALIZABLE,B,1,1,,,1,
763,SERIALIZABLE,A,1,0,,"SerializationFailure: could not serialize access due to read/write dependencies among transactions
DETAIL:  Reason code: Canceled on identification as a pivot, during write.
HINT:  The transaction might succeed if retried.",1,
764,SERIALIZABLE,B,0,1,"SerializationFailure: could not serialize access due to read/write dependencies among transactions
DETAIL:  Reason code: Canceled on identification as a pivot, during write.
HINT:  The transaction might succeed if retried.",,1,
765,SERIALIZABLE,B,0,1,"SerializationFailure: could not serialize access due to read/write dependencies among transactions
DETAIL:  Reason code: Canceled on identification as a pivot, during write.
HINT:  The transaction might succeed if retried.",,1,
766,SERIALIZABLE,A,1,0,,"SerializationFailure: could not serialize access due to read/write dependencies among transactions
DETAIL:  Reason code: Canceled on identification as a pivot, during write.
HINT:  The transaction might succeed if retried.",1,
767,SERIALIZABLE,B,0,1,"SerializationFailure: could not serialize access due to read/write dependencies among transactions
DETAIL:  Reason code: Canceled on identification as a pivot, during write.
HINT:  The transaction might succeed if retried.",,1,
768,SERIALIZABLE,A,1,0,,"SerializationFailure: could not serialize access due to read/write dependencies among transactions
DETAIL:  Reason code: Canceled on identification as a pivot, during write.
HINT:  The transaction might succeed if retried.",1,
769,SERIALIZABLE,B,0,1,"SerializationFailure: could not serialize access due to read/write dependencies among transactions
DETAIL:  Reason code: Canceled on identification as a pivot, during write.
HINT:  The transaction might succeed if retried.",,1,
770,SERIALIZABLE,B,0,1,"SerializationFailure: could not serialize access due to read/write dependencies among transactions
DETAIL:  Reason code: Canceled on identification as a pivot, during write.
HINT:  The transaction might succeed if retried.",,1,
771,SERIALIZABLE,A,1,0,,"SerializationFailure: could not serialize access due to read/write dependencies among transactions
DETAIL:  Reason code: Canceled on identification as a pivot, during write.
HINT:  The transaction might succeed if retried.",1,
772,SERIALIZABLE,A,1,1,,,1,
773,SERIALIZABLE,B,0,1,"SerializationFailure: could not serialize access due to read/write dependencies among transactions
DETAIL:  Reason code: Canceled on identification as a pivot, during write.
HINT:  The transaction might succeed if retried.",,1,
774,SERIALIZABLE,B,0,1,"SerializationFailure: could not serialize access due to read/write dependencies among transactions
DETAIL:  Reason code: Canceled on identification as a pivot, during write.
HINT:  The transaction might succeed if retried.",,1,
775,SERIALIZABLE,A,1,0,,"SerializationFailure: could not serialize access due to read/write dependencies among transactions
DETAIL:  Reason code: Canceled on identification as a pivot, during write.
HINT:  The transaction might succeed if retried.",1,
776,SERIALIZABLE,B,1,1,,,1,
777,SERIALIZABLE,B,0,1,"SerializationFailure: could not serialize access due to read/write dependencies among transactions
DETAIL:  Reason code: Canceled on identification as a pivot, during write.
HINT:  The transaction might succeed if retried.",,1,
778,SERIALIZABLE,A,1,0,,"SerializationFailure: could not serialize access due to read/write dependencies among transactions
DETAIL:  Reason code: Canceled on identification as a pivot, during write.
HINT:  The transaction might succeed if retried.",1,
779,SERIALIZABLE,A,1,0,,"SerializationFailure: could not serialize access due to read/write dependencies among transactions
DETAIL:  Reason code: Canceled on identification as a pivot, during write.
HINT:  The transaction might succeed if retried.",1,
780,SERIALIZABLE,B,0,1,"SerializationFailure: could not serialize access due to read/write dependencies among transactions
DETAIL:  Reason code: Canceled on identification as a pivot, during write.
HINT:  The transaction might succeed if retried.",,1,
781,SERIALIZABLE,A,1,0,,"SerializationFailure: could not serialize access due to read/write dependencies among transactions
DETAIL:  Reason code: Canceled on identification as a pivot, during write.
HINT:  The transaction might succeed if retried.",1,
782,SERIALIZABLE,B,0,1,"SerializationFailure: could not serialize access due to read/write dependencies among transactions
DETAIL:  Reason code: Canceled on identification as a pivot, during write.
HINT:  The transaction might succeed if retried.",,1,
783,SERIALIZABLE,B,0,1,"SerializationFailure: could not serialize access due to read/write dependencies among transactions
DETAIL:  Reason code: Canceled on identification as a pivot, during write.
HINT:  The transaction might succeed if retried.",,1,
784,SERIALIZABLE,A,1,0,,"SerializationFailure: could not serialize access due to read/write dependencies among transactions
DETAIL:  Reason code: Canceled on identification as a pivot, during write.
HINT:  The transaction might succeed if retried.",1,
785,SERIALIZABLE,B,1,1,,,1,
786,SERIALIZABLE,B,0,1,"SerializationFailure: could not serialize access due to read/write dependencies among transactions
DETAIL:  Reason code: Canceled on identification as a pivot, during write.
HINT:  The transaction might succeed if retried.",,1,
787,SERIALIZABLE,A,1,0,,"SerializationFailure: could not serialize access due to read/write dependencies among transactions
DETAIL:  Reason code: Canceled on identification as a pivot, during write.
HINT:  The transaction might succeed if retried.",1,
788,SERIALIZABLE,B,0,1,"SerializationFailure: could not serialize access due to read/write dependencies among transactions
DETAIL:  Reason code: Canceled on identification as a pivot, during write.
HINT:  The transaction might succeed if retried.",,1,
789,SERIALIZABLE,A,1,1,,,1,
790,SERIALIZABLE,B,1,1,,,1,
791,SERIALIZABLE,B,0,1,"SerializationFailure: could not serialize access due to read/write dependencies among transactions
DETAIL:  Reason code: Canceled on identification as a pivot, during write.
HINT:  The transaction might succeed if retried.",,1,
792,SERIALIZABLE,B,0,1,"SerializationFailure: could not serialize access due to read/write dependencies among transactions
DETAIL:  Reason code: Canceled on identification as a pivot, during write.
HINT:  The transaction might succeed if retried.",,1,
793,SERIALIZABLE,B,0,1,"SerializationFailure: could not serialize access due to read/write dependencies among transactions
DETAIL:  Reason code: Canceled on identification as a pivot, during write.
HINT:  The transaction might succeed if retried.",,1,
794,SERIALIZABLE,A,1,1,,,1,
795,SERIALIZABLE,B,1,1,,,1,
796,SERIALIZABLE,A,1,0,,"SerializationFailure: could not serialize access due to read/write dependencies among transactions
DETAIL:  Reason code: Canceled on identification as a pivot, during write.
HINT:  The transaction might succeed if retried.",1,
797,SERIALIZABLE,B,0,1,"SerializationFailure: could not serialize access due to read/write dependencies among transactions
DETAIL:  Reason code: Canceled on identification as a pivot, during write.
HINT:  The transaction might succeed if retried.",,1,
798,SERIALIZABLE,B,0,1,"SerializationFailure: could not serialize access due to read/write dependencies among transactions
DETAIL:  Reason code: Canceled on identification as a pivot, during write.
HINT:  The transaction might succeed if retried.",,1,
799,SERIALIZABLE,B,1,1,,,1,
800,SERIALIZABLE,A,1,0,,"SerializationFailure: could not serialize access due to read/write dependencies among transactions
DETAIL:  Reason code: Canceled on identification as a pivot, during write.
HINT:  The transaction might succeed if retried.",1,
801,SERIALIZABLE,A,1,1,,,1,
802,SERIALIZABLE,B,0,1,"SerializationFailure: could not serialize access due to read/write dependencies among transactions
DETAIL:  Reason code: Canceled on identification as a pivot, during write.
HINT:  The transaction might succeed if retried.",,1,
803,SERIALIZABLE,B,1,1,,,1,
804,SERIALIZABLE,A,1,1,,,1,
805,SERIALIZABLE,A,1,0,,"SerializationFailure: could not serialize access due to read/write dependencies among transactions
DETAIL:  Reason code: Canceled on identification as a pivot, during write.
HINT:  The transaction might succeed if retried.",1,
806,SERIALIZABLE,B,0,1,"SerializationFailure: could not serialize access due to read/write dependencies among transactions
DETAIL:  Reason code: Canceled on identification as a pivot, during write.
HINT:  The transaction might succeed if retried.",,1,
807,SERIALIZABLE,A,1,0,,"SerializationFailure: could not serialize access due to read/write dependencies among transactions
DETAIL:  Reason code: Canceled on identification as a pivot, during write.
HINT:  The transaction might succeed if retried.",1,
808,SERIALIZABLE,B,1,1,,,1,
809,SERIALIZABLE,B,1,1,,,1,
810,SERIALIZABLE,A,1,0,,"SerializationFailure: could not serialize access due to read/write dependencies among transactions
DETAIL:  Reason code: Canceled on identification as a pivot, during write.
HINT:  The transaction might succeed if retried.",1,
811,SERIALIZABLE,A,1,1,,,1,
812,SERIALIZABLE,A,1,0,,"SerializationFailure: could not serialize access due to read/write dependencies among transactions
DETAIL:  Reason code: Canceled on identification as a pivot, during write.
HINT:  The transaction might succeed if retried.",1,
813,SERIALIZABLE,B,1,1,,,1,
814,SERIALIZABLE,B,1,1,,,1,
815,SERIALIZABLE,A,1,0,,"SerializationFailure: could not serialize access due to read/write dependencies among transactions
DETAIL:  Reason code: Canceled on identification as a pivot, during write.
HINT:  The transaction might succeed if retried.",1,
816,SERIALIZABLE,B,0,1,"SerializationFailure: could not serialize access due to read/write dependencies among transactions
DETAIL:  Reason code: Canceled on identification as a pivot, during write.
HINT:  The transaction might succeed if retried.",,1,
817,SERIALIZABLE,A,1,1,,,1,
818,SERIALIZABLE,B,1,1,,,1,
819,SERIALIZABLE,B,0,1,"SerializationFailure: could not serialize access due to read/write dependencies among transactions
DETAIL:  Reason code: Canceled on identification as a pivot, during write.
HINT:  The transaction might succeed if retried.",,1,
820,SERIALIZABLE,B,1,1,,,1,
821,SERIALIZABLE,A,1,0,,"SerializationFailure: could not serialize access due to read/write dependencies among transactions
DETAIL:  Reason code: Canceled on identification as a pivot, during write.
HINT:  The transaction might succeed if retried.",1,
822,SERIALIZABLE,B,1,1,,,1,
823,SERIALIZABLE,B,1,1,,,1,
824,SERIALIZABLE,B,1,1,,,1,
825,SERIALIZABLE,A,1,1,,,1,
826,SERIALIZABLE,A,1,1,,,1,
827,SERIALIZABLE,B,1,1,,,1,
828,SERIALIZABLE,B,1,1,,,1,
829,SERIALIZABLE,B,0,1,"SerializationFailure: could not serialize access due to read/write dependencies among transactions
DETAIL:  Reason code: Canceled on identification as a pivot, during write.
HINT:  The transaction might succeed if retried.",,1,
830,SERIALIZABLE,B,0,1,"SerializationFailure: could not serialize access due to read/write dependencies among transactions
DETAIL:  Reason code: Canceled on identification as a pivot, during write.
HINT:  The transaction might succeed if retried.",,1,
831,SERIALIZABLE,A,1,1,,,1,
832,SERIALIZABLE,B,1,1,,,1,
833,SERIALIZABLE,A,1,0,,"SerializationFailure: could not serialize access due to read/write dependencies among transactions
DETAIL:  Reason code: Canceled on identification as a pivot, during write.
HINT:  The transaction might succeed if retried.",1,
834,SERIALIZABLE,B,0,1,"SerializationFailure: could not serialize access due to read/write dependencies among transactions
DETAIL:  Reason code: Canceled on identification as a pivot, during write.
HINT:  The transaction might succeed if retried.",,1,
835,SERIALIZABLE,A,1,1,,,1,
836,SERIALIZABLE,B,1,1,,,1,
837,SERIALIZABLE,A,1,1,,,1,
838,SERIALIZABLE,A,1,0,,"SerializationFailure: could not serialize access due to read/write dependencies among transactions
DETAIL:  Reason code: Canceled on identification as a pivot, during write.
HINT:  The transaction might succeed if retried.",1,
839,SERIALIZABLE,B,0,1,"SerializationFailure: could not serialize access due to read/write dependencies among transactions
DETAIL:  Reason code: Canceled on identification as a pivot, during write.
HINT:  The transaction might succeed if retried.",,1,
840,SERIALIZABLE,A,1,1,,,1,
841,SERIALIZABLE,B,1,1,,,1,
842,SERIALIZABLE,B,0,1,"SerializationFailure: could not serialize access due to read/write dependencies among transactions
DETAIL:  Reason code: Canceled on identification as a pivot, during write.
HINT:  The transaction might succeed if retried.",,1,
843,SERIALIZABLE,B,1,1,,,1,
844,SERIALIZABLE,B,0,1,"SerializationFailure: could not serialize access due to read/write dependencies among transactions
DETAIL:  Reason code: Canceled on identification as a pivot, during write.
HINT:  The transaction might succeed if retried.",,1,
845,SERIALIZABLE,B,1,1,,,1,
846,SERIALIZABLE,A,1,0,,"SerializationFailure: could not serialize access due to read/write dependencies among transactions
DETAIL:  Reason code: Canceled on identification as a pivot, during write.
HINT:  The transaction might succeed if retried.",1,
847,SERIALIZABLE,A,1,0,,"SerializationFailure: could not serialize access due to read/write dependencies among transactions
DETAIL:  Reason code: Canceled on identification as a pivot, during write.
HINT:  The transaction might succeed if retried.",1,
848,SERIALIZABLE,B,1,1,,,1,
849,SERIALIZABLE,B,1,1,,,1,
850,SERIALIZABLE,B,1,1,,,1,
851,SERIALIZABLE,A,1,1,,,1,
852,SERIALIZABLE,A,1,0,,"SerializationFailure: could not serialize access due to read/write dependencies among transactions
DETAIL:  Reason code: Canceled on identification as a pivot, during write.
HINT:  The transaction might succeed if retried.",1,
853,SERIALIZABLE,B,0,1,"SerializationFailure: could not serialize access due to read/write dependencies among transactions
DETAIL:  Reason code: Canceled on identification as a pivot, during write.
HINT:  The transaction might succeed if retried.",,1,
854,SERIALIZABLE,B,1,1,,,1,
855,SERIALIZABLE,B,0,1,"SerializationFailure: could not serialize access due to read/write dependencies among transactions
DETAIL:  Reason code: Canceled on identification as a pivot, during write.
HINT:  The transaction might succeed if retried.",,1,
856,SERIALIZABLE,B,0,1,"SerializationFailure: could not serialize access due to read/write dependencies among transactions
DETAIL:  Reason code: Canceled on identification as a pivot, during write.
HINT:  The transaction might succeed if retried.",,1,
857,SERIALIZABLE,A,1,1,,,1,
858,SERIALIZABLE,A,1,0,,"SerializationFailure: could not serialize access due to read/write dependencies among transactions
DETAIL:  Reason code: Canceled on identification as a pivot, during write.
HINT:  The transaction might succeed if retried.",1,
859,SERIALIZABLE,B,0,1,"SerializationFailure: could not serialize access due to read/write dependencies among transactions
DETAIL:  Reason code: Canceled on identification as a pivot, during write.
HINT:  The transaction might succeed if retried.",,1,
860,SERIALIZABLE,B,0,1,"SerializationFailure: could not serialize access due to read/write dependencies among transactions
DETAIL:  Reason code: Canceled on identification as a pivot, during write.
HINT:  The transaction might succeed if retried.",,1,
861,SERIALIZABLE,A,1,0,,"SerializationFailure: could not serialize access due to read/write dependencies among transactions
DETAIL:  Reason code: Canceled on identification as a pivot, during write.
HINT:  The transaction might succeed if retried.",1,
862,SERIALIZABLE,B,0,1,"SerializationFailure: could not serialize access due to read/write dependencies among transactions
DETAIL:  Reason code: Canceled on identification as a pivot, during write.
HINT:  The transaction might succeed if retried.",,1,
863,SERIALIZABLE,B,0,1,"SerializationFailure: could not serialize access due to read/write dependencies among transactions
DETAIL:  Reason code: Canceled on identification as a pivot, during write.
HINT:  The transaction might succeed if retried.",,1,
864,SERIALIZABLE,A,1,1,,,1,
865,SERIALIZABLE,B,0,1,"SerializationFailure: could not serialize access due to read/write dependencies among transactions
DETAIL:  Reason code: Canceled on identification as a pivot, during write.
HINT:  The transaction might succeed if retried.",,1,
866,SERIALIZABLE,A,1,0,,"SerializationFailure: could not serialize access due to read/write dependencies among transactions
DETAIL:  Reason code: Canceled on identification as a pivot, during write.
HINT:  The transaction might succeed if retried.",1,
867,SERIALIZABLE,A,1,0,,"SerializationFailure: could not serialize access due to read/write dependencies among transactions
DETAIL:  Reason code: Canceled on identification as a pivot, during write.
HINT:  The transaction might succeed if retried.",1,
868,SERIALIZABLE,A,1,1,,,1,
869,SERIALIZABLE,B,0,1,"SerializationFailure: could not serialize access due to read/write dependencies among transactions
DETAIL:  Reason code: Canceled on identification as a pivot, during write.
HINT:  The transaction might succeed if retried.",,1,
870,SERIALIZABLE,B,0,1,"SerializationFailure: could not serialize access due to read/write dependencies among transactions
DETAIL:  Reason code: Canceled on identification as a pivot, during write.
HINT:  The transaction might succeed if retried.",,1,
871,SERIALIZABLE,B,0,1,"SerializationFailure: could not serialize access due to read/write dependencies among transactions
DETAIL:  Reason code: Canceled on identification as a pivot, during write.
HINT:  The transaction might succeed if retried.",,1,
872,SERIALIZABLE,A,1,0,,"SerializationFailure: could not serialize access due to read/write dependencies among transactions
DETAIL:  Reason code: Canceled on identification as a pivot, during write.
HINT:  The transaction might succeed if retried.",1,
873,SERIALIZABLE,A,1,0,,"SerializationFailure: could not serialize access due to read/write dependencies among transactions
DETAIL:  Reason code: Canceled on identification as a pivot, during write.
HINT:  The transaction might succeed if retried.",1,
874,SERIALIZABLE,B,1,1,,,1,
875,SERIALIZABLE,B,0,1,"SerializationFailure: could not serialize access due to read/write dependencies among transactions
DETAIL:  Reason code: Canceled on identification as a pivot, during write.
HINT:  The transaction might succeed if retried.",,1,
876,SERIALIZABLE,A,1,0,,"SerializationFailure: could not serialize access due to read/write dependencies among transactions
DETAIL:  Reason code: Canceled on identification as a pivot, during write.
HINT:  The transaction might succeed if retried.",1,
877,SERIALIZABLE,B,0,1,"SerializationFailure: could not serialize access due to read/write dependencies among transactions
DETAIL:  Reason code: Canceled on identification as a pivot, during write.
HINT:  The transaction might succeed if retried.",,1,
878,SERIALIZABLE,A,1,0,,"SerializationFailure: could not serialize access due to read/write dependencies among transactions
DETAIL:  Reason code: Canceled on identification as a pivot, during write.
HINT:  The transaction might succeed if retried.",1,
879,SERIALIZABLE,A,1,0,,"SerializationFailure: could not serialize access due to read/write dependencies among transactions
DETAIL:  Reason code: Canceled on identification as a pivot, during write.
HINT:  The transaction might succeed if retried.",1,
880,SERIALIZABLE,A,1,0,,"SerializationFailure: could not serialize access due to read/write dependencies among transactions
DETAIL:  Reason code: Canceled on identification as a pivot, during write.
HINT:  The transaction might succeed if retried.",1,
881,SERIALIZABLE,A,1,1,,,1,
882,SERIALIZABLE,A,1,0,,"SerializationFailure: could not serialize access due to read/write dependencies among transactions
DETAIL:  Reason code: Canceled on identification as a pivot, during write.
HINT:  The transaction might succeed if retried.",1,
883,SERIALIZABLE,B,0,1,"SerializationFailure: could not serialize access due to read/write dependencies among transactions
DETAIL:  Reason code: Canceled on identification as a pivot, during write.
HINT:  The transaction might succeed if retried.",,1,
884,SERIALIZABLE,B,0,1,"SerializationFailure: could not serialize access due to read/write dependencies among transactions
DETAIL:  Reason code: Canceled on identification as a pivot, during write.
HINT:  The transaction might succeed if retried.",,1,
885,SERIALIZABLE,B,0,1,"SerializationFailure: could not serialize access due to read/write dependencies among transactions
DETAIL:  Reason code: Canceled on identification as a pivot, during write.
HINT:  The transaction might succeed if retried.",,1,
886,SERIALIZABLE,A,1,0,,"SerializationFailure: could not serialize access due to read/write dependencies among transactions
DETAIL:  Reason code: Canceled on identification as a pivot, during write.
HINT:  The transaction might succeed if retried.",1,
887,SERIALIZABLE,A,1,0,,"SerializationFailure: could not serialize access due to read/write dependencies among transactions
DETAIL:  Reason code: Canceled on identification as a pivot, during write.
HINT:  The transaction might succeed if retried.",1,
888,SERIALIZABLE,A,1,0,,"SerializationFailure: could not serialize access due to read/write dependencies among transactions
DETAIL:  Reason code: Canceled on identification as a pivot, during write.
HINT:  The transaction might succeed if retried.",1,
889,SERIALIZABLE,B,0,1,"SerializationFailure: could not serialize access due to read/write dependencies among transactions
DETAIL:  Reason code: Canceled on identification as a pivot, during write.
HINT:  The transaction might succeed if retried.",,1,
890,SERIALIZABLE,B,0,1,"SerializationFailure: could not serialize access due to read/write dependencies among transactions
DETAIL:  Reason code: Canceled on identification as a pivot, during write.
HINT:  The transaction might succeed if retried.",,1,
891,SERIALIZABLE,A,1,0,,"SerializationFailure: could not serialize access due to read/write dependencies among transactions
DETAIL:  Reason code: Canceled on identification as a pivot, during write.
HINT:  The transaction might succeed if retried.",1,
892,SERIALIZABLE,A,1,0,,"SerializationFailure: could not serialize access due to read/write dependencies among transactions
DETAIL:  Reason code: Canceled on identification as a pivot, during write.
HINT:  The transaction might succeed if retried.",1,
893,SERIALIZABLE,B,0,1,"SerializationFailure: could not serialize access due to read/write dependencies among transactions
DETAIL:  Reason code: Canceled on identification as a pivot, during write.
HINT:  The transaction might succeed if retried.",,1,
894,SERIALIZABLE,A,1,0,,"SerializationFailure: could not serialize access due to read/write dependencies among transactions
DETAIL:  Reason code: Canceled on identification as a pivot, during write.
HINT:  The transaction might succeed if retried.",1,
895,SERIALIZABLE,A,1,0,,"SerializationFailure: could not serialize access due to read/write dependencies among transactions
DETAIL:  Reason code: Canceled on identification as a pivot, during write.
HINT:  The transaction might succeed if retried.",1,
896,SERIALIZABLE,A,1,0,,"SerializationFailure: could not serialize access due to read/write dependencies among transactions
DETAIL:  Reason code: Canceled on identification as a pivot, during write.
HINT:  The transaction might succeed if retried.",1,
897,SERIALIZABLE,A,1,0,,"SerializationFailure: could not serialize access due to read/write dependencies among transactions
DETAIL:  Reason code: Canceled on identification as a pivot, during write.
HINT:  The transaction might succeed if retried.",1,
898,SERIALIZABLE,B,0,1,"SerializationFailure: could not serialize access due to read/write dependencies among transactions
DETAIL:  Reason code: Canceled on identification as a pivot, during write.
HINT:  The transaction might succeed if retried.",,1,
899,SERIALIZABLE,B,0,1,"SerializationFailure: could not serialize access due to read/write dependencies among transactions
DETAIL:  Reason code: Canceled on identification as a pivot, during write.
HINT:  The transaction might succeed if retried.",,1,
900,SERIALIZABLE,B,1,1,,,1,
901,SERIALIZABLE,A,1,1,,,1,
902,SERIALIZABLE,B,0,1,"SerializationFailure: could not serialize access due to read/write dependencies among transactions
DETAIL:  Reason code: Canceled on identification as a pivot, during write.
HINT:  The transaction might succeed if retried.",,1,
903,SERIALIZABLE,B,0,1,"SerializationFailure: could not serialize access due to read/write dependencies among transactions
DETAIL:  Reason code: Canceled on identification as a pivot, during write.
HINT:  The transaction might succeed if retried.",,1,
904,SERIALIZABLE,A,1,1,,,1,
905,SERIALIZABLE,B,0,1,"SerializationFailure: could not serialize access due to read/write dependencies among transactions
DETAIL:  Reason code: Canceled on identification as a pivot, during write.
HINT:  The transaction might succeed if retried.",,1,
906,SERIALIZABLE,B,1,1,,,1,
907,SERIALIZABLE,B,0,1,"SerializationFailure: could not serialize access due to read/write dependencies among transactions
DETAIL:  Reason code: Canceled on identification as a pivot, during write.
HINT:  The transaction might succeed if retried.",,1,
908,SERIALIZABLE,A,1,0,,"SerializationFailure: could not serialize access due to read/write dependencies among transactions
DETAIL:  Reason code: Canceled on identification as a pivot, during write.
HINT:  The transaction might succeed if retried.",1,
909,SERIALIZABLE,B,1,1,,,1,
910,SERIALIZABLE,A,1,1,,,1,
911,SERIALIZABLE,B,0,1,"SerializationFailure: could not serialize access due to read/write dependencies among transactions
DETAIL:  Reason code: Canceled on identification as a pivot, during write.
HINT:  The transaction might succeed if retried.",,1,
912,SERIALIZABLE,A,1,0,,"SerializationFailure: could not serialize access due to read/write dependencies among transactions
DETAIL:  Reason code: Canceled on identification as a pivot, during write.
HINT:  The transaction might succeed if retried.",1,
913,SERIALIZABLE,B,0,1,"SerializationFailure: could not serialize access due to read/write dependencies among transactions
DETAIL:  Reason code: Canceled on identification as a pivot, during write.
HINT:  The transaction might succeed if retried.",,1,
914,SERIALIZABLE,B,1,1,,,1,
915,SERIALIZABLE,A,1,0,,"SerializationFailure: could not serialize access due to read/write dependencies among transactions
DETAIL:  Reason code: Canceled on identification as a pivot, during write.
HINT:  The transaction might succeed if retried.",1,
916,SERIALIZABLE,B,1,1,,,1,
917,SERIALIZABLE,B,0,1,"SerializationFailure: could not serialize access due to read/write dependencies among transactions
DETAIL:  Reason code: Canceled on identification as a pivot, during write.
HINT:  The transaction might succeed if retried.",,1,
918,SERIALIZABLE,B,1,1,,,1,
919,SERIALIZABLE,B,0,1,"SerializationFailure: could not serialize access due to read/write dependencies among transactions
DETAIL:  Reason code: Canceled on identification as a pivot, during write.
HINT:  The transaction might succeed if retried.",,1,
920,SERIALIZABLE,B,0,1,"SerializationFailure: could not serialize access due to read/write dependencies among transactions
DETAIL:  Reason code: Canceled on identification as a pivot, during write.
HINT:  The transaction might succeed if retried.",,1,
921,SERIALIZABLE,B,0,1,"SerializationFailure: could not serialize access due to read/write dependencies among transactions
DETAIL:  Reason code: Canceled on identification as a pivot, during write.
HINT:  The transaction might succeed if retried.",,1,
922,SERIALIZABLE,B,1,1,,,1,
923,SERIALIZABLE,B,0,1,"SerializationFailure: could not serialize access due to read/write dependencies among transactions
DETAIL:  Reason code: Canceled on identification as a pivot, during write.
HINT:  The transaction might succeed if retried.",,1,
924,SERIALIZABLE,B,0,1,"SerializationFailure: could not serialize access due to read/write dependencies among transactions
DETAIL:  Reason code: Canceled on identification as a pivot, during write.
HINT:  The transaction might succeed if retried.",,1,
925,SERIALIZABLE,A,1,0,,"SerializationFailure: could not serialize access due to read/write dependencies among transactions
DETAIL:  Reason code: Canceled on identification as a pivot, during write.
HINT:  The transaction might succeed if retried.",1,
926,SERIALIZABLE,A,1,1,,,1,
927,SERIALIZABLE,B,0,1,"SerializationFailure: could not serialize access due to read/write dependencies among transactions
DETAIL:  Reason code: Canceled on identification as a pivot, during write.
HINT:  The transaction might succeed if retried.",,1,
928,SERIALIZABLE,B,1,1,,,1,
929,SERIALIZABLE,A,1,0,,"SerializationFailure: could not serialize access due to read/write dependencies among transactions
DETAIL:  Reason code: Canceled on identification as a pivot, during write.
HINT:  The transaction might succeed if retried.",1,
930,SERIALIZABLE,A,1,1,,,1,
931,SERIALIZABLE,B,0,1,"SerializationFailure: could not serialize access due to read/write dependencies among transactions
DETAIL:  Reason code: Canceled on identification as a pivot, during write.
HINT:  The transaction might succeed if retried.",,1,
932,SERIALIZABLE,A,1,0,,"SerializationFailure: could not serialize access due to read/write dependencies among transactions
DETAIL:  Reason code: Canceled on identification as a pivot, during write.
HINT:  The transaction might succeed if retried.",1,
933,SERIALIZABLE,A,1,1,,,1,
934,SERIALIZABLE,B,1,1,,,1,
935,SERIALIZABLE,B,1,1,,,1,
936,SERIALIZABLE,B,1,1,,,1,
937,SERIALIZABLE,B,1,1,,,1,
938,SERIALIZABLE,B,1,1,,,1,
939,SERIALIZABLE,A,1,0,,"SerializationFailure: could not serialize access due to read/write dependencies among transactions
DETAIL:  Reason code: Canceled on identification as a pivot, during write.
HINT:  The transaction might succeed if retried.",1,
940,SERIALIZABLE,B,1,1,,,1,
941,SERIALIZABLE,A,1,1,,,1,
942,SERIALIZABLE,B,0,1,"SerializationFailure: could not serialize access due to read/write dependencies among transactions
DETAIL:  Reason code: Canceled on identification as a pivot, during write.
HINT:  The transaction might succeed if retried.",,1,
943,SERIALIZABLE,B,1,1,,,1,
944,SERIALIZABLE,A,1,0,,"SerializationFailure: could not serialize access due to read/write dependencies among transactions
DETAIL:  Reason code: Canceled on identification as a pivot, during write.
HINT:  The transaction might succeed if retried.",1,
945,SERIALIZABLE,A,1,1,,,1,
946,SERIALIZABLE,B,1,1,,,1,
947,SERIALIZABLE,A,1,1,,,1,
948,SERIALIZABLE,B,0,1,"SerializationFailure: could not serialize access due to read/write dependencies among transactions
DETAIL:  Reason code: Canceled on identification as a pivot, during write.
HINT:  The transaction might succeed if retried.",,1,
949,SERIALIZABLE,B,1,1,,,1,
950,SERIALIZABLE,B,0,1,"SerializationFailure: could not serialize access due to read/write dependencies among transactions
DETAIL:  Reason code: Canceled on identification as a pivot, during write.
HINT:  The transaction might succeed if retried.",,1,
951,SERIALIZABLE,B,1,1,,,1,
952,SERIALIZABLE,B,1,1,,,1,
953,SERIALIZABLE,B,1,1,,,1,
954,SERIALIZABLE,A,1,1,,,1,
955,SERIALIZABLE,B,0,1,"SerializationFailure: could not serialize access due to read/write dependencies among transactions
DETAIL:  Reason code: Canceled on identification as a pivot, during write.
HINT:  The transaction might succeed if retried.",,1,
956,SERIALIZABLE,A,1,0,,"SerializationFailure: could not serialize access due to read/write dependencies among transactions
DETAIL:  Reason code: Canceled on identification as a pivot, during write.
HINT:  The transaction might succeed if retried.",1,
957,SERIALIZABLE,B,1,1,,,1,
958,SERIALIZABLE,A,1,1,,,1,
959,SERIALIZABLE,B,1,1,,,1,
960,SERIALIZABLE,B,0,1,"SerializationFailure: could not serialize access due to read/write dependencies among transactions
DETAIL:  Reason code: Canceled on identification as a pivot, during write.
HINT:  The transaction might succeed if retried.",,1,
961,SERIALIZABLE,B,1,1,,,1,
962,SERIALIZABLE,B,1,1,,,1,
963,SERIALIZABLE,B,1,1,,,1,
964,SERIALIZABLE,A,1,0,,"SerializationFailure: could not serialize access due to read/write dependencies among transactions
DETAIL:  Reason code: Canceled on identification as a pivot, during write.
HINT:  The transaction might succeed if retried.",1,
965,SERIALIZABLE,A,1,0,,"SerializationFailure: could not serialize access due to read/write dependencies among transactions
DETAIL:  Reason code: Canceled on identification as a pivot, during write.
HINT:  The transaction might succeed if retried.",1,
966,SERIALIZABLE,A,1,0,,"SerializationFailure: could not serialize access due to read/write dependencies among transactions
DETAIL:  Reason code: Canceled on identification as a pivot, during write.
HINT:  The transaction might succeed if retried.",1,
967,SERIALIZABLE,B,0,1,"SerializationFailure: could not serialize access due to read/write dependencies among transactions
DETAIL:  Reason code: Canceled on identification as a pivot, during write.
HINT:  The transaction might succeed if retried.",,1,
968,SERIALIZABLE,B,1,1,,,1,
969,SERIALIZABLE,B,0,1,"SerializationFailure: could not serialize access due to read/write dependencies among transactions
DETAIL:  Reason code: Canceled on identification as a pivot, during write.
HINT:  The transaction might succeed if retried.",,1,
970,SERIALIZABLE,A,1,0,,"SerializationFailure: could not serialize access due to read/write dependencies among transactions
DETAIL:  Reason code: Canceled on identification as a pivot, during write.
HINT:  The transaction might succeed if retried.",1,
971,SERIALIZABLE,A,1,0,,"SerializationFailure: could not serialize access due to read/write dependencies among transactions
DETAIL:  Reason code: Canceled on identification as a pivot, during write.
HINT:  The transaction might succeed if retried.",1,
972,SERIALIZABLE,B,1,1,,,1,
973,SERIALIZABLE,B,0,1,"SerializationFailure: could not serialize access due to read/write dependencies among transactions
DETAIL:  Reason code: Canceled on identification as a pivot, during write.
HINT:  The transaction might succeed if retried.",,1,
974,SERIALIZABLE,A,1,0,,"SerializationFailure: could not serialize access due to read/write dependencies among transactions
DETAIL:  Reason code: Canceled on identification as a pivot, during write.
HINT:  The transaction might succeed if retried.",1,
975,SERIALIZABLE,A,1,0,,"SerializationFailure: could not serialize access due to read/write dependencies among transactions
DETAIL:  Reason code: Canceled on identification as a pivot, during write.
HINT:  The transaction might succeed if retried.",1,
976,SERIALIZABLE,A,1,1,,,1,
977,SERIALIZABLE,B,1,1,,,1,
978,SERIALIZABLE,A,1,0,,"SerializationFailure: could not serialize access due to read/write dependencies among transactions
DETAIL:  Reason code: Canceled on identification as a pivot, during write.
HINT:  The transaction might succeed if retried.",1,
979,SERIALIZABLE,A,1,1,,,1,
980,SERIALIZABLE,A,1,0,,"SerializationFailure: could not serialize access due to read/write dependencies among transactions
DETAIL:  Reason code: Canceled on identification as a pivot, during write.
HINT:  The transaction might succeed if retried.",1,
981,SERIALIZABLE,B,1,1,,,1,
982,SERIALIZABLE,A,1,0,,"SerializationFailure: could not serialize access due to read/write dependencies among transactions
DETAIL:  Reason code: Canceled on identification as a pivot, during write.
HINT:  The transaction might succeed if retried.",1,
983,SERIALIZABLE,A,1,0,,"SerializationFailure: could not serialize access due to read/write dependencies among transactions
DETAIL:  Reason code: Canceled on identification as a pivot, during write.
HINT:  The transaction might succeed if retried.",1,
984,SERIALIZABLE,B,0,1,"SerializationFailure: could not serialize access due to read/write dependencies among transactions
DETAIL:  Reason code: Canceled on identification as a pivot, during write.
HINT:  The transaction might succeed if retried.",,1,
985,SERIALIZABLE,B,1,1,,,1,
986,SERIALIZABLE,B,1,1,,,1,
987,SERIALIZABLE,A,1,0,,"SerializationFailure: could not serialize access due to read/write dependencies among transactions
DETAIL:  Reason code: Canceled on identification as a pivot, during write.
HINT:  The transaction might succeed if retried.",1,
988,SERIALIZABLE,B,0,1,"SerializationFailure: could not serialize access due to read/write dependencies among transactions
DETAIL:  Reason code: Canceled on identification as a pivot, during write.
HINT:  The transaction might succeed if retried.",,1,
989,SERIALIZABLE,A,1,0,,"SerializationFailure: could not serialize access due to read/write dependencies among transactions
DETAIL:  Reason code: Canceled on identification as a pivot, during write.
HINT:  The transaction might succeed if retried.",1,
990,SERIALIZABLE,A,1,0,,"SerializationFailure: could not serialize access due to read/write dependencies among transactions
DETAIL:  Reason code: Canceled on identification as a pivot, during write.
HINT:  The transaction might succeed if retried.",1,
991,SERIALIZABLE,A,1,0,,"SerializationFailure: could not serialize access due to read/write dependencies among transactions
DETAIL:  Reason code: Canceled on identification as a pivot, during write.
HINT:  The transaction might succeed if retried.",1,
992,SERIALIZABLE,A,1,1,,,1,
993,SERIALIZABLE,A,1,0,,"SerializationFailure: could not serialize access due to read/write dependencies among transactions
DETAIL:  Reason code: Canceled on identification as a pivot, during write.
HINT:  The transaction might succeed if retried.",1,
994,SERIALIZABLE,B,1,1,,,1,
995,SERIALIZABLE,A,1,1,,,1,
996,SERIALIZABLE,A,1,0,,"SerializationFailure: could not serialize access due to read/write dependencies among transactions
DETAIL:  Reason code: Canceled on identification as a pivot, during write.
HINT:  The transaction might succeed if retried.",1,
997,SERIALIZABLE,A,1,0,,"SerializationFailure: could not serialize access due to read/write dependencies among transactions
DETAIL:  Reason code: Canceled on identification as a pivot, during write.
HINT:  The transaction might succeed if retried.",1,
998,SERIALIZABLE,B,0,1,"SerializationFailure: could not serialize access due to read/write dependencies among transactions
DETAIL:  Reason code: Canceled on identification as a pivot, during write.
HINT:  The transaction might succeed if retried.",,1,
999,SERIALIZABLE,B,1,1,,,1,
