iteration,isolation,commit_hint_first,thread_a_committed,thread_b_committed,thread_a_error,thread_b_error,invariant_ok,invariant_detail
0,READ COMMITTED,B,0,1,"CheckViolation: KNDB precedence: NEW outranked by fact_id=b133b354-de4f-425d-a34d-035e36d50bc5, reason=kind_outranked -- payload={""value"": ""INFERRED_iter0"", ""writer"": ""kndb_native"", ""fact_id"": ""d7ca81d0-1c7f-4109-83f7-e4e2edc96694"", ""provsql"": ""65a901aa-a405-4ec9-90c6-30ba471f5536"", ""sources"": [], ""sys_time"": ""[\""2026-07-09 02:38:18.247337-05\"",infinity)"", ""attribute"": ""s2_slot"", ""entity_id"": 32000000, ""confidence"": 0.97000, ""valid_time"": ""[\""2025-12-31 18:00:00-06\"",\""2026-06-29 19:00:00-05\"")"", ""specificity"": 100, ""epistemic_kind"": ""INFERRED""}
HINT:  Incoming fact lost the precedence lattice against an existing overlapping fact.
CONTEXT:  PL/pgSQL function kndb.resolve_conflict() line 91 at RAISE",,1,
1,READ COMMITTED,A,1,1,,,1,
2,READ COMMITTED,A,1,1,,,1,
3,READ COMMITTED,A,1,1,,,1,
4,READ COMMITTED,B,0,1,"CheckViolation: KNDB precedence: NEW outranked by fact_id=04269c99-af25-4506-907b-faab223186ec, reason=kind_outranked -- payload={""value"": ""INFERRED_iter4"", ""writer"": ""kndb_native"", ""fact_id"": ""81168c27-e827-4eab-b49b-ea986b154a88"", ""provsql"": ""326517a7-f8b7-4105-8d52-98ea9301bef1"", ""sources"": [], ""sys_time"": ""[\""2026-07-09 02:38:18.288195-05\"",infinity)"", ""attribute"": ""s2_slot"", ""entity_id"": 32000004, ""confidence"": 0.97000, ""valid_time"": ""[\""2025-12-31 18:00:00-06\"",\""2026-06-29 19:00:00-05\"")"", ""specificity"": 100, ""epistemic_kind"": ""INFERRED""}
HINT:  Incoming fact lost the precedence lattice against an existing overlapping fact.
CONTEXT:  PL/pgSQL function kndb.resolve_conflict() line 91 at RAISE",,1,
5,READ COMMITTED,B,0,1,"CheckViolation: KNDB precedence: NEW outranked by fact_id=aa36503a-2e87-43ef-a549-2f9e1bdd9254, reason=kind_outranked -- payload={""value"": ""INFERRED_iter5"", ""writer"": ""kndb_native"", ""fact_id"": ""9539dbaf-fa8c-425d-9385-344a8c4cc4cc"", ""provsql"": ""0c7a8e94-4405-479e-a4e4-f5df8a05cc69"", ""sources"": [], ""sys_time"": ""[\""2026-07-09 02:38:18.296003-05\"",infinity)"", ""attribute"": ""s2_slot"", ""entity_id"": 32000005, ""confidence"": 0.97000, ""valid_time"": ""[\""2025-12-31 18:00:00-06\"",\""2026-06-29 19:00:00-05\"")"", ""specificity"": 100, ""epistemic_kind"": ""INFERRED""}
HINT:  Incoming fact lost the precedence lattice against an existing overlapping fact.
CONTEXT:  PL/pgSQL function kndb.resolve_conflict() line 91 at RAISE",,1,
6,READ COMMITTED,B,0,1,"CheckViolation: KNDB precedence: NEW outranked by fact_id=44f50817-df3e-4499-8a40-a92ebfa656dd, reason=kind_outranked -- payload={""value"": ""INFERRED_iter6"", ""writer"": ""kndb_native"", ""fact_id"": ""0d176d77-e84f-4b3d-bd1d-11f9946bace8"", ""provsql"": ""a690a186-a68f-4824-98cf-b105a6c2dcb8"", ""sources"": [], ""sys_time"": ""[\""2026-07-09 02:38:18.304424-05\"",infinity)"", ""attribute"": ""s2_slot"", ""entity_id"": 32000006, ""confidence"": 0.97000, ""valid_time"": ""[\""2025-12-31 18:00:00-06\"",\""2026-06-29 19:00:00-05\"")"", ""specificity"": 100, ""epistemic_kind"": ""INFERRED""}
HINT:  Incoming fact lost the precedence lattice against an existing overlapping fact.
CONTEXT:  PL/pgSQL function kndb.resolve_conflict() line 91 at RAISE",,1,
7,READ COMMITTED,A,1,1,,,1,
8,READ COMMITTED,A,1,1,,,1,
9,READ COMMITTED,A,1,1,,,1,
10,READ COMMITTED,A,1,1,,,1,
11,READ COMMITTED,B,0,1,"CheckViolation: KNDB precedence: NEW outranked by fact_id=261f6771-893c-4e67-a2d7-bbe4a3d482db, reason=kind_outranked -- payload={""value"": ""INFERRED_iter11"", ""writer"": ""kndb_native"", ""fact_id"": ""a85eaa89-baac-4fc5-8016-00573cc34de9"", ""provsql"": ""4d03c5a6-fb84-4858-be31-65248ae60143"", ""sources"": [], ""sys_time"": ""[\""2026-07-09 02:38:18.347846-05\"",infinity)"", ""attribute"": ""s2_slot"", ""entity_id"": 32000011, ""confidence"": 0.97000, ""valid_time"": ""[\""2025-12-31 18:00:00-06\"",\""2026-06-29 19:00:00-05\"")"", ""specificity"": 100, ""epistemic_kind"": ""INFERRED""}
HINT:  Incoming fact lost the precedence lattice against an existing overlapping fact.
CONTEXT:  PL/pgSQL function kndb.resolve_conflict() line 91 at RAISE",,1,
12,READ COMMITTED,A,1,1,,,1,
13,READ COMMITTED,A,1,1,,,1,
14,READ COMMITTED,B,0,1,"CheckViolation: KNDB precedence: NEW outranked by fact_id=ad427833-12a4-4dfe-a81a-2d0a6c70969f, reason=kind_outranked -- payload={""value"": ""INFERRED_iter14"", ""writer"": ""kndb_native"", ""fact_id"": ""c6016bff-7797-4856-99d7-8cc856c46bfc"", ""provsql"": ""a5b66f40-b545-4356-887c-9961a2473ccc"", ""sources"": [], ""sys_time"": ""[\""2026-07-09 02:38:18.37457-05\"",infinity)"", ""attribute"": ""s2_slot"", ""entity_id"": 32000014, ""confidence"": 0.97000, ""valid_time"": ""[\""2025-12-31 18:00:00-06\"",\""2026-06-29 19:00:00-05\"")"", ""specificity"": 100, ""epistemic_kind"": ""INFERRED""}
HINT:  Incoming fact lost the precedence lattice against an existing overlapping fact.
CONTEXT:  PL/pgSQL function kndb.resolve_conflict() line 91 at RAISE",,1,
15,READ COMMITTED,B,0,1,"CheckViolation: KNDB precedence: NEW outranked by fact_id=d71980a4-57e8-4ffc-9be5-1a1e43190273, reason=kind_outranked -- payload={""value"": ""INFERRED_iter15"", ""writer"": ""kndb_native"", ""fact_id"": ""f5cb11b1-2a37-47f4-909a-fc968e66a564"", ""provsql"": ""331603b7-1bfe-4bf4-aa95-7d5632f307e9"", ""sources"": [], ""sys_time"": ""[\""2026-07-09 02:38:18.383427-05\"",infinity)"", ""attribute"": ""s2_slot"", ""entity_id"": 32000015, ""confidence"": 0.97000, ""valid_time"": ""[\""2025-12-31 18:00:00-06\"",\""2026-06-29 19:00:00-05\"")"", ""specificity"": 100, ""epistemic_kind"": ""INFERRED""}
HINT:  Incoming fact lost the precedence lattice against an existing overlapping fact.
CONTEXT:  PL/pgSQL function kndb.resolve_conflict() line 91 at RAISE",,1,
16,READ COMMITTED,A,1,1,,,1,
17,READ COMMITTED,B,0,1,"CheckViolation: KNDB precedence: NEW outranked by fact_id=109b4486-e5c3-4d44-ba24-7f98b26a41f6, reason=kind_outranked -- payload={""value"": ""INFERRED_iter17"", ""writer"": ""kndb_native"", ""fact_id"": ""64cb835f-2de7-4c6e-b1cb-9daab380c55d"", ""provsql"": ""6e72cd35-eb03-4d85-be5b-8835baf3dc39"", ""sources"": [], ""sys_time"": ""[\""2026-07-09 02:38:18.400113-05\"",infinity)"", ""attribute"": ""s2_slot"", ""entity_id"": 32000017, ""confidence"": 0.97000, ""valid_time"": ""[\""2025-12-31 18:00:00-06\"",\""2026-06-29 19:00:00-05\"")"", ""specificity"": 100, ""epistemic_kind"": ""INFERRED""}
HINT:  Incoming fact lost the precedence lattice against an existing overlapping fact.
CONTEXT:  PL/pgSQL function kndb.resolve_conflict() line 91 at RAISE",,1,
18,READ COMMITTED,B,0,1,"CheckViolation: KNDB precedence: NEW outranked by fact_id=a9c80698-43e9-448b-9de6-408d2fe2f4fa, reason=kind_outranked -- payload={""value"": ""INFERRED_iter18"", ""writer"": ""kndb_native"", ""fact_id"": ""cc2cc5ce-a724-4042-a2b3-e78ac6934908"", ""provsql"": ""cf1ebd76-03ca-463d-b2d0-8708e1e5cfc6"", ""sources"": [], ""sys_time"": ""[\""2026-07-09 02:38:18.408047-05\"",infinity)"", ""attribute"": ""s2_slot"", ""entity_id"": 32000018, ""confidence"": 0.97000, ""valid_time"": ""[\""2025-12-31 18:00:00-06\"",\""2026-06-29 19:00:00-05\"")"", ""specificity"": 100, ""epistemic_kind"": ""INFERRED""}
HINT:  Incoming fact lost the precedence lattice against an existing overlapping fact.
CONTEXT:  PL/pgSQL function kndb.resolve_conflict() line 91 at RAISE",,1,
19,READ COMMITTED,A,1,1,,,1,
20,READ COMMITTED,B,0,1,"CheckViolation: KNDB precedence: NEW outranked by fact_id=665e0458-3306-42d9-bc56-1fbed58a10fc, reason=kind_outranked -- payload={""value"": ""INFERRED_iter20"", ""writer"": ""kndb_native"", ""fact_id"": ""f16bac6f-3c4d-4361-9a04-36e0961ee38b"", ""provsql"": ""4433259a-e346-4e9e-a844-1ff55e0c07cc"", ""sources"": [], ""sys_time"": ""[\""2026-07-09 02:38:18.426263-05\"",infinity)"", ""attribute"": ""s2_slot"", ""entity_id"": 32000020, ""confidence"": 0.97000, ""valid_time"": ""[\""2025-12-31 18:00:00-06\"",\""2026-06-29 19:00:00-05\"")"", ""specificity"": 100, ""epistemic_kind"": ""INFERRED""}
HINT:  Incoming fact lost the precedence lattice against an existing overlapping fact.
CONTEXT:  PL/pgSQL function kndb.resolve_conflict() line 91 at RAISE",,1,
21,READ COMMITTED,B,0,1,"CheckViolation: KNDB precedence: NEW outranked by fact_id=a108fec0-cf71-4af6-9a4a-4b18a953cd29, reason=kind_outranked -- payload={""value"": ""INFERRED_iter21"", ""writer"": ""kndb_native"", ""fact_id"": ""eb4df61c-9dfd-4bde-9d3a-1233698bc1bc"", ""provsql"": ""223b72ab-c951-4c96-9deb-8bbc1d970f45"", ""sources"": [], ""sys_time"": ""[\""2026-07-09 02:38:18.434815-05\"",infinity)"", ""attribute"": ""s2_slot"", ""entity_id"": 32000021, ""confidence"": 0.97000, ""valid_time"": ""[\""2025-12-31 18:00:00-06\"",\""2026-06-29 19:00:00-05\"")"", ""specificity"": 100, ""epistemic_kind"": ""INFERRED""}
HINT:  Incoming fact lost the precedence lattice against an existing overlapping fact.
CONTEXT:  PL/pgSQL function kndb.resolve_conflict() line 91 at RAISE",,1,
22,READ COMMITTED,A,1,1,,,1,
23,READ COMMITTED,A,1,1,,,1,
24,READ COMMITTED,B,0,1,"CheckViolation: KNDB precedence: NEW outranked by fact_id=bb958e44-e481-4cb7-b559-5f54cc4be6a7, reason=kind_outranked -- payload={""value"": ""INFERRED_iter24"", ""writer"": ""kndb_native"", ""fact_id"": ""13832417-81fe-4541-be7d-47cfcc1f8ae2"", ""provsql"": ""57834406-cc3f-49f0-9f85-9b516fb82461"", ""sources"": [], ""sys_time"": ""[\""2026-07-09 02:38:18.460999-05\"",infinity)"", ""attribute"": ""s2_slot"", ""entity_id"": 32000024, ""confidence"": 0.97000, ""valid_time"": ""[\""2025-12-31 18:00:00-06\"",\""2026-06-29 19:00:00-05\"")"", ""specificity"": 100, ""epistemic_kind"": ""INFERRED""}
HINT:  Incoming fact lost the precedence lattice against an existing overlapping fact.
CONTEXT:  PL/pgSQL function kndb.resolve_conflict() line 91 at RAISE",,1,
25,READ COMMITTED,A,1,1,,,1,
26,READ COMMITTED,A,1,1,,,1,
27,READ COMMITTED,A,1,1,,,1,
28,READ COMMITTED,B,0,1,"CheckViolation: KNDB precedence: NEW outranked by fact_id=e5a383dc-8e91-45b3-a122-0fed46387348, reason=kind_outranked -- payload={""value"": ""INFERRED_iter28"", ""writer"": ""kndb_native"", ""fact_id"": ""5e822bdf-b26b-466a-82e8-ae45699bf3f6"", ""provsql"": ""e378b98f-42f2-4c09-b817-d7e71547611e"", ""sources"": [], ""sys_time"": ""[\""2026-07-09 02:38:18.495773-05\"",infinity)"", ""attribute"": ""s2_slot"", ""entity_id"": 32000028, ""confidence"": 0.97000, ""valid_time"": ""[\""2025-12-31 18:00:00-06\"",\""2026-06-29 19:00:00-05\"")"", ""specificity"": 100, ""epistemic_kind"": ""INFERRED""}
HINT:  Incoming fact lost the precedence lattice against an existing overlapping fact.
CONTEXT:  PL/pgSQL function kndb.resolve_conflict() line 91 at RAISE",,1,
29,READ COMMITTED,B,0,1,"CheckViolation: KNDB precedence: NEW outranked by fact_id=a7b811d8-cef0-43e1-9ea3-a470095f283a, reason=kind_outranked -- payload={""value"": ""INFERRED_iter29"", ""writer"": ""kndb_native"", ""fact_id"": ""654fe005-07df-48d6-b114-0d33d8317e12"", ""provsql"": ""ef8c9eb2-efde-46e3-b9df-26d67c7e1233"", ""sources"": [], ""sys_time"": ""[\""2026-07-09 02:38:18.503709-05\"",infinity)"", ""attribute"": ""s2_slot"", ""entity_id"": 32000029, ""confidence"": 0.97000, ""valid_time"": ""[\""2025-12-31 18:00:00-06\"",\""2026-06-29 19:00:00-05\"")"", ""specificity"": 100, ""epistemic_kind"": ""INFERRED""}
HINT:  Incoming fact lost the precedence lattice against an existing overlapping fact.
CONTEXT:  PL/pgSQL function kndb.resolve_conflict() line 91 at RAISE",,1,
30,READ COMMITTED,B,0,1,"CheckViolation: KNDB precedence: NEW outranked by fact_id=c4f1d508-8a50-4ada-97eb-ec17621f0811, reason=kind_outranked -- payload={""value"": ""INFERRED_iter30"", ""writer"": ""kndb_native"", ""fact_id"": ""05cb8af7-46c3-4a8a-afe4-fc0ebf0cdab9"", ""provsql"": ""50e488de-e887-49fa-97be-4c996007d6be"", ""sources"": [], ""sys_time"": ""[\""2026-07-09 02:38:18.512043-05\"",infinity)"", ""attribute"": ""s2_slot"", ""entity_id"": 32000030, ""confidence"": 0.97000, ""valid_time"": ""[\""2025-12-31 18:00:00-06\"",\""2026-06-29 19:00:00-05\"")"", ""specificity"": 100, ""epistemic_kind"": ""INFERRED""}
HINT:  Incoming fact lost the precedence lattice against an existing overlapping fact.
CONTEXT:  PL/pgSQL function kndb.resolve_conflict() line 91 at RAISE",,1,
31,READ COMMITTED,B,0,1,"CheckViolation: KNDB precedence: NEW outranked by fact_id=7c579767-cf73-42a4-b0e0-952bce1d71e6, reason=kind_outranked -- payload={""value"": ""INFERRED_iter31"", ""writer"": ""kndb_native"", ""fact_id"": ""ae641a86-46e3-4956-bc5d-d6b089d6eb97"", ""provsql"": ""3532e0a9-d19d-4b0f-9aa6-7c7e5f268596"", ""sources"": [], ""sys_time"": ""[\""2026-07-09 02:38:18.520595-05\"",infinity)"", ""attribute"": ""s2_slot"", ""entity_id"": 32000031, ""confidence"": 0.97000, ""valid_time"": ""[\""2025-12-31 18:00:00-06\"",\""2026-06-29 19:00:00-05\"")"", ""specificity"": 100, ""epistemic_kind"": ""INFERRED""}
HINT:  Incoming fact lost the precedence lattice against an existing overlapping fact.
CONTEXT:  PL/pgSQL function kndb.resolve_conflict() line 91 at RAISE",,1,
32,READ COMMITTED,B,0,1,"CheckViolation: KNDB precedence: NEW outranked by fact_id=2e9933ea-d109-46fb-b46e-6496bd8af4f4, reason=kind_outranked -- payload={""value"": ""INFERRED_iter32"", ""writer"": ""kndb_native"", ""fact_id"": ""85994c67-be6c-4ba6-9543-c180551b8520"", ""provsql"": ""b3f73340-8a3f-49b7-b877-087eb2f285bf"", ""sources"": [], ""sys_time"": ""[\""2026-07-09 02:38:18.52896-05\"",infinity)"", ""attribute"": ""s2_slot"", ""entity_id"": 32000032, ""confidence"": 0.97000, ""valid_time"": ""[\""2025-12-31 18:00:00-06\"",\""2026-06-29 19:00:00-05\"")"", ""specificity"": 100, ""epistemic_kind"": ""INFERRED""}
HINT:  Incoming fact lost the precedence lattice against an existing overlapping fact.
CONTEXT:  PL/pgSQL function kndb.resolve_conflict() line 91 at RAISE",,1,
33,READ COMMITTED,B,0,1,"CheckViolation: KNDB precedence: NEW outranked by fact_id=84056cb1-e641-4ffe-a147-8114011882e0, reason=kind_outranked -- payload={""value"": ""INFERRED_iter33"", ""writer"": ""kndb_native"", ""fact_id"": ""348b9d02-889c-4a02-ab30-7301558c4664"", ""provsql"": ""846914dc-d234-46d6-83bd-5e051c2e569f"", ""sources"": [], ""sys_time"": ""[\""2026-07-09 02:38:18.537257-05\"",infinity)"", ""attribute"": ""s2_slot"", ""entity_id"": 32000033, ""confidence"": 0.97000, ""valid_time"": ""[\""2025-12-31 18:00:00-06\"",\""2026-06-29 19:00:00-05\"")"", ""specificity"": 100, ""epistemic_kind"": ""INFERRED""}
HINT:  Incoming fact lost the precedence lattice against an existing overlapping fact.
CONTEXT:  PL/pgSQL function kndb.resolve_conflict() line 91 at RAISE",,1,
34,READ COMMITTED,A,1,1,,,1,
35,READ COMMITTED,B,0,1,"CheckViolation: KNDB precedence: NEW outranked by fact_id=335f7f93-472a-4d07-afb5-dcf78161cc37, reason=kind_outranked -- payload={""value"": ""INFERRED_iter35"", ""writer"": ""kndb_native"", ""fact_id"": ""e98a6c4d-cc91-4847-a21b-9a4e1eced00b"", ""provsql"": ""8648bd1c-8611-42c3-95fe-8c29eb74801e"", ""sources"": [], ""sys_time"": ""[\""2026-07-09 02:38:18.555063-05\"",infinity)"", ""attribute"": ""s2_slot"", ""entity_id"": 32000035, ""confidence"": 0.97000, ""valid_time"": ""[\""2025-12-31 18:00:00-06\"",\""2026-06-29 19:00:00-05\"")"", ""specificity"": 100, ""epistemic_kind"": ""INFERRED""}
HINT:  Incoming fact lost the precedence lattice against an existing overlapping fact.
CONTEXT:  PL/pgSQL function kndb.resolve_conflict() line 91 at RAISE",,1,
36,READ COMMITTED,B,0,1,"CheckViolation: KNDB precedence: NEW outranked by fact_id=5c24cfaf-2f9c-41dd-b30d-e89a45f1f3d7, reason=kind_outranked -- payload={""value"": ""INFERRED_iter36"", ""writer"": ""kndb_native"", ""fact_id"": ""978d2e7b-f24f-42bf-b73f-e77b32187994"", ""provsql"": ""c04bc997-53e3-4cac-ae2f-d70a51b94052"", ""sources"": [], ""sys_time"": ""[\""2026-07-09 02:38:18.56399-05\"",infinity)"", ""attribute"": ""s2_slot"", ""entity_id"": 32000036, ""confidence"": 0.97000, ""valid_time"": ""[\""2025-12-31 18:00:00-06\"",\""2026-06-29 19:00:00-05\"")"", ""specificity"": 100, ""epistemic_kind"": ""INFERRED""}
HINT:  Incoming fact lost the precedence lattice against an existing overlapping fact.
CONTEXT:  PL/pgSQL function kndb.resolve_conflict() line 91 at RAISE",,1,
37,READ COMMITTED,B,0,1,"CheckViolation: KNDB precedence: NEW outranked by fact_id=3679cd5c-a7e0-40ef-ab22-173874514166, reason=kind_outranked -- payload={""value"": ""INFERRED_iter37"", ""writer"": ""kndb_native"", ""fact_id"": ""928e6973-9f30-482b-9406-39021776c749"", ""provsql"": ""00105a96-1cc2-4aea-8a29-d1eeb14575b0"", ""sources"": [], ""sys_time"": ""[\""2026-07-09 02:38:18.572788-05\"",infinity)"", ""attribute"": ""s2_slot"", ""entity_id"": 32000037, ""confidence"": 0.97000, ""valid_time"": ""[\""2025-12-31 18:00:00-06\"",\""2026-06-29 19:00:00-05\"")"", ""specificity"": 100, ""epistemic_kind"": ""INFERRED""}
HINT:  Incoming fact lost the precedence lattice against an existing overlapping fact.
CONTEXT:  PL/pgSQL function kndb.resolve_conflict() line 91 at RAISE",,1,
38,READ COMMITTED,B,0,1,"CheckViolation: KNDB precedence: NEW outranked by fact_id=04b79cc4-2923-4717-b164-0933c9d251af, reason=kind_outranked -- payload={""value"": ""INFERRED_iter38"", ""writer"": ""kndb_native"", ""fact_id"": ""8caf5e61-3ab2-4077-8cbb-d8f5e56a21b4"", ""provsql"": ""8e08c4c8-4df9-4e9c-9611-9809e5863044"", ""sources"": [], ""sys_time"": ""[\""2026-07-09 02:38:18.581187-05\"",infinity)"", ""attribute"": ""s2_slot"", ""entity_id"": 32000038, ""confidence"": 0.97000, ""valid_time"": ""[\""2025-12-31 18:00:00-06\"",\""2026-06-29 19:00:00-05\"")"", ""specificity"": 100, ""epistemic_kind"": ""INFERRED""}
HINT:  Incoming fact lost the precedence lattice against an existing overlapping fact.
CONTEXT:  PL/pgSQL function kndb.resolve_conflict() line 91 at RAISE",,1,
39,READ COMMITTED,B,0,1,"CheckViolation: KNDB precedence: NEW outranked by fact_id=b7117e6d-c313-414a-bdb6-38a7125971c2, reason=kind_outranked -- payload={""value"": ""INFERRED_iter39"", ""writer"": ""kndb_native"", ""fact_id"": ""4433ae99-d3dd-45f3-bf44-5904af557f48"", ""provsql"": ""96bb2f77-f4cd-4412-8b4e-6a00109e9797"", ""sources"": [], ""sys_time"": ""[\""2026-07-09 02:38:18.58923-05\"",infinity)"", ""attribute"": ""s2_slot"", ""entity_id"": 32000039, ""confidence"": 0.97000, ""valid_time"": ""[\""2025-12-31 18:00:00-06\"",\""2026-06-29 19:00:00-05\"")"", ""specificity"": 100, ""epistemic_kind"": ""INFERRED""}
HINT:  Incoming fact lost the precedence lattice against an existing overlapping fact.
CONTEXT:  PL/pgSQL function kndb.resolve_conflict() line 91 at RAISE",,1,
40,READ COMMITTED,B,0,1,"CheckViolation: KNDB precedence: NEW outranked by fact_id=d245d89a-0e10-42d0-a922-4ae34dad60b7, reason=kind_outranked -- payload={""value"": ""INFERRED_iter40"", ""writer"": ""kndb_native"", ""fact_id"": ""f7cff280-036f-466b-931f-61dae25d0f34"", ""provsql"": ""6e66b873-f848-4908-a177-0d6d2ffda2a9"", ""sources"": [], ""sys_time"": ""[\""2026-07-09 02:38:18.597333-05\"",infinity)"", ""attribute"": ""s2_slot"", ""entity_id"": 32000040, ""confidence"": 0.97000, ""valid_time"": ""[\""2025-12-31 18:00:00-06\"",\""2026-06-29 19:00:00-05\"")"", ""specificity"": 100, ""epistemic_kind"": ""INFERRED""}
HINT:  Incoming fact lost the precedence lattice against an existing overlapping fact.
CONTEXT:  PL/pgSQL function kndb.resolve_conflict() line 91 at RAISE",,1,
41,READ COMMITTED,A,1,1,,,1,
42,READ COMMITTED,A,1,1,,,1,
43,READ COMMITTED,A,1,1,,,1,
44,READ COMMITTED,A,1,1,,,1,
45,READ COMMITTED,A,1,1,,,1,
46,READ COMMITTED,A,1,1,,,1,
47,READ COMMITTED,A,1,1,,,1,
48,READ COMMITTED,B,0,1,"CheckViolation: KNDB precedence: NEW outranked by fact_id=e3b2c392-d537-47af-b21e-99d87ddef068, reason=kind_outranked -- payload={""value"": ""INFERRED_iter48"", ""writer"": ""kndb_native"", ""fact_id"": ""d1a2cf5f-ddb5-41e3-8e47-c88070258e44"", ""provsql"": ""f8932fc4-5d37-4236-a8d9-88c9c7364aa9"", ""sources"": [], ""sys_time"": ""[\""2026-07-09 02:38:18.665007-05\"",infinity)"", ""attribute"": ""s2_slot"", ""entity_id"": 32000048, ""confidence"": 0.97000, ""valid_time"": ""[\""2025-12-31 18:00:00-06\"",\""2026-06-29 19:00:00-05\"")"", ""specificity"": 100, ""epistemic_kind"": ""INFERRED""}
HINT:  Incoming fact lost the precedence lattice against an existing overlapping fact.
CONTEXT:  PL/pgSQL function kndb.resolve_conflict() line 91 at RAISE",,1,
49,READ COMMITTED,A,1,1,,,1,
50,READ COMMITTED,A,1,1,,,1,
51,READ COMMITTED,A,1,1,,,1,
52,READ COMMITTED,A,1,1,,,1,
53,READ COMMITTED,B,0,1,"CheckViolation: KNDB precedence: NEW outranked by fact_id=61997306-01d8-4ff2-a097-fbf331be5c49, reason=kind_outranked -- payload={""value"": ""INFERRED_iter53"", ""writer"": ""kndb_native"", ""fact_id"": ""0799f7b4-ea71-4d4f-82b0-0a0e2043bad0"", ""provsql"": ""6071111d-6842-4afa-b544-586343b53033"", ""sources"": [], ""sys_time"": ""[\""2026-07-09 02:38:18.708316-05\"",infinity)"", ""attribute"": ""s2_slot"", ""entity_id"": 32000053, ""confidence"": 0.97000, ""valid_time"": ""[\""2025-12-31 18:00:00-06\"",\""2026-06-29 19:00:00-05\"")"", ""specificity"": 100, ""epistemic_kind"": ""INFERRED""}
HINT:  Incoming fact lost the precedence lattice against an existing overlapping fact.
CONTEXT:  PL/pgSQL function kndb.resolve_conflict() line 91 at RAISE",,1,
54,READ COMMITTED,B,0,1,"CheckViolation: KNDB precedence: NEW outranked by fact_id=e4a48a35-d277-4bdd-9509-752de1e360c1, reason=kind_outranked -- payload={""value"": ""INFERRED_iter54"", ""writer"": ""kndb_native"", ""fact_id"": ""9b8362df-9b54-421f-9b81-1b19ea0fcf9a"", ""provsql"": ""9899668f-0950-4d98-9cba-2acc4c7fc4b3"", ""sources"": [], ""sys_time"": ""[\""2026-07-09 02:38:18.716922-05\"",infinity)"", ""attribute"": ""s2_slot"", ""entity_id"": 32000054, ""confidence"": 0.97000, ""valid_time"": ""[\""2025-12-31 18:00:00-06\"",\""2026-06-29 19:00:00-05\"")"", ""specificity"": 100, ""epistemic_kind"": ""INFERRED""}
HINT:  Incoming fact lost the precedence lattice against an existing overlapping fact.
CONTEXT:  PL/pgSQL function kndb.resolve_conflict() line 91 at RAISE",,1,
55,READ COMMITTED,B,0,1,"CheckViolation: KNDB precedence: NEW outranked by fact_id=14f44ba2-70c1-427a-97db-fbfa77e8e762, reason=kind_outranked -- payload={""value"": ""INFERRED_iter55"", ""writer"": ""kndb_native"", ""fact_id"": ""8edc0027-c683-4aea-bbf5-4fe46bfd71bd"", ""provsql"": ""605c1050-948f-4a2e-8a59-ad0b4cacfbfb"", ""sources"": [], ""sys_time"": ""[\""2026-07-09 02:38:18.725668-05\"",infinity)"", ""attribute"": ""s2_slot"", ""entity_id"": 32000055, ""confidence"": 0.97000, ""valid_time"": ""[\""2025-12-31 18:00:00-06\"",\""2026-06-29 19:00:00-05\"")"", ""specificity"": 100, ""epistemic_kind"": ""INFERRED""}
HINT:  Incoming fact lost the precedence lattice against an existing overlapping fact.
CONTEXT:  PL/pgSQL function kndb.resolve_conflict() line 91 at RAISE",,1,
56,READ COMMITTED,A,1,1,,,1,
57,READ COMMITTED,B,0,1,"CheckViolation: KNDB precedence: NEW outranked by fact_id=2e3fd784-9b76-4dde-ae66-573f8b3fc44b, reason=kind_outranked -- payload={""value"": ""INFERRED_iter57"", ""writer"": ""kndb_native"", ""fact_id"": ""0bfeca8a-640e-41f8-8145-252a0b6bc6b7"", ""provsql"": ""366828e0-c035-4faa-906d-da10c88e343f"", ""sources"": [], ""sys_time"": ""[\""2026-07-09 02:38:18.74249-05\"",infinity)"", ""attribute"": ""s2_slot"", ""entity_id"": 32000057, ""confidence"": 0.97000, ""valid_time"": ""[\""2025-12-31 18:00:00-06\"",\""2026-06-29 19:00:00-05\"")"", ""specificity"": 100, ""epistemic_kind"": ""INFERRED""}
HINT:  Incoming fact lost the precedence lattice against an existing overlapping fact.
CONTEXT:  PL/pgSQL function kndb.resolve_conflict() line 91 at RAISE",,1,
58,READ COMMITTED,A,1,1,,,1,
59,READ COMMITTED,A,1,1,,,1,
60,READ COMMITTED,B,0,1,"CheckViolation: KNDB precedence: NEW outranked by fact_id=c897d010-5802-4739-9ddf-97bfbaa5602d, reason=kind_outranked -- payload={""value"": ""INFERRED_iter60"", ""writer"": ""kndb_native"", ""fact_id"": ""4841f0ac-e2e4-4bfa-86f9-d3d63e189d00"", ""provsql"": ""946a632f-4250-4e76-b19c-dda1cb6e81f5"", ""sources"": [], ""sys_time"": ""[\""2026-07-09 02:38:18.769256-05\"",infinity)"", ""attribute"": ""s2_slot"", ""entity_id"": 32000060, ""confidence"": 0.97000, ""valid_time"": ""[\""2025-12-31 18:00:00-06\"",\""2026-06-29 19:00:00-05\"")"", ""specificity"": 100, ""epistemic_kind"": ""INFERRED""}
HINT:  Incoming fact lost the precedence lattice against an existing overlapping fact.
CONTEXT:  PL/pgSQL function kndb.resolve_conflict() line 91 at RAISE",,1,
61,READ COMMITTED,B,0,1,"CheckViolation: KNDB precedence: NEW outranked by fact_id=78038c76-a5e3-4445-b7ed-19bd8df22f6b, reason=kind_outranked -- payload={""value"": ""INFERRED_iter61"", ""writer"": ""kndb_native"", ""fact_id"": ""6c7d5ab6-32ca-42d7-bd04-f3ba86ebfd70"", ""provsql"": ""66a1e941-f467-421d-966d-08a90a36da2c"", ""sources"": [], ""sys_time"": ""[\""2026-07-09 02:38:18.777572-05\"",infinity)"", ""attribute"": ""s2_slot"", ""entity_id"": 32000061, ""confidence"": 0.97000, ""valid_time"": ""[\""2025-12-31 18:00:00-06\"",\""2026-06-29 19:00:00-05\"")"", ""specificity"": 100, ""epistemic_kind"": ""INFERRED""}
HINT:  Incoming fact lost the precedence lattice against an existing overlapping fact.
CONTEXT:  PL/pgSQL function kndb.resolve_conflict() line 91 at RAISE",,1,
62,READ COMMITTED,B,0,1,"CheckViolation: KNDB precedence: NEW outranked by fact_id=db4a866c-d0ca-47f4-a128-2735d85fa051, reason=kind_outranked -- payload={""value"": ""INFERRED_iter62"", ""writer"": ""kndb_native"", ""fact_id"": ""2183c3e3-896e-4379-a1fd-c5c6746a7c1e"", ""provsql"": ""d050ce23-7432-4faa-a76d-82932d890409"", ""sources"": [], ""sys_time"": ""[\""2026-07-09 02:38:18.785849-05\"",infinity)"", ""attribute"": ""s2_slot"", ""entity_id"": 32000062, ""confidence"": 0.97000, ""valid_time"": ""[\""2025-12-31 18:00:00-06\"",\""2026-06-29 19:00:00-05\"")"", ""specificity"": 100, ""epistemic_kind"": ""INFERRED""}
HINT:  Incoming fact lost the precedence lattice against an existing overlapping fact.
CONTEXT:  PL/pgSQL function kndb.resolve_conflict() line 91 at RAISE",,1,
63,READ COMMITTED,B,0,1,"CheckViolation: KNDB precedence: NEW outranked by fact_id=2f9e1c4c-feab-4d2e-bfa0-9230be0dec75, reason=kind_outranked -- payload={""value"": ""INFERRED_iter63"", ""writer"": ""kndb_native"", ""fact_id"": ""adb9d157-1b60-4f59-be2f-fa358bee6943"", ""provsql"": ""7af064c8-e0a1-464d-8e36-9bc1f4d84870"", ""sources"": [], ""sys_time"": ""[\""2026-07-09 02:38:18.794199-05\"",infinity)"", ""attribute"": ""s2_slot"", ""entity_id"": 32000063, ""confidence"": 0.97000, ""valid_time"": ""[\""2025-12-31 18:00:00-06\"",\""2026-06-29 19:00:00-05\"")"", ""specificity"": 100, ""epistemic_kind"": ""INFERRED""}
HINT:  Incoming fact lost the precedence lattice against an existing overlapping fact.
CONTEXT:  PL/pgSQL function kndb.resolve_conflict() line 91 at RAISE",,1,
64,READ COMMITTED,B,0,1,"CheckViolation: KNDB precedence: NEW outranked by fact_id=9c3177ad-df3a-4e36-8725-ba0c0b9c2458, reason=kind_outranked -- payload={""value"": ""INFERRED_iter64"", ""writer"": ""kndb_native"", ""fact_id"": ""f80e686d-8dae-4df3-a85e-f5e26093f934"", ""provsql"": ""2ab83c4a-0d72-4444-a8ea-3d7e4426493a"", ""sources"": [], ""sys_time"": ""[\""2026-07-09 02:38:18.802722-05\"",infinity)"", ""attribute"": ""s2_slot"", ""entity_id"": 32000064, ""confidence"": 0.97000, ""valid_time"": ""[\""2025-12-31 18:00:00-06\"",\""2026-06-29 19:00:00-05\"")"", ""specificity"": 100, ""epistemic_kind"": ""INFERRED""}
HINT:  Incoming fact lost the precedence lattice against an existing overlapping fact.
CONTEXT:  PL/pgSQL function kndb.resolve_conflict() line 91 at RAISE",,1,
65,READ COMMITTED,B,0,1,"CheckViolation: KNDB precedence: NEW outranked by fact_id=24d4a675-9cd4-4e37-af02-0e48afc067a1, reason=kind_outranked -- payload={""value"": ""INFERRED_iter65"", ""writer"": ""kndb_native"", ""fact_id"": ""cc3bd01e-6dc9-4847-a135-f450797b0f39"", ""provsql"": ""eb839bbe-0bd3-4945-b9ac-d996b58d2eed"", ""sources"": [], ""sys_time"": ""[\""2026-07-09 02:38:18.810713-05\"",infinity)"", ""attribute"": ""s2_slot"", ""entity_id"": 32000065, ""confidence"": 0.97000, ""valid_time"": ""[\""2025-12-31 18:00:00-06\"",\""2026-06-29 19:00:00-05\"")"", ""specificity"": 100, ""epistemic_kind"": ""INFERRED""}
HINT:  Incoming fact lost the precedence lattice against an existing overlapping fact.
CONTEXT:  PL/pgSQL function kndb.resolve_conflict() line 91 at RAISE",,1,
66,READ COMMITTED,A,1,1,,,1,
67,READ COMMITTED,A,1,1,,,1,
68,READ COMMITTED,A,1,1,,,1,
69,READ COMMITTED,A,1,1,,,1,
70,READ COMMITTED,A,1,1,,,1,
71,READ COMMITTED,B,0,1,"CheckViolation: KNDB precedence: NEW outranked by fact_id=a5a51020-5118-4913-87d3-6e45a0c37461, reason=kind_outranked -- payload={""value"": ""INFERRED_iter71"", ""writer"": ""kndb_native"", ""fact_id"": ""39960e4d-0095-4bdb-854c-96b70ff81adf"", ""provsql"": ""0fefa5ee-8a4e-46d1-b0ae-879a20e55571"", ""sources"": [], ""sys_time"": ""[\""2026-07-09 02:38:18.862143-05\"",infinity)"", ""attribute"": ""s2_slot"", ""entity_id"": 32000071, ""confidence"": 0.97000, ""valid_time"": ""[\""2025-12-31 18:00:00-06\"",\""2026-06-29 19:00:00-05\"")"", ""specificity"": 100, ""epistemic_kind"": ""INFERRED""}
HINT:  Incoming fact lost the precedence lattice against an existing overlapping fact.
CONTEXT:  PL/pgSQL function kndb.resolve_conflict() line 91 at RAISE",,1,
72,READ COMMITTED,B,0,1,"CheckViolation: KNDB precedence: NEW outranked by fact_id=528cab91-bd90-4af5-b15a-26eadaceabd3, reason=kind_outranked -- payload={""value"": ""INFERRED_iter72"", ""writer"": ""kndb_native"", ""fact_id"": ""a2705929-d174-4e83-b6a7-c2333b198f71"", ""provsql"": ""204d3e08-c177-410b-a6d8-5a5043bb9709"", ""sources"": [], ""sys_time"": ""[\""2026-07-09 02:38:18.87053-05\"",infinity)"", ""attribute"": ""s2_slot"", ""entity_id"": 32000072, ""confidence"": 0.97000, ""valid_time"": ""[\""2025-12-31 18:00:00-06\"",\""2026-06-29 19:00:00-05\"")"", ""specificity"": 100, ""epistemic_kind"": ""INFERRED""}
HINT:  Incoming fact lost the precedence lattice against an existing overlapping fact.
CONTEXT:  PL/pgSQL function kndb.resolve_conflict() line 91 at RAISE",,1,
73,READ COMMITTED,A,1,1,,,1,
74,READ COMMITTED,B,0,1,"CheckViolation: KNDB precedence: NEW outranked by fact_id=eedf8156-7cd9-4d3d-9863-c47e0b278a27, reason=kind_outranked -- payload={""value"": ""INFERRED_iter74"", ""writer"": ""kndb_native"", ""fact_id"": ""d270753f-1892-4d20-9b28-be771df1352c"", ""provsql"": ""a4609c9a-fc1e-42ff-9ef2-8a1e4d645ee4"", ""sources"": [], ""sys_time"": ""[\""2026-07-09 02:38:18.887882-05\"",infinity)"", ""attribute"": ""s2_slot"", ""entity_id"": 32000074, ""confidence"": 0.97000, ""valid_time"": ""[\""2025-12-31 18:00:00-06\"",\""2026-06-29 19:00:00-05\"")"", ""specificity"": 100, ""epistemic_kind"": ""INFERRED""}
HINT:  Incoming fact lost the precedence lattice against an existing overlapping fact.
CONTEXT:  PL/pgSQL function kndb.resolve_conflict() line 91 at RAISE",,1,
75,READ COMMITTED,A,1,1,,,1,
76,READ COMMITTED,B,0,1,"CheckViolation: KNDB precedence: NEW outranked by fact_id=7c832a28-1d7b-47e2-8522-79eef5e5dcca, reason=kind_outranked -- payload={""value"": ""INFERRED_iter76"", ""writer"": ""kndb_native"", ""fact_id"": ""f1c06da8-efe9-486d-ac93-eb682c0c07cd"", ""provsql"": ""ab862340-0e94-4f2c-b5e9-5b345c2d5f9a"", ""sources"": [], ""sys_time"": ""[\""2026-07-09 02:38:18.905883-05\"",infinity)"", ""attribute"": ""s2_slot"", ""entity_id"": 32000076, ""confidence"": 0.97000, ""valid_time"": ""[\""2025-12-31 18:00:00-06\"",\""2026-06-29 19:00:00-05\"")"", ""specificity"": 100, ""epistemic_kind"": ""INFERRED""}
HINT:  Incoming fact lost the precedence lattice against an existing overlapping fact.
CONTEXT:  PL/pgSQL function kndb.resolve_conflict() line 91 at RAISE",,1,
77,READ COMMITTED,A,1,1,,,1,
78,READ COMMITTED,A,1,1,,,1,
79,READ COMMITTED,A,1,1,,,1,
80,READ COMMITTED,B,0,1,"CheckViolation: KNDB precedence: NEW outranked by fact_id=19bd3343-42c0-4d30-97c4-c69a4ffd73e7, reason=kind_outranked -- payload={""value"": ""INFERRED_iter80"", ""writer"": ""kndb_native"", ""fact_id"": ""3670df68-d537-455b-a3bd-302c098e1332"", ""provsql"": ""853e42e0-2487-4f73-a2db-9f3b84fa3c05"", ""sources"": [], ""sys_time"": ""[\""2026-07-09 02:38:18.941406-05\"",infinity)"", ""attribute"": ""s2_slot"", ""entity_id"": 32000080, ""confidence"": 0.97000, ""valid_time"": ""[\""2025-12-31 18:00:00-06\"",\""2026-06-29 19:00:00-05\"")"", ""specificity"": 100, ""epistemic_kind"": ""INFERRED""}
HINT:  Incoming fact lost the precedence lattice against an existing overlapping fact.
CONTEXT:  PL/pgSQL function kndb.resolve_conflict() line 91 at RAISE",,1,
81,READ COMMITTED,A,1,1,,,1,
82,READ COMMITTED,B,0,1,"CheckViolation: KNDB precedence: NEW outranked by fact_id=bb08c163-8747-4258-906d-59abd452a4da, reason=kind_outranked -- payload={""value"": ""INFERRED_iter82"", ""writer"": ""kndb_native"", ""fact_id"": ""4c3c6ea6-d913-4459-bb0f-02c7e06f2112"", ""provsql"": ""50050b51-ab5d-4579-a213-7245d74884e0"", ""sources"": [], ""sys_time"": ""[\""2026-07-09 02:38:18.958655-05\"",infinity)"", ""attribute"": ""s2_slot"", ""entity_id"": 32000082, ""confidence"": 0.97000, ""valid_time"": ""[\""2025-12-31 18:00:00-06\"",\""2026-06-29 19:00:00-05\"")"", ""specificity"": 100, ""epistemic_kind"": ""INFERRED""}
HINT:  Incoming fact lost the precedence lattice against an existing overlapping fact.
CONTEXT:  PL/pgSQL function kndb.resolve_conflict() line 91 at RAISE",,1,
83,READ COMMITTED,B,0,1,"CheckViolation: KNDB precedence: NEW outranked by fact_id=b078159c-4aef-425e-84b8-2b117e79aea1, reason=kind_outranked -- payload={""value"": ""INFERRED_iter83"", ""writer"": ""kndb_native"", ""fact_id"": ""cc2dde82-3f8c-4786-9f7a-2dbb1f2a34b8"", ""provsql"": ""0238477d-1380-43cc-ba02-fb018799b11f"", ""sources"": [], ""sys_time"": ""[\""2026-07-09 02:38:18.966773-05\"",infinity)"", ""attribute"": ""s2_slot"", ""entity_id"": 32000083, ""confidence"": 0.97000, ""valid_time"": ""[\""2025-12-31 18:00:00-06\"",\""2026-06-29 19:00:00-05\"")"", ""specificity"": 100, ""epistemic_kind"": ""INFERRED""}
HINT:  Incoming fact lost the precedence lattice against an existing overlapping fact.
CONTEXT:  PL/pgSQL function kndb.resolve_conflict() line 91 at RAISE",,1,
84,READ COMMITTED,A,1,1,,,1,
85,READ COMMITTED,A,1,1,,,1,
86,READ COMMITTED,B,0,1,"CheckViolation: KNDB precedence: NEW outranked by fact_id=a152c968-9e99-4e71-a1d1-c6aa8ee914d1, reason=kind_outranked -- payload={""value"": ""INFERRED_iter86"", ""writer"": ""kndb_native"", ""fact_id"": ""017ce2bb-a6f5-4974-9d44-6623bec7f352"", ""provsql"": ""7df82a75-abac-4c74-8ebd-701ae127889d"", ""sources"": [], ""sys_time"": ""[\""2026-07-09 02:38:18.992735-05\"",infinity)"", ""attribute"": ""s2_slot"", ""entity_id"": 32000086, ""confidence"": 0.97000, ""valid_time"": ""[\""2025-12-31 18:00:00-06\"",\""2026-06-29 19:00:00-05\"")"", ""specificity"": 100, ""epistemic_kind"": ""INFERRED""}
HINT:  Incoming fact lost the precedence lattice against an existing overlapping fact.
CONTEXT:  PL/pgSQL function kndb.resolve_conflict() line 91 at RAISE",,1,
87,READ COMMITTED,B,0,1,"CheckViolation: KNDB precedence: NEW outranked by fact_id=51912508-65af-4ce4-9e3a-6cde3b923a6e, reason=kind_outranked -- payload={""value"": ""INFERRED_iter87"", ""writer"": ""kndb_native"", ""fact_id"": ""59566e65-635e-4169-998f-c4d357598a7d"", ""provsql"": ""6a730e49-8cf8-4f1e-9e90-bea7626a9dd4"", ""sources"": [], ""sys_time"": ""[\""2026-07-09 02:38:19.00124-05\"",infinity)"", ""attribute"": ""s2_slot"", ""entity_id"": 32000087, ""confidence"": 0.97000, ""valid_time"": ""[\""2025-12-31 18:00:00-06\"",\""2026-06-29 19:00:00-05\"")"", ""specificity"": 100, ""epistemic_kind"": ""INFERRED""}
HINT:  Incoming fact lost the precedence lattice against an existing overlapping fact.
CONTEXT:  PL/pgSQL function kndb.resolve_conflict() line 91 at RAISE",,1,
88,READ COMMITTED,A,1,1,,,1,
89,READ COMMITTED,A,1,1,,,1,
90,READ COMMITTED,A,1,1,,,1,
91,READ COMMITTED,B,0,1,"CheckViolation: KNDB precedence: NEW outranked by fact_id=d4dedbc0-08b0-4924-acea-b1d934b0db8e, reason=kind_outranked -- payload={""value"": ""INFERRED_iter91"", ""writer"": ""kndb_native"", ""fact_id"": ""d780fcb4-1903-4ff4-b23d-653706416f1f"", ""provsql"": ""f6625729-80b6-4a62-a096-382fb6cd271f"", ""sources"": [], ""sys_time"": ""[\""2026-07-09 02:38:19.035776-05\"",infinity)"", ""attribute"": ""s2_slot"", ""entity_id"": 32000091, ""confidence"": 0.97000, ""valid_time"": ""[\""2025-12-31 18:00:00-06\"",\""2026-06-29 19:00:00-05\"")"", ""specificity"": 100, ""epistemic_kind"": ""INFERRED""}
HINT:  Incoming fact lost the precedence lattice against an existing overlapping fact.
CONTEXT:  PL/pgSQL function kndb.resolve_conflict() line 91 at RAISE",,1,
92,READ COMMITTED,B,0,1,"CheckViolation: KNDB precedence: NEW outranked by fact_id=2e6637c0-9432-4180-99f8-69926dc97e8a, reason=kind_outranked -- payload={""value"": ""INFERRED_iter92"", ""writer"": ""kndb_native"", ""fact_id"": ""edca4a65-1f8e-48ba-8189-b7b4975ea2c0"", ""provsql"": ""85b416ec-b2c3-40e2-b065-5b8333b185d0"", ""sources"": [], ""sys_time"": ""[\""2026-07-09 02:38:19.043753-05\"",infinity)"", ""attribute"": ""s2_slot"", ""entity_id"": 32000092, ""confidence"": 0.97000, ""valid_time"": ""[\""2025-12-31 18:00:00-06\"",\""2026-06-29 19:00:00-05\"")"", ""specificity"": 100, ""epistemic_kind"": ""INFERRED""}
HINT:  Incoming fact lost the precedence lattice against an existing overlapping fact.
CONTEXT:  PL/pgSQL function kndb.resolve_conflict() line 91 at RAISE",,1,
93,READ COMMITTED,A,1,1,,,1,
94,READ COMMITTED,A,1,1,,,1,
95,READ COMMITTED,A,1,1,,,1,
96,READ COMMITTED,B,0,1,"CheckViolation: KNDB precedence: NEW outranked by fact_id=16eaeaf6-5f85-452f-a63e-7cf8f1803c6e, reason=kind_outranked -- payload={""value"": ""INFERRED_iter96"", ""writer"": ""kndb_native"", ""fact_id"": ""b9dd9b91-0e9b-45f9-961d-9f9134da0b4b"", ""provsql"": ""e2f51588-e348-4708-94b5-3a963f4a6939"", ""sources"": [], ""sys_time"": ""[\""2026-07-09 02:38:19.078861-05\"",infinity)"", ""attribute"": ""s2_slot"", ""entity_id"": 32000096, ""confidence"": 0.97000, ""valid_time"": ""[\""2025-12-31 18:00:00-06\"",\""2026-06-29 19:00:00-05\"")"", ""specificity"": 100, ""epistemic_kind"": ""INFERRED""}
HINT:  Incoming fact lost the precedence lattice against an existing overlapping fact.
CONTEXT:  PL/pgSQL function kndb.resolve_conflict() line 91 at RAISE",,1,
97,READ COMMITTED,B,0,1,"CheckViolation: KNDB precedence: NEW outranked by fact_id=98e157de-b19f-4519-bd4a-d3812ac21612, reason=kind_outranked -- payload={""value"": ""INFERRED_iter97"", ""writer"": ""kndb_native"", ""fact_id"": ""e441478b-c113-4932-839d-10c786c69c35"", ""provsql"": ""8b557af4-d8a1-479b-99d0-3a014985ebde"", ""sources"": [], ""sys_time"": ""[\""2026-07-09 02:38:19.087238-05\"",infinity)"", ""attribute"": ""s2_slot"", ""entity_id"": 32000097, ""confidence"": 0.97000, ""valid_time"": ""[\""2025-12-31 18:00:00-06\"",\""2026-06-29 19:00:00-05\"")"", ""specificity"": 100, ""epistemic_kind"": ""INFERRED""}
HINT:  Incoming fact lost the precedence lattice against an existing overlapping fact.
CONTEXT:  PL/pgSQL function kndb.resolve_conflict() line 91 at RAISE",,1,
98,READ COMMITTED,B,0,1,"CheckViolation: KNDB precedence: NEW outranked by fact_id=194e513a-9dc9-4d63-8e01-30aa12d81c14, reason=kind_outranked -- payload={""value"": ""INFERRED_iter98"", ""writer"": ""kndb_native"", ""fact_id"": ""1b9f2980-3e41-47ce-99e6-c37e8b16b890"", ""provsql"": ""eaccc958-534b-459c-898e-f2c23326bed9"", ""sources"": [], ""sys_time"": ""[\""2026-07-09 02:38:19.095801-05\"",infinity)"", ""attribute"": ""s2_slot"", ""entity_id"": 32000098, ""confidence"": 0.97000, ""valid_time"": ""[\""2025-12-31 18:00:00-06\"",\""2026-06-29 19:00:00-05\"")"", ""specificity"": 100, ""epistemic_kind"": ""INFERRED""}
HINT:  Incoming fact lost the precedence lattice against an existing overlapping fact.
CONTEXT:  PL/pgSQL function kndb.resolve_conflict() line 91 at RAISE",,1,
99,READ COMMITTED,B,0,1,"CheckViolation: KNDB precedence: NEW outranked by fact_id=923fba26-c976-4148-a6fe-b99dc0d6f2dc, reason=kind_outranked -- payload={""value"": ""INFERRED_iter99"", ""writer"": ""kndb_native"", ""fact_id"": ""30805fc1-6c18-4691-93ec-4c3e2064ea6c"", ""provsql"": ""519cd990-9bf0-48c4-8d2c-1d833fe292c0"", ""sources"": [], ""sys_time"": ""[\""2026-07-09 02:38:19.104434-05\"",infinity)"", ""attribute"": ""s2_slot"", ""entity_id"": 32000099, ""confidence"": 0.97000, ""valid_time"": ""[\""2025-12-31 18:00:00-06\"",\""2026-06-29 19:00:00-05\"")"", ""specificity"": 100, ""epistemic_kind"": ""INFERRED""}
HINT:  Incoming fact lost the precedence lattice against an existing overlapping fact.
CONTEXT:  PL/pgSQL function kndb.resolve_conflict() line 91 at RAISE",,1,
100,READ COMMITTED,A,1,1,,,1,
101,READ COMMITTED,B,0,1,"CheckViolation: KNDB precedence: NEW outranked by fact_id=3578f131-d1d5-434f-8987-9637e20866d5, reason=kind_outranked -- payload={""value"": ""INFERRED_iter101"", ""writer"": ""kndb_native"", ""fact_id"": ""0cb8078a-b96c-4dc2-a2aa-595ba271ce82"", ""provsql"": ""44604f05-a7dd-40e6-b90c-5bd07616dac2"", ""sources"": [], ""sys_time"": ""[\""2026-07-09 02:38:19.122491-05\"",infinity)"", ""attribute"": ""s2_slot"", ""entity_id"": 32000101, ""confidence"": 0.97000, ""valid_time"": ""[\""2025-12-31 18:00:00-06\"",\""2026-06-29 19:00:00-05\"")"", ""specificity"": 100, ""epistemic_kind"": ""INFERRED""}
HINT:  Incoming fact lost the precedence lattice against an existing overlapping fact.
CONTEXT:  PL/pgSQL function kndb.resolve_conflict() line 91 at RAISE",,1,
102,READ COMMITTED,B,0,1,"CheckViolation: KNDB precedence: NEW outranked by fact_id=f4186c3f-c1c8-4f54-9cd4-fc157b2074bd, reason=kind_outranked -- payload={""value"": ""INFERRED_iter102"", ""writer"": ""kndb_native"", ""fact_id"": ""62d04930-0322-4949-9985-6ab8ece015b2"", ""provsql"": ""47dda636-fbf8-44a7-aa23-493ea07d09ff"", ""sources"": [], ""sys_time"": ""[\""2026-07-09 02:38:19.131269-05\"",infinity)"", ""attribute"": ""s2_slot"", ""entity_id"": 32000102, ""confidence"": 0.97000, ""valid_time"": ""[\""2025-12-31 18:00:00-06\"",\""2026-06-29 19:00:00-05\"")"", ""specificity"": 100, ""epistemic_kind"": ""INFERRED""}
HINT:  Incoming fact lost the precedence lattice against an existing overlapping fact.
CONTEXT:  PL/pgSQL function kndb.resolve_conflict() line 91 at RAISE",,1,
103,READ COMMITTED,B,0,1,"CheckViolation: KNDB precedence: NEW outranked by fact_id=ea0976a6-5dee-4e10-9b4b-1952b4768794, reason=kind_outranked -- payload={""value"": ""INFERRED_iter103"", ""writer"": ""kndb_native"", ""fact_id"": ""42e77916-da19-4f1b-bf3f-629640704a74"", ""provsql"": ""aa9c2869-4c54-46cc-b170-19f169e0b4af"", ""sources"": [], ""sys_time"": ""[\""2026-07-09 02:38:19.139943-05\"",infinity)"", ""attribute"": ""s2_slot"", ""entity_id"": 32000103, ""confidence"": 0.97000, ""valid_time"": ""[\""2025-12-31 18:00:00-06\"",\""2026-06-29 19:00:00-05\"")"", ""specificity"": 100, ""epistemic_kind"": ""INFERRED""}
HINT:  Incoming fact lost the precedence lattice against an existing overlapping fact.
CONTEXT:  PL/pgSQL function kndb.resolve_conflict() line 91 at RAISE",,1,
104,READ COMMITTED,A,1,1,,,1,
105,READ COMMITTED,B,0,1,"CheckViolation: KNDB precedence: NEW outranked by fact_id=3d01d13c-ffed-4be2-bbb5-fcdcaa241ad8, reason=kind_outranked -- payload={""value"": ""INFERRED_iter105"", ""writer"": ""kndb_native"", ""fact_id"": ""b2caa1aa-3811-4187-92c4-f517140b01a6"", ""provsql"": ""8fb7313f-493c-4df9-ba62-e192588e9925"", ""sources"": [], ""sys_time"": ""[\""2026-07-09 02:38:19.156599-05\"",infinity)"", ""attribute"": ""s2_slot"", ""entity_id"": 32000105, ""confidence"": 0.97000, ""valid_time"": ""[\""2025-12-31 18:00:00-06\"",\""2026-06-29 19:00:00-05\"")"", ""specificity"": 100, ""epistemic_kind"": ""INFERRED""}
HINT:  Incoming fact lost the precedence lattice against an existing overlapping fact.
CONTEXT:  PL/pgSQL function kndb.resolve_conflict() line 91 at RAISE",,1,
106,READ COMMITTED,A,1,1,,,1,
107,READ COMMITTED,A,1,1,,,1,
108,READ COMMITTED,A,1,1,,,1,
109,READ COMMITTED,B,0,1,"CheckViolation: KNDB precedence: NEW outranked by fact_id=d909fcb2-6c82-43a7-9588-825d0a6cf2e6, reason=kind_outranked -- payload={""value"": ""INFERRED_iter109"", ""writer"": ""kndb_native"", ""fact_id"": ""4b37e821-b985-4763-a65b-c06e248d335f"", ""provsql"": ""d1352a57-ce6c-4e2d-963b-4d48c0e49566"", ""sources"": [], ""sys_time"": ""[\""2026-07-09 02:38:19.191488-05\"",infinity)"", ""attribute"": ""s2_slot"", ""entity_id"": 32000109, ""confidence"": 0.97000, ""valid_time"": ""[\""2025-12-31 18:00:00-06\"",\""2026-06-29 19:00:00-05\"")"", ""specificity"": 100, ""epistemic_kind"": ""INFERRED""}
HINT:  Incoming fact lost the precedence lattice against an existing overlapping fact.
CONTEXT:  PL/pgSQL function kndb.resolve_conflict() line 91 at RAISE",,1,
110,READ COMMITTED,B,0,1,"CheckViolation: KNDB precedence: NEW outranked by fact_id=1a96b2f0-ca55-46a9-957d-d4134e7915da, reason=kind_outranked -- payload={""value"": ""INFERRED_iter110"", ""writer"": ""kndb_native"", ""fact_id"": ""bc056dec-cdbf-451c-8f84-9c3cceef749d"", ""provsql"": ""72be306f-10d8-4aa0-ae9a-4858466ff5f6"", ""sources"": [], ""sys_time"": ""[\""2026-07-09 02:38:19.19929-05\"",infinity)"", ""attribute"": ""s2_slot"", ""entity_id"": 32000110, ""confidence"": 0.97000, ""valid_time"": ""[\""2025-12-31 18:00:00-06\"",\""2026-06-29 19:00:00-05\"")"", ""specificity"": 100, ""epistemic_kind"": ""INFERRED""}
HINT:  Incoming fact lost the precedence lattice against an existing overlapping fact.
CONTEXT:  PL/pgSQL function kndb.resolve_conflict() line 91 at RAISE",,1,
111,READ COMMITTED,A,1,1,,,1,
112,READ COMMITTED,B,0,1,"CheckViolation: KNDB precedence: NEW outranked by fact_id=12fea430-e710-4dbf-9fff-1d6f8f0a6fae, reason=kind_outranked -- payload={""value"": ""INFERRED_iter112"", ""writer"": ""kndb_native"", ""fact_id"": ""ada31ad8-2d8a-4249-86b3-7f2d0e4894cb"", ""provsql"": ""42fc823e-ee87-4395-b959-83e2e25d5602"", ""sources"": [], ""sys_time"": ""[\""2026-07-09 02:38:19.216237-05\"",infinity)"", ""attribute"": ""s2_slot"", ""entity_id"": 32000112, ""confidence"": 0.97000, ""valid_time"": ""[\""2025-12-31 18:00:00-06\"",\""2026-06-29 19:00:00-05\"")"", ""specificity"": 100, ""epistemic_kind"": ""INFERRED""}
HINT:  Incoming fact lost the precedence lattice against an existing overlapping fact.
CONTEXT:  PL/pgSQL function kndb.resolve_conflict() line 91 at RAISE",,1,
113,READ COMMITTED,A,1,1,,,1,
114,READ COMMITTED,B,0,1,"CheckViolation: KNDB precedence: NEW outranked by fact_id=34da1928-affb-4e5c-8bfe-d11897d241af, reason=kind_outranked -- payload={""value"": ""INFERRED_iter114"", ""writer"": ""kndb_native"", ""fact_id"": ""62a238db-48e5-4668-b34a-561f0d84cc69"", ""provsql"": ""450af486-fb45-47ff-b507-1db979cbe5ca"", ""sources"": [], ""sys_time"": ""[\""2026-07-09 02:38:19.232124-05\"",infinity)"", ""attribute"": ""s2_slot"", ""entity_id"": 32000114, ""confidence"": 0.97000, ""valid_time"": ""[\""2025-12-31 18:00:00-06\"",\""2026-06-29 19:00:00-05\"")"", ""specificity"": 100, ""epistemic_kind"": ""INFERRED""}
HINT:  Incoming fact lost the precedence lattice against an existing overlapping fact.
CONTEXT:  PL/pgSQL function kndb.resolve_conflict() line 91 at RAISE",,1,
115,READ COMMITTED,B,0,1,"CheckViolation: KNDB precedence: NEW outranked by fact_id=57b68846-ebff-4f5e-ab2e-189bd9dcbae2, reason=kind_outranked -- payload={""value"": ""INFERRED_iter115"", ""writer"": ""kndb_native"", ""fact_id"": ""b037036d-fd86-4cd9-bd6b-b9349ade6eaa"", ""provsql"": ""136699eb-315e-4d18-aa4d-c709af7d58fc"", ""sources"": [], ""sys_time"": ""[\""2026-07-09 02:38:19.240264-05\"",infinity)"", ""attribute"": ""s2_slot"", ""entity_id"": 32000115, ""confidence"": 0.97000, ""valid_time"": ""[\""2025-12-31 18:00:00-06\"",\""2026-06-29 19:00:00-05\"")"", ""specificity"": 100, ""epistemic_kind"": ""INFERRED""}
HINT:  Incoming fact lost the precedence lattice against an existing overlapping fact.
CONTEXT:  PL/pgSQL function kndb.resolve_conflict() line 91 at RAISE",,1,
116,READ COMMITTED,A,1,1,,,1,
117,READ COMMITTED,B,0,1,"CheckViolation: KNDB precedence: NEW outranked by fact_id=57d72d56-830b-46d0-9410-08658a0c9972, reason=kind_outranked -- payload={""value"": ""INFERRED_iter117"", ""writer"": ""kndb_native"", ""fact_id"": ""d4cb19e6-9660-418c-ba7c-fd3f3475f2c0"", ""provsql"": ""4e6c5059-603b-46b8-948b-86216da8ac26"", ""sources"": [], ""sys_time"": ""[\""2026-07-09 02:38:19.257563-05\"",infinity)"", ""attribute"": ""s2_slot"", ""entity_id"": 32000117, ""confidence"": 0.97000, ""valid_time"": ""[\""2025-12-31 18:00:00-06\"",\""2026-06-29 19:00:00-05\"")"", ""specificity"": 100, ""epistemic_kind"": ""INFERRED""}
HINT:  Incoming fact lost the precedence lattice against an existing overlapping fact.
CONTEXT:  PL/pgSQL function kndb.resolve_conflict() line 91 at RAISE",,1,
118,READ COMMITTED,B,0,1,"CheckViolation: KNDB precedence: NEW outranked by fact_id=73bae032-8952-49f7-be04-4866217506e8, reason=kind_outranked -- payload={""value"": ""INFERRED_iter118"", ""writer"": ""kndb_native"", ""fact_id"": ""34e1a39f-cf98-4d6d-aea7-010247f81942"", ""provsql"": ""ebbe3868-1f85-42a8-88af-3bad104a6cdd"", ""sources"": [], ""sys_time"": ""[\""2026-07-09 02:38:19.266163-05\"",infinity)"", ""attribute"": ""s2_slot"", ""entity_id"": 32000118, ""confidence"": 0.97000, ""valid_time"": ""[\""2025-12-31 18:00:00-06\"",\""2026-06-29 19:00:00-05\"")"", ""specificity"": 100, ""epistemic_kind"": ""INFERRED""}
HINT:  Incoming fact lost the precedence lattice against an existing overlapping fact.
CONTEXT:  PL/pgSQL function kndb.resolve_conflict() line 91 at RAISE",,1,
119,READ COMMITTED,A,1,1,,,1,
120,READ COMMITTED,B,0,1,"CheckViolation: KNDB precedence: NEW outranked by fact_id=b706a80f-3e54-42bc-824a-9a155b054f67, reason=kind_outranked -- payload={""value"": ""INFERRED_iter120"", ""writer"": ""kndb_native"", ""fact_id"": ""eac934ab-8065-4ca1-a1f1-1fd2885c6ee0"", ""provsql"": ""9b3c419e-6c56-43a7-ae9e-69a0db347e8a"", ""sources"": [], ""sys_time"": ""[\""2026-07-09 02:38:19.282523-05\"",infinity)"", ""attribute"": ""s2_slot"", ""entity_id"": 32000120, ""confidence"": 0.97000, ""valid_time"": ""[\""2025-12-31 18:00:00-06\"",\""2026-06-29 19:00:00-05\"")"", ""specificity"": 100, ""epistemic_kind"": ""INFERRED""}
HINT:  Incoming fact lost the precedence lattice against an existing overlapping fact.
CONTEXT:  PL/pgSQL function kndb.resolve_conflict() line 91 at RAISE",,1,
121,READ COMMITTED,B,0,1,"CheckViolation: KNDB precedence: NEW outranked by fact_id=e761b8b1-d3c8-4753-aef3-8872de498cef, reason=kind_outranked -- payload={""value"": ""INFERRED_iter121"", ""writer"": ""kndb_native"", ""fact_id"": ""f47cbce3-9dc2-4a8b-baab-9b8e2466bf40"", ""provsql"": ""91170547-03d1-4ae0-9d0c-60121816edc6"", ""sources"": [], ""sys_time"": ""[\""2026-07-09 02:38:19.29083-05\"",infinity)"", ""attribute"": ""s2_slot"", ""entity_id"": 32000121, ""confidence"": 0.97000, ""valid_time"": ""[\""2025-12-31 18:00:00-06\"",\""2026-06-29 19:00:00-05\"")"", ""specificity"": 100, ""epistemic_kind"": ""INFERRED""}
HINT:  Incoming fact lost the precedence lattice against an existing overlapping fact.
CONTEXT:  PL/pgSQL function kndb.resolve_conflict() line 91 at RAISE",,1,
122,READ COMMITTED,B,0,1,"CheckViolation: KNDB precedence: NEW outranked by fact_id=9aa3f56f-664f-49ab-97ac-1ce9d9ead530, reason=kind_outranked -- payload={""value"": ""INFERRED_iter122"", ""writer"": ""kndb_native"", ""fact_id"": ""1b7bd21e-3185-4bec-a8d9-c9ce1ab7f9a0"", ""provsql"": ""db038b64-ce1a-421e-92fd-3edbf1977029"", ""sources"": [], ""sys_time"": ""[\""2026-07-09 02:38:19.299076-05\"",infinity)"", ""attribute"": ""s2_slot"", ""entity_id"": 32000122, ""confidence"": 0.97000, ""valid_time"": ""[\""2025-12-31 18:00:00-06\"",\""2026-06-29 19:00:00-05\"")"", ""specificity"": 100, ""epistemic_kind"": ""INFERRED""}
HINT:  Incoming fact lost the precedence lattice against an existing overlapping fact.
CONTEXT:  PL/pgSQL function kndb.resolve_conflict() line 91 at RAISE",,1,
123,READ COMMITTED,B,0,1,"CheckViolation: KNDB precedence: NEW outranked by fact_id=9a26edf7-4f7a-42a0-9b2c-f8303f3042d4, reason=kind_outranked -- payload={""value"": ""INFERRED_iter123"", ""writer"": ""kndb_native"", ""fact_id"": ""60713482-390b-4daa-98d3-d3489656b451"", ""provsql"": ""6194952d-2cd9-4e85-9101-68552e851dc7"", ""sources"": [], ""sys_time"": ""[\""2026-07-09 02:38:19.306273-05\"",infinity)"", ""attribute"": ""s2_slot"", ""entity_id"": 32000123, ""confidence"": 0.97000, ""valid_time"": ""[\""2025-12-31 18:00:00-06\"",\""2026-06-29 19:00:00-05\"")"", ""specificity"": 100, ""epistemic_kind"": ""INFERRED""}
HINT:  Incoming fact lost the precedence lattice against an existing overlapping fact.
CONTEXT:  PL/pgSQL function kndb.resolve_conflict() line 91 at RAISE",,1,
124,READ COMMITTED,A,1,1,,,1,
125,READ COMMITTED,A,1,1,,,1,
126,READ COMMITTED,A,1,1,,,1,
127,READ COMMITTED,B,0,1,"CheckViolation: KNDB precedence: NEW outranked by fact_id=b686b06c-d808-4609-ae4d-a82ebd6f3522, reason=kind_outranked -- payload={""value"": ""INFERRED_iter127"", ""writer"": ""kndb_native"", ""fact_id"": ""2a323cd1-94a6-46eb-9192-f6158f1ed3a9"", ""provsql"": ""d84fd084-24b5-4dc8-9e84-67a9c49eb4ab"", ""sources"": [], ""sys_time"": ""[\""2026-07-09 02:38:19.340702-05\"",infinity)"", ""attribute"": ""s2_slot"", ""entity_id"": 32000127, ""confidence"": 0.97000, ""valid_time"": ""[\""2025-12-31 18:00:00-06\"",\""2026-06-29 19:00:00-05\"")"", ""specificity"": 100, ""epistemic_kind"": ""INFERRED""}
HINT:  Incoming fact lost the precedence lattice against an existing overlapping fact.
CONTEXT:  PL/pgSQL function kndb.resolve_conflict() line 91 at RAISE",,1,
128,READ COMMITTED,B,0,1,"CheckViolation: KNDB precedence: NEW outranked by fact_id=ea5ac7f6-a4ef-4520-b1da-2bf2836b15b8, reason=kind_outranked -- payload={""value"": ""INFERRED_iter128"", ""writer"": ""kndb_native"", ""fact_id"": ""af4f0a31-7649-4536-81d1-b62e45ce27fa"", ""provsql"": ""8c57ce60-f689-471c-a828-0592af82779e"", ""sources"": [], ""sys_time"": ""[\""2026-07-09 02:38:19.348166-05\"",infinity)"", ""attribute"": ""s2_slot"", ""entity_id"": 32000128, ""confidence"": 0.97000, ""valid_time"": ""[\""2025-12-31 18:00:00-06\"",\""2026-06-29 19:00:00-05\"")"", ""specificity"": 100, ""epistemic_kind"": ""INFERRED""}
HINT:  Incoming fact lost the precedence lattice against an existing overlapping fact.
CONTEXT:  PL/pgSQL function kndb.resolve_conflict() line 91 at RAISE",,1,
129,READ COMMITTED,B,0,1,"CheckViolation: KNDB precedence: NEW outranked by fact_id=a4a157af-3b62-48d2-889b-a666bbbf6097, reason=kind_outranked -- payload={""value"": ""INFERRED_iter129"", ""writer"": ""kndb_native"", ""fact_id"": ""425aedb9-810e-488a-86ec-9398132d486f"", ""provsql"": ""c5a4a6da-188d-46e8-806f-77cb4cd3af2e"", ""sources"": [], ""sys_time"": ""[\""2026-07-09 02:38:19.356142-05\"",infinity)"", ""attribute"": ""s2_slot"", ""entity_id"": 32000129, ""confidence"": 0.97000, ""valid_time"": ""[\""2025-12-31 18:00:00-06\"",\""2026-06-29 19:00:00-05\"")"", ""specificity"": 100, ""epistemic_kind"": ""INFERRED""}
HINT:  Incoming fact lost the precedence lattice against an existing overlapping fact.
CONTEXT:  PL/pgSQL function kndb.resolve_conflict() line 91 at RAISE",,1,
130,READ COMMITTED,A,1,1,,,1,
131,READ COMMITTED,A,1,1,,,1,
132,READ COMMITTED,B,0,1,"CheckViolation: KNDB precedence: NEW outranked by fact_id=a2661fcd-59c7-4d32-a210-4f18a3479f69, reason=kind_outranked -- payload={""value"": ""INFERRED_iter132"", ""writer"": ""kndb_native"", ""fact_id"": ""4da26650-76f0-4d99-8875-002c16b93994"", ""provsql"": ""9279943d-2c78-4f9b-b61d-5182d04dfa80"", ""sources"": [], ""sys_time"": ""[\""2026-07-09 02:38:19.382209-05\"",infinity)"", ""attribute"": ""s2_slot"", ""entity_id"": 32000132, ""confidence"": 0.97000, ""valid_time"": ""[\""2025-12-31 18:00:00-06\"",\""2026-06-29 19:00:00-05\"")"", ""specificity"": 100, ""epistemic_kind"": ""INFERRED""}
HINT:  Incoming fact lost the precedence lattice against an existing overlapping fact.
CONTEXT:  PL/pgSQL function kndb.resolve_conflict() line 91 at RAISE",,1,
133,READ COMMITTED,B,0,1,"CheckViolation: KNDB precedence: NEW outranked by fact_id=42f761eb-3b91-4722-b667-a6b8d0eab6a1, reason=kind_outranked -- payload={""value"": ""INFERRED_iter133"", ""writer"": ""kndb_native"", ""fact_id"": ""8cad937b-5b02-45be-b720-d9e5f921fcfd"", ""provsql"": ""caad4a39-b1b2-41f4-9b6b-4a17683ffce1"", ""sources"": [], ""sys_time"": ""[\""2026-07-09 02:38:19.390434-05\"",infinity)"", ""attribute"": ""s2_slot"", ""entity_id"": 32000133, ""confidence"": 0.97000, ""valid_time"": ""[\""2025-12-31 18:00:00-06\"",\""2026-06-29 19:00:00-05\"")"", ""specificity"": 100, ""epistemic_kind"": ""INFERRED""}
HINT:  Incoming fact lost the precedence lattice against an existing overlapping fact.
CONTEXT:  PL/pgSQL function kndb.resolve_conflict() line 91 at RAISE",,1,
134,READ COMMITTED,A,1,1,,,1,
135,READ COMMITTED,A,1,1,,,1,
136,READ COMMITTED,A,1,1,,,1,
137,READ COMMITTED,B,0,1,"CheckViolation: KNDB precedence: NEW outranked by fact_id=b7de1d73-2c31-4899-abaa-178afdd01520, reason=kind_outranked -- payload={""value"": ""INFERRED_iter137"", ""writer"": ""kndb_native"", ""fact_id"": ""69a67fc5-23c4-4f90-a4d1-ecdbecebff26"", ""provsql"": ""a72781e2-9ce3-4919-ae71-560020076bb1"", ""sources"": [], ""sys_time"": ""[\""2026-07-09 02:38:19.424504-05\"",infinity)"", ""attribute"": ""s2_slot"", ""entity_id"": 32000137, ""confidence"": 0.97000, ""valid_time"": ""[\""2025-12-31 18:00:00-06\"",\""2026-06-29 19:00:00-05\"")"", ""specificity"": 100, ""epistemic_kind"": ""INFERRED""}
HINT:  Incoming fact lost the precedence lattice against an existing overlapping fact.
CONTEXT:  PL/pgSQL function kndb.resolve_conflict() line 91 at RAISE",,1,
138,READ COMMITTED,B,0,1,"CheckViolation: KNDB precedence: NEW outranked by fact_id=6bdff9c6-47b5-44fb-a968-3bd2a9038713, reason=kind_outranked -- payload={""value"": ""INFERRED_iter138"", ""writer"": ""kndb_native"", ""fact_id"": ""dff32830-ad73-4981-a03a-ae2e971068a2"", ""provsql"": ""9fbf5c20-b27d-40f2-a718-91a6efda376a"", ""sources"": [], ""sys_time"": ""[\""2026-07-09 02:38:19.432146-05\"",infinity)"", ""attribute"": ""s2_slot"", ""entity_id"": 32000138, ""confidence"": 0.97000, ""valid_time"": ""[\""2025-12-31 18:00:00-06\"",\""2026-06-29 19:00:00-05\"")"", ""specificity"": 100, ""epistemic_kind"": ""INFERRED""}
HINT:  Incoming fact lost the precedence lattice against an existing overlapping fact.
CONTEXT:  PL/pgSQL function kndb.resolve_conflict() line 91 at RAISE",,1,
139,READ COMMITTED,A,1,1,,,1,
140,READ COMMITTED,A,1,1,,,1,
141,READ COMMITTED,B,0,1,"CheckViolation: KNDB precedence: NEW outranked by fact_id=7305f74c-245e-4ddd-9043-51d56feac9c4, reason=kind_outranked -- payload={""value"": ""INFERRED_iter141"", ""writer"": ""kndb_native"", ""fact_id"": ""0ffc0bae-b93e-4c17-b711-29f3dd500457"", ""provsql"": ""ffb053c8-b611-4716-b811-e7443dbe6c84"", ""sources"": [], ""sys_time"": ""[\""2026-07-09 02:38:19.457668-05\"",infinity)"", ""attribute"": ""s2_slot"", ""entity_id"": 32000141, ""confidence"": 0.97000, ""valid_time"": ""[\""2025-12-31 18:00:00-06\"",\""2026-06-29 19:00:00-05\"")"", ""specificity"": 100, ""epistemic_kind"": ""INFERRED""}
HINT:  Incoming fact lost the precedence lattice against an existing overlapping fact.
CONTEXT:  PL/pgSQL function kndb.resolve_conflict() line 91 at RAISE",,1,
142,READ COMMITTED,A,1,1,,,1,
143,READ COMMITTED,B,0,1,"CheckViolation: KNDB precedence: NEW outranked by fact_id=ad1a6102-888c-4925-ae7a-64768c65da8d, reason=kind_outranked -- payload={""value"": ""INFERRED_iter143"", ""writer"": ""kndb_native"", ""fact_id"": ""0891e5f4-3f6e-4d38-98ae-a03c9a9893f7"", ""provsql"": ""1f315f55-4450-4203-b06f-80d838aff491"", ""sources"": [], ""sys_time"": ""[\""2026-07-09 02:38:19.474482-05\"",infinity)"", ""attribute"": ""s2_slot"", ""entity_id"": 32000143, ""confidence"": 0.97000, ""valid_time"": ""[\""2025-12-31 18:00:00-06\"",\""2026-06-29 19:00:00-05\"")"", ""specificity"": 100, ""epistemic_kind"": ""INFERRED""}
HINT:  Incoming fact lost the precedence lattice against an existing overlapping fact.
CONTEXT:  PL/pgSQL function kndb.resolve_conflict() line 91 at RAISE",,1,
144,READ COMMITTED,A,1,1,,,1,
145,READ COMMITTED,A,1,1,,,1,
146,READ COMMITTED,B,0,1,"CheckViolation: KNDB precedence: NEW outranked by fact_id=b53618e3-0092-4fb3-909f-7ea93314e696, reason=kind_outranked -- payload={""value"": ""INFERRED_iter146"", ""writer"": ""kndb_native"", ""fact_id"": ""4e27204f-dcd7-43d8-961d-2dec2337872d"", ""provsql"": ""d9fe601c-569d-4ae9-91f8-6d6671d6e484"", ""sources"": [], ""sys_time"": ""[\""2026-07-09 02:38:19.498761-05\"",infinity)"", ""attribute"": ""s2_slot"", ""entity_id"": 32000146, ""confidence"": 0.97000, ""valid_time"": ""[\""2025-12-31 18:00:00-06\"",\""2026-06-29 19:00:00-05\"")"", ""specificity"": 100, ""epistemic_kind"": ""INFERRED""}
HINT:  Incoming fact lost the precedence lattice against an existing overlapping fact.
CONTEXT:  PL/pgSQL function kndb.resolve_conflict() line 91 at RAISE",,1,
147,READ COMMITTED,B,0,1,"CheckViolation: KNDB precedence: NEW outranked by fact_id=8fe1ada5-c2f7-49c8-a203-ec2b64c0d724, reason=kind_outranked -- payload={""value"": ""INFERRED_iter147"", ""writer"": ""kndb_native"", ""fact_id"": ""3e19b12c-d482-49af-b52e-b800d4661633"", ""provsql"": ""061302c4-3268-4d62-8390-c63cb21726b5"", ""sources"": [], ""sys_time"": ""[\""2026-07-09 02:38:19.506962-05\"",infinity)"", ""attribute"": ""s2_slot"", ""entity_id"": 32000147, ""confidence"": 0.97000, ""valid_time"": ""[\""2025-12-31 18:00:00-06\"",\""2026-06-29 19:00:00-05\"")"", ""specificity"": 100, ""epistemic_kind"": ""INFERRED""}
HINT:  Incoming fact lost the precedence lattice against an existing overlapping fact.
CONTEXT:  PL/pgSQL function kndb.resolve_conflict() line 91 at RAISE",,1,
148,READ COMMITTED,A,1,1,,,1,
149,READ COMMITTED,A,1,1,,,1,
150,READ COMMITTED,B,0,1,"CheckViolation: KNDB precedence: NEW outranked by fact_id=627e30d0-8eaf-4703-84b0-c804599df564, reason=kind_outranked -- payload={""value"": ""INFERRED_iter150"", ""writer"": ""kndb_native"", ""fact_id"": ""8319d966-c921-4620-a996-9f9b874eb31b"", ""provsql"": ""377fb6a0-721d-4f74-a2fc-02fd863153f3"", ""sources"": [], ""sys_time"": ""[\""2026-07-09 02:38:19.532441-05\"",infinity)"", ""attribute"": ""s2_slot"", ""entity_id"": 32000150, ""confidence"": 0.97000, ""valid_time"": ""[\""2025-12-31 18:00:00-06\"",\""2026-06-29 19:00:00-05\"")"", ""specificity"": 100, ""epistemic_kind"": ""INFERRED""}
HINT:  Incoming fact lost the precedence lattice against an existing overlapping fact.
CONTEXT:  PL/pgSQL function kndb.resolve_conflict() line 91 at RAISE",,1,
151,READ COMMITTED,B,0,1,"CheckViolation: KNDB precedence: NEW outranked by fact_id=2d7c4112-5eba-46ce-a915-4e290ce29bd5, reason=kind_outranked -- payload={""value"": ""INFERRED_iter151"", ""writer"": ""kndb_native"", ""fact_id"": ""4b3154b3-a61f-4795-8007-6855bf14a32a"", ""provsql"": ""47d43d3c-46e3-469d-8111-df7c05489b0e"", ""sources"": [], ""sys_time"": ""[\""2026-07-09 02:38:19.540467-05\"",infinity)"", ""attribute"": ""s2_slot"", ""entity_id"": 32000151, ""confidence"": 0.97000, ""valid_time"": ""[\""2025-12-31 18:00:00-06\"",\""2026-06-29 19:00:00-05\"")"", ""specificity"": 100, ""epistemic_kind"": ""INFERRED""}
HINT:  Incoming fact lost the precedence lattice against an existing overlapping fact.
CONTEXT:  PL/pgSQL function kndb.resolve_conflict() line 91 at RAISE",,1,
152,READ COMMITTED,A,1,1,,,1,
153,READ COMMITTED,B,0,1,"CheckViolation: KNDB precedence: NEW outranked by fact_id=6357a939-6ee6-4a99-b78b-4aeee6bf251a, reason=kind_outranked -- payload={""value"": ""INFERRED_iter153"", ""writer"": ""kndb_native"", ""fact_id"": ""3013a464-13b3-4219-a3ab-019c52d29534"", ""provsql"": ""22ec7f89-5c27-4adf-8e84-dc28e5a040c5"", ""sources"": [], ""sys_time"": ""[\""2026-07-09 02:38:19.556458-05\"",infinity)"", ""attribute"": ""s2_slot"", ""entity_id"": 32000153, ""confidence"": 0.97000, ""valid_time"": ""[\""2025-12-31 18:00:00-06\"",\""2026-06-29 19:00:00-05\"")"", ""specificity"": 100, ""epistemic_kind"": ""INFERRED""}
HINT:  Incoming fact lost the precedence lattice against an existing overlapping fact.
CONTEXT:  PL/pgSQL function kndb.resolve_conflict() line 91 at RAISE",,1,
154,READ COMMITTED,A,1,1,,,1,
155,READ COMMITTED,A,1,1,,,1,
156,READ COMMITTED,A,1,1,,,1,
157,READ COMMITTED,B,0,1,"CheckViolation: KNDB precedence: NEW outranked by fact_id=5ce6b9b5-0c79-4290-8438-0a02d2b5ce8d, reason=kind_outranked -- payload={""value"": ""INFERRED_iter157"", ""writer"": ""kndb_native"", ""fact_id"": ""d8e29019-4481-4bec-94ee-edec16335624"", ""provsql"": ""4d0fff8d-9018-43f6-a2b7-7457c678883d"", ""sources"": [], ""sys_time"": ""[\""2026-07-09 02:38:19.59033-05\"",infinity)"", ""attribute"": ""s2_slot"", ""entity_id"": 32000157, ""confidence"": 0.97000, ""valid_time"": ""[\""2025-12-31 18:00:00-06\"",\""2026-06-29 19:00:00-05\"")"", ""specificity"": 100, ""epistemic_kind"": ""INFERRED""}
HINT:  Incoming fact lost the precedence lattice against an existing overlapping fact.
CONTEXT:  PL/pgSQL function kndb.resolve_conflict() line 91 at RAISE",,1,
158,READ COMMITTED,A,1,1,,,1,
159,READ COMMITTED,A,1,1,,,1,
160,READ COMMITTED,A,1,1,,,1,
161,READ COMMITTED,B,0,1,"CheckViolation: KNDB precedence: NEW outranked by fact_id=4351207b-1363-4e8e-b249-f5ef6866096a, reason=kind_outranked -- payload={""value"": ""INFERRED_iter161"", ""writer"": ""kndb_native"", ""fact_id"": ""3721fa93-ed17-473c-845a-63c7a984a9d0"", ""provsql"": ""bf2e7e93-198b-41bb-a012-191836b108be"", ""sources"": [], ""sys_time"": ""[\""2026-07-09 02:38:19.625774-05\"",infinity)"", ""attribute"": ""s2_slot"", ""entity_id"": 32000161, ""confidence"": 0.97000, ""valid_time"": ""[\""2025-12-31 18:00:00-06\"",\""2026-06-29 19:00:00-05\"")"", ""specificity"": 100, ""epistemic_kind"": ""INFERRED""}
HINT:  Incoming fact lost the precedence lattice against an existing overlapping fact.
CONTEXT:  PL/pgSQL function kndb.resolve_conflict() line 91 at RAISE",,1,
162,READ COMMITTED,A,1,1,,,1,
163,READ COMMITTED,B,0,1,"CheckViolation: KNDB precedence: NEW outranked by fact_id=141ee33a-e9c2-4e9e-93e2-6f332cdd1772, reason=kind_outranked -- payload={""value"": ""INFERRED_iter163"", ""writer"": ""kndb_native"", ""fact_id"": ""61879a89-36b9-4d28-ba88-7fa31d4ba473"", ""provsql"": ""1918725c-6a73-4da3-b3e0-52b4cdcadc76"", ""sources"": [], ""sys_time"": ""[\""2026-07-09 02:38:19.642746-05\"",infinity)"", ""attribute"": ""s2_slot"", ""entity_id"": 32000163, ""confidence"": 0.97000, ""valid_time"": ""[\""2025-12-31 18:00:00-06\"",\""2026-06-29 19:00:00-05\"")"", ""specificity"": 100, ""epistemic_kind"": ""INFERRED""}
HINT:  Incoming fact lost the precedence lattice against an existing overlapping fact.
CONTEXT:  PL/pgSQL function kndb.resolve_conflict() line 91 at RAISE",,1,
164,READ COMMITTED,B,0,1,"CheckViolation: KNDB precedence: NEW outranked by fact_id=1265f067-ea5b-4fc7-9222-3a590f3a0ff8, reason=kind_outranked -- payload={""value"": ""INFERRED_iter164"", ""writer"": ""kndb_native"", ""fact_id"": ""3b39f3dc-1cb8-4807-b46d-4d48e984ecd0"", ""provsql"": ""24d19747-fa07-478c-8562-eeb3f0dea0d7"", ""sources"": [], ""sys_time"": ""[\""2026-07-09 02:38:19.650604-05\"",infinity)"", ""attribute"": ""s2_slot"", ""entity_id"": 32000164, ""confidence"": 0.97000, ""valid_time"": ""[\""2025-12-31 18:00:00-06\"",\""2026-06-29 19:00:00-05\"")"", ""specificity"": 100, ""epistemic_kind"": ""INFERRED""}
HINT:  Incoming fact lost the precedence lattice against an existing overlapping fact.
CONTEXT:  PL/pgSQL function kndb.resolve_conflict() line 91 at RAISE",,1,
165,READ COMMITTED,A,1,1,,,1,
166,READ COMMITTED,A,1,1,,,1,
167,READ COMMITTED,B,0,1,"CheckViolation: KNDB precedence: NEW outranked by fact_id=5ecd21e6-91f8-4cd3-80ca-857a6d86240f, reason=kind_outranked -- payload={""value"": ""INFERRED_iter167"", ""writer"": ""kndb_native"", ""fact_id"": ""60e7f7b7-a2f6-40d9-b64b-1549a0ccaa37"", ""provsql"": ""b7f84696-9c21-4dd3-9b66-8cf8f9af9828"", ""sources"": [], ""sys_time"": ""[\""2026-07-09 02:38:19.676684-05\"",infinity)"", ""attribute"": ""s2_slot"", ""entity_id"": 32000167, ""confidence"": 0.97000, ""valid_time"": ""[\""2025-12-31 18:00:00-06\"",\""2026-06-29 19:00:00-05\"")"", ""specificity"": 100, ""epistemic_kind"": ""INFERRED""}
HINT:  Incoming fact lost the precedence lattice against an existing overlapping fact.
CONTEXT:  PL/pgSQL function kndb.resolve_conflict() line 91 at RAISE",,1,
168,READ COMMITTED,A,1,1,,,1,
169,READ COMMITTED,A,1,1,,,1,
170,READ COMMITTED,B,0,1,"CheckViolation: KNDB precedence: NEW outranked by fact_id=c836ad57-44b7-4326-bc0a-ac293bef86e0, reason=kind_outranked -- payload={""value"": ""INFERRED_iter170"", ""writer"": ""kndb_native"", ""fact_id"": ""87f52563-553e-4369-bb4c-12e62cad9d3a"", ""provsql"": ""6507f00b-8438-42b4-bedb-f7ae4996c419"", ""sources"": [], ""sys_time"": ""[\""2026-07-09 02:38:19.7013-05\"",infinity)"", ""attribute"": ""s2_slot"", ""entity_id"": 32000170, ""confidence"": 0.97000, ""valid_time"": ""[\""2025-12-31 18:00:00-06\"",\""2026-06-29 19:00:00-05\"")"", ""specificity"": 100, ""epistemic_kind"": ""INFERRED""}
HINT:  Incoming fact lost the precedence lattice against an existing overlapping fact.
CONTEXT:  PL/pgSQL function kndb.resolve_conflict() line 91 at RAISE",,1,
171,READ COMMITTED,B,0,1,"CheckViolation: KNDB precedence: NEW outranked by fact_id=c9472b4e-1b0e-44b1-8eae-bc9bca7008b7, reason=kind_outranked -- payload={""value"": ""INFERRED_iter171"", ""writer"": ""kndb_native"", ""fact_id"": ""0524705d-4e5e-4a4e-85cb-5bdf9cc389f1"", ""provsql"": ""f463d773-eac7-4745-9b6a-d0ad215c8867"", ""sources"": [], ""sys_time"": ""[\""2026-07-09 02:38:19.709858-05\"",infinity)"", ""attribute"": ""s2_slot"", ""entity_id"": 32000171, ""confidence"": 0.97000, ""valid_time"": ""[\""2025-12-31 18:00:00-06\"",\""2026-06-29 19:00:00-05\"")"", ""specificity"": 100, ""epistemic_kind"": ""INFERRED""}
HINT:  Incoming fact lost the precedence lattice against an existing overlapping fact.
CONTEXT:  PL/pgSQL function kndb.resolve_conflict() line 91 at RAISE",,1,
172,READ COMMITTED,A,1,1,,,1,
173,READ COMMITTED,B,0,1,"CheckViolation: KNDB precedence: NEW outranked by fact_id=bc196798-bc53-44aa-8cae-66e579ac7ea6, reason=kind_outranked -- payload={""value"": ""INFERRED_iter173"", ""writer"": ""kndb_native"", ""fact_id"": ""b9150146-5524-4d81-8c0b-b8827215283b"", ""provsql"": ""25889e7f-1226-4052-befd-9b7b877e808e"", ""sources"": [], ""sys_time"": ""[\""2026-07-09 02:38:19.727304-05\"",infinity)"", ""attribute"": ""s2_slot"", ""entity_id"": 32000173, ""confidence"": 0.97000, ""valid_time"": ""[\""2025-12-31 18:00:00-06\"",\""2026-06-29 19:00:00-05\"")"", ""specificity"": 100, ""epistemic_kind"": ""INFERRED""}
HINT:  Incoming fact lost the precedence lattice against an existing overlapping fact.
CONTEXT:  PL/pgSQL function kndb.resolve_conflict() line 91 at RAISE",,1,
174,READ COMMITTED,B,0,1,"CheckViolation: KNDB precedence: NEW outranked by fact_id=edb8d09f-3d59-4d55-807c-602dadb66596, reason=kind_outranked -- payload={""value"": ""INFERRED_iter174"", ""writer"": ""kndb_native"", ""fact_id"": ""bae6244d-dcae-4f7d-bffc-952cb747125b"", ""provsql"": ""decaa183-fc4c-4741-bbbe-524b92505fc7"", ""sources"": [], ""sys_time"": ""[\""2026-07-09 02:38:19.735856-05\"",infinity)"", ""attribute"": ""s2_slot"", ""entity_id"": 32000174, ""confidence"": 0.97000, ""valid_time"": ""[\""2025-12-31 18:00:00-06\"",\""2026-06-29 19:00:00-05\"")"", ""specificity"": 100, ""epistemic_kind"": ""INFERRED""}
HINT:  Incoming fact lost the precedence lattice against an existing overlapping fact.
CONTEXT:  PL/pgSQL function kndb.resolve_conflict() line 91 at RAISE",,1,
175,READ COMMITTED,A,1,1,,,1,
176,READ COMMITTED,A,1,1,,,1,
177,READ COMMITTED,A,1,1,,,1,
178,READ COMMITTED,A,1,1,,,1,
179,READ COMMITTED,A,1,1,,,1,
180,READ COMMITTED,B,0,1,"CheckViolation: KNDB precedence: NEW outranked by fact_id=709d740e-2034-4bae-90a2-8fca19b9c3f3, reason=kind_outranked -- payload={""value"": ""INFERRED_iter180"", ""writer"": ""kndb_native"", ""fact_id"": ""9bc157f8-f451-4b9e-ac88-9416941150a2"", ""provsql"": ""1d3f093a-1391-4946-945e-a7f0ea46b47e"", ""sources"": [], ""sys_time"": ""[\""2026-07-09 02:38:19.787864-05\"",infinity)"", ""attribute"": ""s2_slot"", ""entity_id"": 32000180, ""confidence"": 0.97000, ""valid_time"": ""[\""2025-12-31 18:00:00-06\"",\""2026-06-29 19:00:00-05\"")"", ""specificity"": 100, ""epistemic_kind"": ""INFERRED""}
HINT:  Incoming fact lost the precedence lattice against an existing overlapping fact.
CONTEXT:  PL/pgSQL function kndb.resolve_conflict() line 91 at RAISE",,1,
181,READ COMMITTED,B,0,1,"CheckViolation: KNDB precedence: NEW outranked by fact_id=17c2bf2d-575d-40bd-a50b-54e5ef7538c0, reason=kind_outranked -- payload={""value"": ""INFERRED_iter181"", ""writer"": ""kndb_native"", ""fact_id"": ""e4554f20-8f2d-404a-9e9a-2b4ed7603adb"", ""provsql"": ""d8a38a6a-303c-4397-acc6-82232afcc6d0"", ""sources"": [], ""sys_time"": ""[\""2026-07-09 02:38:19.796271-05\"",infinity)"", ""attribute"": ""s2_slot"", ""entity_id"": 32000181, ""confidence"": 0.97000, ""valid_time"": ""[\""2025-12-31 18:00:00-06\"",\""2026-06-29 19:00:00-05\"")"", ""specificity"": 100, ""epistemic_kind"": ""INFERRED""}
HINT:  Incoming fact lost the precedence lattice against an existing overlapping fact.
CONTEXT:  PL/pgSQL function kndb.resolve_conflict() line 91 at RAISE",,1,
182,READ COMMITTED,B,0,1,"CheckViolation: KNDB precedence: NEW outranked by fact_id=5d3ed1f5-7935-429d-ae11-14f3a2da0a6a, reason=kind_outranked -- payload={""value"": ""INFERRED_iter182"", ""writer"": ""kndb_native"", ""fact_id"": ""d02b71f5-ddc0-44ae-9ce0-ca667e4b651e"", ""provsql"": ""dda64b63-72c8-4621-88a8-a53eb73dc5cf"", ""sources"": [], ""sys_time"": ""[\""2026-07-09 02:38:19.804507-05\"",infinity)"", ""attribute"": ""s2_slot"", ""entity_id"": 32000182, ""confidence"": 0.97000, ""valid_time"": ""[\""2025-12-31 18:00:00-06\"",\""2026-06-29 19:00:00-05\"")"", ""specificity"": 100, ""epistemic_kind"": ""INFERRED""}
HINT:  Incoming fact lost the precedence lattice against an existing overlapping fact.
CONTEXT:  PL/pgSQL function kndb.resolve_conflict() line 91 at RAISE",,1,
183,READ COMMITTED,A,1,1,,,1,
184,READ COMMITTED,A,1,1,,,1,
185,READ COMMITTED,A,1,1,,,1,
186,READ COMMITTED,B,0,1,"CheckViolation: KNDB precedence: NEW outranked by fact_id=7a8f4494-2308-48a4-895e-26b1e91d1ff0, reason=kind_outranked -- payload={""value"": ""INFERRED_iter186"", ""writer"": ""kndb_native"", ""fact_id"": ""570ffc76-18f7-4797-979f-b5206ee5fcee"", ""provsql"": ""c7466f1f-4522-4381-bbb2-52a65ec51746"", ""sources"": [], ""sys_time"": ""[\""2026-07-09 02:38:19.839711-05\"",infinity)"", ""attribute"": ""s2_slot"", ""entity_id"": 32000186, ""confidence"": 0.97000, ""valid_time"": ""[\""2025-12-31 18:00:00-06\"",\""2026-06-29 19:00:00-05\"")"", ""specificity"": 100, ""epistemic_kind"": ""INFERRED""}
HINT:  Incoming fact lost the precedence lattice against an existing overlapping fact.
CONTEXT:  PL/pgSQL function kndb.resolve_conflict() line 91 at RAISE",,1,
187,READ COMMITTED,A,1,1,,,1,
188,READ COMMITTED,A,1,1,,,1,
189,READ COMMITTED,A,1,1,,,1,
190,READ COMMITTED,A,1,1,,,1,
191,READ COMMITTED,A,1,1,,,1,
192,READ COMMITTED,A,1,1,,,1,
193,READ COMMITTED,B,0,1,"CheckViolation: KNDB precedence: NEW outranked by fact_id=64d4fdeb-3957-4a04-b26a-16ae79966cfe, reason=kind_outranked -- payload={""value"": ""INFERRED_iter193"", ""writer"": ""kndb_native"", ""fact_id"": ""affdb3d2-8f9b-4fe4-812c-a1ecf618555f"", ""provsql"": ""721f964c-d013-412f-94e6-fcec9ac25824"", ""sources"": [], ""sys_time"": ""[\""2026-07-09 02:38:19.901548-05\"",infinity)"", ""attribute"": ""s2_slot"", ""entity_id"": 32000193, ""confidence"": 0.97000, ""valid_time"": ""[\""2025-12-31 18:00:00-06\"",\""2026-06-29 19:00:00-05\"")"", ""specificity"": 100, ""epistemic_kind"": ""INFERRED""}
HINT:  Incoming fact lost the precedence lattice against an existing overlapping fact.
CONTEXT:  PL/pgSQL function kndb.resolve_conflict() line 91 at RAISE",,1,
194,READ COMMITTED,A,1,1,,,1,
195,READ COMMITTED,B,0,1,"CheckViolation: KNDB precedence: NEW outranked by fact_id=3bdfb124-6666-4693-a208-a74873afea1a, reason=kind_outranked -- payload={""value"": ""INFERRED_iter195"", ""writer"": ""kndb_native"", ""fact_id"": ""6502f199-26d2-41ad-813f-4ba72196355d"", ""provsql"": ""16729806-2bc6-44e2-9d98-b01a63d39c04"", ""sources"": [], ""sys_time"": ""[\""2026-07-09 02:38:19.918758-05\"",infinity)"", ""attribute"": ""s2_slot"", ""entity_id"": 32000195, ""confidence"": 0.97000, ""valid_time"": ""[\""2025-12-31 18:00:00-06\"",\""2026-06-29 19:00:00-05\"")"", ""specificity"": 100, ""epistemic_kind"": ""INFERRED""}
HINT:  Incoming fact lost the precedence lattice against an existing overlapping fact.
CONTEXT:  PL/pgSQL function kndb.resolve_conflict() line 91 at RAISE",,1,
196,READ COMMITTED,B,0,1,"CheckViolation: KNDB precedence: NEW outranked by fact_id=40f44a7c-ab7f-466f-8a25-b48fd4e2eaca, reason=kind_outranked -- payload={""value"": ""INFERRED_iter196"", ""writer"": ""kndb_native"", ""fact_id"": ""47a632a2-fdd9-4509-b871-51e9939837d2"", ""provsql"": ""d70fc7a8-7bf7-4147-9078-eb293d6f6ee7"", ""sources"": [], ""sys_time"": ""[\""2026-07-09 02:38:19.927091-05\"",infinity)"", ""attribute"": ""s2_slot"", ""entity_id"": 32000196, ""confidence"": 0.97000, ""valid_time"": ""[\""2025-12-31 18:00:00-06\"",\""2026-06-29 19:00:00-05\"")"", ""specificity"": 100, ""epistemic_kind"": ""INFERRED""}
HINT:  Incoming fact lost the precedence lattice against an existing overlapping fact.
CONTEXT:  PL/pgSQL function kndb.resolve_conflict() line 91 at RAISE",,1,
197,READ COMMITTED,A,1,1,,,1,
198,READ COMMITTED,B,0,1,"CheckViolation: KNDB precedence: NEW outranked by fact_id=676ec961-8ec1-4d9d-b352-6256161f1327, reason=kind_outranked -- payload={""value"": ""INFERRED_iter198"", ""writer"": ""kndb_native"", ""fact_id"": ""c2b4aa80-03e0-4e21-ac76-b055abc02cd8"", ""provsql"": ""fc69a517-769d-448c-937e-864f53b9ab6e"", ""sources"": [], ""sys_time"": ""[\""2026-07-09 02:38:19.944094-05\"",infinity)"", ""attribute"": ""s2_slot"", ""entity_id"": 32000198, ""confidence"": 0.97000, ""valid_time"": ""[\""2025-12-31 18:00:00-06\"",\""2026-06-29 19:00:00-05\"")"", ""specificity"": 100, ""epistemic_kind"": ""INFERRED""}
HINT:  Incoming fact lost the precedence lattice against an existing overlapping fact.
CONTEXT:  PL/pgSQL function kndb.resolve_conflict() line 91 at RAISE",,1,
199,READ COMMITTED,B,0,1,"CheckViolation: KNDB precedence: NEW outranked by fact_id=3b2f8794-f1cf-4e4d-93a0-a96451778852, reason=kind_outranked -- payload={""value"": ""INFERRED_iter199"", ""writer"": ""kndb_native"", ""fact_id"": ""099186d5-36b5-48b3-b4fd-2e30c73115cd"", ""provsql"": ""cba8de16-c412-499a-8b9d-172032673ffd"", ""sources"": [], ""sys_time"": ""[\""2026-07-09 02:38:19.952159-05\"",infinity)"", ""attribute"": ""s2_slot"", ""entity_id"": 32000199, ""confidence"": 0.97000, ""valid_time"": ""[\""2025-12-31 18:00:00-06\"",\""2026-06-29 19:00:00-05\"")"", ""specificity"": 100, ""epistemic_kind"": ""INFERRED""}
HINT:  Incoming fact lost the precedence lattice against an existing overlapping fact.
CONTEXT:  PL/pgSQL function kndb.resolve_conflict() line 91 at RAISE",,1,
200,READ COMMITTED,B,0,1,"CheckViolation: KNDB precedence: NEW outranked by fact_id=a34632f3-2550-45cc-916f-1aef073d8cb4, reason=kind_outranked -- payload={""value"": ""INFERRED_iter200"", ""writer"": ""kndb_native"", ""fact_id"": ""a0ff92f8-c065-4b2c-b7a6-e9469d6ba162"", ""provsql"": ""00956fdf-00c8-4a35-9fa6-0ba86e09bac5"", ""sources"": [], ""sys_time"": ""[\""2026-07-09 02:38:19.961097-05\"",infinity)"", ""attribute"": ""s2_slot"", ""entity_id"": 32000200, ""confidence"": 0.97000, ""valid_time"": ""[\""2025-12-31 18:00:00-06\"",\""2026-06-29 19:00:00-05\"")"", ""specificity"": 100, ""epistemic_kind"": ""INFERRED""}
HINT:  Incoming fact lost the precedence lattice against an existing overlapping fact.
CONTEXT:  PL/pgSQL function kndb.resolve_conflict() line 91 at RAISE",,1,
201,READ COMMITTED,B,0,1,"CheckViolation: KNDB precedence: NEW outranked by fact_id=012dd102-b8f1-4480-9bf4-45b7573b7bd9, reason=kind_outranked -- payload={""value"": ""INFERRED_iter201"", ""writer"": ""kndb_native"", ""fact_id"": ""0af6f933-663d-43a4-a98c-6beb0e4e6433"", ""provsql"": ""8ed990a8-fd5b-4329-ac35-6364ef34239d"", ""sources"": [], ""sys_time"": ""[\""2026-07-09 02:38:19.969269-05\"",infinity)"", ""attribute"": ""s2_slot"", ""entity_id"": 32000201, ""confidence"": 0.97000, ""valid_time"": ""[\""2025-12-31 18:00:00-06\"",\""2026-06-29 19:00:00-05\"")"", ""specificity"": 100, ""epistemic_kind"": ""INFERRED""}
HINT:  Incoming fact lost the precedence lattice against an existing overlapping fact.
CONTEXT:  PL/pgSQL function kndb.resolve_conflict() line 91 at RAISE",,1,
202,READ COMMITTED,B,0,1,"CheckViolation: KNDB precedence: NEW outranked by fact_id=f3500766-0503-4bb1-b636-5b31942562bd, reason=kind_outranked -- payload={""value"": ""INFERRED_iter202"", ""writer"": ""kndb_native"", ""fact_id"": ""246c4d22-feac-4839-a846-f514e57113cd"", ""provsql"": ""20d18c73-38a4-4e71-ab2e-a7fbf3dab762"", ""sources"": [], ""sys_time"": ""[\""2026-07-09 02:38:19.977165-05\"",infinity)"", ""attribute"": ""s2_slot"", ""entity_id"": 32000202, ""confidence"": 0.97000, ""valid_time"": ""[\""2025-12-31 18:00:00-06\"",\""2026-06-29 19:00:00-05\"")"", ""specificity"": 100, ""epistemic_kind"": ""INFERRED""}
HINT:  Incoming fact lost the precedence lattice against an existing overlapping fact.
CONTEXT:  PL/pgSQL function kndb.resolve_conflict() line 91 at RAISE",,1,
203,READ COMMITTED,A,1,1,,,1,
204,READ COMMITTED,A,1,1,,,1,
205,READ COMMITTED,A,1,1,,,1,
206,READ COMMITTED,A,1,1,,,1,
207,READ COMMITTED,A,1,1,,,1,
208,READ COMMITTED,A,1,1,,,1,
209,READ COMMITTED,B,0,1,"CheckViolation: KNDB precedence: NEW outranked by fact_id=30d36b81-d30a-4580-a905-c8b4b3560897, reason=kind_outranked -- payload={""value"": ""INFERRED_iter209"", ""writer"": ""kndb_native"", ""fact_id"": ""4d550325-3552-432a-b3ab-bea0343a98f7"", ""provsql"": ""be137754-f058-433a-8215-8cde359f60a9"", ""sources"": [], ""sys_time"": ""[\""2026-07-09 02:38:20.03726-05\"",infinity)"", ""attribute"": ""s2_slot"", ""entity_id"": 32000209, ""confidence"": 0.97000, ""valid_time"": ""[\""2025-12-31 18:00:00-06\"",\""2026-06-29 19:00:00-05\"")"", ""specificity"": 100, ""epistemic_kind"": ""INFERRED""}
HINT:  Incoming fact lost the precedence lattice against an existing overlapping fact.
CONTEXT:  PL/pgSQL function kndb.resolve_conflict() line 91 at RAISE",,1,
210,READ COMMITTED,A,1,1,,,1,
211,READ COMMITTED,B,0,1,"CheckViolation: KNDB precedence: NEW outranked by fact_id=ec6e4e39-6229-4c38-9367-c6bf913407a8, reason=kind_outranked -- payload={""value"": ""INFERRED_iter211"", ""writer"": ""kndb_native"", ""fact_id"": ""26c88326-4dae-4875-b2b3-86d04439bc85"", ""provsql"": ""fd71ab2c-2d3c-4ee9-98c0-d693031cb04e"", ""sources"": [], ""sys_time"": ""[\""2026-07-09 02:38:20.053973-05\"",infinity)"", ""attribute"": ""s2_slot"", ""entity_id"": 32000211, ""confidence"": 0.97000, ""valid_time"": ""[\""2025-12-31 18:00:00-06\"",\""2026-06-29 19:00:00-05\"")"", ""specificity"": 100, ""epistemic_kind"": ""INFERRED""}
HINT:  Incoming fact lost the precedence lattice against an existing overlapping fact.
CONTEXT:  PL/pgSQL function kndb.resolve_conflict() line 91 at RAISE",,1,
212,READ COMMITTED,A,1,1,,,1,
213,READ COMMITTED,A,1,1,,,1,
214,READ COMMITTED,B,0,1,"CheckViolation: KNDB precedence: NEW outranked by fact_id=a7f80aee-b69e-43f8-8b3a-497acbf76360, reason=kind_outranked -- payload={""value"": ""INFERRED_iter214"", ""writer"": ""kndb_native"", ""fact_id"": ""ec24a4f9-647f-4830-bc0d-d81ed64a5239"", ""provsql"": ""13203501-ad2a-45fd-9da6-92e40801cbfb"", ""sources"": [], ""sys_time"": ""[\""2026-07-09 02:38:20.081556-05\"",infinity)"", ""attribute"": ""s2_slot"", ""entity_id"": 32000214, ""confidence"": 0.97000, ""valid_time"": ""[\""2025-12-31 18:00:00-06\"",\""2026-06-29 19:00:00-05\"")"", ""specificity"": 100, ""epistemic_kind"": ""INFERRED""}
HINT:  Incoming fact lost the precedence lattice against an existing overlapping fact.
CONTEXT:  PL/pgSQL function kndb.resolve_conflict() line 91 at RAISE",,1,
215,READ COMMITTED,B,0,1,"CheckViolation: KNDB precedence: NEW outranked by fact_id=83a7346f-75c6-4dc8-849e-f00322d8a1fa, reason=kind_outranked -- payload={""value"": ""INFERRED_iter215"", ""writer"": ""kndb_native"", ""fact_id"": ""276b5992-ce16-446f-984b-c4a016cf709d"", ""provsql"": ""aad8517b-ad67-4d7c-a4d9-721d3b5c117e"", ""sources"": [], ""sys_time"": ""[\""2026-07-09 02:38:20.089329-05\"",infinity)"", ""attribute"": ""s2_slot"", ""entity_id"": 32000215, ""confidence"": 0.97000, ""valid_time"": ""[\""2025-12-31 18:00:00-06\"",\""2026-06-29 19:00:00-05\"")"", ""specificity"": 100, ""epistemic_kind"": ""INFERRED""}
HINT:  Incoming fact lost the precedence lattice against an existing overlapping fact.
CONTEXT:  PL/pgSQL function kndb.resolve_conflict() line 91 at RAISE",,1,
216,READ COMMITTED,B,0,1,"CheckViolation: KNDB precedence: NEW outranked by fact_id=08f1acd5-1d6a-4947-b8e9-03282f7e8b01, reason=kind_outranked -- payload={""value"": ""INFERRED_iter216"", ""writer"": ""kndb_native"", ""fact_id"": ""635d523e-f919-43ac-ae28-fd5ac3ddd82a"", ""provsql"": ""dbf7f3ef-75c8-425c-8a37-526cd21ded65"", ""sources"": [], ""sys_time"": ""[\""2026-07-09 02:38:20.096994-05\"",infinity)"", ""attribute"": ""s2_slot"", ""entity_id"": 32000216, ""confidence"": 0.97000, ""valid_time"": ""[\""2025-12-31 18:00:00-06\"",\""2026-06-29 19:00:00-05\"")"", ""specificity"": 100, ""epistemic_kind"": ""INFERRED""}
HINT:  Incoming fact lost the precedence lattice against an existing overlapping fact.
CONTEXT:  PL/pgSQL function kndb.resolve_conflict() line 91 at RAISE",,1,
217,READ COMMITTED,B,0,1,"CheckViolation: KNDB precedence: NEW outranked by fact_id=4f728ada-eafc-4a44-98c4-2db4464df43c, reason=kind_outranked -- payload={""value"": ""INFERRED_iter217"", ""writer"": ""kndb_native"", ""fact_id"": ""d7df2cba-bdcb-4a16-a391-c6aa2e13e8fb"", ""provsql"": ""a0b02f4b-f8dd-4a87-b132-de18baf5501f"", ""sources"": [], ""sys_time"": ""[\""2026-07-09 02:38:20.10524-05\"",infinity)"", ""attribute"": ""s2_slot"", ""entity_id"": 32000217, ""confidence"": 0.97000, ""valid_time"": ""[\""2025-12-31 18:00:00-06\"",\""2026-06-29 19:00:00-05\"")"", ""specificity"": 100, ""epistemic_kind"": ""INFERRED""}
HINT:  Incoming fact lost the precedence lattice against an existing overlapping fact.
CONTEXT:  PL/pgSQL function kndb.resolve_conflict() line 91 at RAISE",,1,
218,READ COMMITTED,A,1,1,,,1,
219,READ COMMITTED,A,1,1,,,1,
220,READ COMMITTED,B,0,1,"CheckViolation: KNDB precedence: NEW outranked by fact_id=113e154e-d0c7-482c-97ad-89e0e8e33051, reason=kind_outranked -- payload={""value"": ""INFERRED_iter220"", ""writer"": ""kndb_native"", ""fact_id"": ""bbc75360-7c4a-42e6-9b05-605e76def3dd"", ""provsql"": ""b2b049c6-003f-412a-9367-196cf9d3f119"", ""sources"": [], ""sys_time"": ""[\""2026-07-09 02:38:20.131734-05\"",infinity)"", ""attribute"": ""s2_slot"", ""entity_id"": 32000220, ""confidence"": 0.97000, ""valid_time"": ""[\""2025-12-31 18:00:00-06\"",\""2026-06-29 19:00:00-05\"")"", ""specificity"": 100, ""epistemic_kind"": ""INFERRED""}
HINT:  Incoming fact lost the precedence lattice against an existing overlapping fact.
CONTEXT:  PL/pgSQL function kndb.resolve_conflict() line 91 at RAISE",,1,
221,READ COMMITTED,B,0,1,"CheckViolation: KNDB precedence: NEW outranked by fact_id=f2fa3cd3-4f5d-469c-b5c5-6da8fac251b6, reason=kind_outranked -- payload={""value"": ""INFERRED_iter221"", ""writer"": ""kndb_native"", ""fact_id"": ""045a1bf6-7d2f-4622-9bb3-f125c3b73e21"", ""provsql"": ""5d974349-1db5-4950-a0ab-37b019ecd582"", ""sources"": [], ""sys_time"": ""[\""2026-07-09 02:38:20.139961-05\"",infinity)"", ""attribute"": ""s2_slot"", ""entity_id"": 32000221, ""confidence"": 0.97000, ""valid_time"": ""[\""2025-12-31 18:00:00-06\"",\""2026-06-29 19:00:00-05\"")"", ""specificity"": 100, ""epistemic_kind"": ""INFERRED""}
HINT:  Incoming fact lost the precedence lattice against an existing overlapping fact.
CONTEXT:  PL/pgSQL function kndb.resolve_conflict() line 91 at RAISE",,1,
222,READ COMMITTED,B,0,1,"CheckViolation: KNDB precedence: NEW outranked by fact_id=f8a4786a-6a91-4088-8b08-f63cd0b7e887, reason=kind_outranked -- payload={""value"": ""INFERRED_iter222"", ""writer"": ""kndb_native"", ""fact_id"": ""4efcc3b1-23db-4cc2-975d-d3bbcbff78db"", ""provsql"": ""9b90ec97-a50e-4ccc-87fe-adb634018bfe"", ""sources"": [], ""sys_time"": ""[\""2026-07-09 02:38:20.148136-05\"",infinity)"", ""attribute"": ""s2_slot"", ""entity_id"": 32000222, ""confidence"": 0.97000, ""valid_time"": ""[\""2025-12-31 18:00:00-06\"",\""2026-06-29 19:00:00-05\"")"", ""specificity"": 100, ""epistemic_kind"": ""INFERRED""}
HINT:  Incoming fact lost the precedence lattice against an existing overlapping fact.
CONTEXT:  PL/pgSQL function kndb.resolve_conflict() line 91 at RAISE",,1,
223,READ COMMITTED,B,0,1,"CheckViolation: KNDB precedence: NEW outranked by fact_id=ddd239bf-6a90-4909-b3af-c63ce10e09f8, reason=kind_outranked -- payload={""value"": ""INFERRED_iter223"", ""writer"": ""kndb_native"", ""fact_id"": ""da73124e-3f30-4893-bc02-8eb33e87ef15"", ""provsql"": ""7938c7bf-bfc8-4481-bb1c-28aff11f46df"", ""sources"": [], ""sys_time"": ""[\""2026-07-09 02:38:20.156722-05\"",infinity)"", ""attribute"": ""s2_slot"", ""entity_id"": 32000223, ""confidence"": 0.97000, ""valid_time"": ""[\""2025-12-31 18:00:00-06\"",\""2026-06-29 19:00:00-05\"")"", ""specificity"": 100, ""epistemic_kind"": ""INFERRED""}
HINT:  Incoming fact lost the precedence lattice against an existing overlapping fact.
CONTEXT:  PL/pgSQL function kndb.resolve_conflict() line 91 at RAISE",,1,
224,READ COMMITTED,A,1,1,,,1,
225,READ COMMITTED,B,0,1,"CheckViolation: KNDB precedence: NEW outranked by fact_id=c95a4c40-216f-49f3-b7b5-f40ff82082c6, reason=kind_outranked -- payload={""value"": ""INFERRED_iter225"", ""writer"": ""kndb_native"", ""fact_id"": ""87a9143f-e82d-4d4e-b83d-469d0330bb93"", ""provsql"": ""4832d574-4cbc-4a36-9f42-39948d943094"", ""sources"": [], ""sys_time"": ""[\""2026-07-09 02:38:20.172995-05\"",infinity)"", ""attribute"": ""s2_slot"", ""entity_id"": 32000225, ""confidence"": 0.97000, ""valid_time"": ""[\""2025-12-31 18:00:00-06\"",\""2026-06-29 19:00:00-05\"")"", ""specificity"": 100, ""epistemic_kind"": ""INFERRED""}
HINT:  Incoming fact lost the precedence lattice against an existing overlapping fact.
CONTEXT:  PL/pgSQL function kndb.resolve_conflict() line 91 at RAISE",,1,
226,READ COMMITTED,B,0,1,"CheckViolation: KNDB precedence: NEW outranked by fact_id=3bcae1b7-2f34-4285-94e7-d2de09a68c85, reason=kind_outranked -- payload={""value"": ""INFERRED_iter226"", ""writer"": ""kndb_native"", ""fact_id"": ""dafa8d8e-f961-4fd7-9f2e-1d0fa1351f26"", ""provsql"": ""14eac1a4-de3f-4b7c-9da0-cd7106e5a8f3"", ""sources"": [], ""sys_time"": ""[\""2026-07-09 02:38:20.181547-05\"",infinity)"", ""attribute"": ""s2_slot"", ""entity_id"": 32000226, ""confidence"": 0.97000, ""valid_time"": ""[\""2025-12-31 18:00:00-06\"",\""2026-06-29 19:00:00-05\"")"", ""specificity"": 100, ""epistemic_kind"": ""INFERRED""}
HINT:  Incoming fact lost the precedence lattice against an existing overlapping fact.
CONTEXT:  PL/pgSQL function kndb.resolve_conflict() line 91 at RAISE",,1,
227,READ COMMITTED,B,0,1,"CheckViolation: KNDB precedence: NEW outranked by fact_id=973f48ac-03c1-47fb-ade4-96503a8370c9, reason=kind_outranked -- payload={""value"": ""INFERRED_iter227"", ""writer"": ""kndb_native"", ""fact_id"": ""33967e02-68d0-410f-8a18-389f7cbf14a2"", ""provsql"": ""5c837016-277f-4ca5-8519-ea705c94c877"", ""sources"": [], ""sys_time"": ""[\""2026-07-09 02:38:20.189882-05\"",infinity)"", ""attribute"": ""s2_slot"", ""entity_id"": 32000227, ""confidence"": 0.97000, ""valid_time"": ""[\""2025-12-31 18:00:00-06\"",\""2026-06-29 19:00:00-05\"")"", ""specificity"": 100, ""epistemic_kind"": ""INFERRED""}
HINT:  Incoming fact lost the precedence lattice against an existing overlapping fact.
CONTEXT:  PL/pgSQL function kndb.resolve_conflict() line 91 at RAISE",,1,
228,READ COMMITTED,A,1,1,,,1,
229,READ COMMITTED,B,0,1,"CheckViolation: KNDB precedence: NEW outranked by fact_id=8262e766-ddb9-4e60-9230-e09ffb4510fa, reason=kind_outranked -- payload={""value"": ""INFERRED_iter229"", ""writer"": ""kndb_native"", ""fact_id"": ""aeaa452c-0a0b-4008-917a-a929c689ae48"", ""provsql"": ""3373caa3-2609-425f-becf-970aed7ed551"", ""sources"": [], ""sys_time"": ""[\""2026-07-09 02:38:20.206613-05\"",infinity)"", ""attribute"": ""s2_slot"", ""entity_id"": 32000229, ""confidence"": 0.97000, ""valid_time"": ""[\""2025-12-31 18:00:00-06\"",\""2026-06-29 19:00:00-05\"")"", ""specificity"": 100, ""epistemic_kind"": ""INFERRED""}
HINT:  Incoming fact lost the precedence lattice against an existing overlapping fact.
CONTEXT:  PL/pgSQL function kndb.resolve_conflict() line 91 at RAISE",,1,
230,READ COMMITTED,A,1,1,,,1,
231,READ COMMITTED,A,1,1,,,1,
232,READ COMMITTED,B,0,1,"CheckViolation: KNDB precedence: NEW outranked by fact_id=480ec1c1-03a6-42e7-8182-db588ebb7b1e, reason=kind_outranked -- payload={""value"": ""INFERRED_iter232"", ""writer"": ""kndb_native"", ""fact_id"": ""988e2e83-4bd0-4882-8faf-decd8ec6adee"", ""provsql"": ""6040d8c4-8da8-4ae6-bf02-7f18b13c22da"", ""sources"": [], ""sys_time"": ""[\""2026-07-09 02:38:20.231751-05\"",infinity)"", ""attribute"": ""s2_slot"", ""entity_id"": 32000232, ""confidence"": 0.97000, ""valid_time"": ""[\""2025-12-31 18:00:00-06\"",\""2026-06-29 19:00:00-05\"")"", ""specificity"": 100, ""epistemic_kind"": ""INFERRED""}
HINT:  Incoming fact lost the precedence lattice against an existing overlapping fact.
CONTEXT:  PL/pgSQL function kndb.resolve_conflict() line 91 at RAISE",,1,
233,READ COMMITTED,B,0,1,"CheckViolation: KNDB precedence: NEW outranked by fact_id=47416638-f843-4384-88df-30aed7e50545, reason=kind_outranked -- payload={""value"": ""INFERRED_iter233"", ""writer"": ""kndb_native"", ""fact_id"": ""42a01109-4c42-4ba1-8a61-9c635120a075"", ""provsql"": ""6313dc5b-d917-4851-b54f-7215ea9df532"", ""sources"": [], ""sys_time"": ""[\""2026-07-09 02:38:20.239349-05\"",infinity)"", ""attribute"": ""s2_slot"", ""entity_id"": 32000233, ""confidence"": 0.97000, ""valid_time"": ""[\""2025-12-31 18:00:00-06\"",\""2026-06-29 19:00:00-05\"")"", ""specificity"": 100, ""epistemic_kind"": ""INFERRED""}
HINT:  Incoming fact lost the precedence lattice against an existing overlapping fact.
CONTEXT:  PL/pgSQL function kndb.resolve_conflict() line 91 at RAISE",,1,
234,READ COMMITTED,A,1,1,,,1,
235,READ COMMITTED,A,1,1,,,1,
236,READ COMMITTED,B,0,1,"CheckViolation: KNDB precedence: NEW outranked by fact_id=d92261df-6308-494e-b07f-e7c5f06550e6, reason=kind_outranked -- payload={""value"": ""INFERRED_iter236"", ""writer"": ""kndb_native"", ""fact_id"": ""a4665ab9-ce31-462a-81b0-a36d372e95b7"", ""provsql"": ""19c65f5a-77be-42da-bd50-d5682f889ae2"", ""sources"": [], ""sys_time"": ""[\""2026-07-09 02:38:20.265764-05\"",infinity)"", ""attribute"": ""s2_slot"", ""entity_id"": 32000236, ""confidence"": 0.97000, ""valid_time"": ""[\""2025-12-31 18:00:00-06\"",\""2026-06-29 19:00:00-05\"")"", ""specificity"": 100, ""epistemic_kind"": ""INFERRED""}
HINT:  Incoming fact lost the precedence lattice against an existing overlapping fact.
CONTEXT:  PL/pgSQL function kndb.resolve_conflict() line 91 at RAISE",,1,
237,READ COMMITTED,A,1,1,,,1,
238,READ COMMITTED,B,0,1,"CheckViolation: KNDB precedence: NEW outranked by fact_id=51e71887-337a-4ca6-a8b2-4519a3613e6d, reason=kind_outranked -- payload={""value"": ""INFERRED_iter238"", ""writer"": ""kndb_native"", ""fact_id"": ""32691f3b-3970-4080-842a-f82e3643751f"", ""provsql"": ""9be22725-1018-4c56-bfea-8131e14de480"", ""sources"": [], ""sys_time"": ""[\""2026-07-09 02:38:20.281492-05\"",infinity)"", ""attribute"": ""s2_slot"", ""entity_id"": 32000238, ""confidence"": 0.97000, ""valid_time"": ""[\""2025-12-31 18:00:00-06\"",\""2026-06-29 19:00:00-05\"")"", ""specificity"": 100, ""epistemic_kind"": ""INFERRED""}
HINT:  Incoming fact lost the precedence lattice against an existing overlapping fact.
CONTEXT:  PL/pgSQL function kndb.resolve_conflict() line 91 at RAISE",,1,
239,READ COMMITTED,B,0,1,"CheckViolation: KNDB precedence: NEW outranked by fact_id=3784b95c-bc72-4a0a-969b-803c6b451df0, reason=kind_outranked -- payload={""value"": ""INFERRED_iter239"", ""writer"": ""kndb_native"", ""fact_id"": ""9f639ded-1257-4b61-9c2a-3550d9a371fb"", ""provsql"": ""49ab72a3-0158-4e6f-b628-853690b359ce"", ""sources"": [], ""sys_time"": ""[\""2026-07-09 02:38:20.289851-05\"",infinity)"", ""attribute"": ""s2_slot"", ""entity_id"": 32000239, ""confidence"": 0.97000, ""valid_time"": ""[\""2025-12-31 18:00:00-06\"",\""2026-06-29 19:00:00-05\"")"", ""specificity"": 100, ""epistemic_kind"": ""INFERRED""}
HINT:  Incoming fact lost the precedence lattice against an existing overlapping fact.
CONTEXT:  PL/pgSQL function kndb.resolve_conflict() line 91 at RAISE",,1,
240,READ COMMITTED,A,1,1,,,1,
241,READ COMMITTED,B,0,1,"CheckViolation: KNDB precedence: NEW outranked by fact_id=3e4a9931-f670-406b-ad86-78524400cd09, reason=kind_outranked -- payload={""value"": ""INFERRED_iter241"", ""writer"": ""kndb_native"", ""fact_id"": ""552faa31-f0ed-468f-ad1e-7a6320b9a0c3"", ""provsql"": ""de697933-3f86-4d66-b157-c8c3e941128c"", ""sources"": [], ""sys_time"": ""[\""2026-07-09 02:38:20.307254-05\"",infinity)"", ""attribute"": ""s2_slot"", ""entity_id"": 32000241, ""confidence"": 0.97000, ""valid_time"": ""[\""2025-12-31 18:00:00-06\"",\""2026-06-29 19:00:00-05\"")"", ""specificity"": 100, ""epistemic_kind"": ""INFERRED""}
HINT:  Incoming fact lost the precedence lattice against an existing overlapping fact.
CONTEXT:  PL/pgSQL function kndb.resolve_conflict() line 91 at RAISE",,1,
242,READ COMMITTED,B,0,1,"CheckViolation: KNDB precedence: NEW outranked by fact_id=cfe8fcba-b141-48d4-86c8-8423ffe73de9, reason=kind_outranked -- payload={""value"": ""INFERRED_iter242"", ""writer"": ""kndb_native"", ""fact_id"": ""d308ff57-e89b-45e3-88b5-00e7006cea54"", ""provsql"": ""5f703798-aa59-4388-b0a0-fb959e751e64"", ""sources"": [], ""sys_time"": ""[\""2026-07-09 02:38:20.315939-05\"",infinity)"", ""attribute"": ""s2_slot"", ""entity_id"": 32000242, ""confidence"": 0.97000, ""valid_time"": ""[\""2025-12-31 18:00:00-06\"",\""2026-06-29 19:00:00-05\"")"", ""specificity"": 100, ""epistemic_kind"": ""INFERRED""}
HINT:  Incoming fact lost the precedence lattice against an existing overlapping fact.
CONTEXT:  PL/pgSQL function kndb.resolve_conflict() line 91 at RAISE",,1,
243,READ COMMITTED,B,0,1,"CheckViolation: KNDB precedence: NEW outranked by fact_id=facc21de-1e9b-40de-aece-f923d4865081, reason=kind_outranked -- payload={""value"": ""INFERRED_iter243"", ""writer"": ""kndb_native"", ""fact_id"": ""f8067566-8c14-4def-9040-a1673a080323"", ""provsql"": ""ecd19460-3136-43e3-9d49-b3e7bbcced81"", ""sources"": [], ""sys_time"": ""[\""2026-07-09 02:38:20.324305-05\"",infinity)"", ""attribute"": ""s2_slot"", ""entity_id"": 32000243, ""confidence"": 0.97000, ""valid_time"": ""[\""2025-12-31 18:00:00-06\"",\""2026-06-29 19:00:00-05\"")"", ""specificity"": 100, ""epistemic_kind"": ""INFERRED""}
HINT:  Incoming fact lost the precedence lattice against an existing overlapping fact.
CONTEXT:  PL/pgSQL function kndb.resolve_conflict() line 91 at RAISE",,1,
244,READ COMMITTED,A,1,1,,,1,
245,READ COMMITTED,B,0,1,"CheckViolation: KNDB precedence: NEW outranked by fact_id=2a9ab096-ee81-42a1-b824-8db648f81a14, reason=kind_outranked -- payload={""value"": ""INFERRED_iter245"", ""writer"": ""kndb_native"", ""fact_id"": ""3f03de2e-deb3-4d40-967a-e7527bc0b21c"", ""provsql"": ""7d7c747c-4827-4018-acb4-1b58a3f8bb05"", ""sources"": [], ""sys_time"": ""[\""2026-07-09 02:38:20.342329-05\"",infinity)"", ""attribute"": ""s2_slot"", ""entity_id"": 32000245, ""confidence"": 0.97000, ""valid_time"": ""[\""2025-12-31 18:00:00-06\"",\""2026-06-29 19:00:00-05\"")"", ""specificity"": 100, ""epistemic_kind"": ""INFERRED""}
HINT:  Incoming fact lost the precedence lattice against an existing overlapping fact.
CONTEXT:  PL/pgSQL function kndb.resolve_conflict() line 91 at RAISE",,1,
246,READ COMMITTED,A,1,1,,,1,
247,READ COMMITTED,A,1,1,,,1,
248,READ COMMITTED,B,0,1,"CheckViolation: KNDB precedence: NEW outranked by fact_id=b04486d7-bcc7-4219-bb85-fa5d541e5384, reason=kind_outranked -- payload={""value"": ""INFERRED_iter248"", ""writer"": ""kndb_native"", ""fact_id"": ""7bac4d2f-9e7a-4d2d-b488-4140d143f8b2"", ""provsql"": ""2bb2d555-11fd-4ee9-b0e3-7ae4e0f8e808"", ""sources"": [], ""sys_time"": ""[\""2026-07-09 02:38:20.367073-05\"",infinity)"", ""attribute"": ""s2_slot"", ""entity_id"": 32000248, ""confidence"": 0.97000, ""valid_time"": ""[\""2025-12-31 18:00:00-06\"",\""2026-06-29 19:00:00-05\"")"", ""specificity"": 100, ""epistemic_kind"": ""INFERRED""}
HINT:  Incoming fact lost the precedence lattice against an existing overlapping fact.
CONTEXT:  PL/pgSQL function kndb.resolve_conflict() line 91 at RAISE",,1,
249,READ COMMITTED,A,1,1,,,1,
250,READ COMMITTED,A,1,1,,,1,
251,READ COMMITTED,B,0,1,"CheckViolation: KNDB precedence: NEW outranked by fact_id=036c2f5c-75eb-4fb0-aa81-1257b1ea095d, reason=kind_outranked -- payload={""value"": ""INFERRED_iter251"", ""writer"": ""kndb_native"", ""fact_id"": ""f5705068-b28e-497e-a5ad-303815f5a473"", ""provsql"": ""22164f26-39f9-4bfd-a104-b4ff108ddf0d"", ""sources"": [], ""sys_time"": ""[\""2026-07-09 02:38:20.392519-05\"",infinity)"", ""attribute"": ""s2_slot"", ""entity_id"": 32000251, ""confidence"": 0.97000, ""valid_time"": ""[\""2025-12-31 18:00:00-06\"",\""2026-06-29 19:00:00-05\"")"", ""specificity"": 100, ""epistemic_kind"": ""INFERRED""}
HINT:  Incoming fact lost the precedence lattice against an existing overlapping fact.
CONTEXT:  PL/pgSQL function kndb.resolve_conflict() line 91 at RAISE",,1,
252,READ COMMITTED,A,1,1,,,1,
253,READ COMMITTED,A,1,1,,,1,
254,READ COMMITTED,B,0,1,"CheckViolation: KNDB precedence: NEW outranked by fact_id=1b08d759-3b22-4f2c-b9b1-436e9e6f1da2, reason=kind_outranked -- payload={""value"": ""INFERRED_iter254"", ""writer"": ""kndb_native"", ""fact_id"": ""3b6f657e-4409-400c-9999-814ac7a0e3f8"", ""provsql"": ""75e7324e-aeb9-41be-b538-8261eef70d22"", ""sources"": [], ""sys_time"": ""[\""2026-07-09 02:38:20.418035-05\"",infinity)"", ""attribute"": ""s2_slot"", ""entity_id"": 32000254, ""confidence"": 0.97000, ""valid_time"": ""[\""2025-12-31 18:00:00-06\"",\""2026-06-29 19:00:00-05\"")"", ""specificity"": 100, ""epistemic_kind"": ""INFERRED""}
HINT:  Incoming fact lost the precedence lattice against an existing overlapping fact.
CONTEXT:  PL/pgSQL function kndb.resolve_conflict() line 91 at RAISE",,1,
255,READ COMMITTED,B,0,1,"CheckViolation: KNDB precedence: NEW outranked by fact_id=8791fc0c-5390-4e6b-bdf2-e9ce10a67a9c, reason=kind_outranked -- payload={""value"": ""INFERRED_iter255"", ""writer"": ""kndb_native"", ""fact_id"": ""8bcd8e36-4937-42d3-b2a9-64c70f190899"", ""provsql"": ""dfa51604-8bb4-47ad-a3b0-2618759e667d"", ""sources"": [], ""sys_time"": ""[\""2026-07-09 02:38:20.426698-05\"",infinity)"", ""attribute"": ""s2_slot"", ""entity_id"": 32000255, ""confidence"": 0.97000, ""valid_time"": ""[\""2025-12-31 18:00:00-06\"",\""2026-06-29 19:00:00-05\"")"", ""specificity"": 100, ""epistemic_kind"": ""INFERRED""}
HINT:  Incoming fact lost the precedence lattice against an existing overlapping fact.
CONTEXT:  PL/pgSQL function kndb.resolve_conflict() line 91 at RAISE",,1,
256,READ COMMITTED,A,1,1,,,1,
257,READ COMMITTED,A,1,1,,,1,
258,READ COMMITTED,A,1,1,,,1,
259,READ COMMITTED,B,0,1,"CheckViolation: KNDB precedence: NEW outranked by fact_id=c4b4d0e2-f650-4a83-9321-09cbba84cb79, reason=kind_outranked -- payload={""value"": ""INFERRED_iter259"", ""writer"": ""kndb_native"", ""fact_id"": ""cc04fb2a-c478-4dba-9adb-e73e04a988b5"", ""provsql"": ""dc8a1aa2-0b18-4237-9691-ed3a24fff363"", ""sources"": [], ""sys_time"": ""[\""2026-07-09 02:38:20.462262-05\"",infinity)"", ""attribute"": ""s2_slot"", ""entity_id"": 32000259, ""confidence"": 0.97000, ""valid_time"": ""[\""2025-12-31 18:00:00-06\"",\""2026-06-29 19:00:00-05\"")"", ""specificity"": 100, ""epistemic_kind"": ""INFERRED""}
HINT:  Incoming fact lost the precedence lattice against an existing overlapping fact.
CONTEXT:  PL/pgSQL function kndb.resolve_conflict() line 91 at RAISE",,1,
260,READ COMMITTED,B,0,1,"CheckViolation: KNDB precedence: NEW outranked by fact_id=dc884628-7ce1-4959-b437-d264e249c1fb, reason=kind_outranked -- payload={""value"": ""INFERRED_iter260"", ""writer"": ""kndb_native"", ""fact_id"": ""3dc86fb5-841c-4a7f-bfc4-379f4331e97b"", ""provsql"": ""394b4b11-9075-4608-95b3-ae930dd15195"", ""sources"": [], ""sys_time"": ""[\""2026-07-09 02:38:20.47042-05\"",infinity)"", ""attribute"": ""s2_slot"", ""entity_id"": 32000260, ""confidence"": 0.97000, ""valid_time"": ""[\""2025-12-31 18:00:00-06\"",\""2026-06-29 19:00:00-05\"")"", ""specificity"": 100, ""epistemic_kind"": ""INFERRED""}
HINT:  Incoming fact lost the precedence lattice against an existing overlapping fact.
CONTEXT:  PL/pgSQL function kndb.resolve_conflict() line 91 at RAISE",,1,
261,READ COMMITTED,B,0,1,"CheckViolation: KNDB precedence: NEW outranked by fact_id=24c4b52d-3a1e-4bd1-8d25-107c91e20f6a, reason=kind_outranked -- payload={""value"": ""INFERRED_iter261"", ""writer"": ""kndb_native"", ""fact_id"": ""43305e8b-b7ab-4209-a447-5d255ae8da89"", ""provsql"": ""5fee6f08-e15a-4be9-90ba-b58829ad036e"", ""sources"": [], ""sys_time"": ""[\""2026-07-09 02:38:20.478521-05\"",infinity)"", ""attribute"": ""s2_slot"", ""entity_id"": 32000261, ""confidence"": 0.97000, ""valid_time"": ""[\""2025-12-31 18:00:00-06\"",\""2026-06-29 19:00:00-05\"")"", ""specificity"": 100, ""epistemic_kind"": ""INFERRED""}
HINT:  Incoming fact lost the precedence lattice against an existing overlapping fact.
CONTEXT:  PL/pgSQL function kndb.resolve_conflict() line 91 at RAISE",,1,
262,READ COMMITTED,A,1,1,,,1,
263,READ COMMITTED,A,1,1,,,1,
264,READ COMMITTED,B,0,1,"CheckViolation: KNDB precedence: NEW outranked by fact_id=82142fb6-a359-4e39-a2da-790d3a5a24f4, reason=kind_outranked -- payload={""value"": ""INFERRED_iter264"", ""writer"": ""kndb_native"", ""fact_id"": ""1df6e3e3-6131-4dd2-b5ea-cee59bcf2b6d"", ""provsql"": ""94438323-22f4-45f3-beef-6594f5937dc2"", ""sources"": [], ""sys_time"": ""[\""2026-07-09 02:38:20.506002-05\"",infinity)"", ""attribute"": ""s2_slot"", ""entity_id"": 32000264, ""confidence"": 0.97000, ""valid_time"": ""[\""2025-12-31 18:00:00-06\"",\""2026-06-29 19:00:00-05\"")"", ""specificity"": 100, ""epistemic_kind"": ""INFERRED""}
HINT:  Incoming fact lost the precedence lattice against an existing overlapping fact.
CONTEXT:  PL/pgSQL function kndb.resolve_conflict() line 91 at RAISE",,1,
265,READ COMMITTED,B,0,1,"CheckViolation: KNDB precedence: NEW outranked by fact_id=0455601f-7b80-4e83-b3b5-ee02e37a157d, reason=kind_outranked -- payload={""value"": ""INFERRED_iter265"", ""writer"": ""kndb_native"", ""fact_id"": ""34e582bd-8a3c-4ebb-b166-1e419128444f"", ""provsql"": ""2fdea4af-3220-43b1-b7b8-8c48a9c57ab1"", ""sources"": [], ""sys_time"": ""[\""2026-07-09 02:38:20.514911-05\"",infinity)"", ""attribute"": ""s2_slot"", ""entity_id"": 32000265, ""confidence"": 0.97000, ""valid_time"": ""[\""2025-12-31 18:00:00-06\"",\""2026-06-29 19:00:00-05\"")"", ""specificity"": 100, ""epistemic_kind"": ""INFERRED""}
HINT:  Incoming fact lost the precedence lattice against an existing overlapping fact.
CONTEXT:  PL/pgSQL function kndb.resolve_conflict() line 91 at RAISE",,1,
266,READ COMMITTED,B,0,1,"CheckViolation: KNDB precedence: NEW outranked by fact_id=19c9535e-bafb-4192-b05d-d881fe829700, reason=kind_outranked -- payload={""value"": ""INFERRED_iter266"", ""writer"": ""kndb_native"", ""fact_id"": ""18c2efda-47cd-4d01-a8d0-60825341bde0"", ""provsql"": ""71a7885d-282a-4bb4-ab22-909d387e7a58"", ""sources"": [], ""sys_time"": ""[\""2026-07-09 02:38:20.523816-05\"",infinity)"", ""attribute"": ""s2_slot"", ""entity_id"": 32000266, ""confidence"": 0.97000, ""valid_time"": ""[\""2025-12-31 18:00:00-06\"",\""2026-06-29 19:00:00-05\"")"", ""specificity"": 100, ""epistemic_kind"": ""INFERRED""}
HINT:  Incoming fact lost the precedence lattice against an existing overlapping fact.
CONTEXT:  PL/pgSQL function kndb.resolve_conflict() line 91 at RAISE",,1,
267,READ COMMITTED,B,0,1,"CheckViolation: KNDB precedence: NEW outranked by fact_id=e74dd142-bf53-4602-aae9-e3c6d0f9d61f, reason=kind_outranked -- payload={""value"": ""INFERRED_iter267"", ""writer"": ""kndb_native"", ""fact_id"": ""185ba9be-fe80-43e1-a258-cc98b5de315f"", ""provsql"": ""4159de50-d66b-49a6-ba7f-35b5dd6c7757"", ""sources"": [], ""sys_time"": ""[\""2026-07-09 02:38:20.532304-05\"",infinity)"", ""attribute"": ""s2_slot"", ""entity_id"": 32000267, ""confidence"": 0.97000, ""valid_time"": ""[\""2025-12-31 18:00:00-06\"",\""2026-06-29 19:00:00-05\"")"", ""specificity"": 100, ""epistemic_kind"": ""INFERRED""}
HINT:  Incoming fact lost the precedence lattice against an existing overlapping fact.
CONTEXT:  PL/pgSQL function kndb.resolve_conflict() line 91 at RAISE",,1,
268,READ COMMITTED,B,0,1,"CheckViolation: KNDB precedence: NEW outranked by fact_id=b6049fc5-2140-460b-bcdc-c10eac9667fe, reason=kind_outranked -- payload={""value"": ""INFERRED_iter268"", ""writer"": ""kndb_native"", ""fact_id"": ""e833beb7-1bbf-4452-8db4-4c8fdb7140f6"", ""provsql"": ""dd7d9bbf-f2b3-4a83-afb8-e82bc6524ba1"", ""sources"": [], ""sys_time"": ""[\""2026-07-09 02:38:20.542088-05\"",infinity)"", ""attribute"": ""s2_slot"", ""entity_id"": 32000268, ""confidence"": 0.97000, ""valid_time"": ""[\""2025-12-31 18:00:00-06\"",\""2026-06-29 19:00:00-05\"")"", ""specificity"": 100, ""epistemic_kind"": ""INFERRED""}
HINT:  Incoming fact lost the precedence lattice against an existing overlapping fact.
CONTEXT:  PL/pgSQL function kndb.resolve_conflict() line 91 at RAISE",,1,
269,READ COMMITTED,A,1,1,,,1,
270,READ COMMITTED,B,0,1,"CheckViolation: KNDB precedence: NEW outranked by fact_id=02797154-1204-4463-8297-b82a21658c77, reason=kind_outranked -- payload={""value"": ""INFERRED_iter270"", ""writer"": ""kndb_native"", ""fact_id"": ""2a891436-8d56-4a90-952f-abbf317438d4"", ""provsql"": ""b5ab030f-ac4c-4480-a7c6-91f6f57f4e3f"", ""sources"": [], ""sys_time"": ""[\""2026-07-09 02:38:20.559951-05\"",infinity)"", ""attribute"": ""s2_slot"", ""entity_id"": 32000270, ""confidence"": 0.97000, ""valid_time"": ""[\""2025-12-31 18:00:00-06\"",\""2026-06-29 19:00:00-05\"")"", ""specificity"": 100, ""epistemic_kind"": ""INFERRED""}
HINT:  Incoming fact lost the precedence lattice against an existing overlapping fact.
CONTEXT:  PL/pgSQL function kndb.resolve_conflict() line 91 at RAISE",,1,
271,READ COMMITTED,A,1,1,,,1,
272,READ COMMITTED,B,0,1,"CheckViolation: KNDB precedence: NEW outranked by fact_id=4168db21-ebe8-42fb-8717-036f368a861f, reason=kind_outranked -- payload={""value"": ""INFERRED_iter272"", ""writer"": ""kndb_native"", ""fact_id"": ""27590ba8-7e62-4b87-9d59-c6156645cdc5"", ""provsql"": ""c388a781-8042-43e4-92c3-5484e89545bb"", ""sources"": [], ""sys_time"": ""[\""2026-07-09 02:38:20.582355-05\"",infinity)"", ""attribute"": ""s2_slot"", ""entity_id"": 32000272, ""confidence"": 0.97000, ""valid_time"": ""[\""2025-12-31 18:00:00-06\"",\""2026-06-29 19:00:00-05\"")"", ""specificity"": 100, ""epistemic_kind"": ""INFERRED""}
HINT:  Incoming fact lost the precedence lattice against an existing overlapping fact.
CONTEXT:  PL/pgSQL function kndb.resolve_conflict() line 91 at RAISE",,1,
273,READ COMMITTED,B,0,1,"CheckViolation: KNDB precedence: NEW outranked by fact_id=3f7badf0-01c5-469d-8dc7-378d6dba1686, reason=kind_outranked -- payload={""value"": ""INFERRED_iter273"", ""writer"": ""kndb_native"", ""fact_id"": ""c7bcb268-c784-4b89-97ca-5bd11ed607dd"", ""provsql"": ""2a0af021-8ca7-4d6b-af13-6c4ed26f8c6f"", ""sources"": [], ""sys_time"": ""[\""2026-07-09 02:38:20.592584-05\"",infinity)"", ""attribute"": ""s2_slot"", ""entity_id"": 32000273, ""confidence"": 0.97000, ""valid_time"": ""[\""2025-12-31 18:00:00-06\"",\""2026-06-29 19:00:00-05\"")"", ""specificity"": 100, ""epistemic_kind"": ""INFERRED""}
HINT:  Incoming fact lost the precedence lattice against an existing overlapping fact.
CONTEXT:  PL/pgSQL function kndb.resolve_conflict() line 91 at RAISE",,1,
274,READ COMMITTED,A,1,1,,,1,
275,READ COMMITTED,A,1,1,,,1,
276,READ COMMITTED,A,1,1,,,1,
277,READ COMMITTED,B,0,1,"CheckViolation: KNDB precedence: NEW outranked by fact_id=7a354a03-4718-49b8-a1b1-531d3bcfc4ad, reason=kind_outranked -- payload={""value"": ""INFERRED_iter277"", ""writer"": ""kndb_native"", ""fact_id"": ""b4588f0f-3000-45f2-b5f7-287d40be379e"", ""provsql"": ""8178f937-b16a-49a3-b5da-8ac5e2466ae5"", ""sources"": [], ""sys_time"": ""[\""2026-07-09 02:38:20.634759-05\"",infinity)"", ""attribute"": ""s2_slot"", ""entity_id"": 32000277, ""confidence"": 0.97000, ""valid_time"": ""[\""2025-12-31 18:00:00-06\"",\""2026-06-29 19:00:00-05\"")"", ""specificity"": 100, ""epistemic_kind"": ""INFERRED""}
HINT:  Incoming fact lost the precedence lattice against an existing overlapping fact.
CONTEXT:  PL/pgSQL function kndb.resolve_conflict() line 91 at RAISE",,1,
278,READ COMMITTED,A,1,1,,,1,
279,READ COMMITTED,B,0,1,"CheckViolation: KNDB precedence: NEW outranked by fact_id=b9c40f62-1fdd-4614-af06-a168aad85358, reason=kind_outranked -- payload={""value"": ""INFERRED_iter279"", ""writer"": ""kndb_native"", ""fact_id"": ""9088a814-bf92-4ec8-8425-3809463b9869"", ""provsql"": ""67d271e9-709a-464f-a1cf-b691deb14fc6"", ""sources"": [], ""sys_time"": ""[\""2026-07-09 02:38:20.671177-05\"",infinity)"", ""attribute"": ""s2_slot"", ""entity_id"": 32000279, ""confidence"": 0.97000, ""valid_time"": ""[\""2025-12-31 18:00:00-06\"",\""2026-06-29 19:00:00-05\"")"", ""specificity"": 100, ""epistemic_kind"": ""INFERRED""}
HINT:  Incoming fact lost the precedence lattice against an existing overlapping fact.
CONTEXT:  PL/pgSQL function kndb.resolve_conflict() line 91 at RAISE",,1,
280,READ COMMITTED,B,0,1,"CheckViolation: KNDB precedence: NEW outranked by fact_id=6dae5fdc-d59f-4038-ad7d-0787e328eb47, reason=kind_outranked -- payload={""value"": ""INFERRED_iter280"", ""writer"": ""kndb_native"", ""fact_id"": ""540c397c-506a-4c25-95b7-3c95a302b716"", ""provsql"": ""629dda74-d36b-4fb5-8db9-63bbc7fa9ea7"", ""sources"": [], ""sys_time"": ""[\""2026-07-09 02:38:20.691495-05\"",infinity)"", ""attribute"": ""s2_slot"", ""entity_id"": 32000280, ""confidence"": 0.97000, ""valid_time"": ""[\""2025-12-31 18:00:00-06\"",\""2026-06-29 19:00:00-05\"")"", ""specificity"": 100, ""epistemic_kind"": ""INFERRED""}
HINT:  Incoming fact lost the precedence lattice against an existing overlapping fact.
CONTEXT:  PL/pgSQL function kndb.resolve_conflict() line 91 at RAISE",,1,
281,READ COMMITTED,A,1,1,,,1,
282,READ COMMITTED,B,0,1,"CheckViolation: KNDB precedence: NEW outranked by fact_id=94b5978b-90ae-475a-860b-64adf5819ed9, reason=kind_outranked -- payload={""value"": ""INFERRED_iter282"", ""writer"": ""kndb_native"", ""fact_id"": ""b95b3f09-d727-4f6d-be34-f1fbc8e66f9b"", ""provsql"": ""7fb7ffd9-45cf-496c-84af-b9282035e735"", ""sources"": [], ""sys_time"": ""[\""2026-07-09 02:38:20.71242-05\"",infinity)"", ""attribute"": ""s2_slot"", ""entity_id"": 32000282, ""confidence"": 0.97000, ""valid_time"": ""[\""2025-12-31 18:00:00-06\"",\""2026-06-29 19:00:00-05\"")"", ""specificity"": 100, ""epistemic_kind"": ""INFERRED""}
HINT:  Incoming fact lost the precedence lattice against an existing overlapping fact.
CONTEXT:  PL/pgSQL function kndb.resolve_conflict() line 91 at RAISE",,1,
283,READ COMMITTED,A,1,1,,,1,
284,READ COMMITTED,A,1,1,,,1,
285,READ COMMITTED,B,0,1,"CheckViolation: KNDB precedence: NEW outranked by fact_id=d9c616da-629f-4e95-b456-bc8d51afaf05, reason=kind_outranked -- payload={""value"": ""INFERRED_iter285"", ""writer"": ""kndb_native"", ""fact_id"": ""5831cc63-e93c-4b89-a13b-08fd81072f5b"", ""provsql"": ""33bcc614-3789-4570-ba04-ae64364c6a6f"", ""sources"": [], ""sys_time"": ""[\""2026-07-09 02:38:20.744781-05\"",infinity)"", ""attribute"": ""s2_slot"", ""entity_id"": 32000285, ""confidence"": 0.97000, ""valid_time"": ""[\""2025-12-31 18:00:00-06\"",\""2026-06-29 19:00:00-05\"")"", ""specificity"": 100, ""epistemic_kind"": ""INFERRED""}
HINT:  Incoming fact lost the precedence lattice against an existing overlapping fact.
CONTEXT:  PL/pgSQL function kndb.resolve_conflict() line 91 at RAISE",,1,
286,READ COMMITTED,B,0,1,"CheckViolation: KNDB precedence: NEW outranked by fact_id=90630deb-4d45-4132-aca4-319a2255ee55, reason=kind_outranked -- payload={""value"": ""INFERRED_iter286"", ""writer"": ""kndb_native"", ""fact_id"": ""ab4cbb88-af1f-4c59-b9cd-c46360d6a820"", ""provsql"": ""a1fca588-e309-4935-9047-f2d9f171e818"", ""sources"": [], ""sys_time"": ""[\""2026-07-09 02:38:20.754378-05\"",infinity)"", ""attribute"": ""s2_slot"", ""entity_id"": 32000286, ""confidence"": 0.97000, ""valid_time"": ""[\""2025-12-31 18:00:00-06\"",\""2026-06-29 19:00:00-05\"")"", ""specificity"": 100, ""epistemic_kind"": ""INFERRED""}
HINT:  Incoming fact lost the precedence lattice against an existing overlapping fact.
CONTEXT:  PL/pgSQL function kndb.resolve_conflict() line 91 at RAISE",,1,
287,READ COMMITTED,A,1,1,,,1,
288,READ COMMITTED,A,1,1,,,1,
289,READ COMMITTED,A,1,1,,,1,
290,READ COMMITTED,A,1,1,,,1,
291,READ COMMITTED,B,0,1,"CheckViolation: KNDB precedence: NEW outranked by fact_id=6e780dff-91ff-424a-bf19-012bb7f022f6, reason=kind_outranked -- payload={""value"": ""INFERRED_iter291"", ""writer"": ""kndb_native"", ""fact_id"": ""33177eb8-77ac-41b5-b8ac-cf84a1279cb3"", ""provsql"": ""f831f721-71b0-4c65-85bf-fcfc9a0660e5"", ""sources"": [], ""sys_time"": ""[\""2026-07-09 02:38:20.8065-05\"",infinity)"", ""attribute"": ""s2_slot"", ""entity_id"": 32000291, ""confidence"": 0.97000, ""valid_time"": ""[\""2025-12-31 18:00:00-06\"",\""2026-06-29 19:00:00-05\"")"", ""specificity"": 100, ""epistemic_kind"": ""INFERRED""}
HINT:  Incoming fact lost the precedence lattice against an existing overlapping fact.
CONTEXT:  PL/pgSQL function kndb.resolve_conflict() line 91 at RAISE",,1,
292,READ COMMITTED,B,0,1,"CheckViolation: KNDB precedence: NEW outranked by fact_id=f6c2491f-8662-460c-a89e-44bb858747f9, reason=kind_outranked -- payload={""value"": ""INFERRED_iter292"", ""writer"": ""kndb_native"", ""fact_id"": ""e62940e2-2fdc-4cdc-8d48-2685d885893b"", ""provsql"": ""6a8e8f32-aa8b-4186-bac4-02a943bc98a4"", ""sources"": [], ""sys_time"": ""[\""2026-07-09 02:38:20.815513-05\"",infinity)"", ""attribute"": ""s2_slot"", ""entity_id"": 32000292, ""confidence"": 0.97000, ""valid_time"": ""[\""2025-12-31 18:00:00-06\"",\""2026-06-29 19:00:00-05\"")"", ""specificity"": 100, ""epistemic_kind"": ""INFERRED""}
HINT:  Incoming fact lost the precedence lattice against an existing overlapping fact.
CONTEXT:  PL/pgSQL function kndb.resolve_conflict() line 91 at RAISE",,1,
293,READ COMMITTED,A,1,1,,,1,
294,READ COMMITTED,B,0,1,"CheckViolation: KNDB precedence: NEW outranked by fact_id=fc427481-7b91-4a61-ba58-ac7a964fb5ae, reason=kind_outranked -- payload={""value"": ""INFERRED_iter294"", ""writer"": ""kndb_native"", ""fact_id"": ""6f8ade48-f13e-400e-a75a-aa33dbc5bb13"", ""provsql"": ""95e1f356-69d1-4e9d-a8fc-b75856f21d72"", ""sources"": [], ""sys_time"": ""[\""2026-07-09 02:38:20.836031-05\"",infinity)"", ""attribute"": ""s2_slot"", ""entity_id"": 32000294, ""confidence"": 0.97000, ""valid_time"": ""[\""2025-12-31 18:00:00-06\"",\""2026-06-29 19:00:00-05\"")"", ""specificity"": 100, ""epistemic_kind"": ""INFERRED""}
HINT:  Incoming fact lost the precedence lattice against an existing overlapping fact.
CONTEXT:  PL/pgSQL function kndb.resolve_conflict() line 91 at RAISE",,1,
295,READ COMMITTED,B,0,1,"CheckViolation: KNDB precedence: NEW outranked by fact_id=96f6c299-512f-4581-8e11-07785caa2622, reason=kind_outranked -- payload={""value"": ""INFERRED_iter295"", ""writer"": ""kndb_native"", ""fact_id"": ""e7e1fc8b-a392-4762-aa9b-e930ee48f3cd"", ""provsql"": ""31560720-dfaf-45fb-a8cd-2ec417e56c88"", ""sources"": [], ""sys_time"": ""[\""2026-07-09 02:38:20.84492-05\"",infinity)"", ""attribute"": ""s2_slot"", ""entity_id"": 32000295, ""confidence"": 0.97000, ""valid_time"": ""[\""2025-12-31 18:00:00-06\"",\""2026-06-29 19:00:00-05\"")"", ""specificity"": 100, ""epistemic_kind"": ""INFERRED""}
HINT:  Incoming fact lost the precedence lattice against an existing overlapping fact.
CONTEXT:  PL/pgSQL function kndb.resolve_conflict() line 91 at RAISE",,1,
296,READ COMMITTED,A,1,1,,,1,
297,READ COMMITTED,A,1,1,,,1,
298,READ COMMITTED,A,1,1,,,1,
299,READ COMMITTED,B,0,1,"CheckViolation: KNDB precedence: NEW outranked by fact_id=e5d18b16-c6a7-492f-bed6-3119a0a577cf, reason=kind_outranked -- payload={""value"": ""INFERRED_iter299"", ""writer"": ""kndb_native"", ""fact_id"": ""7d7474cf-01bf-4c6e-81a1-0689cdf83669"", ""provsql"": ""cd1e84d5-c9e1-4b8e-9858-c4321571610a"", ""sources"": [], ""sys_time"": ""[\""2026-07-09 02:38:20.885607-05\"",infinity)"", ""attribute"": ""s2_slot"", ""entity_id"": 32000299, ""confidence"": 0.97000, ""valid_time"": ""[\""2025-12-31 18:00:00-06\"",\""2026-06-29 19:00:00-05\"")"", ""specificity"": 100, ""epistemic_kind"": ""INFERRED""}
HINT:  Incoming fact lost the precedence lattice against an existing overlapping fact.
CONTEXT:  PL/pgSQL function kndb.resolve_conflict() line 91 at RAISE",,1,
300,READ COMMITTED,B,0,1,"CheckViolation: KNDB precedence: NEW outranked by fact_id=1a424e64-4b46-4115-bdff-b8fcb96976ef, reason=kind_outranked -- payload={""value"": ""INFERRED_iter300"", ""writer"": ""kndb_native"", ""fact_id"": ""2dd8cb94-cb57-456f-bf82-42dacd8e483e"", ""provsql"": ""da4cc38f-2aca-4eea-8577-90046ea3d7f1"", ""sources"": [], ""sys_time"": ""[\""2026-07-09 02:38:20.897311-05\"",infinity)"", ""attribute"": ""s2_slot"", ""entity_id"": 32000300, ""confidence"": 0.97000, ""valid_time"": ""[\""2025-12-31 18:00:00-06\"",\""2026-06-29 19:00:00-05\"")"", ""specificity"": 100, ""epistemic_kind"": ""INFERRED""}
HINT:  Incoming fact lost the precedence lattice against an existing overlapping fact.
CONTEXT:  PL/pgSQL function kndb.resolve_conflict() line 91 at RAISE",,1,
301,READ COMMITTED,B,0,1,"CheckViolation: KNDB precedence: NEW outranked by fact_id=8fdba711-68ad-4f0b-9969-8cf6815e945c, reason=kind_outranked -- payload={""value"": ""INFERRED_iter301"", ""writer"": ""kndb_native"", ""fact_id"": ""1f6809d8-936f-4705-b258-eabce9ad27b9"", ""provsql"": ""79fb96c5-644b-4965-803c-e8d482160fad"", ""sources"": [], ""sys_time"": ""[\""2026-07-09 02:38:20.908415-05\"",infinity)"", ""attribute"": ""s2_slot"", ""entity_id"": 32000301, ""confidence"": 0.97000, ""valid_time"": ""[\""2025-12-31 18:00:00-06\"",\""2026-06-29 19:00:00-05\"")"", ""specificity"": 100, ""epistemic_kind"": ""INFERRED""}
HINT:  Incoming fact lost the precedence lattice against an existing overlapping fact.
CONTEXT:  PL/pgSQL function kndb.resolve_conflict() line 91 at RAISE",,1,
302,READ COMMITTED,B,0,1,"CheckViolation: KNDB precedence: NEW outranked by fact_id=8141fea8-58bd-459c-a43b-33c5c1a17319, reason=kind_outranked -- payload={""value"": ""INFERRED_iter302"", ""writer"": ""kndb_native"", ""fact_id"": ""f172485a-fd7a-4533-839b-14a22077166c"", ""provsql"": ""0e83c351-5a30-4bda-bc24-ab014691f975"", ""sources"": [], ""sys_time"": ""[\""2026-07-09 02:38:20.91955-05\"",infinity)"", ""attribute"": ""s2_slot"", ""entity_id"": 32000302, ""confidence"": 0.97000, ""valid_time"": ""[\""2025-12-31 18:00:00-06\"",\""2026-06-29 19:00:00-05\"")"", ""specificity"": 100, ""epistemic_kind"": ""INFERRED""}
HINT:  Incoming fact lost the precedence lattice against an existing overlapping fact.
CONTEXT:  PL/pgSQL function kndb.resolve_conflict() line 91 at RAISE",,1,
303,READ COMMITTED,B,0,1,"CheckViolation: KNDB precedence: NEW outranked by fact_id=7ec061bf-1654-4e83-873d-6b1f5ff3cf5a, reason=kind_outranked -- payload={""value"": ""INFERRED_iter303"", ""writer"": ""kndb_native"", ""fact_id"": ""a215a496-2f01-432e-9c27-14ddc60e385e"", ""provsql"": ""d302a6ea-a00d-46c4-aa85-f97adcd374a6"", ""sources"": [], ""sys_time"": ""[\""2026-07-09 02:38:20.930701-05\"",infinity)"", ""attribute"": ""s2_slot"", ""entity_id"": 32000303, ""confidence"": 0.97000, ""valid_time"": ""[\""2025-12-31 18:00:00-06\"",\""2026-06-29 19:00:00-05\"")"", ""specificity"": 100, ""epistemic_kind"": ""INFERRED""}
HINT:  Incoming fact lost the precedence lattice against an existing overlapping fact.
CONTEXT:  PL/pgSQL function kndb.resolve_conflict() line 91 at RAISE",,1,
304,READ COMMITTED,A,1,1,,,1,
305,READ COMMITTED,A,1,1,,,1,
306,READ COMMITTED,A,1,1,,,1,
307,READ COMMITTED,B,0,1,"CheckViolation: KNDB precedence: NEW outranked by fact_id=2d6913d8-2994-4643-8465-ed3e20ce5168, reason=kind_outranked -- payload={""value"": ""INFERRED_iter307"", ""writer"": ""kndb_native"", ""fact_id"": ""b1e4e894-2b99-47ea-acf1-74adaa2a30c0"", ""provsql"": ""b098cb83-6d39-44de-b56c-eefd506b6169"", ""sources"": [], ""sys_time"": ""[\""2026-07-09 02:38:20.973548-05\"",infinity)"", ""attribute"": ""s2_slot"", ""entity_id"": 32000307, ""confidence"": 0.97000, ""valid_time"": ""[\""2025-12-31 18:00:00-06\"",\""2026-06-29 19:00:00-05\"")"", ""specificity"": 100, ""epistemic_kind"": ""INFERRED""}
HINT:  Incoming fact lost the precedence lattice against an existing overlapping fact.
CONTEXT:  PL/pgSQL function kndb.resolve_conflict() line 91 at RAISE",,1,
308,READ COMMITTED,B,0,1,"CheckViolation: KNDB precedence: NEW outranked by fact_id=858d48e8-a13c-4492-aa76-b0e77b194e7c, reason=kind_outranked -- payload={""value"": ""INFERRED_iter308"", ""writer"": ""kndb_native"", ""fact_id"": ""0b50d7d5-f79b-45d7-8bfb-f381d8ea286f"", ""provsql"": ""ff920daa-2428-4bb8-9e7b-739ac8e87585"", ""sources"": [], ""sys_time"": ""[\""2026-07-09 02:38:20.983497-05\"",infinity)"", ""attribute"": ""s2_slot"", ""entity_id"": 32000308, ""confidence"": 0.97000, ""valid_time"": ""[\""2025-12-31 18:00:00-06\"",\""2026-06-29 19:00:00-05\"")"", ""specificity"": 100, ""epistemic_kind"": ""INFERRED""}
HINT:  Incoming fact lost the precedence lattice against an existing overlapping fact.
CONTEXT:  PL/pgSQL function kndb.resolve_conflict() line 91 at RAISE",,1,
309,READ COMMITTED,B,0,1,"CheckViolation: KNDB precedence: NEW outranked by fact_id=254cfd38-ea64-472e-b581-13f715cb71f6, reason=kind_outranked -- payload={""value"": ""INFERRED_iter309"", ""writer"": ""kndb_native"", ""fact_id"": ""5b082806-a853-473a-a62e-4e6a1ad286b3"", ""provsql"": ""f433d174-fcaa-4d5b-8611-41af07e97040"", ""sources"": [], ""sys_time"": ""[\""2026-07-09 02:38:20.99191-05\"",infinity)"", ""attribute"": ""s2_slot"", ""entity_id"": 32000309, ""confidence"": 0.97000, ""valid_time"": ""[\""2025-12-31 18:00:00-06\"",\""2026-06-29 19:00:00-05\"")"", ""specificity"": 100, ""epistemic_kind"": ""INFERRED""}
HINT:  Incoming fact lost the precedence lattice against an existing overlapping fact.
CONTEXT:  PL/pgSQL function kndb.resolve_conflict() line 91 at RAISE",,1,
310,READ COMMITTED,B,0,1,"CheckViolation: KNDB precedence: NEW outranked by fact_id=08b3b420-837e-499f-b27b-964756ebb659, reason=kind_outranked -- payload={""value"": ""INFERRED_iter310"", ""writer"": ""kndb_native"", ""fact_id"": ""261fe4a6-e505-4fea-881d-f08c8ef9c1d7"", ""provsql"": ""924e63bd-abbe-46aa-b714-944034710155"", ""sources"": [], ""sys_time"": ""[\""2026-07-09 02:38:21.000956-05\"",infinity)"", ""attribute"": ""s2_slot"", ""entity_id"": 32000310, ""confidence"": 0.97000, ""valid_time"": ""[\""2025-12-31 18:00:00-06\"",\""2026-06-29 19:00:00-05\"")"", ""specificity"": 100, ""epistemic_kind"": ""INFERRED""}
HINT:  Incoming fact lost the precedence lattice against an existing overlapping fact.
CONTEXT:  PL/pgSQL function kndb.resolve_conflict() line 91 at RAISE",,1,
311,READ COMMITTED,A,1,1,,,1,
312,READ COMMITTED,A,1,1,,,1,
313,READ COMMITTED,A,1,1,,,1,
314,READ COMMITTED,B,0,1,"CheckViolation: KNDB precedence: NEW outranked by fact_id=1a35cc1a-60bb-4163-a59f-9d4631cf0c4f, reason=kind_outranked -- payload={""value"": ""INFERRED_iter314"", ""writer"": ""kndb_native"", ""fact_id"": ""b64fbf5f-87c7-4fe3-8ce0-3ec48020a845"", ""provsql"": ""18cac121-feab-4d6e-bff2-d1a6cc67450b"", ""sources"": [], ""sys_time"": ""[\""2026-07-09 02:38:21.038545-05\"",infinity)"", ""attribute"": ""s2_slot"", ""entity_id"": 32000314, ""confidence"": 0.97000, ""valid_time"": ""[\""2025-12-31 18:00:00-06\"",\""2026-06-29 19:00:00-05\"")"", ""specificity"": 100, ""epistemic_kind"": ""INFERRED""}
HINT:  Incoming fact lost the precedence lattice against an existing overlapping fact.
CONTEXT:  PL/pgSQL function kndb.resolve_conflict() line 91 at RAISE",,1,
315,READ COMMITTED,B,0,1,"CheckViolation: KNDB precedence: NEW outranked by fact_id=f0aac6a7-225a-4ab5-ad2b-5af443e9c9cb, reason=kind_outranked -- payload={""value"": ""INFERRED_iter315"", ""writer"": ""kndb_native"", ""fact_id"": ""9805f8d5-079c-4422-b851-6eaa02e24d65"", ""provsql"": ""3d42a802-d0e2-46bc-a555-9b6c7dc07ae4"", ""sources"": [], ""sys_time"": ""[\""2026-07-09 02:38:21.048078-05\"",infinity)"", ""attribute"": ""s2_slot"", ""entity_id"": 32000315, ""confidence"": 0.97000, ""valid_time"": ""[\""2025-12-31 18:00:00-06\"",\""2026-06-29 19:00:00-05\"")"", ""specificity"": 100, ""epistemic_kind"": ""INFERRED""}
HINT:  Incoming fact lost the precedence lattice against an existing overlapping fact.
CONTEXT:  PL/pgSQL function kndb.resolve_conflict() line 91 at RAISE",,1,
316,READ COMMITTED,A,1,1,,,1,
317,READ COMMITTED,B,0,1,"CheckViolation: KNDB precedence: NEW outranked by fact_id=975c1d20-cee7-47d5-949c-bb0c9de13515, reason=kind_outranked -- payload={""value"": ""INFERRED_iter317"", ""writer"": ""kndb_native"", ""fact_id"": ""6faeead9-1593-4abb-9249-2030b1beee1c"", ""provsql"": ""917d675d-d290-4824-a4b7-61f207110070"", ""sources"": [], ""sys_time"": ""[\""2026-07-09 02:38:21.066736-05\"",infinity)"", ""attribute"": ""s2_slot"", ""entity_id"": 32000317, ""confidence"": 0.97000, ""valid_time"": ""[\""2025-12-31 18:00:00-06\"",\""2026-06-29 19:00:00-05\"")"", ""specificity"": 100, ""epistemic_kind"": ""INFERRED""}
HINT:  Incoming fact lost the precedence lattice against an existing overlapping fact.
CONTEXT:  PL/pgSQL function kndb.resolve_conflict() line 91 at RAISE",,1,
318,READ COMMITTED,A,1,1,,,1,
319,READ COMMITTED,B,0,1,"CheckViolation: KNDB precedence: NEW outranked by fact_id=5fb73622-0579-437d-9cf7-60d6f6f15486, reason=kind_outranked -- payload={""value"": ""INFERRED_iter319"", ""writer"": ""kndb_native"", ""fact_id"": ""d1787949-13c2-463e-8dad-2575e223768d"", ""provsql"": ""41383567-8543-49a6-9bcf-92d872e582a0"", ""sources"": [], ""sys_time"": ""[\""2026-07-09 02:38:21.083738-05\"",infinity)"", ""attribute"": ""s2_slot"", ""entity_id"": 32000319, ""confidence"": 0.97000, ""valid_time"": ""[\""2025-12-31 18:00:00-06\"",\""2026-06-29 19:00:00-05\"")"", ""specificity"": 100, ""epistemic_kind"": ""INFERRED""}
HINT:  Incoming fact lost the precedence lattice against an existing overlapping fact.
CONTEXT:  PL/pgSQL function kndb.resolve_conflict() line 91 at RAISE",,1,
320,READ COMMITTED,B,0,1,"CheckViolation: KNDB precedence: NEW outranked by fact_id=d21ea885-3d9a-4b2f-9856-459e892c91de, reason=kind_outranked -- payload={""value"": ""INFERRED_iter320"", ""writer"": ""kndb_native"", ""fact_id"": ""09d6354b-3c4d-47e1-a25c-24ea506e69e1"", ""provsql"": ""f585f3b8-a7b2-4442-9182-3deebe9055e3"", ""sources"": [], ""sys_time"": ""[\""2026-07-09 02:38:21.091587-05\"",infinity)"", ""attribute"": ""s2_slot"", ""entity_id"": 32000320, ""confidence"": 0.97000, ""valid_time"": ""[\""2025-12-31 18:00:00-06\"",\""2026-06-29 19:00:00-05\"")"", ""specificity"": 100, ""epistemic_kind"": ""INFERRED""}
HINT:  Incoming fact lost the precedence lattice against an existing overlapping fact.
CONTEXT:  PL/pgSQL function kndb.resolve_conflict() line 91 at RAISE",,1,
321,READ COMMITTED,B,0,1,"CheckViolation: KNDB precedence: NEW outranked by fact_id=31a803c8-e511-4b27-982c-aff1579721ef, reason=kind_outranked -- payload={""value"": ""INFERRED_iter321"", ""writer"": ""kndb_native"", ""fact_id"": ""7e5f1c43-8246-4106-94fb-cddbc3c49722"", ""provsql"": ""6c30f3bf-e15b-48fb-a5f6-30ac22ec175a"", ""sources"": [], ""sys_time"": ""[\""2026-07-09 02:38:21.100117-05\"",infinity)"", ""attribute"": ""s2_slot"", ""entity_id"": 32000321, ""confidence"": 0.97000, ""valid_time"": ""[\""2025-12-31 18:00:00-06\"",\""2026-06-29 19:00:00-05\"")"", ""specificity"": 100, ""epistemic_kind"": ""INFERRED""}
HINT:  Incoming fact lost the precedence lattice against an existing overlapping fact.
CONTEXT:  PL/pgSQL function kndb.resolve_conflict() line 91 at RAISE",,1,
322,READ COMMITTED,B,0,1,"CheckViolation: KNDB precedence: NEW outranked by fact_id=6f92b77a-1bcc-40d5-8dc7-4b7f4aa35415, reason=kind_outranked -- payload={""value"": ""INFERRED_iter322"", ""writer"": ""kndb_native"", ""fact_id"": ""6f29fe03-f79b-4246-8c32-72b07c6ef6ab"", ""provsql"": ""eebc4e1d-c7dd-4a25-a80d-c1ed20f9e938"", ""sources"": [], ""sys_time"": ""[\""2026-07-09 02:38:21.108272-05\"",infinity)"", ""attribute"": ""s2_slot"", ""entity_id"": 32000322, ""confidence"": 0.97000, ""valid_time"": ""[\""2025-12-31 18:00:00-06\"",\""2026-06-29 19:00:00-05\"")"", ""specificity"": 100, ""epistemic_kind"": ""INFERRED""}
HINT:  Incoming fact lost the precedence lattice against an existing overlapping fact.
CONTEXT:  PL/pgSQL function kndb.resolve_conflict() line 91 at RAISE",,1,
323,READ COMMITTED,B,0,1,"CheckViolation: KNDB precedence: NEW outranked by fact_id=76139df9-c7c9-4c94-ad07-6a1ed0e543b1, reason=kind_outranked -- payload={""value"": ""INFERRED_iter323"", ""writer"": ""kndb_native"", ""fact_id"": ""1a92126d-1776-4946-8450-a8c12ee81890"", ""provsql"": ""735a6068-faad-4e6d-bf49-4f94cd3184fd"", ""sources"": [], ""sys_time"": ""[\""2026-07-09 02:38:21.116475-05\"",infinity)"", ""attribute"": ""s2_slot"", ""entity_id"": 32000323, ""confidence"": 0.97000, ""valid_time"": ""[\""2025-12-31 18:00:00-06\"",\""2026-06-29 19:00:00-05\"")"", ""specificity"": 100, ""epistemic_kind"": ""INFERRED""}
HINT:  Incoming fact lost the precedence lattice against an existing overlapping fact.
CONTEXT:  PL/pgSQL function kndb.resolve_conflict() line 91 at RAISE",,1,
324,READ COMMITTED,A,1,1,,,1,
325,READ COMMITTED,B,0,1,"CheckViolation: KNDB precedence: NEW outranked by fact_id=01f88c7b-e42b-4ee1-87fb-eebf971ff78c, reason=kind_outranked -- payload={""value"": ""INFERRED_iter325"", ""writer"": ""kndb_native"", ""fact_id"": ""242a1fd0-a082-4dd6-9967-0778961ea854"", ""provsql"": ""51d54ab4-5a91-4c00-89d6-fdb144643c87"", ""sources"": [], ""sys_time"": ""[\""2026-07-09 02:38:21.133664-05\"",infinity)"", ""attribute"": ""s2_slot"", ""entity_id"": 32000325, ""confidence"": 0.97000, ""valid_time"": ""[\""2025-12-31 18:00:00-06\"",\""2026-06-29 19:00:00-05\"")"", ""specificity"": 100, ""epistemic_kind"": ""INFERRED""}
HINT:  Incoming fact lost the precedence lattice against an existing overlapping fact.
CONTEXT:  PL/pgSQL function kndb.resolve_conflict() line 91 at RAISE",,1,
326,READ COMMITTED,A,1,1,,,1,
327,READ COMMITTED,B,0,1,"CheckViolation: KNDB precedence: NEW outranked by fact_id=0e2cfdb3-bd5d-4b8f-927c-bdd9905a3b76, reason=kind_outranked -- payload={""value"": ""INFERRED_iter327"", ""writer"": ""kndb_native"", ""fact_id"": ""b4424633-d972-4914-a93d-e7e7e4012419"", ""provsql"": ""60593d5d-1d06-4c26-b50a-52ebc8eed5f9"", ""sources"": [], ""sys_time"": ""[\""2026-07-09 02:38:21.1502-05\"",infinity)"", ""attribute"": ""s2_slot"", ""entity_id"": 32000327, ""confidence"": 0.97000, ""valid_time"": ""[\""2025-12-31 18:00:00-06\"",\""2026-06-29 19:00:00-05\"")"", ""specificity"": 100, ""epistemic_kind"": ""INFERRED""}
HINT:  Incoming fact lost the precedence lattice against an existing overlapping fact.
CONTEXT:  PL/pgSQL function kndb.resolve_conflict() line 91 at RAISE",,1,
328,READ COMMITTED,B,0,1,"CheckViolation: KNDB precedence: NEW outranked by fact_id=3f2813ca-3461-4df3-a455-ebc2416a301f, reason=kind_outranked -- payload={""value"": ""INFERRED_iter328"", ""writer"": ""kndb_native"", ""fact_id"": ""fb8fd887-bf27-4f81-bf89-4663e81ec3dc"", ""provsql"": ""62cda474-494f-4722-bca2-0ad10cacd57d"", ""sources"": [], ""sys_time"": ""[\""2026-07-09 02:38:21.158609-05\"",infinity)"", ""attribute"": ""s2_slot"", ""entity_id"": 32000328, ""confidence"": 0.97000, ""valid_time"": ""[\""2025-12-31 18:00:00-06\"",\""2026-06-29 19:00:00-05\"")"", ""specificity"": 100, ""epistemic_kind"": ""INFERRED""}
HINT:  Incoming fact lost the precedence lattice against an existing overlapping fact.
CONTEXT:  PL/pgSQL function kndb.resolve_conflict() line 91 at RAISE",,1,
329,READ COMMITTED,B,0,1,"CheckViolation: KNDB precedence: NEW outranked by fact_id=e9999b87-067e-4fd3-9d0b-301f96e9e69b, reason=kind_outranked -- payload={""value"": ""INFERRED_iter329"", ""writer"": ""kndb_native"", ""fact_id"": ""1c6391f3-f97a-40ec-b295-877e7838dfad"", ""provsql"": ""551cc67f-73f5-49dd-ae33-836133ce6400"", ""sources"": [], ""sys_time"": ""[\""2026-07-09 02:38:21.166624-05\"",infinity)"", ""attribute"": ""s2_slot"", ""entity_id"": 32000329, ""confidence"": 0.97000, ""valid_time"": ""[\""2025-12-31 18:00:00-06\"",\""2026-06-29 19:00:00-05\"")"", ""specificity"": 100, ""epistemic_kind"": ""INFERRED""}
HINT:  Incoming fact lost the precedence lattice against an existing overlapping fact.
CONTEXT:  PL/pgSQL function kndb.resolve_conflict() line 91 at RAISE",,1,
330,READ COMMITTED,B,0,1,"CheckViolation: KNDB precedence: NEW outranked by fact_id=7c1d0782-82a6-4e19-96e8-fbfaac0a9d62, reason=kind_outranked -- payload={""value"": ""INFERRED_iter330"", ""writer"": ""kndb_native"", ""fact_id"": ""0411bdec-bf5a-4485-902c-7cf9a08800e4"", ""provsql"": ""af056d5f-1398-479e-9c88-96c9c3f00510"", ""sources"": [], ""sys_time"": ""[\""2026-07-09 02:38:21.174857-05\"",infinity)"", ""attribute"": ""s2_slot"", ""entity_id"": 32000330, ""confidence"": 0.97000, ""valid_time"": ""[\""2025-12-31 18:00:00-06\"",\""2026-06-29 19:00:00-05\"")"", ""specificity"": 100, ""epistemic_kind"": ""INFERRED""}
HINT:  Incoming fact lost the precedence lattice against an existing overlapping fact.
CONTEXT:  PL/pgSQL function kndb.resolve_conflict() line 91 at RAISE",,1,
331,READ COMMITTED,A,1,1,,,1,
332,READ COMMITTED,B,0,1,"CheckViolation: KNDB precedence: NEW outranked by fact_id=cada9a76-4131-4b04-bc92-cd5b1151839a, reason=kind_outranked -- payload={""value"": ""INFERRED_iter332"", ""writer"": ""kndb_native"", ""fact_id"": ""2136ccc6-56d3-4029-b5c4-39827eb279c1"", ""provsql"": ""87673ae8-9794-45e9-a8d5-4d5d6c2f0e0e"", ""sources"": [], ""sys_time"": ""[\""2026-07-09 02:38:21.191584-05\"",infinity)"", ""attribute"": ""s2_slot"", ""entity_id"": 32000332, ""confidence"": 0.97000, ""valid_time"": ""[\""2025-12-31 18:00:00-06\"",\""2026-06-29 19:00:00-05\"")"", ""specificity"": 100, ""epistemic_kind"": ""INFERRED""}
HINT:  Incoming fact lost the precedence lattice against an existing overlapping fact.
CONTEXT:  PL/pgSQL function kndb.resolve_conflict() line 91 at RAISE",,1,
333,READ COMMITTED,A,1,1,,,1,
334,READ COMMITTED,B,0,1,"CheckViolation: KNDB precedence: NEW outranked by fact_id=2f0a4ba3-de68-4b60-a244-fda39b37f656, reason=kind_outranked -- payload={""value"": ""INFERRED_iter334"", ""writer"": ""kndb_native"", ""fact_id"": ""e962de15-c9f3-4576-9ef2-6bd0f575da33"", ""provsql"": ""4d042e9c-4ac4-41bd-b642-df01ec77d2a8"", ""sources"": [], ""sys_time"": ""[\""2026-07-09 02:38:21.208883-05\"",infinity)"", ""attribute"": ""s2_slot"", ""entity_id"": 32000334, ""confidence"": 0.97000, ""valid_time"": ""[\""2025-12-31 18:00:00-06\"",\""2026-06-29 19:00:00-05\"")"", ""specificity"": 100, ""epistemic_kind"": ""INFERRED""}
HINT:  Incoming fact lost the precedence lattice against an existing overlapping fact.
CONTEXT:  PL/pgSQL function kndb.resolve_conflict() line 91 at RAISE",,1,
335,READ COMMITTED,B,0,1,"CheckViolation: KNDB precedence: NEW outranked by fact_id=68b468b3-4bac-4c9f-aa60-1d694f52dc53, reason=kind_outranked -- payload={""value"": ""INFERRED_iter335"", ""writer"": ""kndb_native"", ""fact_id"": ""82c9aba0-804b-44c6-85bd-09cef898aab6"", ""provsql"": ""e56d4c71-1057-4b70-b2a9-e95b5355a86f"", ""sources"": [], ""sys_time"": ""[\""2026-07-09 02:38:21.217465-05\"",infinity)"", ""attribute"": ""s2_slot"", ""entity_id"": 32000335, ""confidence"": 0.97000, ""valid_time"": ""[\""2025-12-31 18:00:00-06\"",\""2026-06-29 19:00:00-05\"")"", ""specificity"": 100, ""epistemic_kind"": ""INFERRED""}
HINT:  Incoming fact lost the precedence lattice against an existing overlapping fact.
CONTEXT:  PL/pgSQL function kndb.resolve_conflict() line 91 at RAISE",,1,
336,READ COMMITTED,A,1,1,,,1,
337,READ COMMITTED,B,0,1,"CheckViolation: KNDB precedence: NEW outranked by fact_id=80a8091d-af92-499b-9d33-0a55505485e1, reason=kind_outranked -- payload={""value"": ""INFERRED_iter337"", ""writer"": ""kndb_native"", ""fact_id"": ""752e3313-1e37-45ad-a1d6-be33fa98be96"", ""provsql"": ""b19744ac-c890-40bf-9376-9a82f391fb43"", ""sources"": [], ""sys_time"": ""[\""2026-07-09 02:38:21.234152-05\"",infinity)"", ""attribute"": ""s2_slot"", ""entity_id"": 32000337, ""confidence"": 0.97000, ""valid_time"": ""[\""2025-12-31 18:00:00-06\"",\""2026-06-29 19:00:00-05\"")"", ""specificity"": 100, ""epistemic_kind"": ""INFERRED""}
HINT:  Incoming fact lost the precedence lattice against an existing overlapping fact.
CONTEXT:  PL/pgSQL function kndb.resolve_conflict() line 91 at RAISE",,1,
338,READ COMMITTED,A,1,1,,,1,
339,READ COMMITTED,A,1,1,,,1,
340,READ COMMITTED,B,0,1,"CheckViolation: KNDB precedence: NEW outranked by fact_id=977b27d3-a018-46dc-bdae-e9c15cb2320a, reason=kind_outranked -- payload={""value"": ""INFERRED_iter340"", ""writer"": ""kndb_native"", ""fact_id"": ""7d674a51-a4a5-4f5d-8a80-7ce957d8215b"", ""provsql"": ""2bc8b72b-0c39-4714-b5a9-227c07028587"", ""sources"": [], ""sys_time"": ""[\""2026-07-09 02:38:21.260465-05\"",infinity)"", ""attribute"": ""s2_slot"", ""entity_id"": 32000340, ""confidence"": 0.97000, ""valid_time"": ""[\""2025-12-31 18:00:00-06\"",\""2026-06-29 19:00:00-05\"")"", ""specificity"": 100, ""epistemic_kind"": ""INFERRED""}
HINT:  Incoming fact lost the precedence lattice against an existing overlapping fact.
CONTEXT:  PL/pgSQL function kndb.resolve_conflict() line 91 at RAISE",,1,
341,READ COMMITTED,A,1,1,,,1,
342,READ COMMITTED,A,1,1,,,1,
343,READ COMMITTED,A,1,1,,,1,
344,READ COMMITTED,A,1,1,,,1,
345,READ COMMITTED,B,0,1,"CheckViolation: KNDB precedence: NEW outranked by fact_id=055a8b39-5591-4ecc-87a6-c5c4685a90e9, reason=kind_outranked -- payload={""value"": ""INFERRED_iter345"", ""writer"": ""kndb_native"", ""fact_id"": ""90f532d0-5342-4f8f-80e6-02a1f4ddd5ba"", ""provsql"": ""4d91adf1-ea00-4f1a-b82d-e27f59af5b91"", ""sources"": [], ""sys_time"": ""[\""2026-07-09 02:38:21.30586-05\"",infinity)"", ""attribute"": ""s2_slot"", ""entity_id"": 32000345, ""confidence"": 0.97000, ""valid_time"": ""[\""2025-12-31 18:00:00-06\"",\""2026-06-29 19:00:00-05\"")"", ""specificity"": 100, ""epistemic_kind"": ""INFERRED""}
HINT:  Incoming fact lost the precedence lattice against an existing overlapping fact.
CONTEXT:  PL/pgSQL function kndb.resolve_conflict() line 91 at RAISE",,1,
346,READ COMMITTED,B,0,1,"CheckViolation: KNDB precedence: NEW outranked by fact_id=8f89e13d-c50a-467e-be76-147ba44a776a, reason=kind_outranked -- payload={""value"": ""INFERRED_iter346"", ""writer"": ""kndb_native"", ""fact_id"": ""2da321c8-5f37-4f06-a8ee-b18e48bce5cb"", ""provsql"": ""00142720-d41b-494b-b40d-7f3c0d0ca4ab"", ""sources"": [], ""sys_time"": ""[\""2026-07-09 02:38:21.314628-05\"",infinity)"", ""attribute"": ""s2_slot"", ""entity_id"": 32000346, ""confidence"": 0.97000, ""valid_time"": ""[\""2025-12-31 18:00:00-06\"",\""2026-06-29 19:00:00-05\"")"", ""specificity"": 100, ""epistemic_kind"": ""INFERRED""}
HINT:  Incoming fact lost the precedence lattice against an existing overlapping fact.
CONTEXT:  PL/pgSQL function kndb.resolve_conflict() line 91 at RAISE",,1,
347,READ COMMITTED,A,1,1,,,1,
348,READ COMMITTED,B,0,1,"CheckViolation: KNDB precedence: NEW outranked by fact_id=64410f78-e504-4fdc-b667-9dc69dcbf462, reason=kind_outranked -- payload={""value"": ""INFERRED_iter348"", ""writer"": ""kndb_native"", ""fact_id"": ""666f9168-713c-4a45-a988-b48aeefe10ee"", ""provsql"": ""51db74a5-0903-46e3-b00c-c30d67434d9a"", ""sources"": [], ""sys_time"": ""[\""2026-07-09 02:38:21.331894-05\"",infinity)"", ""attribute"": ""s2_slot"", ""entity_id"": 32000348, ""confidence"": 0.97000, ""valid_time"": ""[\""2025-12-31 18:00:00-06\"",\""2026-06-29 19:00:00-05\"")"", ""specificity"": 100, ""epistemic_kind"": ""INFERRED""}
HINT:  Incoming fact lost the precedence lattice against an existing overlapping fact.
CONTEXT:  PL/pgSQL function kndb.resolve_conflict() line 91 at RAISE",,1,
349,READ COMMITTED,A,1,1,,,1,
350,READ COMMITTED,B,0,1,"CheckViolation: KNDB precedence: NEW outranked by fact_id=71356e1b-475c-4472-91f9-3e12dd52ead7, reason=kind_outranked -- payload={""value"": ""INFERRED_iter350"", ""writer"": ""kndb_native"", ""fact_id"": ""aa0e561e-9708-4830-aca1-9ab88d29eb01"", ""provsql"": ""620bd18c-a5fb-46d2-861f-206a57b8b0ac"", ""sources"": [], ""sys_time"": ""[\""2026-07-09 02:38:21.34854-05\"",infinity)"", ""attribute"": ""s2_slot"", ""entity_id"": 32000350, ""confidence"": 0.97000, ""valid_time"": ""[\""2025-12-31 18:00:00-06\"",\""2026-06-29 19:00:00-05\"")"", ""specificity"": 100, ""epistemic_kind"": ""INFERRED""}
HINT:  Incoming fact lost the precedence lattice against an existing overlapping fact.
CONTEXT:  PL/pgSQL function kndb.resolve_conflict() line 91 at RAISE",,1,
351,READ COMMITTED,B,0,1,"CheckViolation: KNDB precedence: NEW outranked by fact_id=a90fc811-a266-4e4d-ac9c-6eea23263fa0, reason=kind_outranked -- payload={""value"": ""INFERRED_iter351"", ""writer"": ""kndb_native"", ""fact_id"": ""c1427b1a-7616-454a-99ff-248a4bcdc98e"", ""provsql"": ""e4e8b7b6-9c75-432b-a4a4-122f7bc72d10"", ""sources"": [], ""sys_time"": ""[\""2026-07-09 02:38:21.357162-05\"",infinity)"", ""attribute"": ""s2_slot"", ""entity_id"": 32000351, ""confidence"": 0.97000, ""valid_time"": ""[\""2025-12-31 18:00:00-06\"",\""2026-06-29 19:00:00-05\"")"", ""specificity"": 100, ""epistemic_kind"": ""INFERRED""}
HINT:  Incoming fact lost the precedence lattice against an existing overlapping fact.
CONTEXT:  PL/pgSQL function kndb.resolve_conflict() line 91 at RAISE",,1,
352,READ COMMITTED,B,0,1,"CheckViolation: KNDB precedence: NEW outranked by fact_id=6064eed3-8e39-48e4-b1e1-39ea75bae576, reason=kind_outranked -- payload={""value"": ""INFERRED_iter352"", ""writer"": ""kndb_native"", ""fact_id"": ""9b3653bb-fa94-4a2d-aac3-933efc04bed9"", ""provsql"": ""a9f854f3-5944-4891-9e97-8e036c9f9d52"", ""sources"": [], ""sys_time"": ""[\""2026-07-09 02:38:21.366683-05\"",infinity)"", ""attribute"": ""s2_slot"", ""entity_id"": 32000352, ""confidence"": 0.97000, ""valid_time"": ""[\""2025-12-31 18:00:00-06\"",\""2026-06-29 19:00:00-05\"")"", ""specificity"": 100, ""epistemic_kind"": ""INFERRED""}
HINT:  Incoming fact lost the precedence lattice against an existing overlapping fact.
CONTEXT:  PL/pgSQL function kndb.resolve_conflict() line 91 at RAISE",,1,
353,READ COMMITTED,A,1,1,,,1,
354,READ COMMITTED,B,0,1,"CheckViolation: KNDB precedence: NEW outranked by fact_id=e016705a-a45b-4fe5-91bd-7ea51a4db48e, reason=kind_outranked -- payload={""value"": ""INFERRED_iter354"", ""writer"": ""kndb_native"", ""fact_id"": ""5eefddfa-53f3-4705-b699-62b8dcbf32fd"", ""provsql"": ""93d5ae73-a8fa-44e5-90ae-c54dd03fba8a"", ""sources"": [], ""sys_time"": ""[\""2026-07-09 02:38:21.385721-05\"",infinity)"", ""attribute"": ""s2_slot"", ""entity_id"": 32000354, ""confidence"": 0.97000, ""valid_time"": ""[\""2025-12-31 18:00:00-06\"",\""2026-06-29 19:00:00-05\"")"", ""specificity"": 100, ""epistemic_kind"": ""INFERRED""}
HINT:  Incoming fact lost the precedence lattice against an existing overlapping fact.
CONTEXT:  PL/pgSQL function kndb.resolve_conflict() line 91 at RAISE",,1,
355,READ COMMITTED,A,1,1,,,1,
356,READ COMMITTED,B,0,1,"CheckViolation: KNDB precedence: NEW outranked by fact_id=55a3c789-59a0-4da6-bb42-0372873650cf, reason=kind_outranked -- payload={""value"": ""INFERRED_iter356"", ""writer"": ""kndb_native"", ""fact_id"": ""c5bca2ad-987f-4f40-bd29-3e562489cd1e"", ""provsql"": ""d7244e41-fff6-47ff-b307-7dd1079bdddd"", ""sources"": [], ""sys_time"": ""[\""2026-07-09 02:38:21.404709-05\"",infinity)"", ""attribute"": ""s2_slot"", ""entity_id"": 32000356, ""confidence"": 0.97000, ""valid_time"": ""[\""2025-12-31 18:00:00-06\"",\""2026-06-29 19:00:00-05\"")"", ""specificity"": 100, ""epistemic_kind"": ""INFERRED""}
HINT:  Incoming fact lost the precedence lattice against an existing overlapping fact.
CONTEXT:  PL/pgSQL function kndb.resolve_conflict() line 91 at RAISE",,1,
357,READ COMMITTED,A,1,1,,,1,
358,READ COMMITTED,A,1,1,,,1,
359,READ COMMITTED,A,1,1,,,1,
360,READ COMMITTED,B,0,1,"CheckViolation: KNDB precedence: NEW outranked by fact_id=996bab04-f953-49a5-a2d1-8af29958e26c, reason=kind_outranked -- payload={""value"": ""INFERRED_iter360"", ""writer"": ""kndb_native"", ""fact_id"": ""29afea09-56ed-4cac-92d6-744b03050aee"", ""provsql"": ""8b1600e4-345d-44ff-9885-adef1ba47136"", ""sources"": [], ""sys_time"": ""[\""2026-07-09 02:38:21.442416-05\"",infinity)"", ""attribute"": ""s2_slot"", ""entity_id"": 32000360, ""confidence"": 0.97000, ""valid_time"": ""[\""2025-12-31 18:00:00-06\"",\""2026-06-29 19:00:00-05\"")"", ""specificity"": 100, ""epistemic_kind"": ""INFERRED""}
HINT:  Incoming fact lost the precedence lattice against an existing overlapping fact.
CONTEXT:  PL/pgSQL function kndb.resolve_conflict() line 91 at RAISE",,1,
361,READ COMMITTED,A,1,1,,,1,
362,READ COMMITTED,B,0,1,"CheckViolation: KNDB precedence: NEW outranked by fact_id=c9548dac-bc81-4528-9fa1-74b17af89977, reason=kind_outranked -- payload={""value"": ""INFERRED_iter362"", ""writer"": ""kndb_native"", ""fact_id"": ""9e9d6203-5a7b-4341-b9a7-f3c6a7859007"", ""provsql"": ""4e18844f-bb4a-4d11-841f-d016657d35b4"", ""sources"": [], ""sys_time"": ""[\""2026-07-09 02:38:21.459511-05\"",infinity)"", ""attribute"": ""s2_slot"", ""entity_id"": 32000362, ""confidence"": 0.97000, ""valid_time"": ""[\""2025-12-31 18:00:00-06\"",\""2026-06-29 19:00:00-05\"")"", ""specificity"": 100, ""epistemic_kind"": ""INFERRED""}
HINT:  Incoming fact lost the precedence lattice against an existing overlapping fact.
CONTEXT:  PL/pgSQL function kndb.resolve_conflict() line 91 at RAISE",,1,
363,READ COMMITTED,B,0,1,"CheckViolation: KNDB precedence: NEW outranked by fact_id=ba3ce547-7707-431b-839a-0027fe7c20f7, reason=kind_outranked -- payload={""value"": ""INFERRED_iter363"", ""writer"": ""kndb_native"", ""fact_id"": ""5c22765c-86e7-4b95-80b8-09e5b1e6597f"", ""provsql"": ""b7d40990-6d8f-4bd4-bac6-1d40a1e7c9d2"", ""sources"": [], ""sys_time"": ""[\""2026-07-09 02:38:21.467275-05\"",infinity)"", ""attribute"": ""s2_slot"", ""entity_id"": 32000363, ""confidence"": 0.97000, ""valid_time"": ""[\""2025-12-31 18:00:00-06\"",\""2026-06-29 19:00:00-05\"")"", ""specificity"": 100, ""epistemic_kind"": ""INFERRED""}
HINT:  Incoming fact lost the precedence lattice against an existing overlapping fact.
CONTEXT:  PL/pgSQL function kndb.resolve_conflict() line 91 at RAISE",,1,
364,READ COMMITTED,A,1,1,,,1,
365,READ COMMITTED,B,0,1,"CheckViolation: KNDB precedence: NEW outranked by fact_id=888755ce-5884-4d23-b4e5-e20abd03a273, reason=kind_outranked -- payload={""value"": ""INFERRED_iter365"", ""writer"": ""kndb_native"", ""fact_id"": ""3c23cf22-cd12-4b7b-889f-0d28cd8b1ca1"", ""provsql"": ""a8078c18-fc59-45e2-8bb5-e2711c82faeb"", ""sources"": [], ""sys_time"": ""[\""2026-07-09 02:38:21.485603-05\"",infinity)"", ""attribute"": ""s2_slot"", ""entity_id"": 32000365, ""confidence"": 0.97000, ""valid_time"": ""[\""2025-12-31 18:00:00-06\"",\""2026-06-29 19:00:00-05\"")"", ""specificity"": 100, ""epistemic_kind"": ""INFERRED""}
HINT:  Incoming fact lost the precedence lattice against an existing overlapping fact.
CONTEXT:  PL/pgSQL function kndb.resolve_conflict() line 91 at RAISE",,1,
366,READ COMMITTED,A,1,1,,,1,
367,READ COMMITTED,B,0,1,"CheckViolation: KNDB precedence: NEW outranked by fact_id=424fb834-22cd-4769-b924-aacf2edc78cb, reason=kind_outranked -- payload={""value"": ""INFERRED_iter367"", ""writer"": ""kndb_native"", ""fact_id"": ""a0587aaa-d883-488c-9503-982c3dce7e61"", ""provsql"": ""d510ca1e-f100-4358-a2f0-444ec246d7ca"", ""sources"": [], ""sys_time"": ""[\""2026-07-09 02:38:21.503132-05\"",infinity)"", ""attribute"": ""s2_slot"", ""entity_id"": 32000367, ""confidence"": 0.97000, ""valid_time"": ""[\""2025-12-31 18:00:00-06\"",\""2026-06-29 19:00:00-05\"")"", ""specificity"": 100, ""epistemic_kind"": ""INFERRED""}
HINT:  Incoming fact lost the precedence lattice against an existing overlapping fact.
CONTEXT:  PL/pgSQL function kndb.resolve_conflict() line 91 at RAISE",,1,
368,READ COMMITTED,A,1,1,,,1,
369,READ COMMITTED,B,0,1,"CheckViolation: KNDB precedence: NEW outranked by fact_id=468302af-da23-4b18-9be8-a36c72b6a7f1, reason=kind_outranked -- payload={""value"": ""INFERRED_iter369"", ""writer"": ""kndb_native"", ""fact_id"": ""97d0ba01-77b9-4f48-befd-053f86c9dcd4"", ""provsql"": ""423ad06c-3b85-424f-8f2e-89244210ab7b"", ""sources"": [], ""sys_time"": ""[\""2026-07-09 02:38:21.520452-05\"",infinity)"", ""attribute"": ""s2_slot"", ""entity_id"": 32000369, ""confidence"": 0.97000, ""valid_time"": ""[\""2025-12-31 18:00:00-06\"",\""2026-06-29 19:00:00-05\"")"", ""specificity"": 100, ""epistemic_kind"": ""INFERRED""}
HINT:  Incoming fact lost the precedence lattice against an existing overlapping fact.
CONTEXT:  PL/pgSQL function kndb.resolve_conflict() line 91 at RAISE",,1,
370,READ COMMITTED,B,0,1,"CheckViolation: KNDB precedence: NEW outranked by fact_id=e7b10f47-9f30-426b-b073-46969a4daf6d, reason=kind_outranked -- payload={""value"": ""INFERRED_iter370"", ""writer"": ""kndb_native"", ""fact_id"": ""3d22ac52-e2a0-45eb-8ee9-554da81a23bd"", ""provsql"": ""98b62935-6540-4609-8e16-f9c763c7cd4e"", ""sources"": [], ""sys_time"": ""[\""2026-07-09 02:38:21.528625-05\"",infinity)"", ""attribute"": ""s2_slot"", ""entity_id"": 32000370, ""confidence"": 0.97000, ""valid_time"": ""[\""2025-12-31 18:00:00-06\"",\""2026-06-29 19:00:00-05\"")"", ""specificity"": 100, ""epistemic_kind"": ""INFERRED""}
HINT:  Incoming fact lost the precedence lattice against an existing overlapping fact.
CONTEXT:  PL/pgSQL function kndb.resolve_conflict() line 91 at RAISE",,1,
371,READ COMMITTED,B,0,1,"CheckViolation: KNDB precedence: NEW outranked by fact_id=600c0752-7568-4b35-9d3e-914d4979942c, reason=kind_outranked -- payload={""value"": ""INFERRED_iter371"", ""writer"": ""kndb_native"", ""fact_id"": ""c128f06b-45c8-4031-a72e-0730497cc0fb"", ""provsql"": ""d9d3d4c5-38e3-4923-b99e-e59ac3e54dea"", ""sources"": [], ""sys_time"": ""[\""2026-07-09 02:38:21.537071-05\"",infinity)"", ""attribute"": ""s2_slot"", ""entity_id"": 32000371, ""confidence"": 0.97000, ""valid_time"": ""[\""2025-12-31 18:00:00-06\"",\""2026-06-29 19:00:00-05\"")"", ""specificity"": 100, ""epistemic_kind"": ""INFERRED""}
HINT:  Incoming fact lost the precedence lattice against an existing overlapping fact.
CONTEXT:  PL/pgSQL function kndb.resolve_conflict() line 91 at RAISE",,1,
372,READ COMMITTED,B,0,1,"CheckViolation: KNDB precedence: NEW outranked by fact_id=4d228ee0-a8ac-4151-ad92-38623db7e71b, reason=kind_outranked -- payload={""value"": ""INFERRED_iter372"", ""writer"": ""kndb_native"", ""fact_id"": ""b6537290-c03d-453d-8894-2ec09efc1fcf"", ""provsql"": ""19bc3745-b6ff-4ac5-bad6-1d2169d668d9"", ""sources"": [], ""sys_time"": ""[\""2026-07-09 02:38:21.545378-05\"",infinity)"", ""attribute"": ""s2_slot"", ""entity_id"": 32000372, ""confidence"": 0.97000, ""valid_time"": ""[\""2025-12-31 18:00:00-06\"",\""2026-06-29 19:00:00-05\"")"", ""specificity"": 100, ""epistemic_kind"": ""INFERRED""}
HINT:  Incoming fact lost the precedence lattice against an existing overlapping fact.
CONTEXT:  PL/pgSQL function kndb.resolve_conflict() line 91 at RAISE",,1,
373,READ COMMITTED,B,0,1,"CheckViolation: KNDB precedence: NEW outranked by fact_id=66a9815d-dd75-44da-82ce-43c509bbe209, reason=kind_outranked -- payload={""value"": ""INFERRED_iter373"", ""writer"": ""kndb_native"", ""fact_id"": ""1d799b44-3eed-4b1e-a2ef-bbf6b8238e90"", ""provsql"": ""79d88930-2250-41cd-a1b9-574f47cb38e1"", ""sources"": [], ""sys_time"": ""[\""2026-07-09 02:38:21.55399-05\"",infinity)"", ""attribute"": ""s2_slot"", ""entity_id"": 32000373, ""confidence"": 0.97000, ""valid_time"": ""[\""2025-12-31 18:00:00-06\"",\""2026-06-29 19:00:00-05\"")"", ""specificity"": 100, ""epistemic_kind"": ""INFERRED""}
HINT:  Incoming fact lost the precedence lattice against an existing overlapping fact.
CONTEXT:  PL/pgSQL function kndb.resolve_conflict() line 91 at RAISE",,1,
374,READ COMMITTED,A,1,1,,,1,
375,READ COMMITTED,A,1,1,,,1,
376,READ COMMITTED,B,0,1,"CheckViolation: KNDB precedence: NEW outranked by fact_id=180deb9b-bee0-429f-ba12-ec260f1539b6, reason=kind_outranked -- payload={""value"": ""INFERRED_iter376"", ""writer"": ""kndb_native"", ""fact_id"": ""3977ec85-5e1c-43cf-8228-cad6d8a310df"", ""provsql"": ""3262c4df-a352-4c56-9e52-d35dbe431c15"", ""sources"": [], ""sys_time"": ""[\""2026-07-09 02:38:21.579061-05\"",infinity)"", ""attribute"": ""s2_slot"", ""entity_id"": 32000376, ""confidence"": 0.97000, ""valid_time"": ""[\""2025-12-31 18:00:00-06\"",\""2026-06-29 19:00:00-05\"")"", ""specificity"": 100, ""epistemic_kind"": ""INFERRED""}
HINT:  Incoming fact lost the precedence lattice against an existing overlapping fact.
CONTEXT:  PL/pgSQL function kndb.resolve_conflict() line 91 at RAISE",,1,
377,READ COMMITTED,A,1,1,,,1,
378,READ COMMITTED,A,1,1,,,1,
379,READ COMMITTED,B,0,1,"CheckViolation: KNDB precedence: NEW outranked by fact_id=32f3096a-fab5-4964-ace5-0814044b33d1, reason=kind_outranked -- payload={""value"": ""INFERRED_iter379"", ""writer"": ""kndb_native"", ""fact_id"": ""a507233d-7e50-471d-acd1-9926d802072a"", ""provsql"": ""da6c567b-57cd-4308-80f5-5173f45fe60f"", ""sources"": [], ""sys_time"": ""[\""2026-07-09 02:38:21.604912-05\"",infinity)"", ""attribute"": ""s2_slot"", ""entity_id"": 32000379, ""confidence"": 0.97000, ""valid_time"": ""[\""2025-12-31 18:00:00-06\"",\""2026-06-29 19:00:00-05\"")"", ""specificity"": 100, ""epistemic_kind"": ""INFERRED""}
HINT:  Incoming fact lost the precedence lattice against an existing overlapping fact.
CONTEXT:  PL/pgSQL function kndb.resolve_conflict() line 91 at RAISE",,1,
380,READ COMMITTED,B,0,1,"CheckViolation: KNDB precedence: NEW outranked by fact_id=12e90991-84ed-41a4-96f7-4765b3d7ca51, reason=kind_outranked -- payload={""value"": ""INFERRED_iter380"", ""writer"": ""kndb_native"", ""fact_id"": ""291d0d4d-1569-40a0-8e55-0f629a39e054"", ""provsql"": ""3e96c58e-47ba-4f83-a708-6e4b15a91316"", ""sources"": [], ""sys_time"": ""[\""2026-07-09 02:38:21.613253-05\"",infinity)"", ""attribute"": ""s2_slot"", ""entity_id"": 32000380, ""confidence"": 0.97000, ""valid_time"": ""[\""2025-12-31 18:00:00-06\"",\""2026-06-29 19:00:00-05\"")"", ""specificity"": 100, ""epistemic_kind"": ""INFERRED""}
HINT:  Incoming fact lost the precedence lattice against an existing overlapping fact.
CONTEXT:  PL/pgSQL function kndb.resolve_conflict() line 91 at RAISE",,1,
381,READ COMMITTED,A,1,1,,,1,
382,READ COMMITTED,A,1,1,,,1,
383,READ COMMITTED,A,1,1,,,1,
384,READ COMMITTED,A,1,1,,,1,
385,READ COMMITTED,A,1,1,,,1,
386,READ COMMITTED,A,1,1,,,1,
387,READ COMMITTED,A,1,1,,,1,
388,READ COMMITTED,B,0,1,"CheckViolation: KNDB precedence: NEW outranked by fact_id=fcbfb6b2-a897-4bab-9814-3be6cf5d8bf1, reason=kind_outranked -- payload={""value"": ""INFERRED_iter388"", ""writer"": ""kndb_native"", ""fact_id"": ""4c552cc2-161e-4b83-87d3-443a59f68a94"", ""provsql"": ""86e7f06b-8db0-47a8-8fbd-df876b8c9a94"", ""sources"": [], ""sys_time"": ""[\""2026-07-09 02:38:21.68488-05\"",infinity)"", ""attribute"": ""s2_slot"", ""entity_id"": 32000388, ""confidence"": 0.97000, ""valid_time"": ""[\""2025-12-31 18:00:00-06\"",\""2026-06-29 19:00:00-05\"")"", ""specificity"": 100, ""epistemic_kind"": ""INFERRED""}
HINT:  Incoming fact lost the precedence lattice against an existing overlapping fact.
CONTEXT:  PL/pgSQL function kndb.resolve_conflict() line 91 at RAISE",,1,
389,READ COMMITTED,B,0,1,"CheckViolation: KNDB precedence: NEW outranked by fact_id=af26b080-d1c0-4fbb-b144-064c443be9ec, reason=kind_outranked -- payload={""value"": ""INFERRED_iter389"", ""writer"": ""kndb_native"", ""fact_id"": ""bc07086e-a54a-4223-bdd3-24e81165cf45"", ""provsql"": ""1f4f378d-1085-4904-8414-5b98f62646c0"", ""sources"": [], ""sys_time"": ""[\""2026-07-09 02:38:21.693197-05\"",infinity)"", ""attribute"": ""s2_slot"", ""entity_id"": 32000389, ""confidence"": 0.97000, ""valid_time"": ""[\""2025-12-31 18:00:00-06\"",\""2026-06-29 19:00:00-05\"")"", ""specificity"": 100, ""epistemic_kind"": ""INFERRED""}
HINT:  Incoming fact lost the precedence lattice against an existing overlapping fact.
CONTEXT:  PL/pgSQL function kndb.resolve_conflict() line 91 at RAISE",,1,
390,READ COMMITTED,B,0,1,"CheckViolation: KNDB precedence: NEW outranked by fact_id=d6f5b499-521a-4717-9d13-ec4610e8f59d, reason=kind_outranked -- payload={""value"": ""INFERRED_iter390"", ""writer"": ""kndb_native"", ""fact_id"": ""40cecfa5-65ae-4965-b29a-7f63494d1d43"", ""provsql"": ""51bf69d0-de51-402b-bc6c-be1b95b422f3"", ""sources"": [], ""sys_time"": ""[\""2026-07-09 02:38:21.702213-05\"",infinity)"", ""attribute"": ""s2_slot"", ""entity_id"": 32000390, ""confidence"": 0.97000, ""valid_time"": ""[\""2025-12-31 18:00:00-06\"",\""2026-06-29 19:00:00-05\"")"", ""specificity"": 100, ""epistemic_kind"": ""INFERRED""}
HINT:  Incoming fact lost the precedence lattice against an existing overlapping fact.
CONTEXT:  PL/pgSQL function kndb.resolve_conflict() line 91 at RAISE",,1,
391,READ COMMITTED,B,0,1,"CheckViolation: KNDB precedence: NEW outranked by fact_id=72408a3c-6e1c-4d55-ac9f-b1b5e744ed39, reason=kind_outranked -- payload={""value"": ""INFERRED_iter391"", ""writer"": ""kndb_native"", ""fact_id"": ""91bccfae-7d56-4229-9a0f-ed63abdbd2ed"", ""provsql"": ""69dbf6d3-18ae-4236-9ecf-b76cc33c98b8"", ""sources"": [], ""sys_time"": ""[\""2026-07-09 02:38:21.711027-05\"",infinity)"", ""attribute"": ""s2_slot"", ""entity_id"": 32000391, ""confidence"": 0.97000, ""valid_time"": ""[\""2025-12-31 18:00:00-06\"",\""2026-06-29 19:00:00-05\"")"", ""specificity"": 100, ""epistemic_kind"": ""INFERRED""}
HINT:  Incoming fact lost the precedence lattice against an existing overlapping fact.
CONTEXT:  PL/pgSQL function kndb.resolve_conflict() line 91 at RAISE",,1,
392,READ COMMITTED,A,1,1,,,1,
393,READ COMMITTED,B,0,1,"CheckViolation: KNDB precedence: NEW outranked by fact_id=c4a82e4a-fe99-4455-9000-583e2dd5195b, reason=kind_outranked -- payload={""value"": ""INFERRED_iter393"", ""writer"": ""kndb_native"", ""fact_id"": ""3f17bce9-467f-4336-89cd-302ca46703ab"", ""provsql"": ""0972acd3-192d-41bb-b101-585c15dc1454"", ""sources"": [], ""sys_time"": ""[\""2026-07-09 02:38:21.728142-05\"",infinity)"", ""attribute"": ""s2_slot"", ""entity_id"": 32000393, ""confidence"": 0.97000, ""valid_time"": ""[\""2025-12-31 18:00:00-06\"",\""2026-06-29 19:00:00-05\"")"", ""specificity"": 100, ""epistemic_kind"": ""INFERRED""}
HINT:  Incoming fact lost the precedence lattice against an existing overlapping fact.
CONTEXT:  PL/pgSQL function kndb.resolve_conflict() line 91 at RAISE",,1,
394,READ COMMITTED,A,1,1,,,1,
395,READ COMMITTED,A,1,1,,,1,
396,READ COMMITTED,A,1,1,,,1,
397,READ COMMITTED,B,0,1,"CheckViolation: KNDB precedence: NEW outranked by fact_id=468e67cd-4aed-4296-8e69-600dd4e4dc08, reason=kind_outranked -- payload={""value"": ""INFERRED_iter397"", ""writer"": ""kndb_native"", ""fact_id"": ""a09b22b2-ca64-432f-9890-009f3b9dc7ab"", ""provsql"": ""2c51ce59-f78a-458f-b6e2-81c3ea0f68bb"", ""sources"": [], ""sys_time"": ""[\""2026-07-09 02:38:21.764124-05\"",infinity)"", ""attribute"": ""s2_slot"", ""entity_id"": 32000397, ""confidence"": 0.97000, ""valid_time"": ""[\""2025-12-31 18:00:00-06\"",\""2026-06-29 19:00:00-05\"")"", ""specificity"": 100, ""epistemic_kind"": ""INFERRED""}
HINT:  Incoming fact lost the precedence lattice against an existing overlapping fact.
CONTEXT:  PL/pgSQL function kndb.resolve_conflict() line 91 at RAISE",,1,
398,READ COMMITTED,B,0,1,"CheckViolation: KNDB precedence: NEW outranked by fact_id=b475881b-45e2-47d8-9c7b-82e979d381df, reason=kind_outranked -- payload={""value"": ""INFERRED_iter398"", ""writer"": ""kndb_native"", ""fact_id"": ""f0c61694-4f92-403e-98f1-86c35baad8e2"", ""provsql"": ""da03d035-0825-45b2-9e70-63fed8bbd316"", ""sources"": [], ""sys_time"": ""[\""2026-07-09 02:38:21.772286-05\"",infinity)"", ""attribute"": ""s2_slot"", ""entity_id"": 32000398, ""confidence"": 0.97000, ""valid_time"": ""[\""2025-12-31 18:00:00-06\"",\""2026-06-29 19:00:00-05\"")"", ""specificity"": 100, ""epistemic_kind"": ""INFERRED""}
HINT:  Incoming fact lost the precedence lattice against an existing overlapping fact.
CONTEXT:  PL/pgSQL function kndb.resolve_conflict() line 91 at RAISE",,1,
399,READ COMMITTED,A,1,1,,,1,
400,READ COMMITTED,A,1,1,,,1,
401,READ COMMITTED,A,1,1,,,1,
402,READ COMMITTED,A,1,1,,,1,
403,READ COMMITTED,B,0,1,"CheckViolation: KNDB precedence: NEW outranked by fact_id=e1384bd2-06f6-492e-aa63-d734430c7ece, reason=kind_outranked -- payload={""value"": ""INFERRED_iter403"", ""writer"": ""kndb_native"", ""fact_id"": ""3710eed4-bdc0-48e9-848d-648b7863229d"", ""provsql"": ""f4e178d5-0a2f-43f6-916b-506736bea943"", ""sources"": [], ""sys_time"": ""[\""2026-07-09 02:38:21.815271-05\"",infinity)"", ""attribute"": ""s2_slot"", ""entity_id"": 32000403, ""confidence"": 0.97000, ""valid_time"": ""[\""2025-12-31 18:00:00-06\"",\""2026-06-29 19:00:00-05\"")"", ""specificity"": 100, ""epistemic_kind"": ""INFERRED""}
HINT:  Incoming fact lost the precedence lattice against an existing overlapping fact.
CONTEXT:  PL/pgSQL function kndb.resolve_conflict() line 91 at RAISE",,1,
404,READ COMMITTED,B,0,1,"CheckViolation: KNDB precedence: NEW outranked by fact_id=91dc2fe7-3f49-4ce9-b316-ba8bd7b7d822, reason=kind_outranked -- payload={""value"": ""INFERRED_iter404"", ""writer"": ""kndb_native"", ""fact_id"": ""95e93820-5bf6-497c-9caa-2dd9fca7e6a7"", ""provsql"": ""b8ac7f67-fc1b-4f11-8cde-fd5ee70a5a52"", ""sources"": [], ""sys_time"": ""[\""2026-07-09 02:38:21.823876-05\"",infinity)"", ""attribute"": ""s2_slot"", ""entity_id"": 32000404, ""confidence"": 0.97000, ""valid_time"": ""[\""2025-12-31 18:00:00-06\"",\""2026-06-29 19:00:00-05\"")"", ""specificity"": 100, ""epistemic_kind"": ""INFERRED""}
HINT:  Incoming fact lost the precedence lattice against an existing overlapping fact.
CONTEXT:  PL/pgSQL function kndb.resolve_conflict() line 91 at RAISE",,1,
405,READ COMMITTED,A,1,1,,,1,
406,READ COMMITTED,A,1,1,,,1,
407,READ COMMITTED,B,0,1,"CheckViolation: KNDB precedence: NEW outranked by fact_id=3a908e61-d868-40f2-900d-cafeabad18b3, reason=kind_outranked -- payload={""value"": ""INFERRED_iter407"", ""writer"": ""kndb_native"", ""fact_id"": ""11389a1f-82ba-4f34-aff6-b5a5f672f89a"", ""provsql"": ""fe49944c-eab0-4cb6-8f24-cdc484ec638a"", ""sources"": [], ""sys_time"": ""[\""2026-07-09 02:38:21.849391-05\"",infinity)"", ""attribute"": ""s2_slot"", ""entity_id"": 32000407, ""confidence"": 0.97000, ""valid_time"": ""[\""2025-12-31 18:00:00-06\"",\""2026-06-29 19:00:00-05\"")"", ""specificity"": 100, ""epistemic_kind"": ""INFERRED""}
HINT:  Incoming fact lost the precedence lattice against an existing overlapping fact.
CONTEXT:  PL/pgSQL function kndb.resolve_conflict() line 91 at RAISE",,1,
408,READ COMMITTED,B,0,1,"CheckViolation: KNDB precedence: NEW outranked by fact_id=a111ccca-3a80-46f2-971f-02b34bbd3ded, reason=kind_outranked -- payload={""value"": ""INFERRED_iter408"", ""writer"": ""kndb_native"", ""fact_id"": ""b67ba67a-5605-4f9c-88bf-a4f4eff735b1"", ""provsql"": ""7c28da18-10a8-4217-8b9b-5ffd1a4ee30b"", ""sources"": [], ""sys_time"": ""[\""2026-07-09 02:38:21.858321-05\"",infinity)"", ""attribute"": ""s2_slot"", ""entity_id"": 32000408, ""confidence"": 0.97000, ""valid_time"": ""[\""2025-12-31 18:00:00-06\"",\""2026-06-29 19:00:00-05\"")"", ""specificity"": 100, ""epistemic_kind"": ""INFERRED""}
HINT:  Incoming fact lost the precedence lattice against an existing overlapping fact.
CONTEXT:  PL/pgSQL function kndb.resolve_conflict() line 91 at RAISE",,1,
409,READ COMMITTED,A,1,1,,,1,
410,READ COMMITTED,B,0,1,"CheckViolation: KNDB precedence: NEW outranked by fact_id=6f349125-f7cb-480c-a979-5ef2c6545526, reason=kind_outranked -- payload={""value"": ""INFERRED_iter410"", ""writer"": ""kndb_native"", ""fact_id"": ""b700df31-7c65-4bad-9a59-e42c4134a66c"", ""provsql"": ""f993f902-3f38-4436-94e2-28f35bdae3e5"", ""sources"": [], ""sys_time"": ""[\""2026-07-09 02:38:21.875503-05\"",infinity)"", ""attribute"": ""s2_slot"", ""entity_id"": 32000410, ""confidence"": 0.97000, ""valid_time"": ""[\""2025-12-31 18:00:00-06\"",\""2026-06-29 19:00:00-05\"")"", ""specificity"": 100, ""epistemic_kind"": ""INFERRED""}
HINT:  Incoming fact lost the precedence lattice against an existing overlapping fact.
CONTEXT:  PL/pgSQL function kndb.resolve_conflict() line 91 at RAISE",,1,
411,READ COMMITTED,B,0,1,"CheckViolation: KNDB precedence: NEW outranked by fact_id=63e1d107-5a6e-4d3a-9768-7a00c42512cb, reason=kind_outranked -- payload={""value"": ""INFERRED_iter411"", ""writer"": ""kndb_native"", ""fact_id"": ""e652dfc5-2439-4327-a69f-cac10663907e"", ""provsql"": ""5118de55-e19a-4b5a-bb20-b31d4b60f179"", ""sources"": [], ""sys_time"": ""[\""2026-07-09 02:38:21.883458-05\"",infinity)"", ""attribute"": ""s2_slot"", ""entity_id"": 32000411, ""confidence"": 0.97000, ""valid_time"": ""[\""2025-12-31 18:00:00-06\"",\""2026-06-29 19:00:00-05\"")"", ""specificity"": 100, ""epistemic_kind"": ""INFERRED""}
HINT:  Incoming fact lost the precedence lattice against an existing overlapping fact.
CONTEXT:  PL/pgSQL function kndb.resolve_conflict() line 91 at RAISE",,1,
412,READ COMMITTED,B,0,1,"CheckViolation: KNDB precedence: NEW outranked by fact_id=6f2e4472-7761-4184-ae6c-75a8798a2f34, reason=kind_outranked -- payload={""value"": ""INFERRED_iter412"", ""writer"": ""kndb_native"", ""fact_id"": ""0f78faa2-d090-402d-807a-e1fa350f2288"", ""provsql"": ""b58bb31f-2629-4d95-926d-f444551eb035"", ""sources"": [], ""sys_time"": ""[\""2026-07-09 02:38:21.891763-05\"",infinity)"", ""attribute"": ""s2_slot"", ""entity_id"": 32000412, ""confidence"": 0.97000, ""valid_time"": ""[\""2025-12-31 18:00:00-06\"",\""2026-06-29 19:00:00-05\"")"", ""specificity"": 100, ""epistemic_kind"": ""INFERRED""}
HINT:  Incoming fact lost the precedence lattice against an existing overlapping fact.
CONTEXT:  PL/pgSQL function kndb.resolve_conflict() line 91 at RAISE",,1,
413,READ COMMITTED,A,1,1,,,1,
414,READ COMMITTED,A,1,1,,,1,
415,READ COMMITTED,A,1,1,,,1,
416,READ COMMITTED,A,1,1,,,1,
417,READ COMMITTED,A,1,1,,,1,
418,READ COMMITTED,B,0,1,"CheckViolation: KNDB precedence: NEW outranked by fact_id=2b42b414-e15b-4952-9355-7013df129d00, reason=kind_outranked -- payload={""value"": ""INFERRED_iter418"", ""writer"": ""kndb_native"", ""fact_id"": ""cac71fa6-c770-462f-8388-3ea7e4105317"", ""provsql"": ""7d9df661-b41c-401a-84b0-e57366d6156c"", ""sources"": [], ""sys_time"": ""[\""2026-07-09 02:38:21.94269-05\"",infinity)"", ""attribute"": ""s2_slot"", ""entity_id"": 32000418, ""confidence"": 0.97000, ""valid_time"": ""[\""2025-12-31 18:00:00-06\"",\""2026-06-29 19:00:00-05\"")"", ""specificity"": 100, ""epistemic_kind"": ""INFERRED""}
HINT:  Incoming fact lost the precedence lattice against an existing overlapping fact.
CONTEXT:  PL/pgSQL function kndb.resolve_conflict() line 91 at RAISE",,1,
419,READ COMMITTED,A,1,1,,,1,
420,READ COMMITTED,A,1,1,,,1,
421,READ COMMITTED,B,0,1,"CheckViolation: KNDB precedence: NEW outranked by fact_id=a17b1098-6f8c-4a16-93a3-d9ef944c8371, reason=kind_outranked -- payload={""value"": ""INFERRED_iter421"", ""writer"": ""kndb_native"", ""fact_id"": ""42930aac-3a85-408e-b137-9b7f3497a4a8"", ""provsql"": ""4316fcd4-403a-4bae-962e-d473a43df162"", ""sources"": [], ""sys_time"": ""[\""2026-07-09 02:38:21.966978-05\"",infinity)"", ""attribute"": ""s2_slot"", ""entity_id"": 32000421, ""confidence"": 0.97000, ""valid_time"": ""[\""2025-12-31 18:00:00-06\"",\""2026-06-29 19:00:00-05\"")"", ""specificity"": 100, ""epistemic_kind"": ""INFERRED""}
HINT:  Incoming fact lost the precedence lattice against an existing overlapping fact.
CONTEXT:  PL/pgSQL function kndb.resolve_conflict() line 91 at RAISE",,1,
422,READ COMMITTED,A,1,1,,,1,
423,READ COMMITTED,B,0,1,"CheckViolation: KNDB precedence: NEW outranked by fact_id=bf2b24a1-d466-4085-97cf-30bd5897c2dd, reason=kind_outranked -- payload={""value"": ""INFERRED_iter423"", ""writer"": ""kndb_native"", ""fact_id"": ""10ce30bc-e555-45d2-bf6b-02a92aa02d3e"", ""provsql"": ""33047429-dfd3-4ada-a6a7-355b4c8f15e6"", ""sources"": [], ""sys_time"": ""[\""2026-07-09 02:38:21.982885-05\"",infinity)"", ""attribute"": ""s2_slot"", ""entity_id"": 32000423, ""confidence"": 0.97000, ""valid_time"": ""[\""2025-12-31 18:00:00-06\"",\""2026-06-29 19:00:00-05\"")"", ""specificity"": 100, ""epistemic_kind"": ""INFERRED""}
HINT:  Incoming fact lost the precedence lattice against an existing overlapping fact.
CONTEXT:  PL/pgSQL function kndb.resolve_conflict() line 91 at RAISE",,1,
424,READ COMMITTED,A,1,1,,,1,
425,READ COMMITTED,A,1,1,,,1,
426,READ COMMITTED,B,0,1,"CheckViolation: KNDB precedence: NEW outranked by fact_id=701b6d7c-7ad8-45d5-8241-f611c990ae98, reason=kind_outranked -- payload={""value"": ""INFERRED_iter426"", ""writer"": ""kndb_native"", ""fact_id"": ""838ce494-faff-4784-af50-0764295183ef"", ""provsql"": ""f672af02-6056-4102-923c-45b0b196aee2"", ""sources"": [], ""sys_time"": ""[\""2026-07-09 02:38:22.007233-05\"",infinity)"", ""attribute"": ""s2_slot"", ""entity_id"": 32000426, ""confidence"": 0.97000, ""valid_time"": ""[\""2025-12-31 18:00:00-06\"",\""2026-06-29 19:00:00-05\"")"", ""specificity"": 100, ""epistemic_kind"": ""INFERRED""}
HINT:  Incoming fact lost the precedence lattice against an existing overlapping fact.
CONTEXT:  PL/pgSQL function kndb.resolve_conflict() line 91 at RAISE",,1,
427,READ COMMITTED,A,1,1,,,1,
428,READ COMMITTED,B,0,1,"CheckViolation: KNDB precedence: NEW outranked by fact_id=d56bd823-5e5b-47cd-9edf-bccb29c44fb9, reason=kind_outranked -- payload={""value"": ""INFERRED_iter428"", ""writer"": ""kndb_native"", ""fact_id"": ""d741107a-4b94-454a-9df1-3079cdd465c3"", ""provsql"": ""f3c0b806-7f1e-4aac-ab5e-23473335aeaf"", ""sources"": [], ""sys_time"": ""[\""2026-07-09 02:38:22.023891-05\"",infinity)"", ""attribute"": ""s2_slot"", ""entity_id"": 32000428, ""confidence"": 0.97000, ""valid_time"": ""[\""2025-12-31 18:00:00-06\"",\""2026-06-29 19:00:00-05\"")"", ""specificity"": 100, ""epistemic_kind"": ""INFERRED""}
HINT:  Incoming fact lost the precedence lattice against an existing overlapping fact.
CONTEXT:  PL/pgSQL function kndb.resolve_conflict() line 91 at RAISE",,1,
429,READ COMMITTED,B,0,1,"CheckViolation: KNDB precedence: NEW outranked by fact_id=fd9a0dba-9960-4dfa-bc65-bb49c3e8a75e, reason=kind_outranked -- payload={""value"": ""INFERRED_iter429"", ""writer"": ""kndb_native"", ""fact_id"": ""b6f0c3de-d003-4f6e-8e3b-fdbf8e637842"", ""provsql"": ""539bf6a3-401d-480d-8a6b-6d97dd88397a"", ""sources"": [], ""sys_time"": ""[\""2026-07-09 02:38:22.031609-05\"",infinity)"", ""attribute"": ""s2_slot"", ""entity_id"": 32000429, ""confidence"": 0.97000, ""valid_time"": ""[\""2025-12-31 18:00:00-06\"",\""2026-06-29 19:00:00-05\"")"", ""specificity"": 100, ""epistemic_kind"": ""INFERRED""}
HINT:  Incoming fact lost the precedence lattice against an existing overlapping fact.
CONTEXT:  PL/pgSQL function kndb.resolve_conflict() line 91 at RAISE",,1,
430,READ COMMITTED,A,1,1,,,1,
431,READ COMMITTED,A,1,1,,,1,
432,READ COMMITTED,A,1,1,,,1,
433,READ COMMITTED,B,0,1,"CheckViolation: KNDB precedence: NEW outranked by fact_id=94d1cfa4-0d87-4b34-bab1-cba5c6efee76, reason=kind_outranked -- payload={""value"": ""INFERRED_iter433"", ""writer"": ""kndb_native"", ""fact_id"": ""35b65c25-1a17-41fb-83cb-d70b2c6d8e80"", ""provsql"": ""9a1e1b45-53f5-4b2d-b9a5-3859dc54a986"", ""sources"": [], ""sys_time"": ""[\""2026-07-09 02:38:22.06524-05\"",infinity)"", ""attribute"": ""s2_slot"", ""entity_id"": 32000433, ""confidence"": 0.97000, ""valid_time"": ""[\""2025-12-31 18:00:00-06\"",\""2026-06-29 19:00:00-05\"")"", ""specificity"": 100, ""epistemic_kind"": ""INFERRED""}
HINT:  Incoming fact lost the precedence lattice against an existing overlapping fact.
CONTEXT:  PL/pgSQL function kndb.resolve_conflict() line 91 at RAISE",,1,
434,READ COMMITTED,B,0,1,"CheckViolation: KNDB precedence: NEW outranked by fact_id=049b5d8e-b510-4d1b-b3c7-7a07bf0dac93, reason=kind_outranked -- payload={""value"": ""INFERRED_iter434"", ""writer"": ""kndb_native"", ""fact_id"": ""1fb40c31-89b9-4eee-a884-1d3dc8a74eb9"", ""provsql"": ""6a78a7f8-96f8-4d61-9bcf-b8f4c0f6a641"", ""sources"": [], ""sys_time"": ""[\""2026-07-09 02:38:22.073547-05\"",infinity)"", ""attribute"": ""s2_slot"", ""entity_id"": 32000434, ""confidence"": 0.97000, ""valid_time"": ""[\""2025-12-31 18:00:00-06\"",\""2026-06-29 19:00:00-05\"")"", ""specificity"": 100, ""epistemic_kind"": ""INFERRED""}
HINT:  Incoming fact lost the precedence lattice against an existing overlapping fact.
CONTEXT:  PL/pgSQL function kndb.resolve_conflict() line 91 at RAISE",,1,
435,READ COMMITTED,A,1,1,,,1,
436,READ COMMITTED,A,1,1,,,1,
437,READ COMMITTED,B,0,1,"CheckViolation: KNDB precedence: NEW outranked by fact_id=57b4372e-e3e0-4fdf-896c-cf2fc80d3ca9, reason=kind_outranked -- payload={""value"": ""INFERRED_iter437"", ""writer"": ""kndb_native"", ""fact_id"": ""c04be796-2a5e-4277-a480-3c0197cf311b"", ""provsql"": ""05d4d152-3427-487d-97ad-b494d16bf055"", ""sources"": [], ""sys_time"": ""[\""2026-07-09 02:38:22.101288-05\"",infinity)"", ""attribute"": ""s2_slot"", ""entity_id"": 32000437, ""confidence"": 0.97000, ""valid_time"": ""[\""2025-12-31 18:00:00-06\"",\""2026-06-29 19:00:00-05\"")"", ""specificity"": 100, ""epistemic_kind"": ""INFERRED""}
HINT:  Incoming fact lost the precedence lattice against an existing overlapping fact.
CONTEXT:  PL/pgSQL function kndb.resolve_conflict() line 91 at RAISE",,1,
438,READ COMMITTED,A,1,1,,,1,
439,READ COMMITTED,B,0,1,"CheckViolation: KNDB precedence: NEW outranked by fact_id=49cb4c5d-6171-4a6d-adef-7fc3109fd005, reason=kind_outranked -- payload={""value"": ""INFERRED_iter439"", ""writer"": ""kndb_native"", ""fact_id"": ""39618882-097f-4c1b-b8a7-663e47788ccd"", ""provsql"": ""a8e79bc6-41d7-43a2-8470-55d19c47c182"", ""sources"": [], ""sys_time"": ""[\""2026-07-09 02:38:22.118621-05\"",infinity)"", ""attribute"": ""s2_slot"", ""entity_id"": 32000439, ""confidence"": 0.97000, ""valid_time"": ""[\""2025-12-31 18:00:00-06\"",\""2026-06-29 19:00:00-05\"")"", ""specificity"": 100, ""epistemic_kind"": ""INFERRED""}
HINT:  Incoming fact lost the precedence lattice against an existing overlapping fact.
CONTEXT:  PL/pgSQL function kndb.resolve_conflict() line 91 at RAISE",,1,
440,READ COMMITTED,B,0,1,"CheckViolation: KNDB precedence: NEW outranked by fact_id=c1df63a6-017d-4d66-a474-c0de881a87da, reason=kind_outranked -- payload={""value"": ""INFERRED_iter440"", ""writer"": ""kndb_native"", ""fact_id"": ""0ffe55b9-5ed1-4df0-97cd-3df6dfdac666"", ""provsql"": ""43cb88ba-16fc-4a4f-9a98-8352daf65749"", ""sources"": [], ""sys_time"": ""[\""2026-07-09 02:38:22.127088-05\"",infinity)"", ""attribute"": ""s2_slot"", ""entity_id"": 32000440, ""confidence"": 0.97000, ""valid_time"": ""[\""2025-12-31 18:00:00-06\"",\""2026-06-29 19:00:00-05\"")"", ""specificity"": 100, ""epistemic_kind"": ""INFERRED""}
HINT:  Incoming fact lost the precedence lattice against an existing overlapping fact.
CONTEXT:  PL/pgSQL function kndb.resolve_conflict() line 91 at RAISE",,1,
441,READ COMMITTED,B,0,1,"CheckViolation: KNDB precedence: NEW outranked by fact_id=8cefa832-5770-4535-8f13-a614a94d6a86, reason=kind_outranked -- payload={""value"": ""INFERRED_iter441"", ""writer"": ""kndb_native"", ""fact_id"": ""11207975-f959-45a3-bffa-3a3aaa402f90"", ""provsql"": ""dda07393-cb50-44f5-8b1b-a8d629efd636"", ""sources"": [], ""sys_time"": ""[\""2026-07-09 02:38:22.135237-05\"",infinity)"", ""attribute"": ""s2_slot"", ""entity_id"": 32000441, ""confidence"": 0.97000, ""valid_time"": ""[\""2025-12-31 18:00:00-06\"",\""2026-06-29 19:00:00-05\"")"", ""specificity"": 100, ""epistemic_kind"": ""INFERRED""}
HINT:  Incoming fact lost the precedence lattice against an existing overlapping fact.
CONTEXT:  PL/pgSQL function kndb.resolve_conflict() line 91 at RAISE",,1,
442,READ COMMITTED,B,0,1,"CheckViolation: KNDB precedence: NEW outranked by fact_id=ae73827d-f9fe-43f0-82fc-1cfad7ec53e7, reason=kind_outranked -- payload={""value"": ""INFERRED_iter442"", ""writer"": ""kndb_native"", ""fact_id"": ""5781d604-8905-4095-8aab-0787613caa31"", ""provsql"": ""418ba870-1706-4862-9687-aef62de2fec2"", ""sources"": [], ""sys_time"": ""[\""2026-07-09 02:38:22.143036-05\"",infinity)"", ""attribute"": ""s2_slot"", ""entity_id"": 32000442, ""confidence"": 0.97000, ""valid_time"": ""[\""2025-12-31 18:00:00-06\"",\""2026-06-29 19:00:00-05\"")"", ""specificity"": 100, ""epistemic_kind"": ""INFERRED""}
HINT:  Incoming fact lost the precedence lattice against an existing overlapping fact.
CONTEXT:  PL/pgSQL function kndb.resolve_conflict() line 91 at RAISE",,1,
443,READ COMMITTED,B,0,1,"CheckViolation: KNDB precedence: NEW outranked by fact_id=e7bc102b-36f3-4009-a651-393ba6fa44e2, reason=kind_outranked -- payload={""value"": ""INFERRED_iter443"", ""writer"": ""kndb_native"", ""fact_id"": ""f97438b1-8769-400f-a41a-5a6238222bb6"", ""provsql"": ""7cadd80b-1888-4baf-a00b-e25de6df5c5f"", ""sources"": [], ""sys_time"": ""[\""2026-07-09 02:38:22.151173-05\"",infinity)"", ""attribute"": ""s2_slot"", ""entity_id"": 32000443, ""confidence"": 0.97000, ""valid_time"": ""[\""2025-12-31 18:00:00-06\"",\""2026-06-29 19:00:00-05\"")"", ""specificity"": 100, ""epistemic_kind"": ""INFERRED""}
HINT:  Incoming fact lost the precedence lattice against an existing overlapping fact.
CONTEXT:  PL/pgSQL function kndb.resolve_conflict() line 91 at RAISE",,1,
444,READ COMMITTED,B,0,1,"CheckViolation: KNDB precedence: NEW outranked by fact_id=427f579e-c12a-4d53-8867-028252404ea3, reason=kind_outranked -- payload={""value"": ""INFERRED_iter444"", ""writer"": ""kndb_native"", ""fact_id"": ""d645a71d-9a90-4862-b22a-b562d654a689"", ""provsql"": ""38d7d58d-2f70-43d3-91f7-0b4764a78cd1"", ""sources"": [], ""sys_time"": ""[\""2026-07-09 02:38:22.159321-05\"",infinity)"", ""attribute"": ""s2_slot"", ""entity_id"": 32000444, ""confidence"": 0.97000, ""valid_time"": ""[\""2025-12-31 18:00:00-06\"",\""2026-06-29 19:00:00-05\"")"", ""specificity"": 100, ""epistemic_kind"": ""INFERRED""}
HINT:  Incoming fact lost the precedence lattice against an existing overlapping fact.
CONTEXT:  PL/pgSQL function kndb.resolve_conflict() line 91 at RAISE",,1,
445,READ COMMITTED,B,0,1,"CheckViolation: KNDB precedence: NEW outranked by fact_id=0537b2b4-07ad-41b9-8da1-48d78492a0e0, reason=kind_outranked -- payload={""value"": ""INFERRED_iter445"", ""writer"": ""kndb_native"", ""fact_id"": ""846e359e-8f79-4306-9207-73ed07140947"", ""provsql"": ""73d6f4be-9868-47d7-b896-a4c5101b6186"", ""sources"": [], ""sys_time"": ""[\""2026-07-09 02:38:22.167863-05\"",infinity)"", ""attribute"": ""s2_slot"", ""entity_id"": 32000445, ""confidence"": 0.97000, ""valid_time"": ""[\""2025-12-31 18:00:00-06\"",\""2026-06-29 19:00:00-05\"")"", ""specificity"": 100, ""epistemic_kind"": ""INFERRED""}
HINT:  Incoming fact lost the precedence lattice against an existing overlapping fact.
CONTEXT:  PL/pgSQL function kndb.resolve_conflict() line 91 at RAISE",,1,
446,READ COMMITTED,B,0,1,"CheckViolation: KNDB precedence: NEW outranked by fact_id=adbf1bad-7fa4-4f6f-907a-be87f4def626, reason=kind_outranked -- payload={""value"": ""INFERRED_iter446"", ""writer"": ""kndb_native"", ""fact_id"": ""a5e16fd4-1a91-416e-abdb-762f3dc0bf23"", ""provsql"": ""6ea7c619-519c-44d7-b207-9c661c43da45"", ""sources"": [], ""sys_time"": ""[\""2026-07-09 02:38:22.17578-05\"",infinity)"", ""attribute"": ""s2_slot"", ""entity_id"": 32000446, ""confidence"": 0.97000, ""valid_time"": ""[\""2025-12-31 18:00:00-06\"",\""2026-06-29 19:00:00-05\"")"", ""specificity"": 100, ""epistemic_kind"": ""INFERRED""}
HINT:  Incoming fact lost the precedence lattice against an existing overlapping fact.
CONTEXT:  PL/pgSQL function kndb.resolve_conflict() line 91 at RAISE",,1,
447,READ COMMITTED,B,0,1,"CheckViolation: KNDB precedence: NEW outranked by fact_id=4da332eb-13df-40f9-b61c-186cb861865b, reason=kind_outranked -- payload={""value"": ""INFERRED_iter447"", ""writer"": ""kndb_native"", ""fact_id"": ""e125b5ba-cc9a-4768-81f8-367c9d882c1c"", ""provsql"": ""54236241-b708-4a8f-8ead-cfbf47ed0513"", ""sources"": [], ""sys_time"": ""[\""2026-07-09 02:38:22.183983-05\"",infinity)"", ""attribute"": ""s2_slot"", ""entity_id"": 32000447, ""confidence"": 0.97000, ""valid_time"": ""[\""2025-12-31 18:00:00-06\"",\""2026-06-29 19:00:00-05\"")"", ""specificity"": 100, ""epistemic_kind"": ""INFERRED""}
HINT:  Incoming fact lost the precedence lattice against an existing overlapping fact.
CONTEXT:  PL/pgSQL function kndb.resolve_conflict() line 91 at RAISE",,1,
448,READ COMMITTED,B,0,1,"CheckViolation: KNDB precedence: NEW outranked by fact_id=101898c2-f90b-4aa5-becb-4b296e342a73, reason=kind_outranked -- payload={""value"": ""INFERRED_iter448"", ""writer"": ""kndb_native"", ""fact_id"": ""ba5765db-5fdd-4df9-a60b-36c4cb67d175"", ""provsql"": ""9ace6cac-0140-4ff4-9f40-dc81d9c1d57c"", ""sources"": [], ""sys_time"": ""[\""2026-07-09 02:38:22.192292-05\"",infinity)"", ""attribute"": ""s2_slot"", ""entity_id"": 32000448, ""confidence"": 0.97000, ""valid_time"": ""[\""2025-12-31 18:00:00-06\"",\""2026-06-29 19:00:00-05\"")"", ""specificity"": 100, ""epistemic_kind"": ""INFERRED""}
HINT:  Incoming fact lost the precedence lattice against an existing overlapping fact.
CONTEXT:  PL/pgSQL function kndb.resolve_conflict() line 91 at RAISE",,1,
449,READ COMMITTED,B,0,1,"CheckViolation: KNDB precedence: NEW outranked by fact_id=19da6518-ffd5-438f-af43-58a7ee8dd9ac, reason=kind_outranked -- payload={""value"": ""INFERRED_iter449"", ""writer"": ""kndb_native"", ""fact_id"": ""e91d8172-dff5-4c7f-baa4-2ea47344872e"", ""provsql"": ""4c039239-e9e2-4390-9fee-1767b985c7f4"", ""sources"": [], ""sys_time"": ""[\""2026-07-09 02:38:22.200912-05\"",infinity)"", ""attribute"": ""s2_slot"", ""entity_id"": 32000449, ""confidence"": 0.97000, ""valid_time"": ""[\""2025-12-31 18:00:00-06\"",\""2026-06-29 19:00:00-05\"")"", ""specificity"": 100, ""epistemic_kind"": ""INFERRED""}
HINT:  Incoming fact lost the precedence lattice against an existing overlapping fact.
CONTEXT:  PL/pgSQL function kndb.resolve_conflict() line 91 at RAISE",,1,
450,READ COMMITTED,B,0,1,"CheckViolation: KNDB precedence: NEW outranked by fact_id=46af3d16-c483-42c6-9e72-5258cd530782, reason=kind_outranked -- payload={""value"": ""INFERRED_iter450"", ""writer"": ""kndb_native"", ""fact_id"": ""8b0fa15a-fdff-49c6-95f4-3ba9fca9cebf"", ""provsql"": ""cc497944-3e64-45da-85e9-775818cdb582"", ""sources"": [], ""sys_time"": ""[\""2026-07-09 02:38:22.2095-05\"",infinity)"", ""attribute"": ""s2_slot"", ""entity_id"": 32000450, ""confidence"": 0.97000, ""valid_time"": ""[\""2025-12-31 18:00:00-06\"",\""2026-06-29 19:00:00-05\"")"", ""specificity"": 100, ""epistemic_kind"": ""INFERRED""}
HINT:  Incoming fact lost the precedence lattice against an existing overlapping fact.
CONTEXT:  PL/pgSQL function kndb.resolve_conflict() line 91 at RAISE",,1,
451,READ COMMITTED,B,0,1,"CheckViolation: KNDB precedence: NEW outranked by fact_id=e7598077-9597-4f50-af85-997df02295ee, reason=kind_outranked -- payload={""value"": ""INFERRED_iter451"", ""writer"": ""kndb_native"", ""fact_id"": ""dde03bdd-9690-4571-be17-29f24b6731b3"", ""provsql"": ""397c5e60-ee37-4edf-ad40-c57e343226b0"", ""sources"": [], ""sys_time"": ""[\""2026-07-09 02:38:22.217589-05\"",infinity)"", ""attribute"": ""s2_slot"", ""entity_id"": 32000451, ""confidence"": 0.97000, ""valid_time"": ""[\""2025-12-31 18:00:00-06\"",\""2026-06-29 19:00:00-05\"")"", ""specificity"": 100, ""epistemic_kind"": ""INFERRED""}
HINT:  Incoming fact lost the precedence lattice against an existing overlapping fact.
CONTEXT:  PL/pgSQL function kndb.resolve_conflict() line 91 at RAISE",,1,
452,READ COMMITTED,A,1,1,,,1,
453,READ COMMITTED,A,1,1,,,1,
454,READ COMMITTED,A,1,1,,,1,
455,READ COMMITTED,B,0,1,"CheckViolation: KNDB precedence: NEW outranked by fact_id=14617a8e-f976-4d93-bb71-e4ce788af708, reason=kind_outranked -- payload={""value"": ""INFERRED_iter455"", ""writer"": ""kndb_native"", ""fact_id"": ""63220f74-f5f9-4d09-87c1-bf67a586a2da"", ""provsql"": ""61d37746-8191-4ada-8784-155bc472ccb4"", ""sources"": [], ""sys_time"": ""[\""2026-07-09 02:38:22.252037-05\"",infinity)"", ""attribute"": ""s2_slot"", ""entity_id"": 32000455, ""confidence"": 0.97000, ""valid_time"": ""[\""2025-12-31 18:00:00-06\"",\""2026-06-29 19:00:00-05\"")"", ""specificity"": 100, ""epistemic_kind"": ""INFERRED""}
HINT:  Incoming fact lost the precedence lattice against an existing overlapping fact.
CONTEXT:  PL/pgSQL function kndb.resolve_conflict() line 91 at RAISE",,1,
456,READ COMMITTED,B,0,1,"CheckViolation: KNDB precedence: NEW outranked by fact_id=c0611f2a-14f8-4357-9b60-5eb2c2da0c2b, reason=kind_outranked -- payload={""value"": ""INFERRED_iter456"", ""writer"": ""kndb_native"", ""fact_id"": ""ecf77f0d-0dbb-4638-8713-b20bf45cdb5d"", ""provsql"": ""6ea5e5cc-99f0-49a0-be2a-6f7c5703707a"", ""sources"": [], ""sys_time"": ""[\""2026-07-09 02:38:22.260095-05\"",infinity)"", ""attribute"": ""s2_slot"", ""entity_id"": 32000456, ""confidence"": 0.97000, ""valid_time"": ""[\""2025-12-31 18:00:00-06\"",\""2026-06-29 19:00:00-05\"")"", ""specificity"": 100, ""epistemic_kind"": ""INFERRED""}
HINT:  Incoming fact lost the precedence lattice against an existing overlapping fact.
CONTEXT:  PL/pgSQL function kndb.resolve_conflict() line 91 at RAISE",,1,
457,READ COMMITTED,B,0,1,"CheckViolation: KNDB precedence: NEW outranked by fact_id=f778604d-7991-4982-832c-070ccfed1936, reason=kind_outranked -- payload={""value"": ""INFERRED_iter457"", ""writer"": ""kndb_native"", ""fact_id"": ""0e4417f2-c9d2-4dab-8273-73158b11ee3c"", ""provsql"": ""41152289-e1c1-401e-b742-9bbdaa0815e8"", ""sources"": [], ""sys_time"": ""[\""2026-07-09 02:38:22.268555-05\"",infinity)"", ""attribute"": ""s2_slot"", ""entity_id"": 32000457, ""confidence"": 0.97000, ""valid_time"": ""[\""2025-12-31 18:00:00-06\"",\""2026-06-29 19:00:00-05\"")"", ""specificity"": 100, ""epistemic_kind"": ""INFERRED""}
HINT:  Incoming fact lost the precedence lattice against an existing overlapping fact.
CONTEXT:  PL/pgSQL function kndb.resolve_conflict() line 91 at RAISE",,1,
458,READ COMMITTED,B,0,1,"CheckViolation: KNDB precedence: NEW outranked by fact_id=25002990-4a03-400b-997e-0cfdbbd00bf1, reason=kind_outranked -- payload={""value"": ""INFERRED_iter458"", ""writer"": ""kndb_native"", ""fact_id"": ""8a260555-5576-49ef-8cb5-866c362d4e85"", ""provsql"": ""d530cac9-3b9a-4f2b-9bd6-4a7de00cdea9"", ""sources"": [], ""sys_time"": ""[\""2026-07-09 02:38:22.276819-05\"",infinity)"", ""attribute"": ""s2_slot"", ""entity_id"": 32000458, ""confidence"": 0.97000, ""valid_time"": ""[\""2025-12-31 18:00:00-06\"",\""2026-06-29 19:00:00-05\"")"", ""specificity"": 100, ""epistemic_kind"": ""INFERRED""}
HINT:  Incoming fact lost the precedence lattice against an existing overlapping fact.
CONTEXT:  PL/pgSQL function kndb.resolve_conflict() line 91 at RAISE",,1,
459,READ COMMITTED,A,1,1,,,1,
460,READ COMMITTED,A,1,1,,,1,
461,READ COMMITTED,A,1,1,,,1,
462,READ COMMITTED,A,1,1,,,1,
463,READ COMMITTED,A,1,1,,,1,
464,READ COMMITTED,B,0,1,"CheckViolation: KNDB precedence: NEW outranked by fact_id=13509e8b-2bec-4f8c-8329-ee6031257bf1, reason=kind_outranked -- payload={""value"": ""INFERRED_iter464"", ""writer"": ""kndb_native"", ""fact_id"": ""6c72f47f-4964-48c6-aca6-6b728aae427c"", ""provsql"": ""798d5acc-c76a-43ba-bd65-d6674b1af168"", ""sources"": [], ""sys_time"": ""[\""2026-07-09 02:38:22.326898-05\"",infinity)"", ""attribute"": ""s2_slot"", ""entity_id"": 32000464, ""confidence"": 0.97000, ""valid_time"": ""[\""2025-12-31 18:00:00-06\"",\""2026-06-29 19:00:00-05\"")"", ""specificity"": 100, ""epistemic_kind"": ""INFERRED""}
HINT:  Incoming fact lost the precedence lattice against an existing overlapping fact.
CONTEXT:  PL/pgSQL function kndb.resolve_conflict() line 91 at RAISE",,1,
465,READ COMMITTED,A,1,1,,,1,
466,READ COMMITTED,A,1,1,,,1,
467,READ COMMITTED,B,0,1,"CheckViolation: KNDB precedence: NEW outranked by fact_id=ba8b7a78-1387-41b3-8bbc-58de16ea7312, reason=kind_outranked -- payload={""value"": ""INFERRED_iter467"", ""writer"": ""kndb_native"", ""fact_id"": ""2dbc27ed-2724-405e-85c8-07083fd0ce2d"", ""provsql"": ""90908de4-b97b-4232-ad79-a7e596d585c8"", ""sources"": [], ""sys_time"": ""[\""2026-07-09 02:38:22.353782-05\"",infinity)"", ""attribute"": ""s2_slot"", ""entity_id"": 32000467, ""confidence"": 0.97000, ""valid_time"": ""[\""2025-12-31 18:00:00-06\"",\""2026-06-29 19:00:00-05\"")"", ""specificity"": 100, ""epistemic_kind"": ""INFERRED""}
HINT:  Incoming fact lost the precedence lattice against an existing overlapping fact.
CONTEXT:  PL/pgSQL function kndb.resolve_conflict() line 91 at RAISE",,1,
468,READ COMMITTED,B,0,1,"CheckViolation: KNDB precedence: NEW outranked by fact_id=359049a9-a712-40fa-8a45-6c6988ef526a, reason=kind_outranked -- payload={""value"": ""INFERRED_iter468"", ""writer"": ""kndb_native"", ""fact_id"": ""6e7c442d-c187-4335-82d7-8d9a0d477bf9"", ""provsql"": ""a6358649-1643-4db5-b32a-1db621aa7af5"", ""sources"": [], ""sys_time"": ""[\""2026-07-09 02:38:22.362158-05\"",infinity)"", ""attribute"": ""s2_slot"", ""entity_id"": 32000468, ""confidence"": 0.97000, ""valid_time"": ""[\""2025-12-31 18:00:00-06\"",\""2026-06-29 19:00:00-05\"")"", ""specificity"": 100, ""epistemic_kind"": ""INFERRED""}
HINT:  Incoming fact lost the precedence lattice against an existing overlapping fact.
CONTEXT:  PL/pgSQL function kndb.resolve_conflict() line 91 at RAISE",,1,
469,READ COMMITTED,A,1,1,,,1,
470,READ COMMITTED,A,1,1,,,1,
471,READ COMMITTED,B,0,1,"CheckViolation: KNDB precedence: NEW outranked by fact_id=ae0bf2d3-d063-41de-876f-f75ce92025ed, reason=kind_outranked -- payload={""value"": ""INFERRED_iter471"", ""writer"": ""kndb_native"", ""fact_id"": ""fbb57485-9dca-4fae-a04e-04add721670a"", ""provsql"": ""aad00c05-1826-4681-ab1e-7388fc042030"", ""sources"": [], ""sys_time"": ""[\""2026-07-09 02:38:22.386613-05\"",infinity)"", ""attribute"": ""s2_slot"", ""entity_id"": 32000471, ""confidence"": 0.97000, ""valid_time"": ""[\""2025-12-31 18:00:00-06\"",\""2026-06-29 19:00:00-05\"")"", ""specificity"": 100, ""epistemic_kind"": ""INFERRED""}
HINT:  Incoming fact lost the precedence lattice against an existing overlapping fact.
CONTEXT:  PL/pgSQL function kndb.resolve_conflict() line 91 at RAISE",,1,
472,READ COMMITTED,A,1,1,,,1,
473,READ COMMITTED,A,1,1,,,1,
474,READ COMMITTED,A,1,1,,,1,
475,READ COMMITTED,B,0,1,"CheckViolation: KNDB precedence: NEW outranked by fact_id=b8c8b6ca-ea7f-4d79-92c8-57c3c46b7593, reason=kind_outranked -- payload={""value"": ""INFERRED_iter475"", ""writer"": ""kndb_native"", ""fact_id"": ""2d478393-b90f-462f-9f61-cd5d3bdfbde9"", ""provsql"": ""1f9a71bf-eca0-4483-b766-220dd29020be"", ""sources"": [], ""sys_time"": ""[\""2026-07-09 02:38:22.422346-05\"",infinity)"", ""attribute"": ""s2_slot"", ""entity_id"": 32000475, ""confidence"": 0.97000, ""valid_time"": ""[\""2025-12-31 18:00:00-06\"",\""2026-06-29 19:00:00-05\"")"", ""specificity"": 100, ""epistemic_kind"": ""INFERRED""}
HINT:  Incoming fact lost the precedence lattice against an existing overlapping fact.
CONTEXT:  PL/pgSQL function kndb.resolve_conflict() line 91 at RAISE",,1,
476,READ COMMITTED,B,0,1,"CheckViolation: KNDB precedence: NEW outranked by fact_id=719c84ae-a36f-4525-8bf9-73701f040aed, reason=kind_outranked -- payload={""value"": ""INFERRED_iter476"", ""writer"": ""kndb_native"", ""fact_id"": ""b931f10c-d486-445b-82d0-f5a1475413c1"", ""provsql"": ""01447c14-589c-43b7-a3df-55cfe8d895d2"", ""sources"": [], ""sys_time"": ""[\""2026-07-09 02:38:22.430724-05\"",infinity)"", ""attribute"": ""s2_slot"", ""entity_id"": 32000476, ""confidence"": 0.97000, ""valid_time"": ""[\""2025-12-31 18:00:00-06\"",\""2026-06-29 19:00:00-05\"")"", ""specificity"": 100, ""epistemic_kind"": ""INFERRED""}
HINT:  Incoming fact lost the precedence lattice against an existing overlapping fact.
CONTEXT:  PL/pgSQL function kndb.resolve_conflict() line 91 at RAISE",,1,
477,READ COMMITTED,B,0,1,"CheckViolation: KNDB precedence: NEW outranked by fact_id=cc0d77ed-0f1f-416e-a712-b425fde88df0, reason=kind_outranked -- payload={""value"": ""INFERRED_iter477"", ""writer"": ""kndb_native"", ""fact_id"": ""5ab65869-2ca2-4c7e-90c7-5d334204752f"", ""provsql"": ""40585d2f-007f-4326-8b31-7cb92cca2985"", ""sources"": [], ""sys_time"": ""[\""2026-07-09 02:38:22.438658-05\"",infinity)"", ""attribute"": ""s2_slot"", ""entity_id"": 32000477, ""confidence"": 0.97000, ""valid_time"": ""[\""2025-12-31 18:00:00-06\"",\""2026-06-29 19:00:00-05\"")"", ""specificity"": 100, ""epistemic_kind"": ""INFERRED""}
HINT:  Incoming fact lost the precedence lattice against an existing overlapping fact.
CONTEXT:  PL/pgSQL function kndb.resolve_conflict() line 91 at RAISE",,1,
478,READ COMMITTED,B,0,1,"CheckViolation: KNDB precedence: NEW outranked by fact_id=340a4a64-04c7-4974-a05c-d097751837d1, reason=kind_outranked -- payload={""value"": ""INFERRED_iter478"", ""writer"": ""kndb_native"", ""fact_id"": ""d51e0d81-7e1b-4e8e-b535-192404ba75a0"", ""provsql"": ""671fd6aa-1cf6-4bc2-8cc7-24d207381330"", ""sources"": [], ""sys_time"": ""[\""2026-07-09 02:38:22.447052-05\"",infinity)"", ""attribute"": ""s2_slot"", ""entity_id"": 32000478, ""confidence"": 0.97000, ""valid_time"": ""[\""2025-12-31 18:00:00-06\"",\""2026-06-29 19:00:00-05\"")"", ""specificity"": 100, ""epistemic_kind"": ""INFERRED""}
HINT:  Incoming fact lost the precedence lattice against an existing overlapping fact.
CONTEXT:  PL/pgSQL function kndb.resolve_conflict() line 91 at RAISE",,1,
479,READ COMMITTED,B,0,1,"CheckViolation: KNDB precedence: NEW outranked by fact_id=22177eba-d247-4654-b975-3a325ee95908, reason=kind_outranked -- payload={""value"": ""INFERRED_iter479"", ""writer"": ""kndb_native"", ""fact_id"": ""db52715f-1c37-47de-a65f-42d7edd7ee56"", ""provsql"": ""c3170929-11c4-4265-8746-a8e8b3adb7f0"", ""sources"": [], ""sys_time"": ""[\""2026-07-09 02:38:22.455541-05\"",infinity)"", ""attribute"": ""s2_slot"", ""entity_id"": 32000479, ""confidence"": 0.97000, ""valid_time"": ""[\""2025-12-31 18:00:00-06\"",\""2026-06-29 19:00:00-05\"")"", ""specificity"": 100, ""epistemic_kind"": ""INFERRED""}
HINT:  Incoming fact lost the precedence lattice against an existing overlapping fact.
CONTEXT:  PL/pgSQL function kndb.resolve_conflict() line 91 at RAISE",,1,
480,READ COMMITTED,A,1,1,,,1,
481,READ COMMITTED,A,1,1,,,1,
482,READ COMMITTED,A,1,1,,,1,
483,READ COMMITTED,B,0,1,"CheckViolation: KNDB precedence: NEW outranked by fact_id=6214c11b-b65f-470c-a667-7f52d545fde7, reason=kind_outranked -- payload={""value"": ""INFERRED_iter483"", ""writer"": ""kndb_native"", ""fact_id"": ""aa365d55-4df1-4cc1-8e00-987dfb23298b"", ""provsql"": ""80507699-639d-40a2-b69a-0b96886e0035"", ""sources"": [], ""sys_time"": ""[\""2026-07-09 02:38:22.490014-05\"",infinity)"", ""attribute"": ""s2_slot"", ""entity_id"": 32000483, ""confidence"": 0.97000, ""valid_time"": ""[\""2025-12-31 18:00:00-06\"",\""2026-06-29 19:00:00-05\"")"", ""specificity"": 100, ""epistemic_kind"": ""INFERRED""}
HINT:  Incoming fact lost the precedence lattice against an existing overlapping fact.
CONTEXT:  PL/pgSQL function kndb.resolve_conflict() line 91 at RAISE",,1,
484,READ COMMITTED,B,0,1,"CheckViolation: KNDB precedence: NEW outranked by fact_id=0e2396c1-8c59-4084-a9cc-dd8825e835b6, reason=kind_outranked -- payload={""value"": ""INFERRED_iter484"", ""writer"": ""kndb_native"", ""fact_id"": ""eea2a9ce-6652-40db-822a-22f48e08e10d"", ""provsql"": ""4efca54e-7a2a-4327-8e46-0c10e508a115"", ""sources"": [], ""sys_time"": ""[\""2026-07-09 02:38:22.497939-05\"",infinity)"", ""attribute"": ""s2_slot"", ""entity_id"": 32000484, ""confidence"": 0.97000, ""valid_time"": ""[\""2025-12-31 18:00:00-06\"",\""2026-06-29 19:00:00-05\"")"", ""specificity"": 100, ""epistemic_kind"": ""INFERRED""}
HINT:  Incoming fact lost the precedence lattice against an existing overlapping fact.
CONTEXT:  PL/pgSQL function kndb.resolve_conflict() line 91 at RAISE",,1,
485,READ COMMITTED,B,0,1,"CheckViolation: KNDB precedence: NEW outranked by fact_id=80d57bed-fb80-46a7-a568-6959841bebc1, reason=kind_outranked -- payload={""value"": ""INFERRED_iter485"", ""writer"": ""kndb_native"", ""fact_id"": ""54e920a6-f462-4322-9063-75e0a422f95b"", ""provsql"": ""c7cd200c-24ca-4316-9eb9-82d8cde072f8"", ""sources"": [], ""sys_time"": ""[\""2026-07-09 02:38:22.505883-05\"",infinity)"", ""attribute"": ""s2_slot"", ""entity_id"": 32000485, ""confidence"": 0.97000, ""valid_time"": ""[\""2025-12-31 18:00:00-06\"",\""2026-06-29 19:00:00-05\"")"", ""specificity"": 100, ""epistemic_kind"": ""INFERRED""}
HINT:  Incoming fact lost the precedence lattice against an existing overlapping fact.
CONTEXT:  PL/pgSQL function kndb.resolve_conflict() line 91 at RAISE",,1,
486,READ COMMITTED,A,1,1,,,1,
487,READ COMMITTED,B,0,1,"CheckViolation: KNDB precedence: NEW outranked by fact_id=05235d60-ddee-4755-8f11-577012469d15, reason=kind_outranked -- payload={""value"": ""INFERRED_iter487"", ""writer"": ""kndb_native"", ""fact_id"": ""1b9d00e5-1081-41e2-bc40-aef443c8846e"", ""provsql"": ""f07a22cd-cd75-45ca-ad93-7dfd8f2dae59"", ""sources"": [], ""sys_time"": ""[\""2026-07-09 02:38:22.522803-05\"",infinity)"", ""attribute"": ""s2_slot"", ""entity_id"": 32000487, ""confidence"": 0.97000, ""valid_time"": ""[\""2025-12-31 18:00:00-06\"",\""2026-06-29 19:00:00-05\"")"", ""specificity"": 100, ""epistemic_kind"": ""INFERRED""}
HINT:  Incoming fact lost the precedence lattice against an existing overlapping fact.
CONTEXT:  PL/pgSQL function kndb.resolve_conflict() line 91 at RAISE",,1,
488,READ COMMITTED,B,0,1,"CheckViolation: KNDB precedence: NEW outranked by fact_id=b3501766-521b-4a7b-83e9-c70d50c32996, reason=kind_outranked -- payload={""value"": ""INFERRED_iter488"", ""writer"": ""kndb_native"", ""fact_id"": ""a85bd2da-5553-4c3d-b999-ad8e1efadb5b"", ""provsql"": ""daffdc14-a3e7-4926-bfee-4fa5152c19c8"", ""sources"": [], ""sys_time"": ""[\""2026-07-09 02:38:22.531025-05\"",infinity)"", ""attribute"": ""s2_slot"", ""entity_id"": 32000488, ""confidence"": 0.97000, ""valid_time"": ""[\""2025-12-31 18:00:00-06\"",\""2026-06-29 19:00:00-05\"")"", ""specificity"": 100, ""epistemic_kind"": ""INFERRED""}
HINT:  Incoming fact lost the precedence lattice against an existing overlapping fact.
CONTEXT:  PL/pgSQL function kndb.resolve_conflict() line 91 at RAISE",,1,
489,READ COMMITTED,B,0,1,"CheckViolation: KNDB precedence: NEW outranked by fact_id=de9d6f2d-fc30-4661-a605-816cab3351dd, reason=kind_outranked -- payload={""value"": ""INFERRED_iter489"", ""writer"": ""kndb_native"", ""fact_id"": ""4484f4e7-a019-4465-b9e4-66b3a842afc6"", ""provsql"": ""3a7f0aa9-0ab7-4684-bb30-12edbb6c59c4"", ""sources"": [], ""sys_time"": ""[\""2026-07-09 02:38:22.539347-05\"",infinity)"", ""attribute"": ""s2_slot"", ""entity_id"": 32000489, ""confidence"": 0.97000, ""valid_time"": ""[\""2025-12-31 18:00:00-06\"",\""2026-06-29 19:00:00-05\"")"", ""specificity"": 100, ""epistemic_kind"": ""INFERRED""}
HINT:  Incoming fact lost the precedence lattice against an existing overlapping fact.
CONTEXT:  PL/pgSQL function kndb.resolve_conflict() line 91 at RAISE",,1,
490,READ COMMITTED,A,1,1,,,1,
491,READ COMMITTED,A,1,1,,,1,
492,READ COMMITTED,A,1,1,,,1,
493,READ COMMITTED,A,1,1,,,1,
494,READ COMMITTED,A,1,1,,,1,
495,READ COMMITTED,B,0,1,"CheckViolation: KNDB precedence: NEW outranked by fact_id=d0928065-48ff-4b40-85aa-4b2485b561d9, reason=kind_outranked -- payload={""value"": ""INFERRED_iter495"", ""writer"": ""kndb_native"", ""fact_id"": ""0efb60f5-4e74-4da9-9e71-d339bbb6fd53"", ""provsql"": ""afeae1dc-4e2d-42c7-80af-e63fa8025b6a"", ""sources"": [], ""sys_time"": ""[\""2026-07-09 02:38:22.590733-05\"",infinity)"", ""attribute"": ""s2_slot"", ""entity_id"": 32000495, ""confidence"": 0.97000, ""valid_time"": ""[\""2025-12-31 18:00:00-06\"",\""2026-06-29 19:00:00-05\"")"", ""specificity"": 100, ""epistemic_kind"": ""INFERRED""}
HINT:  Incoming fact lost the precedence lattice against an existing overlapping fact.
CONTEXT:  PL/pgSQL function kndb.resolve_conflict() line 91 at RAISE",,1,
496,READ COMMITTED,A,1,1,,,1,
497,READ COMMITTED,A,1,1,,,1,
498,READ COMMITTED,A,1,1,,,1,
499,READ COMMITTED,A,1,1,,,1,
500,READ COMMITTED,B,0,1,"CheckViolation: KNDB precedence: NEW outranked by fact_id=e154ca8e-329f-495f-9832-9a19778a1d14, reason=kind_outranked -- payload={""value"": ""INFERRED_iter500"", ""writer"": ""kndb_native"", ""fact_id"": ""4ad22c94-ca1e-4a59-b945-d9f226b6552b"", ""provsql"": ""87886206-cccd-4aeb-b0ca-5a31848acfbf"", ""sources"": [], ""sys_time"": ""[\""2026-07-09 02:38:22.633939-05\"",infinity)"", ""attribute"": ""s2_slot"", ""entity_id"": 32000500, ""confidence"": 0.97000, ""valid_time"": ""[\""2025-12-31 18:00:00-06\"",\""2026-06-29 19:00:00-05\"")"", ""specificity"": 100, ""epistemic_kind"": ""INFERRED""}
HINT:  Incoming fact lost the precedence lattice against an existing overlapping fact.
CONTEXT:  PL/pgSQL function kndb.resolve_conflict() line 91 at RAISE",,1,
501,READ COMMITTED,A,1,1,,,1,
502,READ COMMITTED,A,1,1,,,1,
503,READ COMMITTED,B,0,1,"CheckViolation: KNDB precedence: NEW outranked by fact_id=620daf8b-0102-4985-9639-b9d311c7ff73, reason=kind_outranked -- payload={""value"": ""INFERRED_iter503"", ""writer"": ""kndb_native"", ""fact_id"": ""40de9ade-9b49-471e-9261-df9782650634"", ""provsql"": ""515e359a-fd35-4fa8-8321-ae3c0812c6bf"", ""sources"": [], ""sys_time"": ""[\""2026-07-09 02:38:22.658751-05\"",infinity)"", ""attribute"": ""s2_slot"", ""entity_id"": 32000503, ""confidence"": 0.97000, ""valid_time"": ""[\""2025-12-31 18:00:00-06\"",\""2026-06-29 19:00:00-05\"")"", ""specificity"": 100, ""epistemic_kind"": ""INFERRED""}
HINT:  Incoming fact lost the precedence lattice against an existing overlapping fact.
CONTEXT:  PL/pgSQL function kndb.resolve_conflict() line 91 at RAISE",,1,
504,READ COMMITTED,A,1,1,,,1,
505,READ COMMITTED,B,0,1,"CheckViolation: KNDB precedence: NEW outranked by fact_id=c7f53374-7313-43b4-a7df-816f000a7f97, reason=kind_outranked -- payload={""value"": ""INFERRED_iter505"", ""writer"": ""kndb_native"", ""fact_id"": ""7fbc96e4-80aa-4b86-8fcc-71de7183cce6"", ""provsql"": ""f19262f2-fb2d-4397-acca-4071f881729f"", ""sources"": [], ""sys_time"": ""[\""2026-07-09 02:38:22.674673-05\"",infinity)"", ""attribute"": ""s2_slot"", ""entity_id"": 32000505, ""confidence"": 0.97000, ""valid_time"": ""[\""2025-12-31 18:00:00-06\"",\""2026-06-29 19:00:00-05\"")"", ""specificity"": 100, ""epistemic_kind"": ""INFERRED""}
HINT:  Incoming fact lost the precedence lattice against an existing overlapping fact.
CONTEXT:  PL/pgSQL function kndb.resolve_conflict() line 91 at RAISE",,1,
506,READ COMMITTED,A,1,1,,,1,
507,READ COMMITTED,A,1,1,,,1,
508,READ COMMITTED,A,1,1,,,1,
509,READ COMMITTED,A,1,1,,,1,
510,READ COMMITTED,A,1,1,,,1,
511,READ COMMITTED,A,1,1,,,1,
512,READ COMMITTED,B,0,1,"CheckViolation: KNDB precedence: NEW outranked by fact_id=b464bfad-bc5f-4a70-b3d0-928e1f67c372, reason=kind_outranked -- payload={""value"": ""INFERRED_iter512"", ""writer"": ""kndb_native"", ""fact_id"": ""884cef20-3bb8-4469-8c02-2e031eebd290"", ""provsql"": ""6a68c309-44fa-400d-b716-f1f62db44732"", ""sources"": [], ""sys_time"": ""[\""2026-07-09 02:38:22.733722-05\"",infinity)"", ""attribute"": ""s2_slot"", ""entity_id"": 32000512, ""confidence"": 0.97000, ""valid_time"": ""[\""2025-12-31 18:00:00-06\"",\""2026-06-29 19:00:00-05\"")"", ""specificity"": 100, ""epistemic_kind"": ""INFERRED""}
HINT:  Incoming fact lost the precedence lattice against an existing overlapping fact.
CONTEXT:  PL/pgSQL function kndb.resolve_conflict() line 91 at RAISE",,1,
513,READ COMMITTED,A,1,1,,,1,
514,READ COMMITTED,B,0,1,"CheckViolation: KNDB precedence: NEW outranked by fact_id=ee98b2b2-45e6-48b2-b8a5-c3eec9a0c319, reason=kind_outranked -- payload={""value"": ""INFERRED_iter514"", ""writer"": ""kndb_native"", ""fact_id"": ""cf716823-df6f-46b8-9a28-66985d2442a0"", ""provsql"": ""0bd838f3-c0da-49b2-885f-ae1a1d614597"", ""sources"": [], ""sys_time"": ""[\""2026-07-09 02:38:22.749697-05\"",infinity)"", ""attribute"": ""s2_slot"", ""entity_id"": 32000514, ""confidence"": 0.97000, ""valid_time"": ""[\""2025-12-31 18:00:00-06\"",\""2026-06-29 19:00:00-05\"")"", ""specificity"": 100, ""epistemic_kind"": ""INFERRED""}
HINT:  Incoming fact lost the precedence lattice against an existing overlapping fact.
CONTEXT:  PL/pgSQL function kndb.resolve_conflict() line 91 at RAISE",,1,
515,READ COMMITTED,B,0,1,"CheckViolation: KNDB precedence: NEW outranked by fact_id=e3bed374-0704-4998-b07e-61f6bed8ec3d, reason=kind_outranked -- payload={""value"": ""INFERRED_iter515"", ""writer"": ""kndb_native"", ""fact_id"": ""2cc3bacd-9b64-4115-a85b-4dc184c9dfb3"", ""provsql"": ""606ea48c-d57c-4248-9693-7296ed763bab"", ""sources"": [], ""sys_time"": ""[\""2026-07-09 02:38:22.757824-05\"",infinity)"", ""attribute"": ""s2_slot"", ""entity_id"": 32000515, ""confidence"": 0.97000, ""valid_time"": ""[\""2025-12-31 18:00:00-06\"",\""2026-06-29 19:00:00-05\"")"", ""specificity"": 100, ""epistemic_kind"": ""INFERRED""}
HINT:  Incoming fact lost the precedence lattice against an existing overlapping fact.
CONTEXT:  PL/pgSQL function kndb.resolve_conflict() line 91 at RAISE",,1,
516,READ COMMITTED,A,1,1,,,1,
517,READ COMMITTED,A,1,1,,,1,
518,READ COMMITTED,A,1,1,,,1,
519,READ COMMITTED,B,0,1,"CheckViolation: KNDB precedence: NEW outranked by fact_id=43fee053-6fb3-47b6-9b7d-852ecc607fa0, reason=kind_outranked -- payload={""value"": ""INFERRED_iter519"", ""writer"": ""kndb_native"", ""fact_id"": ""e1136e27-26d9-4244-b80f-df97b39265c2"", ""provsql"": ""a6152d10-b941-4eb0-9fe0-a656962f53c3"", ""sources"": [], ""sys_time"": ""[\""2026-07-09 02:38:22.792703-05\"",infinity)"", ""attribute"": ""s2_slot"", ""entity_id"": 32000519, ""confidence"": 0.97000, ""valid_time"": ""[\""2025-12-31 18:00:00-06\"",\""2026-06-29 19:00:00-05\"")"", ""specificity"": 100, ""epistemic_kind"": ""INFERRED""}
HINT:  Incoming fact lost the precedence lattice against an existing overlapping fact.
CONTEXT:  PL/pgSQL function kndb.resolve_conflict() line 91 at RAISE",,1,
520,READ COMMITTED,B,0,1,"CheckViolation: KNDB precedence: NEW outranked by fact_id=f4fa2945-f8ee-43fa-956d-78689a899e1f, reason=kind_outranked -- payload={""value"": ""INFERRED_iter520"", ""writer"": ""kndb_native"", ""fact_id"": ""59dde386-b21a-4d0b-9f64-45db03cefe29"", ""provsql"": ""bdbf7b55-390a-4ff6-902a-463f1bf1fe72"", ""sources"": [], ""sys_time"": ""[\""2026-07-09 02:38:22.800923-05\"",infinity)"", ""attribute"": ""s2_slot"", ""entity_id"": 32000520, ""confidence"": 0.97000, ""valid_time"": ""[\""2025-12-31 18:00:00-06\"",\""2026-06-29 19:00:00-05\"")"", ""specificity"": 100, ""epistemic_kind"": ""INFERRED""}
HINT:  Incoming fact lost the precedence lattice against an existing overlapping fact.
CONTEXT:  PL/pgSQL function kndb.resolve_conflict() line 91 at RAISE",,1,
521,READ COMMITTED,A,1,1,,,1,
522,READ COMMITTED,B,0,1,"CheckViolation: KNDB precedence: NEW outranked by fact_id=0a786717-1ea0-451c-9026-c80c49ec65fd, reason=kind_outranked -- payload={""value"": ""INFERRED_iter522"", ""writer"": ""kndb_native"", ""fact_id"": ""7eb8595f-585c-49fe-81dc-81ef9754a3ce"", ""provsql"": ""eb4d7d11-20ad-45b5-a3b7-b7cddbf78133"", ""sources"": [], ""sys_time"": ""[\""2026-07-09 02:38:22.818402-05\"",infinity)"", ""attribute"": ""s2_slot"", ""entity_id"": 32000522, ""confidence"": 0.97000, ""valid_time"": ""[\""2025-12-31 18:00:00-06\"",\""2026-06-29 19:00:00-05\"")"", ""specificity"": 100, ""epistemic_kind"": ""INFERRED""}
HINT:  Incoming fact lost the precedence lattice against an existing overlapping fact.
CONTEXT:  PL/pgSQL function kndb.resolve_conflict() line 91 at RAISE",,1,
523,READ COMMITTED,B,0,1,"CheckViolation: KNDB precedence: NEW outranked by fact_id=42fae3dc-16ad-4a57-81b0-d486a8ae6b50, reason=kind_outranked -- payload={""value"": ""INFERRED_iter523"", ""writer"": ""kndb_native"", ""fact_id"": ""e664bc47-a444-43dd-9453-1a6324468636"", ""provsql"": ""7ff020c5-c61e-477f-ad49-a4d608227f4d"", ""sources"": [], ""sys_time"": ""[\""2026-07-09 02:38:22.825784-05\"",infinity)"", ""attribute"": ""s2_slot"", ""entity_id"": 32000523, ""confidence"": 0.97000, ""valid_time"": ""[\""2025-12-31 18:00:00-06\"",\""2026-06-29 19:00:00-05\"")"", ""specificity"": 100, ""epistemic_kind"": ""INFERRED""}
HINT:  Incoming fact lost the precedence lattice against an existing overlapping fact.
CONTEXT:  PL/pgSQL function kndb.resolve_conflict() line 91 at RAISE",,1,
524,READ COMMITTED,B,0,1,"CheckViolation: KNDB precedence: NEW outranked by fact_id=e5f3d378-8738-4349-93e8-df4a5b1c030a, reason=kind_outranked -- payload={""value"": ""INFERRED_iter524"", ""writer"": ""kndb_native"", ""fact_id"": ""302e696c-2aa3-431f-8d82-47ab92f7edf7"", ""provsql"": ""12939534-d2fc-4d3e-bfd1-302e543b5461"", ""sources"": [], ""sys_time"": ""[\""2026-07-09 02:38:22.833911-05\"",infinity)"", ""attribute"": ""s2_slot"", ""entity_id"": 32000524, ""confidence"": 0.97000, ""valid_time"": ""[\""2025-12-31 18:00:00-06\"",\""2026-06-29 19:00:00-05\"")"", ""specificity"": 100, ""epistemic_kind"": ""INFERRED""}
HINT:  Incoming fact lost the precedence lattice against an existing overlapping fact.
CONTEXT:  PL/pgSQL function kndb.resolve_conflict() line 91 at RAISE",,1,
525,READ COMMITTED,B,0,1,"CheckViolation: KNDB precedence: NEW outranked by fact_id=c0f9e70c-6c0f-4d7e-9a60-26bd0790770e, reason=kind_outranked -- payload={""value"": ""INFERRED_iter525"", ""writer"": ""kndb_native"", ""fact_id"": ""82076712-efd1-42e6-9d70-9f026b38d0e9"", ""provsql"": ""e900e743-f839-40ae-bac5-2c5c2bc0e06d"", ""sources"": [], ""sys_time"": ""[\""2026-07-09 02:38:22.84206-05\"",infinity)"", ""attribute"": ""s2_slot"", ""entity_id"": 32000525, ""confidence"": 0.97000, ""valid_time"": ""[\""2025-12-31 18:00:00-06\"",\""2026-06-29 19:00:00-05\"")"", ""specificity"": 100, ""epistemic_kind"": ""INFERRED""}
HINT:  Incoming fact lost the precedence lattice against an existing overlapping fact.
CONTEXT:  PL/pgSQL function kndb.resolve_conflict() line 91 at RAISE",,1,
526,READ COMMITTED,B,0,1,"CheckViolation: KNDB precedence: NEW outranked by fact_id=78ebb8be-1855-49a9-98aa-fae01e457564, reason=kind_outranked -- payload={""value"": ""INFERRED_iter526"", ""writer"": ""kndb_native"", ""fact_id"": ""079826b3-db58-46fa-82d4-f3b57916d9c4"", ""provsql"": ""4363cfe1-49d0-49ba-b23c-fd079c2a8138"", ""sources"": [], ""sys_time"": ""[\""2026-07-09 02:38:22.850722-05\"",infinity)"", ""attribute"": ""s2_slot"", ""entity_id"": 32000526, ""confidence"": 0.97000, ""valid_time"": ""[\""2025-12-31 18:00:00-06\"",\""2026-06-29 19:00:00-05\"")"", ""specificity"": 100, ""epistemic_kind"": ""INFERRED""}
HINT:  Incoming fact lost the precedence lattice against an existing overlapping fact.
CONTEXT:  PL/pgSQL function kndb.resolve_conflict() line 91 at RAISE",,1,
527,READ COMMITTED,A,1,1,,,1,
528,READ COMMITTED,A,1,1,,,1,
529,READ COMMITTED,A,1,1,,,1,
530,READ COMMITTED,A,1,1,,,1,
531,READ COMMITTED,B,0,1,"CheckViolation: KNDB precedence: NEW outranked by fact_id=a570f281-858c-4dd6-b670-559d544b39a1, reason=kind_outranked -- payload={""value"": ""INFERRED_iter531"", ""writer"": ""kndb_native"", ""fact_id"": ""e9cf8fd3-b4f9-4b6a-b3ee-d39f4aebbc40"", ""provsql"": ""2ad3fe75-2353-412e-af6f-20329cf6df43"", ""sources"": [], ""sys_time"": ""[\""2026-07-09 02:38:22.897214-05\"",infinity)"", ""attribute"": ""s2_slot"", ""entity_id"": 32000531, ""confidence"": 0.97000, ""valid_time"": ""[\""2025-12-31 18:00:00-06\"",\""2026-06-29 19:00:00-05\"")"", ""specificity"": 100, ""epistemic_kind"": ""INFERRED""}
HINT:  Incoming fact lost the precedence lattice against an existing overlapping fact.
CONTEXT:  PL/pgSQL function kndb.resolve_conflict() line 91 at RAISE",,1,
532,READ COMMITTED,B,0,1,"CheckViolation: KNDB precedence: NEW outranked by fact_id=68164b9a-9b44-4ec5-a532-32cb73693b24, reason=kind_outranked -- payload={""value"": ""INFERRED_iter532"", ""writer"": ""kndb_native"", ""fact_id"": ""3bb4fdad-5b32-4561-9642-ec7a39d661fc"", ""provsql"": ""9f0fcb42-cfcf-4f37-b4b7-8f2e6f586f6c"", ""sources"": [], ""sys_time"": ""[\""2026-07-09 02:38:22.905792-05\"",infinity)"", ""attribute"": ""s2_slot"", ""entity_id"": 32000532, ""confidence"": 0.97000, ""valid_time"": ""[\""2025-12-31 18:00:00-06\"",\""2026-06-29 19:00:00-05\"")"", ""specificity"": 100, ""epistemic_kind"": ""INFERRED""}
HINT:  Incoming fact lost the precedence lattice against an existing overlapping fact.
CONTEXT:  PL/pgSQL function kndb.resolve_conflict() line 91 at RAISE",,1,
533,READ COMMITTED,A,1,1,,,1,
534,READ COMMITTED,B,0,1,"CheckViolation: KNDB precedence: NEW outranked by fact_id=a88229ac-d120-4474-8ad1-dbe55c40f3a8, reason=kind_outranked -- payload={""value"": ""INFERRED_iter534"", ""writer"": ""kndb_native"", ""fact_id"": ""30a13037-b1c2-437f-bacf-bd91d78bd847"", ""provsql"": ""4002e349-028c-423b-9435-b000e23a9228"", ""sources"": [], ""sys_time"": ""[\""2026-07-09 02:38:22.923516-05\"",infinity)"", ""attribute"": ""s2_slot"", ""entity_id"": 32000534, ""confidence"": 0.97000, ""valid_time"": ""[\""2025-12-31 18:00:00-06\"",\""2026-06-29 19:00:00-05\"")"", ""specificity"": 100, ""epistemic_kind"": ""INFERRED""}
HINT:  Incoming fact lost the precedence lattice against an existing overlapping fact.
CONTEXT:  PL/pgSQL function kndb.resolve_conflict() line 91 at RAISE",,1,
535,READ COMMITTED,B,0,1,"CheckViolation: KNDB precedence: NEW outranked by fact_id=ddd0ad6c-4a12-4f41-8afb-38b3fc632c80, reason=kind_outranked -- payload={""value"": ""INFERRED_iter535"", ""writer"": ""kndb_native"", ""fact_id"": ""d7583299-cd90-4f8d-8a87-3d3d2557e563"", ""provsql"": ""8750519b-397c-431b-8bd7-ac9cdf16e892"", ""sources"": [], ""sys_time"": ""[\""2026-07-09 02:38:22.932212-05\"",infinity)"", ""attribute"": ""s2_slot"", ""entity_id"": 32000535, ""confidence"": 0.97000, ""valid_time"": ""[\""2025-12-31 18:00:00-06\"",\""2026-06-29 19:00:00-05\"")"", ""specificity"": 100, ""epistemic_kind"": ""INFERRED""}
HINT:  Incoming fact lost the precedence lattice against an existing overlapping fact.
CONTEXT:  PL/pgSQL function kndb.resolve_conflict() line 91 at RAISE",,1,
536,READ COMMITTED,A,1,1,,,1,
537,READ COMMITTED,B,0,1,"CheckViolation: KNDB precedence: NEW outranked by fact_id=991df86d-6da4-4d82-b789-7a4b84538ab9, reason=kind_outranked -- payload={""value"": ""INFERRED_iter537"", ""writer"": ""kndb_native"", ""fact_id"": ""5502af02-3ce2-4692-b585-ded57b30ec63"", ""provsql"": ""744d286f-cb27-4bd5-a433-ce21e8de9ef6"", ""sources"": [], ""sys_time"": ""[\""2026-07-09 02:38:22.949928-05\"",infinity)"", ""attribute"": ""s2_slot"", ""entity_id"": 32000537, ""confidence"": 0.97000, ""valid_time"": ""[\""2025-12-31 18:00:00-06\"",\""2026-06-29 19:00:00-05\"")"", ""specificity"": 100, ""epistemic_kind"": ""INFERRED""}
HINT:  Incoming fact lost the precedence lattice against an existing overlapping fact.
CONTEXT:  PL/pgSQL function kndb.resolve_conflict() line 91 at RAISE",,1,
538,READ COMMITTED,B,0,1,"CheckViolation: KNDB precedence: NEW outranked by fact_id=a12f173c-d8e8-40f2-8741-b4a0b7c7244c, reason=kind_outranked -- payload={""value"": ""INFERRED_iter538"", ""writer"": ""kndb_native"", ""fact_id"": ""36176105-21c3-465a-96f5-5942e7532cbb"", ""provsql"": ""d14e100c-0546-4465-93f0-8605be90dfa9"", ""sources"": [], ""sys_time"": ""[\""2026-07-09 02:38:22.95836-05\"",infinity)"", ""attribute"": ""s2_slot"", ""entity_id"": 32000538, ""confidence"": 0.97000, ""valid_time"": ""[\""2025-12-31 18:00:00-06\"",\""2026-06-29 19:00:00-05\"")"", ""specificity"": 100, ""epistemic_kind"": ""INFERRED""}
HINT:  Incoming fact lost the precedence lattice against an existing overlapping fact.
CONTEXT:  PL/pgSQL function kndb.resolve_conflict() line 91 at RAISE",,1,
539,READ COMMITTED,A,1,1,,,1,
540,READ COMMITTED,B,0,1,"CheckViolation: KNDB precedence: NEW outranked by fact_id=b7496717-2f40-4a18-8009-cb5c593969ce, reason=kind_outranked -- payload={""value"": ""INFERRED_iter540"", ""writer"": ""kndb_native"", ""fact_id"": ""ab853026-66b8-4725-89ba-6d8b328037a8"", ""provsql"": ""90141568-0f53-49e0-b349-2722c4e6bc01"", ""sources"": [], ""sys_time"": ""[\""2026-07-09 02:38:22.974118-05\"",infinity)"", ""attribute"": ""s2_slot"", ""entity_id"": 32000540, ""confidence"": 0.97000, ""valid_time"": ""[\""2025-12-31 18:00:00-06\"",\""2026-06-29 19:00:00-05\"")"", ""specificity"": 100, ""epistemic_kind"": ""INFERRED""}
HINT:  Incoming fact lost the precedence lattice against an existing overlapping fact.
CONTEXT:  PL/pgSQL function kndb.resolve_conflict() line 91 at RAISE",,1,
541,READ COMMITTED,B,0,1,"CheckViolation: KNDB precedence: NEW outranked by fact_id=80c49f12-35a2-4ce4-8e79-0772bbd4caab, reason=kind_outranked -- payload={""value"": ""INFERRED_iter541"", ""writer"": ""kndb_native"", ""fact_id"": ""b23355b0-5e0b-4db7-b847-162a151d655e"", ""provsql"": ""a21e765f-9f9c-456a-ae04-487b3dfda48b"", ""sources"": [], ""sys_time"": ""[\""2026-07-09 02:38:22.982022-05\"",infinity)"", ""attribute"": ""s2_slot"", ""entity_id"": 32000541, ""confidence"": 0.97000, ""valid_time"": ""[\""2025-12-31 18:00:00-06\"",\""2026-06-29 19:00:00-05\"")"", ""specificity"": 100, ""epistemic_kind"": ""INFERRED""}
HINT:  Incoming fact lost the precedence lattice against an existing overlapping fact.
CONTEXT:  PL/pgSQL function kndb.resolve_conflict() line 91 at RAISE",,1,
542,READ COMMITTED,A,1,1,,,1,
543,READ COMMITTED,A,1,1,,,1,
544,READ COMMITTED,A,1,1,,,1,
545,READ COMMITTED,B,0,1,"CheckViolation: KNDB precedence: NEW outranked by fact_id=1449399c-651e-4cca-96e2-0e390023d3bb, reason=kind_outranked -- payload={""value"": ""INFERRED_iter545"", ""writer"": ""kndb_native"", ""fact_id"": ""b254d716-1ddf-4d0a-84b0-bbd9dafc0bc6"", ""provsql"": ""59c805c2-147c-4ea3-b91f-f5369c3b5de7"", ""sources"": [], ""sys_time"": ""[\""2026-07-09 02:38:23.015261-05\"",infinity)"", ""attribute"": ""s2_slot"", ""entity_id"": 32000545, ""confidence"": 0.97000, ""valid_time"": ""[\""2025-12-31 18:00:00-06\"",\""2026-06-29 19:00:00-05\"")"", ""specificity"": 100, ""epistemic_kind"": ""INFERRED""}
HINT:  Incoming fact lost the precedence lattice against an existing overlapping fact.
CONTEXT:  PL/pgSQL function kndb.resolve_conflict() line 91 at RAISE",,1,
546,READ COMMITTED,B,0,1,"CheckViolation: KNDB precedence: NEW outranked by fact_id=9a6dfe7a-5cfd-46de-9f73-ef183f6128b1, reason=kind_outranked -- payload={""value"": ""INFERRED_iter546"", ""writer"": ""kndb_native"", ""fact_id"": ""aa684489-7b08-4745-8f43-165df54f8283"", ""provsql"": ""1c51441b-abce-417e-b9fa-21539fffb5e3"", ""sources"": [], ""sys_time"": ""[\""2026-07-09 02:38:23.023471-05\"",infinity)"", ""attribute"": ""s2_slot"", ""entity_id"": 32000546, ""confidence"": 0.97000, ""valid_time"": ""[\""2025-12-31 18:00:00-06\"",\""2026-06-29 19:00:00-05\"")"", ""specificity"": 100, ""epistemic_kind"": ""INFERRED""}
HINT:  Incoming fact lost the precedence lattice against an existing overlapping fact.
CONTEXT:  PL/pgSQL function kndb.resolve_conflict() line 91 at RAISE",,1,
547,READ COMMITTED,A,1,1,,,1,
548,READ COMMITTED,B,0,1,"CheckViolation: KNDB precedence: NEW outranked by fact_id=e8f0931f-833a-4ac0-8e97-728a5261fd89, reason=kind_outranked -- payload={""value"": ""INFERRED_iter548"", ""writer"": ""kndb_native"", ""fact_id"": ""fca9a099-dcf1-42a0-bcb1-9e7ac7bbe674"", ""provsql"": ""63911d45-ff81-4413-9fec-c04b30d589dc"", ""sources"": [], ""sys_time"": ""[\""2026-07-09 02:38:23.040366-05\"",infinity)"", ""attribute"": ""s2_slot"", ""entity_id"": 32000548, ""confidence"": 0.97000, ""valid_time"": ""[\""2025-12-31 18:00:00-06\"",\""2026-06-29 19:00:00-05\"")"", ""specificity"": 100, ""epistemic_kind"": ""INFERRED""}
HINT:  Incoming fact lost the precedence lattice against an existing overlapping fact.
CONTEXT:  PL/pgSQL function kndb.resolve_conflict() line 91 at RAISE",,1,
549,READ COMMITTED,A,1,1,,,1,
550,READ COMMITTED,B,0,1,"CheckViolation: KNDB precedence: NEW outranked by fact_id=b1c94894-38b4-4eeb-927a-c5a6f59f9631, reason=kind_outranked -- payload={""value"": ""INFERRED_iter550"", ""writer"": ""kndb_native"", ""fact_id"": ""753d1011-0b63-4fb6-bbed-2664622f59fa"", ""provsql"": ""7d7a7706-3620-4b35-9b26-392663adb085"", ""sources"": [], ""sys_time"": ""[\""2026-07-09 02:38:23.057018-05\"",infinity)"", ""attribute"": ""s2_slot"", ""entity_id"": 32000550, ""confidence"": 0.97000, ""valid_time"": ""[\""2025-12-31 18:00:00-06\"",\""2026-06-29 19:00:00-05\"")"", ""specificity"": 100, ""epistemic_kind"": ""INFERRED""}
HINT:  Incoming fact lost the precedence lattice against an existing overlapping fact.
CONTEXT:  PL/pgSQL function kndb.resolve_conflict() line 91 at RAISE",,1,
551,READ COMMITTED,B,0,1,"CheckViolation: KNDB precedence: NEW outranked by fact_id=2b326f51-1715-4156-8ed9-45555404ce84, reason=kind_outranked -- payload={""value"": ""INFERRED_iter551"", ""writer"": ""kndb_native"", ""fact_id"": ""353b9783-102b-4a54-9eb8-aeb1da214bb7"", ""provsql"": ""a3dfeab0-9c10-407a-88db-4a1a385d7488"", ""sources"": [], ""sys_time"": ""[\""2026-07-09 02:38:23.065222-05\"",infinity)"", ""attribute"": ""s2_slot"", ""entity_id"": 32000551, ""confidence"": 0.97000, ""valid_time"": ""[\""2025-12-31 18:00:00-06\"",\""2026-06-29 19:00:00-05\"")"", ""specificity"": 100, ""epistemic_kind"": ""INFERRED""}
HINT:  Incoming fact lost the precedence lattice against an existing overlapping fact.
CONTEXT:  PL/pgSQL function kndb.resolve_conflict() line 91 at RAISE",,1,
552,READ COMMITTED,A,1,1,,,1,
553,READ COMMITTED,B,0,1,"CheckViolation: KNDB precedence: NEW outranked by fact_id=334f5e1c-4639-4b5c-abb2-fe6b3ef4a643, reason=kind_outranked -- payload={""value"": ""INFERRED_iter553"", ""writer"": ""kndb_native"", ""fact_id"": ""25cb4744-c6d0-4b76-821c-0d74c760b262"", ""provsql"": ""7988cb5a-ba4f-4b72-aba9-18f8d8b5ff7d"", ""sources"": [], ""sys_time"": ""[\""2026-07-09 02:38:23.081905-05\"",infinity)"", ""attribute"": ""s2_slot"", ""entity_id"": 32000553, ""confidence"": 0.97000, ""valid_time"": ""[\""2025-12-31 18:00:00-06\"",\""2026-06-29 19:00:00-05\"")"", ""specificity"": 100, ""epistemic_kind"": ""INFERRED""}
HINT:  Incoming fact lost the precedence lattice against an existing overlapping fact.
CONTEXT:  PL/pgSQL function kndb.resolve_conflict() line 91 at RAISE",,1,
554,READ COMMITTED,B,0,1,"CheckViolation: KNDB precedence: NEW outranked by fact_id=1556ae36-65cb-45bc-9840-e130f56e4a40, reason=kind_outranked -- payload={""value"": ""INFERRED_iter554"", ""writer"": ""kndb_native"", ""fact_id"": ""eab0cb32-0494-4080-8276-ae0213b2e6c5"", ""provsql"": ""6983d0f1-670e-4e29-8f02-8d12c31dacea"", ""sources"": [], ""sys_time"": ""[\""2026-07-09 02:38:23.090008-05\"",infinity)"", ""attribute"": ""s2_slot"", ""entity_id"": 32000554, ""confidence"": 0.97000, ""valid_time"": ""[\""2025-12-31 18:00:00-06\"",\""2026-06-29 19:00:00-05\"")"", ""specificity"": 100, ""epistemic_kind"": ""INFERRED""}
HINT:  Incoming fact lost the precedence lattice against an existing overlapping fact.
CONTEXT:  PL/pgSQL function kndb.resolve_conflict() line 91 at RAISE",,1,
555,READ COMMITTED,B,0,1,"CheckViolation: KNDB precedence: NEW outranked by fact_id=597860bd-6022-4ceb-ade3-b4e44b147dbf, reason=kind_outranked -- payload={""value"": ""INFERRED_iter555"", ""writer"": ""kndb_native"", ""fact_id"": ""27d2443b-5251-4385-8d98-ab96b27a4587"", ""provsql"": ""eb414628-499d-451a-b6e6-fa83ba0d4ea6"", ""sources"": [], ""sys_time"": ""[\""2026-07-09 02:38:23.098443-05\"",infinity)"", ""attribute"": ""s2_slot"", ""entity_id"": 32000555, ""confidence"": 0.97000, ""valid_time"": ""[\""2025-12-31 18:00:00-06\"",\""2026-06-29 19:00:00-05\"")"", ""specificity"": 100, ""epistemic_kind"": ""INFERRED""}
HINT:  Incoming fact lost the precedence lattice against an existing overlapping fact.
CONTEXT:  PL/pgSQL function kndb.resolve_conflict() line 91 at RAISE",,1,
556,READ COMMITTED,A,1,1,,,1,
557,READ COMMITTED,B,0,1,"CheckViolation: KNDB precedence: NEW outranked by fact_id=e68c106e-6610-4ea7-9277-8f16bfe0d8f7, reason=kind_outranked -- payload={""value"": ""INFERRED_iter557"", ""writer"": ""kndb_native"", ""fact_id"": ""b22b5ca0-72dd-4586-aa32-db48c667382c"", ""provsql"": ""584c846c-ef97-40c9-b3e8-773ace6762f8"", ""sources"": [], ""sys_time"": ""[\""2026-07-09 02:38:23.116698-05\"",infinity)"", ""attribute"": ""s2_slot"", ""entity_id"": 32000557, ""confidence"": 0.97000, ""valid_time"": ""[\""2025-12-31 18:00:00-06\"",\""2026-06-29 19:00:00-05\"")"", ""specificity"": 100, ""epistemic_kind"": ""INFERRED""}
HINT:  Incoming fact lost the precedence lattice against an existing overlapping fact.
CONTEXT:  PL/pgSQL function kndb.resolve_conflict() line 91 at RAISE",,1,
558,READ COMMITTED,B,0,1,"CheckViolation: KNDB precedence: NEW outranked by fact_id=fde6fdfd-3646-4056-b660-2de7be54207a, reason=kind_outranked -- payload={""value"": ""INFERRED_iter558"", ""writer"": ""kndb_native"", ""fact_id"": ""0db22aac-b937-46e2-a037-70a50d893654"", ""provsql"": ""0cce7978-c88b-4a52-afff-c6cd418ef4fd"", ""sources"": [], ""sys_time"": ""[\""2026-07-09 02:38:23.124739-05\"",infinity)"", ""attribute"": ""s2_slot"", ""entity_id"": 32000558, ""confidence"": 0.97000, ""valid_time"": ""[\""2025-12-31 18:00:00-06\"",\""2026-06-29 19:00:00-05\"")"", ""specificity"": 100, ""epistemic_kind"": ""INFERRED""}
HINT:  Incoming fact lost the precedence lattice against an existing overlapping fact.
CONTEXT:  PL/pgSQL function kndb.resolve_conflict() line 91 at RAISE",,1,
559,READ COMMITTED,A,1,1,,,1,
560,READ COMMITTED,A,1,1,,,1,
561,READ COMMITTED,A,1,1,,,1,
562,READ COMMITTED,B,0,1,"CheckViolation: KNDB precedence: NEW outranked by fact_id=7bce982e-444f-4961-930a-93f136e4474d, reason=kind_outranked -- payload={""value"": ""INFERRED_iter562"", ""writer"": ""kndb_native"", ""fact_id"": ""eeed305b-86c2-446f-aab9-775f7b90cd7e"", ""provsql"": ""3ee3dfb2-2be6-4d4c-bfe8-230276613a1b"", ""sources"": [], ""sys_time"": ""[\""2026-07-09 02:38:23.158722-05\"",infinity)"", ""attribute"": ""s2_slot"", ""entity_id"": 32000562, ""confidence"": 0.97000, ""valid_time"": ""[\""2025-12-31 18:00:00-06\"",\""2026-06-29 19:00:00-05\"")"", ""specificity"": 100, ""epistemic_kind"": ""INFERRED""}
HINT:  Incoming fact lost the precedence lattice against an existing overlapping fact.
CONTEXT:  PL/pgSQL function kndb.resolve_conflict() line 91 at RAISE",,1,
563,READ COMMITTED,A,1,1,,,1,
564,READ COMMITTED,B,0,1,"CheckViolation: KNDB precedence: NEW outranked by fact_id=83e4328c-de1e-4a6f-850b-1b0f0bd9b146, reason=kind_outranked -- payload={""value"": ""INFERRED_iter564"", ""writer"": ""kndb_native"", ""fact_id"": ""2cf7c992-4adb-428d-9d73-2a4d0aafd545"", ""provsql"": ""b07f4a1e-8b65-40a1-91c0-06840e399562"", ""sources"": [], ""sys_time"": ""[\""2026-07-09 02:38:23.174789-05\"",infinity)"", ""attribute"": ""s2_slot"", ""entity_id"": 32000564, ""confidence"": 0.97000, ""valid_time"": ""[\""2025-12-31 18:00:00-06\"",\""2026-06-29 19:00:00-05\"")"", ""specificity"": 100, ""epistemic_kind"": ""INFERRED""}
HINT:  Incoming fact lost the precedence lattice against an existing overlapping fact.
CONTEXT:  PL/pgSQL function kndb.resolve_conflict() line 91 at RAISE",,1,
565,READ COMMITTED,B,0,1,"CheckViolation: KNDB precedence: NEW outranked by fact_id=7f109c1f-ca37-4c71-9d87-21d1c953fcaa, reason=kind_outranked -- payload={""value"": ""INFERRED_iter565"", ""writer"": ""kndb_native"", ""fact_id"": ""de6befb8-8ab6-4af9-8d4f-9f53c5abc41b"", ""provsql"": ""385cdd51-f0d5-458b-92bb-8206587f901b"", ""sources"": [], ""sys_time"": ""[\""2026-07-09 02:38:23.183152-05\"",infinity)"", ""attribute"": ""s2_slot"", ""entity_id"": 32000565, ""confidence"": 0.97000, ""valid_time"": ""[\""2025-12-31 18:00:00-06\"",\""2026-06-29 19:00:00-05\"")"", ""specificity"": 100, ""epistemic_kind"": ""INFERRED""}
HINT:  Incoming fact lost the precedence lattice against an existing overlapping fact.
CONTEXT:  PL/pgSQL function kndb.resolve_conflict() line 91 at RAISE",,1,
566,READ COMMITTED,A,1,1,,,1,
567,READ COMMITTED,B,0,1,"CheckViolation: KNDB precedence: NEW outranked by fact_id=65eabaaa-017c-40e0-b2e0-5df7544ca3eb, reason=kind_outranked -- payload={""value"": ""INFERRED_iter567"", ""writer"": ""kndb_native"", ""fact_id"": ""24c002b7-f15c-409c-b021-9df4cc90ad78"", ""provsql"": ""2da9938a-eb8c-48e4-8b1a-d92a6b400836"", ""sources"": [], ""sys_time"": ""[\""2026-07-09 02:38:23.199974-05\"",infinity)"", ""attribute"": ""s2_slot"", ""entity_id"": 32000567, ""confidence"": 0.97000, ""valid_time"": ""[\""2025-12-31 18:00:00-06\"",\""2026-06-29 19:00:00-05\"")"", ""specificity"": 100, ""epistemic_kind"": ""INFERRED""}
HINT:  Incoming fact lost the precedence lattice against an existing overlapping fact.
CONTEXT:  PL/pgSQL function kndb.resolve_conflict() line 91 at RAISE",,1,
568,READ COMMITTED,B,0,1,"CheckViolation: KNDB precedence: NEW outranked by fact_id=9ae683c4-f9e1-40f7-becf-689c93ed2bfe, reason=kind_outranked -- payload={""value"": ""INFERRED_iter568"", ""writer"": ""kndb_native"", ""fact_id"": ""e5f9d318-9cc4-4a2c-939e-7b9aaa1c1a23"", ""provsql"": ""cce5ec91-dcc0-4758-99da-99277f76af90"", ""sources"": [], ""sys_time"": ""[\""2026-07-09 02:38:23.207485-05\"",infinity)"", ""attribute"": ""s2_slot"", ""entity_id"": 32000568, ""confidence"": 0.97000, ""valid_time"": ""[\""2025-12-31 18:00:00-06\"",\""2026-06-29 19:00:00-05\"")"", ""specificity"": 100, ""epistemic_kind"": ""INFERRED""}
HINT:  Incoming fact lost the precedence lattice against an existing overlapping fact.
CONTEXT:  PL/pgSQL function kndb.resolve_conflict() line 91 at RAISE",,1,
569,READ COMMITTED,B,0,1,"CheckViolation: KNDB precedence: NEW outranked by fact_id=f7821edd-c006-49bf-8ec3-23a11feb9569, reason=kind_outranked -- payload={""value"": ""INFERRED_iter569"", ""writer"": ""kndb_native"", ""fact_id"": ""e96be6a6-52d4-43cf-8308-6a87b98d516e"", ""provsql"": ""3eb52b14-d2c0-48d4-8eb8-296e672a731d"", ""sources"": [], ""sys_time"": ""[\""2026-07-09 02:38:23.215315-05\"",infinity)"", ""attribute"": ""s2_slot"", ""entity_id"": 32000569, ""confidence"": 0.97000, ""valid_time"": ""[\""2025-12-31 18:00:00-06\"",\""2026-06-29 19:00:00-05\"")"", ""specificity"": 100, ""epistemic_kind"": ""INFERRED""}
HINT:  Incoming fact lost the precedence lattice against an existing overlapping fact.
CONTEXT:  PL/pgSQL function kndb.resolve_conflict() line 91 at RAISE",,1,
570,READ COMMITTED,B,0,1,"CheckViolation: KNDB precedence: NEW outranked by fact_id=cbd9c785-e6c9-400e-919b-c135edf98d9e, reason=kind_outranked -- payload={""value"": ""INFERRED_iter570"", ""writer"": ""kndb_native"", ""fact_id"": ""33114d10-6251-4359-9c14-a6bfdb90f33a"", ""provsql"": ""545a3cbe-140e-4391-9fb3-c70fc078e11a"", ""sources"": [], ""sys_time"": ""[\""2026-07-09 02:38:23.2237-05\"",infinity)"", ""attribute"": ""s2_slot"", ""entity_id"": 32000570, ""confidence"": 0.97000, ""valid_time"": ""[\""2025-12-31 18:00:00-06\"",\""2026-06-29 19:00:00-05\"")"", ""specificity"": 100, ""epistemic_kind"": ""INFERRED""}
HINT:  Incoming fact lost the precedence lattice against an existing overlapping fact.
CONTEXT:  PL/pgSQL function kndb.resolve_conflict() line 91 at RAISE",,1,
571,READ COMMITTED,A,1,1,,,1,
572,READ COMMITTED,B,0,1,"CheckViolation: KNDB precedence: NEW outranked by fact_id=a688163b-66db-4069-a871-09de086ada9c, reason=kind_outranked -- payload={""value"": ""INFERRED_iter572"", ""writer"": ""kndb_native"", ""fact_id"": ""43be9d94-fb09-4989-9c32-2c916efec9ef"", ""provsql"": ""633335a4-333c-47c1-8044-004874a22d08"", ""sources"": [], ""sys_time"": ""[\""2026-07-09 02:38:23.239746-05\"",infinity)"", ""attribute"": ""s2_slot"", ""entity_id"": 32000572, ""confidence"": 0.97000, ""valid_time"": ""[\""2025-12-31 18:00:00-06\"",\""2026-06-29 19:00:00-05\"")"", ""specificity"": 100, ""epistemic_kind"": ""INFERRED""}
HINT:  Incoming fact lost the precedence lattice against an existing overlapping fact.
CONTEXT:  PL/pgSQL function kndb.resolve_conflict() line 91 at RAISE",,1,
573,READ COMMITTED,B,0,1,"CheckViolation: KNDB precedence: NEW outranked by fact_id=b741290d-939f-4694-a0a5-78e38cad478c, reason=kind_outranked -- payload={""value"": ""INFERRED_iter573"", ""writer"": ""kndb_native"", ""fact_id"": ""39e51129-160f-439c-8803-1a9e734b3068"", ""provsql"": ""dfc4572a-983e-4a3e-af24-5d5b2fde5fca"", ""sources"": [], ""sys_time"": ""[\""2026-07-09 02:38:23.248229-05\"",infinity)"", ""attribute"": ""s2_slot"", ""entity_id"": 32000573, ""confidence"": 0.97000, ""valid_time"": ""[\""2025-12-31 18:00:00-06\"",\""2026-06-29 19:00:00-05\"")"", ""specificity"": 100, ""epistemic_kind"": ""INFERRED""}
HINT:  Incoming fact lost the precedence lattice against an existing overlapping fact.
CONTEXT:  PL/pgSQL function kndb.resolve_conflict() line 91 at RAISE",,1,
574,READ COMMITTED,A,1,1,,,1,
575,READ COMMITTED,B,0,1,"CheckViolation: KNDB precedence: NEW outranked by fact_id=80b6edac-aee1-42a1-883a-e80eb946125c, reason=kind_outranked -- payload={""value"": ""INFERRED_iter575"", ""writer"": ""kndb_native"", ""fact_id"": ""922ae71c-520e-41d8-8427-ed482e3ef447"", ""provsql"": ""9ff90e01-9f6c-4c99-910e-61588a6752c3"", ""sources"": [], ""sys_time"": ""[\""2026-07-09 02:38:23.264858-05\"",infinity)"", ""attribute"": ""s2_slot"", ""entity_id"": 32000575, ""confidence"": 0.97000, ""valid_time"": ""[\""2025-12-31 18:00:00-06\"",\""2026-06-29 19:00:00-05\"")"", ""specificity"": 100, ""epistemic_kind"": ""INFERRED""}
HINT:  Incoming fact lost the precedence lattice against an existing overlapping fact.
CONTEXT:  PL/pgSQL function kndb.resolve_conflict() line 91 at RAISE",,1,
576,READ COMMITTED,B,0,1,"CheckViolation: KNDB precedence: NEW outranked by fact_id=d892b9bb-dab4-461a-b26a-416df90409da, reason=kind_outranked -- payload={""value"": ""INFERRED_iter576"", ""writer"": ""kndb_native"", ""fact_id"": ""8dc28677-3574-47c1-9936-0869dc4523c1"", ""provsql"": ""bc0a246d-39f7-4b42-9fb2-775c3bca6b8f"", ""sources"": [], ""sys_time"": ""[\""2026-07-09 02:38:23.27364-05\"",infinity)"", ""attribute"": ""s2_slot"", ""entity_id"": 32000576, ""confidence"": 0.97000, ""valid_time"": ""[\""2025-12-31 18:00:00-06\"",\""2026-06-29 19:00:00-05\"")"", ""specificity"": 100, ""epistemic_kind"": ""INFERRED""}
HINT:  Incoming fact lost the precedence lattice against an existing overlapping fact.
CONTEXT:  PL/pgSQL function kndb.resolve_conflict() line 91 at RAISE",,1,
577,READ COMMITTED,A,1,1,,,1,
578,READ COMMITTED,A,1,1,,,1,
579,READ COMMITTED,B,0,1,"CheckViolation: KNDB precedence: NEW outranked by fact_id=8f46e6fb-2a8a-4193-847f-39bccc56cb85, reason=kind_outranked -- payload={""value"": ""INFERRED_iter579"", ""writer"": ""kndb_native"", ""fact_id"": ""a6197101-b138-4569-8a51-ae5cc4634bd5"", ""provsql"": ""1671bae4-4409-40a5-9e42-e438c31b48f5"", ""sources"": [], ""sys_time"": ""[\""2026-07-09 02:38:23.298114-05\"",infinity)"", ""attribute"": ""s2_slot"", ""entity_id"": 32000579, ""confidence"": 0.97000, ""valid_time"": ""[\""2025-12-31 18:00:00-06\"",\""2026-06-29 19:00:00-05\"")"", ""specificity"": 100, ""epistemic_kind"": ""INFERRED""}
HINT:  Incoming fact lost the precedence lattice against an existing overlapping fact.
CONTEXT:  PL/pgSQL function kndb.resolve_conflict() line 91 at RAISE",,1,
580,READ COMMITTED,A,1,1,,,1,
581,READ COMMITTED,B,0,1,"CheckViolation: KNDB precedence: NEW outranked by fact_id=303e8a3e-8ec5-4fe5-a336-d09400d1f28a, reason=kind_outranked -- payload={""value"": ""INFERRED_iter581"", ""writer"": ""kndb_native"", ""fact_id"": ""a0d8d536-734a-4f84-91ca-a74fd27a8e29"", ""provsql"": ""53fed6dc-a18f-49f3-b966-a239be8219c7"", ""sources"": [], ""sys_time"": ""[\""2026-07-09 02:38:23.314625-05\"",infinity)"", ""attribute"": ""s2_slot"", ""entity_id"": 32000581, ""confidence"": 0.97000, ""valid_time"": ""[\""2025-12-31 18:00:00-06\"",\""2026-06-29 19:00:00-05\"")"", ""specificity"": 100, ""epistemic_kind"": ""INFERRED""}
HINT:  Incoming fact lost the precedence lattice against an existing overlapping fact.
CONTEXT:  PL/pgSQL function kndb.resolve_conflict() line 91 at RAISE",,1,
582,READ COMMITTED,B,0,1,"CheckViolation: KNDB precedence: NEW outranked by fact_id=f249bc80-16e4-489e-9bd2-4ecfd975340f, reason=kind_outranked -- payload={""value"": ""INFERRED_iter582"", ""writer"": ""kndb_native"", ""fact_id"": ""a9feafa6-4a43-4629-99fb-982a63ef78eb"", ""provsql"": ""bd3bc9a0-4645-4c0e-90a1-2676a649ec6d"", ""sources"": [], ""sys_time"": ""[\""2026-07-09 02:38:23.322864-05\"",infinity)"", ""attribute"": ""s2_slot"", ""entity_id"": 32000582, ""confidence"": 0.97000, ""valid_time"": ""[\""2025-12-31 18:00:00-06\"",\""2026-06-29 19:00:00-05\"")"", ""specificity"": 100, ""epistemic_kind"": ""INFERRED""}
HINT:  Incoming fact lost the precedence lattice against an existing overlapping fact.
CONTEXT:  PL/pgSQL function kndb.resolve_conflict() line 91 at RAISE",,1,
583,READ COMMITTED,A,1,1,,,1,
584,READ COMMITTED,B,0,1,"CheckViolation: KNDB precedence: NEW outranked by fact_id=5df466de-3eaf-485f-a68b-2bbde21fbfe0, reason=kind_outranked -- payload={""value"": ""INFERRED_iter584"", ""writer"": ""kndb_native"", ""fact_id"": ""77e91a20-781a-4444-ad11-b5e7af923d96"", ""provsql"": ""dc02ef52-bba5-4896-991f-7db7c29a02ee"", ""sources"": [], ""sys_time"": ""[\""2026-07-09 02:38:23.339857-05\"",infinity)"", ""attribute"": ""s2_slot"", ""entity_id"": 32000584, ""confidence"": 0.97000, ""valid_time"": ""[\""2025-12-31 18:00:00-06\"",\""2026-06-29 19:00:00-05\"")"", ""specificity"": 100, ""epistemic_kind"": ""INFERRED""}
HINT:  Incoming fact lost the precedence lattice against an existing overlapping fact.
CONTEXT:  PL/pgSQL function kndb.resolve_conflict() line 91 at RAISE",,1,
585,READ COMMITTED,A,1,1,,,1,
586,READ COMMITTED,A,1,1,,,1,
587,READ COMMITTED,B,0,1,"CheckViolation: KNDB precedence: NEW outranked by fact_id=41521447-c2e1-49f6-a787-0ea495ffc2f8, reason=kind_outranked -- payload={""value"": ""INFERRED_iter587"", ""writer"": ""kndb_native"", ""fact_id"": ""f4714dc8-1913-4a7e-9505-ef6d8e1d2030"", ""provsql"": ""7c5feda5-70d2-4222-90a2-2a6e2f6f6f20"", ""sources"": [], ""sys_time"": ""[\""2026-07-09 02:38:23.364736-05\"",infinity)"", ""attribute"": ""s2_slot"", ""entity_id"": 32000587, ""confidence"": 0.97000, ""valid_time"": ""[\""2025-12-31 18:00:00-06\"",\""2026-06-29 19:00:00-05\"")"", ""specificity"": 100, ""epistemic_kind"": ""INFERRED""}
HINT:  Incoming fact lost the precedence lattice against an existing overlapping fact.
CONTEXT:  PL/pgSQL function kndb.resolve_conflict() line 91 at RAISE",,1,
588,READ COMMITTED,A,1,1,,,1,
589,READ COMMITTED,A,1,1,,,1,
590,READ COMMITTED,B,0,1,"CheckViolation: KNDB precedence: NEW outranked by fact_id=57087e5f-c31f-4102-963e-9813311fc410, reason=kind_outranked -- payload={""value"": ""INFERRED_iter590"", ""writer"": ""kndb_native"", ""fact_id"": ""f9937828-8585-407e-ad5f-719af1d57582"", ""provsql"": ""063280f3-e151-43fa-914b-04a7f290de36"", ""sources"": [], ""sys_time"": ""[\""2026-07-09 02:38:23.389702-05\"",infinity)"", ""attribute"": ""s2_slot"", ""entity_id"": 32000590, ""confidence"": 0.97000, ""valid_time"": ""[\""2025-12-31 18:00:00-06\"",\""2026-06-29 19:00:00-05\"")"", ""specificity"": 100, ""epistemic_kind"": ""INFERRED""}
HINT:  Incoming fact lost the precedence lattice against an existing overlapping fact.
CONTEXT:  PL/pgSQL function kndb.resolve_conflict() line 91 at RAISE",,1,
591,READ COMMITTED,A,1,1,,,1,
592,READ COMMITTED,A,1,1,,,1,
593,READ COMMITTED,B,0,1,"CheckViolation: KNDB precedence: NEW outranked by fact_id=66442a0f-c7f3-4760-ae1b-27a0ff996112, reason=kind_outranked -- payload={""value"": ""INFERRED_iter593"", ""writer"": ""kndb_native"", ""fact_id"": ""ce95cc7e-e449-4701-b494-74b9db4a9cd0"", ""provsql"": ""09277101-1101-476d-9826-0d3693f32c7a"", ""sources"": [], ""sys_time"": ""[\""2026-07-09 02:38:23.414478-05\"",infinity)"", ""attribute"": ""s2_slot"", ""entity_id"": 32000593, ""confidence"": 0.97000, ""valid_time"": ""[\""2025-12-31 18:00:00-06\"",\""2026-06-29 19:00:00-05\"")"", ""specificity"": 100, ""epistemic_kind"": ""INFERRED""}
HINT:  Incoming fact lost the precedence lattice against an existing overlapping fact.
CONTEXT:  PL/pgSQL function kndb.resolve_conflict() line 91 at RAISE",,1,
594,READ COMMITTED,A,1,1,,,1,
595,READ COMMITTED,B,0,1,"CheckViolation: KNDB precedence: NEW outranked by fact_id=b1a39fa4-22cb-4ad9-9081-3e33534ac287, reason=kind_outranked -- payload={""value"": ""INFERRED_iter595"", ""writer"": ""kndb_native"", ""fact_id"": ""a452b1e3-a9af-4f0d-8d7b-9337a7bae96d"", ""provsql"": ""35dcbf32-c3a1-43ab-bdbf-43ce6a335db8"", ""sources"": [], ""sys_time"": ""[\""2026-07-09 02:38:23.431327-05\"",infinity)"", ""attribute"": ""s2_slot"", ""entity_id"": 32000595, ""confidence"": 0.97000, ""valid_time"": ""[\""2025-12-31 18:00:00-06\"",\""2026-06-29 19:00:00-05\"")"", ""specificity"": 100, ""epistemic_kind"": ""INFERRED""}
HINT:  Incoming fact lost the precedence lattice against an existing overlapping fact.
CONTEXT:  PL/pgSQL function kndb.resolve_conflict() line 91 at RAISE",,1,
596,READ COMMITTED,B,0,1,"CheckViolation: KNDB precedence: NEW outranked by fact_id=ef603a2a-2121-4a2b-94d1-4a1d9c697395, reason=kind_outranked -- payload={""value"": ""INFERRED_iter596"", ""writer"": ""kndb_native"", ""fact_id"": ""aa7d4539-2790-4aae-8416-373ab7b1096d"", ""provsql"": ""a4282fc2-96a8-4646-9dbe-977cc1c62357"", ""sources"": [], ""sys_time"": ""[\""2026-07-09 02:38:23.439254-05\"",infinity)"", ""attribute"": ""s2_slot"", ""entity_id"": 32000596, ""confidence"": 0.97000, ""valid_time"": ""[\""2025-12-31 18:00:00-06\"",\""2026-06-29 19:00:00-05\"")"", ""specificity"": 100, ""epistemic_kind"": ""INFERRED""}
HINT:  Incoming fact lost the precedence lattice against an existing overlapping fact.
CONTEXT:  PL/pgSQL function kndb.resolve_conflict() line 91 at RAISE",,1,
597,READ COMMITTED,A,1,1,,,1,
598,READ COMMITTED,A,1,1,,,1,
599,READ COMMITTED,B,0,1,"CheckViolation: KNDB precedence: NEW outranked by fact_id=dc419bd9-762f-419a-b009-0d2e90dba1a8, reason=kind_outranked -- payload={""value"": ""INFERRED_iter599"", ""writer"": ""kndb_native"", ""fact_id"": ""e849dbf6-2116-49bc-b795-80cdaf200a91"", ""provsql"": ""748a340e-4413-4344-b6a2-67893b8aa740"", ""sources"": [], ""sys_time"": ""[\""2026-07-09 02:38:23.464548-05\"",infinity)"", ""attribute"": ""s2_slot"", ""entity_id"": 32000599, ""confidence"": 0.97000, ""valid_time"": ""[\""2025-12-31 18:00:00-06\"",\""2026-06-29 19:00:00-05\"")"", ""specificity"": 100, ""epistemic_kind"": ""INFERRED""}
HINT:  Incoming fact lost the precedence lattice against an existing overlapping fact.
CONTEXT:  PL/pgSQL function kndb.resolve_conflict() line 91 at RAISE",,1,
600,READ COMMITTED,A,1,1,,,1,
601,READ COMMITTED,B,0,1,"CheckViolation: KNDB precedence: NEW outranked by fact_id=326a819e-e8e2-4659-af54-ef678a7e4794, reason=kind_outranked -- payload={""value"": ""INFERRED_iter601"", ""writer"": ""kndb_native"", ""fact_id"": ""db1bd681-afd9-43e8-a0c3-470e1e92f9d9"", ""provsql"": ""fe1645c0-de06-40e9-9612-cf19e14af3da"", ""sources"": [], ""sys_time"": ""[\""2026-07-09 02:38:23.481183-05\"",infinity)"", ""attribute"": ""s2_slot"", ""entity_id"": 32000601, ""confidence"": 0.97000, ""valid_time"": ""[\""2025-12-31 18:00:00-06\"",\""2026-06-29 19:00:00-05\"")"", ""specificity"": 100, ""epistemic_kind"": ""INFERRED""}
HINT:  Incoming fact lost the precedence lattice against an existing overlapping fact.
CONTEXT:  PL/pgSQL function kndb.resolve_conflict() line 91 at RAISE",,1,
602,READ COMMITTED,A,1,1,,,1,
603,READ COMMITTED,B,0,1,"CheckViolation: KNDB precedence: NEW outranked by fact_id=8a4278aa-8632-4368-97e3-4c08453f9df2, reason=kind_outranked -- payload={""value"": ""INFERRED_iter603"", ""writer"": ""kndb_native"", ""fact_id"": ""b47bb4a5-3222-4791-b751-25c8bb7e62a8"", ""provsql"": ""1cf96661-cbef-46a4-a31c-062bd640fd65"", ""sources"": [], ""sys_time"": ""[\""2026-07-09 02:38:23.498723-05\"",infinity)"", ""attribute"": ""s2_slot"", ""entity_id"": 32000603, ""confidence"": 0.97000, ""valid_time"": ""[\""2025-12-31 18:00:00-06\"",\""2026-06-29 19:00:00-05\"")"", ""specificity"": 100, ""epistemic_kind"": ""INFERRED""}
HINT:  Incoming fact lost the precedence lattice against an existing overlapping fact.
CONTEXT:  PL/pgSQL function kndb.resolve_conflict() line 91 at RAISE",,1,
604,READ COMMITTED,B,0,1,"CheckViolation: KNDB precedence: NEW outranked by fact_id=4fea6afb-7f6e-4cbc-81c3-5a75dc4c132a, reason=kind_outranked -- payload={""value"": ""INFERRED_iter604"", ""writer"": ""kndb_native"", ""fact_id"": ""17b113cb-5ecc-4c12-9e7d-b707542fc616"", ""provsql"": ""7d6ba59f-5e24-4d6d-b33b-e0ad925630ac"", ""sources"": [], ""sys_time"": ""[\""2026-07-09 02:38:23.506261-05\"",infinity)"", ""attribute"": ""s2_slot"", ""entity_id"": 32000604, ""confidence"": 0.97000, ""valid_time"": ""[\""2025-12-31 18:00:00-06\"",\""2026-06-29 19:00:00-05\"")"", ""specificity"": 100, ""epistemic_kind"": ""INFERRED""}
HINT:  Incoming fact lost the precedence lattice against an existing overlapping fact.
CONTEXT:  PL/pgSQL function kndb.resolve_conflict() line 91 at RAISE",,1,
605,READ COMMITTED,B,0,1,"CheckViolation: KNDB precedence: NEW outranked by fact_id=82b20cd2-9bd2-467b-85b0-89d46e657320, reason=kind_outranked -- payload={""value"": ""INFERRED_iter605"", ""writer"": ""kndb_native"", ""fact_id"": ""5ca3afac-0583-48f7-a90b-aa27fce77ae3"", ""provsql"": ""fd5687a5-e8f7-476f-9480-1a2e34fc6952"", ""sources"": [], ""sys_time"": ""[\""2026-07-09 02:38:23.514517-05\"",infinity)"", ""attribute"": ""s2_slot"", ""entity_id"": 32000605, ""confidence"": 0.97000, ""valid_time"": ""[\""2025-12-31 18:00:00-06\"",\""2026-06-29 19:00:00-05\"")"", ""specificity"": 100, ""epistemic_kind"": ""INFERRED""}
HINT:  Incoming fact lost the precedence lattice against an existing overlapping fact.
CONTEXT:  PL/pgSQL function kndb.resolve_conflict() line 91 at RAISE",,1,
606,READ COMMITTED,A,1,1,,,1,
607,READ COMMITTED,B,0,1,"CheckViolation: KNDB precedence: NEW outranked by fact_id=e2b93551-5258-4004-b6dc-9a716b26b3d2, reason=kind_outranked -- payload={""value"": ""INFERRED_iter607"", ""writer"": ""kndb_native"", ""fact_id"": ""0ae71bb2-51b9-44f1-aec6-92e610f5b957"", ""provsql"": ""a5da93e6-d632-43db-9008-dc0601ee0665"", ""sources"": [], ""sys_time"": ""[\""2026-07-09 02:38:23.532194-05\"",infinity)"", ""attribute"": ""s2_slot"", ""entity_id"": 32000607, ""confidence"": 0.97000, ""valid_time"": ""[\""2025-12-31 18:00:00-06\"",\""2026-06-29 19:00:00-05\"")"", ""specificity"": 100, ""epistemic_kind"": ""INFERRED""}
HINT:  Incoming fact lost the precedence lattice against an existing overlapping fact.
CONTEXT:  PL/pgSQL function kndb.resolve_conflict() line 91 at RAISE",,1,
608,READ COMMITTED,A,1,1,,,1,
609,READ COMMITTED,A,1,1,,,1,
610,READ COMMITTED,B,0,1,"CheckViolation: KNDB precedence: NEW outranked by fact_id=f37de172-f5b0-4ea6-89dc-d11e116febd7, reason=kind_outranked -- payload={""value"": ""INFERRED_iter610"", ""writer"": ""kndb_native"", ""fact_id"": ""dba022c8-41b3-4732-8815-9e66d841f4a3"", ""provsql"": ""e69ef06e-1733-4797-a7c9-2faf6cd467d5"", ""sources"": [], ""sys_time"": ""[\""2026-07-09 02:38:23.557139-05\"",infinity)"", ""attribute"": ""s2_slot"", ""entity_id"": 32000610, ""confidence"": 0.97000, ""valid_time"": ""[\""2025-12-31 18:00:00-06\"",\""2026-06-29 19:00:00-05\"")"", ""specificity"": 100, ""epistemic_kind"": ""INFERRED""}
HINT:  Incoming fact lost the precedence lattice against an existing overlapping fact.
CONTEXT:  PL/pgSQL function kndb.resolve_conflict() line 91 at RAISE",,1,
611,READ COMMITTED,A,1,1,,,1,
612,READ COMMITTED,B,0,1,"CheckViolation: KNDB precedence: NEW outranked by fact_id=c46e1778-883a-4fea-8c13-55b36d9771c2, reason=kind_outranked -- payload={""value"": ""INFERRED_iter612"", ""writer"": ""kndb_native"", ""fact_id"": ""84357d61-8b5e-4379-882a-77c7598b6ea7"", ""provsql"": ""14ede81e-891f-4b66-8a6b-cd7940e90ace"", ""sources"": [], ""sys_time"": ""[\""2026-07-09 02:38:23.57354-05\"",infinity)"", ""attribute"": ""s2_slot"", ""entity_id"": 32000612, ""confidence"": 0.97000, ""valid_time"": ""[\""2025-12-31 18:00:00-06\"",\""2026-06-29 19:00:00-05\"")"", ""specificity"": 100, ""epistemic_kind"": ""INFERRED""}
HINT:  Incoming fact lost the precedence lattice against an existing overlapping fact.
CONTEXT:  PL/pgSQL function kndb.resolve_conflict() line 91 at RAISE",,1,
613,READ COMMITTED,A,1,1,,,1,
614,READ COMMITTED,B,0,1,"CheckViolation: KNDB precedence: NEW outranked by fact_id=150c7ab8-45c7-43ed-81a3-4d71d0a7c74f, reason=kind_outranked -- payload={""value"": ""INFERRED_iter614"", ""writer"": ""kndb_native"", ""fact_id"": ""c33a66b7-9b5b-4229-9836-12c25e244873"", ""provsql"": ""7b7c5cf4-cc2c-48e6-8baf-4cd0d02a2e72"", ""sources"": [], ""sys_time"": ""[\""2026-07-09 02:38:23.58969-05\"",infinity)"", ""attribute"": ""s2_slot"", ""entity_id"": 32000614, ""confidence"": 0.97000, ""valid_time"": ""[\""2025-12-31 18:00:00-06\"",\""2026-06-29 19:00:00-05\"")"", ""specificity"": 100, ""epistemic_kind"": ""INFERRED""}
HINT:  Incoming fact lost the precedence lattice against an existing overlapping fact.
CONTEXT:  PL/pgSQL function kndb.resolve_conflict() line 91 at RAISE",,1,
615,READ COMMITTED,A,1,1,,,1,
616,READ COMMITTED,B,0,1,"CheckViolation: KNDB precedence: NEW outranked by fact_id=bba2c5ad-0c2f-46ea-8eea-4e72ae69e60d, reason=kind_outranked -- payload={""value"": ""INFERRED_iter616"", ""writer"": ""kndb_native"", ""fact_id"": ""f55bcafa-4ff7-4236-be23-befc67b534a6"", ""provsql"": ""7ddf166b-545b-4c13-a578-845c3dad8ce3"", ""sources"": [], ""sys_time"": ""[\""2026-07-09 02:38:23.606233-05\"",infinity)"", ""attribute"": ""s2_slot"", ""entity_id"": 32000616, ""confidence"": 0.97000, ""valid_time"": ""[\""2025-12-31 18:00:00-06\"",\""2026-06-29 19:00:00-05\"")"", ""specificity"": 100, ""epistemic_kind"": ""INFERRED""}
HINT:  Incoming fact lost the precedence lattice against an existing overlapping fact.
CONTEXT:  PL/pgSQL function kndb.resolve_conflict() line 91 at RAISE",,1,
617,READ COMMITTED,A,1,1,,,1,
618,READ COMMITTED,B,0,1,"CheckViolation: KNDB precedence: NEW outranked by fact_id=1a271eba-96a5-432d-bac8-7356cf9babbe, reason=kind_outranked -- payload={""value"": ""INFERRED_iter618"", ""writer"": ""kndb_native"", ""fact_id"": ""56a6ad8d-1b4d-449e-b78b-f33c0a4a567b"", ""provsql"": ""121d94ad-151c-4f0d-9d26-4bbb2909617c"", ""sources"": [], ""sys_time"": ""[\""2026-07-09 02:38:23.62258-05\"",infinity)"", ""attribute"": ""s2_slot"", ""entity_id"": 32000618, ""confidence"": 0.97000, ""valid_time"": ""[\""2025-12-31 18:00:00-06\"",\""2026-06-29 19:00:00-05\"")"", ""specificity"": 100, ""epistemic_kind"": ""INFERRED""}
HINT:  Incoming fact lost the precedence lattice against an existing overlapping fact.
CONTEXT:  PL/pgSQL function kndb.resolve_conflict() line 91 at RAISE",,1,
619,READ COMMITTED,A,1,1,,,1,
620,READ COMMITTED,A,1,1,,,1,
621,READ COMMITTED,A,1,1,,,1,
622,READ COMMITTED,A,1,1,,,1,
623,READ COMMITTED,A,1,1,,,1,
624,READ COMMITTED,B,0,1,"CheckViolation: KNDB precedence: NEW outranked by fact_id=77c06a27-7446-4ca1-ac45-2c9acc83e3f2, reason=kind_outranked -- payload={""value"": ""INFERRED_iter624"", ""writer"": ""kndb_native"", ""fact_id"": ""96f264c0-1067-4d3f-a709-2f5ca8c65164"", ""provsql"": ""6cad59bb-521e-4f2c-bdaa-7c62edb4c245"", ""sources"": [], ""sys_time"": ""[\""2026-07-09 02:38:23.67194-05\"",infinity)"", ""attribute"": ""s2_slot"", ""entity_id"": 32000624, ""confidence"": 0.97000, ""valid_time"": ""[\""2025-12-31 18:00:00-06\"",\""2026-06-29 19:00:00-05\"")"", ""specificity"": 100, ""epistemic_kind"": ""INFERRED""}
HINT:  Incoming fact lost the precedence lattice against an existing overlapping fact.
CONTEXT:  PL/pgSQL function kndb.resolve_conflict() line 91 at RAISE",,1,
625,READ COMMITTED,B,0,1,"CheckViolation: KNDB precedence: NEW outranked by fact_id=b429f644-2fb1-4c5a-9a91-d5d7564047d7, reason=kind_outranked -- payload={""value"": ""INFERRED_iter625"", ""writer"": ""kndb_native"", ""fact_id"": ""5b55a3e9-3fd9-4163-a41a-1782ed1310f6"", ""provsql"": ""fd04c3ce-67a0-443b-ba31-0c1fae53f642"", ""sources"": [], ""sys_time"": ""[\""2026-07-09 02:38:23.68031-05\"",infinity)"", ""attribute"": ""s2_slot"", ""entity_id"": 32000625, ""confidence"": 0.97000, ""valid_time"": ""[\""2025-12-31 18:00:00-06\"",\""2026-06-29 19:00:00-05\"")"", ""specificity"": 100, ""epistemic_kind"": ""INFERRED""}
HINT:  Incoming fact lost the precedence lattice against an existing overlapping fact.
CONTEXT:  PL/pgSQL function kndb.resolve_conflict() line 91 at RAISE",,1,
626,READ COMMITTED,A,1,1,,,1,
627,READ COMMITTED,A,1,1,,,1,
628,READ COMMITTED,A,1,1,,,1,
629,READ COMMITTED,B,0,1,"CheckViolation: KNDB precedence: NEW outranked by fact_id=6e42488b-d890-46bc-9597-207e76a4c211, reason=kind_outranked -- payload={""value"": ""INFERRED_iter629"", ""writer"": ""kndb_native"", ""fact_id"": ""0975e51b-505a-47d2-a464-517b304bb5de"", ""provsql"": ""f60956b7-cdf7-4e70-b564-9d1466ad3f48"", ""sources"": [], ""sys_time"": ""[\""2026-07-09 02:38:23.716533-05\"",infinity)"", ""attribute"": ""s2_slot"", ""entity_id"": 32000629, ""confidence"": 0.97000, ""valid_time"": ""[\""2025-12-31 18:00:00-06\"",\""2026-06-29 19:00:00-05\"")"", ""specificity"": 100, ""epistemic_kind"": ""INFERRED""}
HINT:  Incoming fact lost the precedence lattice against an existing overlapping fact.
CONTEXT:  PL/pgSQL function kndb.resolve_conflict() line 91 at RAISE",,1,
630,READ COMMITTED,B,0,1,"CheckViolation: KNDB precedence: NEW outranked by fact_id=c998812f-cdac-421c-81fc-49e4c2868980, reason=kind_outranked -- payload={""value"": ""INFERRED_iter630"", ""writer"": ""kndb_native"", ""fact_id"": ""e997148d-cc30-4920-8c2b-cd9e0b900fae"", ""provsql"": ""6baa62de-5bd9-4379-abdd-7500a4ba99bc"", ""sources"": [], ""sys_time"": ""[\""2026-07-09 02:38:23.72538-05\"",infinity)"", ""attribute"": ""s2_slot"", ""entity_id"": 32000630, ""confidence"": 0.97000, ""valid_time"": ""[\""2025-12-31 18:00:00-06\"",\""2026-06-29 19:00:00-05\"")"", ""specificity"": 100, ""epistemic_kind"": ""INFERRED""}
HINT:  Incoming fact lost the precedence lattice against an existing overlapping fact.
CONTEXT:  PL/pgSQL function kndb.resolve_conflict() line 91 at RAISE",,1,
631,READ COMMITTED,B,0,1,"CheckViolation: KNDB precedence: NEW outranked by fact_id=f2038bbd-a0a8-4136-9334-38e2078a75c0, reason=kind_outranked -- payload={""value"": ""INFERRED_iter631"", ""writer"": ""kndb_native"", ""fact_id"": ""10c9c4ad-2f17-4b55-92e8-4504ece9a63f"", ""provsql"": ""629841a3-d7ab-4736-a6fb-f6de5daa647b"", ""sources"": [], ""sys_time"": ""[\""2026-07-09 02:38:23.733629-05\"",infinity)"", ""attribute"": ""s2_slot"", ""entity_id"": 32000631, ""confidence"": 0.97000, ""valid_time"": ""[\""2025-12-31 18:00:00-06\"",\""2026-06-29 19:00:00-05\"")"", ""specificity"": 100, ""epistemic_kind"": ""INFERRED""}
HINT:  Incoming fact lost the precedence lattice against an existing overlapping fact.
CONTEXT:  PL/pgSQL function kndb.resolve_conflict() line 91 at RAISE",,1,
632,READ COMMITTED,A,1,1,,,1,
633,READ COMMITTED,A,1,1,,,1,
634,READ COMMITTED,A,1,1,,,1,
635,READ COMMITTED,A,1,1,,,1,
636,READ COMMITTED,A,1,1,,,1,
637,READ COMMITTED,A,1,1,,,1,
638,READ COMMITTED,B,0,1,"CheckViolation: KNDB precedence: NEW outranked by fact_id=4a284849-a739-4b70-b906-b0d42514e435, reason=kind_outranked -- payload={""value"": ""INFERRED_iter638"", ""writer"": ""kndb_native"", ""fact_id"": ""65e26e13-908d-4500-b117-6bbd93343991"", ""provsql"": ""2df01571-d394-43b8-8c04-60cff390e00d"", ""sources"": [], ""sys_time"": ""[\""2026-07-09 02:38:23.795157-05\"",infinity)"", ""attribute"": ""s2_slot"", ""entity_id"": 32000638, ""confidence"": 0.97000, ""valid_time"": ""[\""2025-12-31 18:00:00-06\"",\""2026-06-29 19:00:00-05\"")"", ""specificity"": 100, ""epistemic_kind"": ""INFERRED""}
HINT:  Incoming fact lost the precedence lattice against an existing overlapping fact.
CONTEXT:  PL/pgSQL function kndb.resolve_conflict() line 91 at RAISE",,1,
639,READ COMMITTED,A,1,1,,,1,
640,READ COMMITTED,B,0,1,"CheckViolation: KNDB precedence: NEW outranked by fact_id=e14a41a1-ca29-43bf-aa43-b75cc23341fc, reason=kind_outranked -- payload={""value"": ""INFERRED_iter640"", ""writer"": ""kndb_native"", ""fact_id"": ""0d135358-10c3-476c-ac3b-31fcebfcddb9"", ""provsql"": ""3ea559f2-f948-4578-9bb4-f3686fb6e018"", ""sources"": [], ""sys_time"": ""[\""2026-07-09 02:38:23.812435-05\"",infinity)"", ""attribute"": ""s2_slot"", ""entity_id"": 32000640, ""confidence"": 0.97000, ""valid_time"": ""[\""2025-12-31 18:00:00-06\"",\""2026-06-29 19:00:00-05\"")"", ""specificity"": 100, ""epistemic_kind"": ""INFERRED""}
HINT:  Incoming fact lost the precedence lattice against an existing overlapping fact.
CONTEXT:  PL/pgSQL function kndb.resolve_conflict() line 91 at RAISE",,1,
641,READ COMMITTED,B,0,1,"CheckViolation: KNDB precedence: NEW outranked by fact_id=3ef021a6-fd2d-4b7d-adbd-6a4301510fcb, reason=kind_outranked -- payload={""value"": ""INFERRED_iter641"", ""writer"": ""kndb_native"", ""fact_id"": ""075f6cc3-8c6a-42ff-9e0f-d7f8993d641b"", ""provsql"": ""617447e0-87c0-499b-95e5-cf8ddd293cbd"", ""sources"": [], ""sys_time"": ""[\""2026-07-09 02:38:23.820761-05\"",infinity)"", ""attribute"": ""s2_slot"", ""entity_id"": 32000641, ""confidence"": 0.97000, ""valid_time"": ""[\""2025-12-31 18:00:00-06\"",\""2026-06-29 19:00:00-05\"")"", ""specificity"": 100, ""epistemic_kind"": ""INFERRED""}
HINT:  Incoming fact lost the precedence lattice against an existing overlapping fact.
CONTEXT:  PL/pgSQL function kndb.resolve_conflict() line 91 at RAISE",,1,
642,READ COMMITTED,B,0,1,"CheckViolation: KNDB precedence: NEW outranked by fact_id=712e7742-42a0-405a-830c-53919dafa146, reason=kind_outranked -- payload={""value"": ""INFERRED_iter642"", ""writer"": ""kndb_native"", ""fact_id"": ""93cfcc73-6335-4667-ac2e-3708e6fce6f9"", ""provsql"": ""632b299b-effd-4912-a747-affd578d7c0b"", ""sources"": [], ""sys_time"": ""[\""2026-07-09 02:38:23.829036-05\"",infinity)"", ""attribute"": ""s2_slot"", ""entity_id"": 32000642, ""confidence"": 0.97000, ""valid_time"": ""[\""2025-12-31 18:00:00-06\"",\""2026-06-29 19:00:00-05\"")"", ""specificity"": 100, ""epistemic_kind"": ""INFERRED""}
HINT:  Incoming fact lost the precedence lattice against an existing overlapping fact.
CONTEXT:  PL/pgSQL function kndb.resolve_conflict() line 91 at RAISE",,1,
643,READ COMMITTED,A,1,1,,,1,
644,READ COMMITTED,B,0,1,"CheckViolation: KNDB precedence: NEW outranked by fact_id=7c53c772-ceef-4ae0-83c7-06b7d555fada, reason=kind_outranked -- payload={""value"": ""INFERRED_iter644"", ""writer"": ""kndb_native"", ""fact_id"": ""dba113a4-330e-4f62-9e1b-0d3bceb89782"", ""provsql"": ""0ab47745-d0ca-419b-b6e5-8ebe0b162cca"", ""sources"": [], ""sys_time"": ""[\""2026-07-09 02:38:23.846228-05\"",infinity)"", ""attribute"": ""s2_slot"", ""entity_id"": 32000644, ""confidence"": 0.97000, ""valid_time"": ""[\""2025-12-31 18:00:00-06\"",\""2026-06-29 19:00:00-05\"")"", ""specificity"": 100, ""epistemic_kind"": ""INFERRED""}
HINT:  Incoming fact lost the precedence lattice against an existing overlapping fact.
CONTEXT:  PL/pgSQL function kndb.resolve_conflict() line 91 at RAISE",,1,
645,READ COMMITTED,A,1,1,,,1,
646,READ COMMITTED,B,0,1,"CheckViolation: KNDB precedence: NEW outranked by fact_id=ac03e571-dd35-4632-86ee-a181edef6940, reason=kind_outranked -- payload={""value"": ""INFERRED_iter646"", ""writer"": ""kndb_native"", ""fact_id"": ""e7d0a057-56ec-4204-ae63-a74206951ccf"", ""provsql"": ""65cec20d-6d63-4327-89c2-c11a9f9fe873"", ""sources"": [], ""sys_time"": ""[\""2026-07-09 02:38:23.863096-05\"",infinity)"", ""attribute"": ""s2_slot"", ""entity_id"": 32000646, ""confidence"": 0.97000, ""valid_time"": ""[\""2025-12-31 18:00:00-06\"",\""2026-06-29 19:00:00-05\"")"", ""specificity"": 100, ""epistemic_kind"": ""INFERRED""}
HINT:  Incoming fact lost the precedence lattice against an existing overlapping fact.
CONTEXT:  PL/pgSQL function kndb.resolve_conflict() line 91 at RAISE",,1,
647,READ COMMITTED,B,0,1,"CheckViolation: KNDB precedence: NEW outranked by fact_id=89810a4a-99bb-42c3-9070-967730a2957c, reason=kind_outranked -- payload={""value"": ""INFERRED_iter647"", ""writer"": ""kndb_native"", ""fact_id"": ""7d079fdb-23e5-4b24-ab1c-6c6f06d67f0c"", ""provsql"": ""50ccbeb3-a623-42a2-b2b9-3c4cf58210bf"", ""sources"": [], ""sys_time"": ""[\""2026-07-09 02:38:23.871163-05\"",infinity)"", ""attribute"": ""s2_slot"", ""entity_id"": 32000647, ""confidence"": 0.97000, ""valid_time"": ""[\""2025-12-31 18:00:00-06\"",\""2026-06-29 19:00:00-05\"")"", ""specificity"": 100, ""epistemic_kind"": ""INFERRED""}
HINT:  Incoming fact lost the precedence lattice against an existing overlapping fact.
CONTEXT:  PL/pgSQL function kndb.resolve_conflict() line 91 at RAISE",,1,
648,READ COMMITTED,A,1,1,,,1,
649,READ COMMITTED,A,1,1,,,1,
650,READ COMMITTED,A,1,1,,,1,
651,READ COMMITTED,A,1,1,,,1,
652,READ COMMITTED,B,0,1,"CheckViolation: KNDB precedence: NEW outranked by fact_id=ba66c00a-eef8-4fc4-b313-b6af5122a098, reason=kind_outranked -- payload={""value"": ""INFERRED_iter652"", ""writer"": ""kndb_native"", ""fact_id"": ""2d8d5341-9b89-4db0-93d5-3f54ec741260"", ""provsql"": ""be0bcb6d-0c33-4815-b285-f0cdf1aa5c08"", ""sources"": [], ""sys_time"": ""[\""2026-07-09 02:38:23.914984-05\"",infinity)"", ""attribute"": ""s2_slot"", ""entity_id"": 32000652, ""confidence"": 0.97000, ""valid_time"": ""[\""2025-12-31 18:00:00-06\"",\""2026-06-29 19:00:00-05\"")"", ""specificity"": 100, ""epistemic_kind"": ""INFERRED""}
HINT:  Incoming fact lost the precedence lattice against an existing overlapping fact.
CONTEXT:  PL/pgSQL function kndb.resolve_conflict() line 91 at RAISE",,1,
653,READ COMMITTED,A,1,1,,,1,
654,READ COMMITTED,B,0,1,"CheckViolation: KNDB precedence: NEW outranked by fact_id=4da8697e-873a-41f6-a2fa-5c90c85f108f, reason=kind_outranked -- payload={""value"": ""INFERRED_iter654"", ""writer"": ""kndb_native"", ""fact_id"": ""abd0dd1d-23c1-4ed3-85b2-9852dbe8524a"", ""provsql"": ""53e8559b-0c1e-4ba8-821a-f5fbe090cd33"", ""sources"": [], ""sys_time"": ""[\""2026-07-09 02:38:23.932935-05\"",infinity)"", ""attribute"": ""s2_slot"", ""entity_id"": 32000654, ""confidence"": 0.97000, ""valid_time"": ""[\""2025-12-31 18:00:00-06\"",\""2026-06-29 19:00:00-05\"")"", ""specificity"": 100, ""epistemic_kind"": ""INFERRED""}
HINT:  Incoming fact lost the precedence lattice against an existing overlapping fact.
CONTEXT:  PL/pgSQL function kndb.resolve_conflict() line 91 at RAISE",,1,
655,READ COMMITTED,A,1,1,,,1,
656,READ COMMITTED,A,1,1,,,1,
657,READ COMMITTED,B,0,1,"CheckViolation: KNDB precedence: NEW outranked by fact_id=2901e27c-916d-41dd-bced-0e80ebc4837c, reason=kind_outranked -- payload={""value"": ""INFERRED_iter657"", ""writer"": ""kndb_native"", ""fact_id"": ""9f5b3d14-4811-4e00-8886-d31a38438109"", ""provsql"": ""ee76d8ac-1662-45fe-9e97-01d4114aa37b"", ""sources"": [], ""sys_time"": ""[\""2026-07-09 02:38:23.960012-05\"",infinity)"", ""attribute"": ""s2_slot"", ""entity_id"": 32000657, ""confidence"": 0.97000, ""valid_time"": ""[\""2025-12-31 18:00:00-06\"",\""2026-06-29 19:00:00-05\"")"", ""specificity"": 100, ""epistemic_kind"": ""INFERRED""}
HINT:  Incoming fact lost the precedence lattice against an existing overlapping fact.
CONTEXT:  PL/pgSQL function kndb.resolve_conflict() line 91 at RAISE",,1,
658,READ COMMITTED,A,1,1,,,1,
659,READ COMMITTED,A,1,1,,,1,
660,READ COMMITTED,B,0,1,"CheckViolation: KNDB precedence: NEW outranked by fact_id=6001dcc1-0614-4d25-8251-a0c2045535d6, reason=kind_outranked -- payload={""value"": ""INFERRED_iter660"", ""writer"": ""kndb_native"", ""fact_id"": ""ba792d20-8237-4b6c-ae47-118559d360d1"", ""provsql"": ""29d8d924-e849-47e4-8053-8838c9e98dd6"", ""sources"": [], ""sys_time"": ""[\""2026-07-09 02:38:23.985237-05\"",infinity)"", ""attribute"": ""s2_slot"", ""entity_id"": 32000660, ""confidence"": 0.97000, ""valid_time"": ""[\""2025-12-31 18:00:00-06\"",\""2026-06-29 19:00:00-05\"")"", ""specificity"": 100, ""epistemic_kind"": ""INFERRED""}
HINT:  Incoming fact lost the precedence lattice against an existing overlapping fact.
CONTEXT:  PL/pgSQL function kndb.resolve_conflict() line 91 at RAISE",,1,
661,READ COMMITTED,A,1,1,,,1,
662,READ COMMITTED,B,0,1,"CheckViolation: KNDB precedence: NEW outranked by fact_id=02e965b5-fabb-4fff-addb-153213f773a9, reason=kind_outranked -- payload={""value"": ""INFERRED_iter662"", ""writer"": ""kndb_native"", ""fact_id"": ""ec8feaec-d50e-4fe3-8f28-7b73ef251358"", ""provsql"": ""5c4b8cf9-d6ae-446d-8962-9608c63bcd3c"", ""sources"": [], ""sys_time"": ""[\""2026-07-09 02:38:24.003033-05\"",infinity)"", ""attribute"": ""s2_slot"", ""entity_id"": 32000662, ""confidence"": 0.97000, ""valid_time"": ""[\""2025-12-31 18:00:00-06\"",\""2026-06-29 19:00:00-05\"")"", ""specificity"": 100, ""epistemic_kind"": ""INFERRED""}
HINT:  Incoming fact lost the precedence lattice against an existing overlapping fact.
CONTEXT:  PL/pgSQL function kndb.resolve_conflict() line 91 at RAISE",,1,
663,READ COMMITTED,A,1,1,,,1,
664,READ COMMITTED,B,0,1,"CheckViolation: KNDB precedence: NEW outranked by fact_id=eca0f5eb-abc6-49d2-8777-7e5270f8f41e, reason=kind_outranked -- payload={""value"": ""INFERRED_iter664"", ""writer"": ""kndb_native"", ""fact_id"": ""2fcaea13-278f-480f-a3d6-6b85e524a077"", ""provsql"": ""d407f84c-dfd4-4bbc-accf-f801b1837ab1"", ""sources"": [], ""sys_time"": ""[\""2026-07-09 02:38:24.020239-05\"",infinity)"", ""attribute"": ""s2_slot"", ""entity_id"": 32000664, ""confidence"": 0.97000, ""valid_time"": ""[\""2025-12-31 18:00:00-06\"",\""2026-06-29 19:00:00-05\"")"", ""specificity"": 100, ""epistemic_kind"": ""INFERRED""}
HINT:  Incoming fact lost the precedence lattice against an existing overlapping fact.
CONTEXT:  PL/pgSQL function kndb.resolve_conflict() line 91 at RAISE",,1,
665,READ COMMITTED,B,0,1,"CheckViolation: KNDB precedence: NEW outranked by fact_id=ea0d5375-4397-44be-82ce-7ddcda1d41fa, reason=kind_outranked -- payload={""value"": ""INFERRED_iter665"", ""writer"": ""kndb_native"", ""fact_id"": ""b071507d-1799-46d1-a1ef-2e05aee3c36e"", ""provsql"": ""c99d5351-5a04-4e57-bb8f-5e6bbaf6cbc0"", ""sources"": [], ""sys_time"": ""[\""2026-07-09 02:38:24.02863-05\"",infinity)"", ""attribute"": ""s2_slot"", ""entity_id"": 32000665, ""confidence"": 0.97000, ""valid_time"": ""[\""2025-12-31 18:00:00-06\"",\""2026-06-29 19:00:00-05\"")"", ""specificity"": 100, ""epistemic_kind"": ""INFERRED""}
HINT:  Incoming fact lost the precedence lattice against an existing overlapping fact.
CONTEXT:  PL/pgSQL function kndb.resolve_conflict() line 91 at RAISE",,1,
666,READ COMMITTED,B,0,1,"CheckViolation: KNDB precedence: NEW outranked by fact_id=7faec011-48f9-400d-8f5c-5e1717e8200d, reason=kind_outranked -- payload={""value"": ""INFERRED_iter666"", ""writer"": ""kndb_native"", ""fact_id"": ""a1718838-d7cb-4eb3-9802-8265d11d4b44"", ""provsql"": ""9c625a2e-e159-4258-8158-e201054b503b"", ""sources"": [], ""sys_time"": ""[\""2026-07-09 02:38:24.036865-05\"",infinity)"", ""attribute"": ""s2_slot"", ""entity_id"": 32000666, ""confidence"": 0.97000, ""valid_time"": ""[\""2025-12-31 18:00:00-06\"",\""2026-06-29 19:00:00-05\"")"", ""specificity"": 100, ""epistemic_kind"": ""INFERRED""}
HINT:  Incoming fact lost the precedence lattice against an existing overlapping fact.
CONTEXT:  PL/pgSQL function kndb.resolve_conflict() line 91 at RAISE",,1,
667,READ COMMITTED,A,1,1,,,1,
668,READ COMMITTED,B,0,1,"CheckViolation: KNDB precedence: NEW outranked by fact_id=37093238-cfe3-4114-bfce-581da8377cc4, reason=kind_outranked -- payload={""value"": ""INFERRED_iter668"", ""writer"": ""kndb_native"", ""fact_id"": ""0fd95494-e2c2-4fcb-805a-69a4600bc97a"", ""provsql"": ""37776358-123d-499e-9e62-e3c4133e2790"", ""sources"": [], ""sys_time"": ""[\""2026-07-09 02:38:24.055326-05\"",infinity)"", ""attribute"": ""s2_slot"", ""entity_id"": 32000668, ""confidence"": 0.97000, ""valid_time"": ""[\""2025-12-31 18:00:00-06\"",\""2026-06-29 19:00:00-05\"")"", ""specificity"": 100, ""epistemic_kind"": ""INFERRED""}
HINT:  Incoming fact lost the precedence lattice against an existing overlapping fact.
CONTEXT:  PL/pgSQL function kndb.resolve_conflict() line 91 at RAISE",,1,
669,READ COMMITTED,A,1,1,,,1,
670,READ COMMITTED,A,1,1,,,1,
671,READ COMMITTED,B,0,1,"CheckViolation: KNDB precedence: NEW outranked by fact_id=71176a38-a2cf-4578-8fdb-d4895e5724c6, reason=kind_outranked -- payload={""value"": ""INFERRED_iter671"", ""writer"": ""kndb_native"", ""fact_id"": ""558fe201-3969-4f67-8cf5-9d40d8385ae1"", ""provsql"": ""0f435cc5-2a54-47d2-9337-31966be74d70"", ""sources"": [], ""sys_time"": ""[\""2026-07-09 02:38:24.081135-05\"",infinity)"", ""attribute"": ""s2_slot"", ""entity_id"": 32000671, ""confidence"": 0.97000, ""valid_time"": ""[\""2025-12-31 18:00:00-06\"",\""2026-06-29 19:00:00-05\"")"", ""specificity"": 100, ""epistemic_kind"": ""INFERRED""}
HINT:  Incoming fact lost the precedence lattice against an existing overlapping fact.
CONTEXT:  PL/pgSQL function kndb.resolve_conflict() line 91 at RAISE",,1,
672,READ COMMITTED,B,0,1,"CheckViolation: KNDB precedence: NEW outranked by fact_id=cc90dcea-75ee-4243-81af-395ec37f0569, reason=kind_outranked -- payload={""value"": ""INFERRED_iter672"", ""writer"": ""kndb_native"", ""fact_id"": ""ef66e7e7-f56a-4bc4-9496-3f405b4295b9"", ""provsql"": ""dd4e0370-f5d4-4f6e-939f-21eb8cf125d9"", ""sources"": [], ""sys_time"": ""[\""2026-07-09 02:38:24.089077-05\"",infinity)"", ""attribute"": ""s2_slot"", ""entity_id"": 32000672, ""confidence"": 0.97000, ""valid_time"": ""[\""2025-12-31 18:00:00-06\"",\""2026-06-29 19:00:00-05\"")"", ""specificity"": 100, ""epistemic_kind"": ""INFERRED""}
HINT:  Incoming fact lost the precedence lattice against an existing overlapping fact.
CONTEXT:  PL/pgSQL function kndb.resolve_conflict() line 91 at RAISE",,1,
673,READ COMMITTED,A,1,1,,,1,
674,READ COMMITTED,B,0,1,"CheckViolation: KNDB precedence: NEW outranked by fact_id=2982b0ac-742b-4a54-bd57-867eabe024bb, reason=kind_outranked -- payload={""value"": ""INFERRED_iter674"", ""writer"": ""kndb_native"", ""fact_id"": ""936c2266-ee7b-41ac-a0f3-999d133e0600"", ""provsql"": ""01e810a3-3759-4f6b-9c54-986714ef9f10"", ""sources"": [], ""sys_time"": ""[\""2026-07-09 02:38:24.105869-05\"",infinity)"", ""attribute"": ""s2_slot"", ""entity_id"": 32000674, ""confidence"": 0.97000, ""valid_time"": ""[\""2025-12-31 18:00:00-06\"",\""2026-06-29 19:00:00-05\"")"", ""specificity"": 100, ""epistemic_kind"": ""INFERRED""}
HINT:  Incoming fact lost the precedence lattice against an existing overlapping fact.
CONTEXT:  PL/pgSQL function kndb.resolve_conflict() line 91 at RAISE",,1,
675,READ COMMITTED,B,0,1,"CheckViolation: KNDB precedence: NEW outranked by fact_id=30708455-5daa-4b18-ba9e-eaee13805ded, reason=kind_outranked -- payload={""value"": ""INFERRED_iter675"", ""writer"": ""kndb_native"", ""fact_id"": ""5c59ac97-b62d-41fa-8617-a605a19dbc2b"", ""provsql"": ""c9f9ddb8-9aa2-4208-b596-64e0ef3429f9"", ""sources"": [], ""sys_time"": ""[\""2026-07-09 02:38:24.11376-05\"",infinity)"", ""attribute"": ""s2_slot"", ""entity_id"": 32000675, ""confidence"": 0.97000, ""valid_time"": ""[\""2025-12-31 18:00:00-06\"",\""2026-06-29 19:00:00-05\"")"", ""specificity"": 100, ""epistemic_kind"": ""INFERRED""}
HINT:  Incoming fact lost the precedence lattice against an existing overlapping fact.
CONTEXT:  PL/pgSQL function kndb.resolve_conflict() line 91 at RAISE",,1,
676,READ COMMITTED,B,0,1,"CheckViolation: KNDB precedence: NEW outranked by fact_id=29bdfa01-a17a-42e0-8ce5-2ce84ad74b6c, reason=kind_outranked -- payload={""value"": ""INFERRED_iter676"", ""writer"": ""kndb_native"", ""fact_id"": ""b2e3538d-2c4b-4554-ad3f-98cf38b74bea"", ""provsql"": ""d4765ffe-3c41-431f-be84-cf13dc69dfd8"", ""sources"": [], ""sys_time"": ""[\""2026-07-09 02:38:24.121714-05\"",infinity)"", ""attribute"": ""s2_slot"", ""entity_id"": 32000676, ""confidence"": 0.97000, ""valid_time"": ""[\""2025-12-31 18:00:00-06\"",\""2026-06-29 19:00:00-05\"")"", ""specificity"": 100, ""epistemic_kind"": ""INFERRED""}
HINT:  Incoming fact lost the precedence lattice against an existing overlapping fact.
CONTEXT:  PL/pgSQL function kndb.resolve_conflict() line 91 at RAISE",,1,
677,READ COMMITTED,B,0,1,"CheckViolation: KNDB precedence: NEW outranked by fact_id=ad715516-d1ec-4849-a5c8-ae40ce3598e0, reason=kind_outranked -- payload={""value"": ""INFERRED_iter677"", ""writer"": ""kndb_native"", ""fact_id"": ""564dfeb2-f97c-40d5-b23f-5e3f063b9b4b"", ""provsql"": ""0bfb45f0-68eb-429e-b9ab-a6e51c8f2445"", ""sources"": [], ""sys_time"": ""[\""2026-07-09 02:38:24.129421-05\"",infinity)"", ""attribute"": ""s2_slot"", ""entity_id"": 32000677, ""confidence"": 0.97000, ""valid_time"": ""[\""2025-12-31 18:00:00-06\"",\""2026-06-29 19:00:00-05\"")"", ""specificity"": 100, ""epistemic_kind"": ""INFERRED""}
HINT:  Incoming fact lost the precedence lattice against an existing overlapping fact.
CONTEXT:  PL/pgSQL function kndb.resolve_conflict() line 91 at RAISE",,1,
678,READ COMMITTED,A,1,1,,,1,
679,READ COMMITTED,A,1,1,,,1,
680,READ COMMITTED,B,0,1,"CheckViolation: KNDB precedence: NEW outranked by fact_id=0fec4521-8c2a-453b-b484-58f9c42041a3, reason=kind_outranked -- payload={""value"": ""INFERRED_iter680"", ""writer"": ""kndb_native"", ""fact_id"": ""93505d31-9c8f-40ef-a38d-d7c6e2029d8c"", ""provsql"": ""82f5a715-23d0-4f0f-b0d3-d77e30cfade8"", ""sources"": [], ""sys_time"": ""[\""2026-07-09 02:38:24.154366-05\"",infinity)"", ""attribute"": ""s2_slot"", ""entity_id"": 32000680, ""confidence"": 0.97000, ""valid_time"": ""[\""2025-12-31 18:00:00-06\"",\""2026-06-29 19:00:00-05\"")"", ""specificity"": 100, ""epistemic_kind"": ""INFERRED""}
HINT:  Incoming fact lost the precedence lattice against an existing overlapping fact.
CONTEXT:  PL/pgSQL function kndb.resolve_conflict() line 91 at RAISE",,1,
681,READ COMMITTED,A,1,1,,,1,
682,READ COMMITTED,A,1,1,,,1,
683,READ COMMITTED,A,1,1,,,1,
684,READ COMMITTED,A,1,1,,,1,
685,READ COMMITTED,A,1,1,,,1,
686,READ COMMITTED,B,0,1,"CheckViolation: KNDB precedence: NEW outranked by fact_id=5f44108a-820c-4628-ae17-5d6ce5567790, reason=kind_outranked -- payload={""value"": ""INFERRED_iter686"", ""writer"": ""kndb_native"", ""fact_id"": ""3b83d2ef-4b1e-45bf-8305-6468fc7afa7d"", ""provsql"": ""18bc5858-76c5-4c1a-9000-fb569798f2a4"", ""sources"": [], ""sys_time"": ""[\""2026-07-09 02:38:24.204459-05\"",infinity)"", ""attribute"": ""s2_slot"", ""entity_id"": 32000686, ""confidence"": 0.97000, ""valid_time"": ""[\""2025-12-31 18:00:00-06\"",\""2026-06-29 19:00:00-05\"")"", ""specificity"": 100, ""epistemic_kind"": ""INFERRED""}
HINT:  Incoming fact lost the precedence lattice against an existing overlapping fact.
CONTEXT:  PL/pgSQL function kndb.resolve_conflict() line 91 at RAISE",,1,
687,READ COMMITTED,A,1,1,,,1,
688,READ COMMITTED,A,1,1,,,1,
689,READ COMMITTED,B,0,1,"CheckViolation: KNDB precedence: NEW outranked by fact_id=a7d8028e-6ae5-4331-9f1b-8ffd4e724f5b, reason=kind_outranked -- payload={""value"": ""INFERRED_iter689"", ""writer"": ""kndb_native"", ""fact_id"": ""f87b6b96-b201-48f3-a10f-fcef74a508a2"", ""provsql"": ""7a5404c4-5f0a-4045-831f-0a0721a2f60f"", ""sources"": [], ""sys_time"": ""[\""2026-07-09 02:38:24.230541-05\"",infinity)"", ""attribute"": ""s2_slot"", ""entity_id"": 32000689, ""confidence"": 0.97000, ""valid_time"": ""[\""2025-12-31 18:00:00-06\"",\""2026-06-29 19:00:00-05\"")"", ""specificity"": 100, ""epistemic_kind"": ""INFERRED""}
HINT:  Incoming fact lost the precedence lattice against an existing overlapping fact.
CONTEXT:  PL/pgSQL function kndb.resolve_conflict() line 91 at RAISE",,1,
690,READ COMMITTED,B,0,1,"CheckViolation: KNDB precedence: NEW outranked by fact_id=e29247fe-070c-473e-bd00-805f563554a8, reason=kind_outranked -- payload={""value"": ""INFERRED_iter690"", ""writer"": ""kndb_native"", ""fact_id"": ""3b9bdb38-e875-4146-ae0d-1b1eeb066de0"", ""provsql"": ""d0a4cab1-5379-41a3-86ab-f936b9cc4ec1"", ""sources"": [], ""sys_time"": ""[\""2026-07-09 02:38:24.238796-05\"",infinity)"", ""attribute"": ""s2_slot"", ""entity_id"": 32000690, ""confidence"": 0.97000, ""valid_time"": ""[\""2025-12-31 18:00:00-06\"",\""2026-06-29 19:00:00-05\"")"", ""specificity"": 100, ""epistemic_kind"": ""INFERRED""}
HINT:  Incoming fact lost the precedence lattice against an existing overlapping fact.
CONTEXT:  PL/pgSQL function kndb.resolve_conflict() line 91 at RAISE",,1,
691,READ COMMITTED,A,1,1,,,1,
692,READ COMMITTED,B,0,1,"CheckViolation: KNDB precedence: NEW outranked by fact_id=8c21869a-7c89-46bc-9115-0874b8733007, reason=kind_outranked -- payload={""value"": ""INFERRED_iter692"", ""writer"": ""kndb_native"", ""fact_id"": ""b2857119-1238-4af6-b973-a67abb3b97db"", ""provsql"": ""8dd582b2-31c1-42d2-8c05-cbc8706bd730"", ""sources"": [], ""sys_time"": ""[\""2026-07-09 02:38:24.254857-05\"",infinity)"", ""attribute"": ""s2_slot"", ""entity_id"": 32000692, ""confidence"": 0.97000, ""valid_time"": ""[\""2025-12-31 18:00:00-06\"",\""2026-06-29 19:00:00-05\"")"", ""specificity"": 100, ""epistemic_kind"": ""INFERRED""}
HINT:  Incoming fact lost the precedence lattice against an existing overlapping fact.
CONTEXT:  PL/pgSQL function kndb.resolve_conflict() line 91 at RAISE",,1,
693,READ COMMITTED,B,0,1,"CheckViolation: KNDB precedence: NEW outranked by fact_id=01fd390f-dc48-4355-a7c6-700e78b638d7, reason=kind_outranked -- payload={""value"": ""INFERRED_iter693"", ""writer"": ""kndb_native"", ""fact_id"": ""79ecf027-15cc-4046-8bd2-fd21d485055e"", ""provsql"": ""655235d4-06ec-4880-b1df-46cc526a6c83"", ""sources"": [], ""sys_time"": ""[\""2026-07-09 02:38:24.262936-05\"",infinity)"", ""attribute"": ""s2_slot"", ""entity_id"": 32000693, ""confidence"": 0.97000, ""valid_time"": ""[\""2025-12-31 18:00:00-06\"",\""2026-06-29 19:00:00-05\"")"", ""specificity"": 100, ""epistemic_kind"": ""INFERRED""}
HINT:  Incoming fact lost the precedence lattice against an existing overlapping fact.
CONTEXT:  PL/pgSQL function kndb.resolve_conflict() line 91 at RAISE",,1,
694,READ COMMITTED,B,0,1,"CheckViolation: KNDB precedence: NEW outranked by fact_id=7b10d308-762b-4615-aef9-026daa796ead, reason=kind_outranked -- payload={""value"": ""INFERRED_iter694"", ""writer"": ""kndb_native"", ""fact_id"": ""abb7994f-08a2-4d0e-9ffa-92d43c139eeb"", ""provsql"": ""b9ddb57a-52f1-4a19-8e91-3257b9a0cb3a"", ""sources"": [], ""sys_time"": ""[\""2026-07-09 02:38:24.270928-05\"",infinity)"", ""attribute"": ""s2_slot"", ""entity_id"": 32000694, ""confidence"": 0.97000, ""valid_time"": ""[\""2025-12-31 18:00:00-06\"",\""2026-06-29 19:00:00-05\"")"", ""specificity"": 100, ""epistemic_kind"": ""INFERRED""}
HINT:  Incoming fact lost the precedence lattice against an existing overlapping fact.
CONTEXT:  PL/pgSQL function kndb.resolve_conflict() line 91 at RAISE",,1,
695,READ COMMITTED,B,0,1,"CheckViolation: KNDB precedence: NEW outranked by fact_id=db0bfd0d-77de-44cc-afde-e7c69e7f0ae2, reason=kind_outranked -- payload={""value"": ""INFERRED_iter695"", ""writer"": ""kndb_native"", ""fact_id"": ""92fa3981-3efc-41d2-8593-c0524e82162f"", ""provsql"": ""5e96b0fb-8869-48cd-b33a-a61ebef6330e"", ""sources"": [], ""sys_time"": ""[\""2026-07-09 02:38:24.279105-05\"",infinity)"", ""attribute"": ""s2_slot"", ""entity_id"": 32000695, ""confidence"": 0.97000, ""valid_time"": ""[\""2025-12-31 18:00:00-06\"",\""2026-06-29 19:00:00-05\"")"", ""specificity"": 100, ""epistemic_kind"": ""INFERRED""}
HINT:  Incoming fact lost the precedence lattice against an existing overlapping fact.
CONTEXT:  PL/pgSQL function kndb.resolve_conflict() line 91 at RAISE",,1,
696,READ COMMITTED,B,0,1,"CheckViolation: KNDB precedence: NEW outranked by fact_id=8395e968-5f7f-47f6-98d3-ab1d98789e6d, reason=kind_outranked -- payload={""value"": ""INFERRED_iter696"", ""writer"": ""kndb_native"", ""fact_id"": ""f5de7d82-6187-4dfb-b690-bfc0cddfc4e8"", ""provsql"": ""710a7ca2-ab26-4f05-927f-5d2e06c0c9cc"", ""sources"": [], ""sys_time"": ""[\""2026-07-09 02:38:24.287693-05\"",infinity)"", ""attribute"": ""s2_slot"", ""entity_id"": 32000696, ""confidence"": 0.97000, ""valid_time"": ""[\""2025-12-31 18:00:00-06\"",\""2026-06-29 19:00:00-05\"")"", ""specificity"": 100, ""epistemic_kind"": ""INFERRED""}
HINT:  Incoming fact lost the precedence lattice against an existing overlapping fact.
CONTEXT:  PL/pgSQL function kndb.resolve_conflict() line 91 at RAISE",,1,
697,READ COMMITTED,B,0,1,"CheckViolation: KNDB precedence: NEW outranked by fact_id=1e4cdb35-f4d6-4232-ad03-9f2d26731ecc, reason=kind_outranked -- payload={""value"": ""INFERRED_iter697"", ""writer"": ""kndb_native"", ""fact_id"": ""9d6cc9a0-1c47-4e6d-a12f-c1f2c5b324d3"", ""provsql"": ""96c569e8-9ebd-4686-b4d3-3ff2f3e89df3"", ""sources"": [], ""sys_time"": ""[\""2026-07-09 02:38:24.29578-05\"",infinity)"", ""attribute"": ""s2_slot"", ""entity_id"": 32000697, ""confidence"": 0.97000, ""valid_time"": ""[\""2025-12-31 18:00:00-06\"",\""2026-06-29 19:00:00-05\"")"", ""specificity"": 100, ""epistemic_kind"": ""INFERRED""}
HINT:  Incoming fact lost the precedence lattice against an existing overlapping fact.
CONTEXT:  PL/pgSQL function kndb.resolve_conflict() line 91 at RAISE",,1,
698,READ COMMITTED,A,1,1,,,1,
699,READ COMMITTED,B,0,1,"CheckViolation: KNDB precedence: NEW outranked by fact_id=0220aff3-764b-4801-9e74-9408f634afe0, reason=kind_outranked -- payload={""value"": ""INFERRED_iter699"", ""writer"": ""kndb_native"", ""fact_id"": ""dd6669a0-e84a-470b-8033-fa575be856f1"", ""provsql"": ""aed52710-12d3-4e6c-8d40-a40247b480c0"", ""sources"": [], ""sys_time"": ""[\""2026-07-09 02:38:24.31185-05\"",infinity)"", ""attribute"": ""s2_slot"", ""entity_id"": 32000699, ""confidence"": 0.97000, ""valid_time"": ""[\""2025-12-31 18:00:00-06\"",\""2026-06-29 19:00:00-05\"")"", ""specificity"": 100, ""epistemic_kind"": ""INFERRED""}
HINT:  Incoming fact lost the precedence lattice against an existing overlapping fact.
CONTEXT:  PL/pgSQL function kndb.resolve_conflict() line 91 at RAISE",,1,
700,READ COMMITTED,B,0,1,"CheckViolation: KNDB precedence: NEW outranked by fact_id=6c55dd59-e948-441f-9f1b-4cc7e40cf115, reason=kind_outranked -- payload={""value"": ""INFERRED_iter700"", ""writer"": ""kndb_native"", ""fact_id"": ""35a76bff-e540-403b-95f4-8df1cead05db"", ""provsql"": ""c727a384-18fb-43c3-9b5f-235e88cb0808"", ""sources"": [], ""sys_time"": ""[\""2026-07-09 02:38:24.320499-05\"",infinity)"", ""attribute"": ""s2_slot"", ""entity_id"": 32000700, ""confidence"": 0.97000, ""valid_time"": ""[\""2025-12-31 18:00:00-06\"",\""2026-06-29 19:00:00-05\"")"", ""specificity"": 100, ""epistemic_kind"": ""INFERRED""}
HINT:  Incoming fact lost the precedence lattice against an existing overlapping fact.
CONTEXT:  PL/pgSQL function kndb.resolve_conflict() line 91 at RAISE",,1,
701,READ COMMITTED,B,0,1,"CheckViolation: KNDB precedence: NEW outranked by fact_id=2c0b9fbf-a3a2-4b42-8c3c-8b3fd4862e41, reason=kind_outranked -- payload={""value"": ""INFERRED_iter701"", ""writer"": ""kndb_native"", ""fact_id"": ""090a22a9-f2b3-4899-8a3a-097d755ac318"", ""provsql"": ""4499f3f8-566f-49aa-a691-6234c01a1030"", ""sources"": [], ""sys_time"": ""[\""2026-07-09 02:38:24.328972-05\"",infinity)"", ""attribute"": ""s2_slot"", ""entity_id"": 32000701, ""confidence"": 0.97000, ""valid_time"": ""[\""2025-12-31 18:00:00-06\"",\""2026-06-29 19:00:00-05\"")"", ""specificity"": 100, ""epistemic_kind"": ""INFERRED""}
HINT:  Incoming fact lost the precedence lattice against an existing overlapping fact.
CONTEXT:  PL/pgSQL function kndb.resolve_conflict() line 91 at RAISE",,1,
702,READ COMMITTED,B,0,1,"CheckViolation: KNDB precedence: NEW outranked by fact_id=88d36f13-8288-4c10-a15e-711569794e82, reason=kind_outranked -- payload={""value"": ""INFERRED_iter702"", ""writer"": ""kndb_native"", ""fact_id"": ""369ee49c-36d9-4f73-b72f-28ffa74a051b"", ""provsql"": ""96b3465b-f3aa-4ee1-9151-3fc47e9513f4"", ""sources"": [], ""sys_time"": ""[\""2026-07-09 02:38:24.337356-05\"",infinity)"", ""attribute"": ""s2_slot"", ""entity_id"": 32000702, ""confidence"": 0.97000, ""valid_time"": ""[\""2025-12-31 18:00:00-06\"",\""2026-06-29 19:00:00-05\"")"", ""specificity"": 100, ""epistemic_kind"": ""INFERRED""}
HINT:  Incoming fact lost the precedence lattice against an existing overlapping fact.
CONTEXT:  PL/pgSQL function kndb.resolve_conflict() line 91 at RAISE",,1,
703,READ COMMITTED,A,1,1,,,1,
704,READ COMMITTED,A,1,1,,,1,
705,READ COMMITTED,A,1,1,,,1,
706,READ COMMITTED,B,0,1,"CheckViolation: KNDB precedence: NEW outranked by fact_id=9255e844-7e8e-4c55-8d89-d70895b9e87b, reason=kind_outranked -- payload={""value"": ""INFERRED_iter706"", ""writer"": ""kndb_native"", ""fact_id"": ""624183e8-5b8e-4cf8-9df0-31a6998ee80b"", ""provsql"": ""8d58d4b0-f79d-4df3-a141-03b3eb963b93"", ""sources"": [], ""sys_time"": ""[\""2026-07-09 02:38:24.371878-05\"",infinity)"", ""attribute"": ""s2_slot"", ""entity_id"": 32000706, ""confidence"": 0.97000, ""valid_time"": ""[\""2025-12-31 18:00:00-06\"",\""2026-06-29 19:00:00-05\"")"", ""specificity"": 100, ""epistemic_kind"": ""INFERRED""}
HINT:  Incoming fact lost the precedence lattice against an existing overlapping fact.
CONTEXT:  PL/pgSQL function kndb.resolve_conflict() line 91 at RAISE",,1,
707,READ COMMITTED,B,0,1,"CheckViolation: KNDB precedence: NEW outranked by fact_id=a561265e-7054-4c0f-8a3f-a7a76c4b53e0, reason=kind_outranked -- payload={""value"": ""INFERRED_iter707"", ""writer"": ""kndb_native"", ""fact_id"": ""bbad72bb-48ae-4ff5-abfb-b5f60c0583ac"", ""provsql"": ""ed0ee1a0-fbf0-449b-af9f-a80c64fe9475"", ""sources"": [], ""sys_time"": ""[\""2026-07-09 02:38:24.379981-05\"",infinity)"", ""attribute"": ""s2_slot"", ""entity_id"": 32000707, ""confidence"": 0.97000, ""valid_time"": ""[\""2025-12-31 18:00:00-06\"",\""2026-06-29 19:00:00-05\"")"", ""specificity"": 100, ""epistemic_kind"": ""INFERRED""}
HINT:  Incoming fact lost the precedence lattice against an existing overlapping fact.
CONTEXT:  PL/pgSQL function kndb.resolve_conflict() line 91 at RAISE",,1,
708,READ COMMITTED,A,1,1,,,1,
709,READ COMMITTED,A,1,1,,,1,
710,READ COMMITTED,B,0,1,"CheckViolation: KNDB precedence: NEW outranked by fact_id=0012761e-a7af-4d4c-99f4-2e42ca95f7e0, reason=kind_outranked -- payload={""value"": ""INFERRED_iter710"", ""writer"": ""kndb_native"", ""fact_id"": ""8af5f559-78e8-4472-8695-9c880b6bbd03"", ""provsql"": ""19ae4431-eb9a-42be-bb26-c8390679df69"", ""sources"": [], ""sys_time"": ""[\""2026-07-09 02:38:24.406615-05\"",infinity)"", ""attribute"": ""s2_slot"", ""entity_id"": 32000710, ""confidence"": 0.97000, ""valid_time"": ""[\""2025-12-31 18:00:00-06\"",\""2026-06-29 19:00:00-05\"")"", ""specificity"": 100, ""epistemic_kind"": ""INFERRED""}
HINT:  Incoming fact lost the precedence lattice against an existing overlapping fact.
CONTEXT:  PL/pgSQL function kndb.resolve_conflict() line 91 at RAISE",,1,
711,READ COMMITTED,B,0,1,"CheckViolation: KNDB precedence: NEW outranked by fact_id=a6abc45a-357c-4459-8d98-7784ffb811b6, reason=kind_outranked -- payload={""value"": ""INFERRED_iter711"", ""writer"": ""kndb_native"", ""fact_id"": ""8e9641ef-c787-4a5d-9288-6fe1ec0f4083"", ""provsql"": ""9f3eb14f-dd51-4a9f-8549-93443acf69da"", ""sources"": [], ""sys_time"": ""[\""2026-07-09 02:38:24.41594-05\"",infinity)"", ""attribute"": ""s2_slot"", ""entity_id"": 32000711, ""confidence"": 0.97000, ""valid_time"": ""[\""2025-12-31 18:00:00-06\"",\""2026-06-29 19:00:00-05\"")"", ""specificity"": 100, ""epistemic_kind"": ""INFERRED""}
HINT:  Incoming fact lost the precedence lattice against an existing overlapping fact.
CONTEXT:  PL/pgSQL function kndb.resolve_conflict() line 91 at RAISE",,1,
712,READ COMMITTED,B,0,1,"CheckViolation: KNDB precedence: NEW outranked by fact_id=9e1a483b-c722-4282-b16f-8307859686fe, reason=kind_outranked -- payload={""value"": ""INFERRED_iter712"", ""writer"": ""kndb_native"", ""fact_id"": ""ecee64ed-e4f4-4e40-b8a4-584fd316b158"", ""provsql"": ""6ffc6517-56f6-4c52-99c2-80a21ba15df6"", ""sources"": [], ""sys_time"": ""[\""2026-07-09 02:38:24.426768-05\"",infinity)"", ""attribute"": ""s2_slot"", ""entity_id"": 32000712, ""confidence"": 0.97000, ""valid_time"": ""[\""2025-12-31 18:00:00-06\"",\""2026-06-29 19:00:00-05\"")"", ""specificity"": 100, ""epistemic_kind"": ""INFERRED""}
HINT:  Incoming fact lost the precedence lattice against an existing overlapping fact.
CONTEXT:  PL/pgSQL function kndb.resolve_conflict() line 91 at RAISE",,1,
713,READ COMMITTED,B,0,1,"CheckViolation: KNDB precedence: NEW outranked by fact_id=21fc0b6d-a389-4ef3-8f45-2e0b37cc90ba, reason=kind_outranked -- payload={""value"": ""INFERRED_iter713"", ""writer"": ""kndb_native"", ""fact_id"": ""1fca0c71-1cd4-44c0-9063-430ff207acb4"", ""provsql"": ""9ab374c6-2f70-4976-ab36-edaba13207d6"", ""sources"": [], ""sys_time"": ""[\""2026-07-09 02:38:24.435537-05\"",infinity)"", ""attribute"": ""s2_slot"", ""entity_id"": 32000713, ""confidence"": 0.97000, ""valid_time"": ""[\""2025-12-31 18:00:00-06\"",\""2026-06-29 19:00:00-05\"")"", ""specificity"": 100, ""epistemic_kind"": ""INFERRED""}
HINT:  Incoming fact lost the precedence lattice against an existing overlapping fact.
CONTEXT:  PL/pgSQL function kndb.resolve_conflict() line 91 at RAISE",,1,
714,READ COMMITTED,A,1,1,,,1,
715,READ COMMITTED,A,1,1,,,1,
716,READ COMMITTED,A,1,1,,,1,
717,READ COMMITTED,A,1,1,,,1,
718,READ COMMITTED,A,1,1,,,1,
719,READ COMMITTED,A,1,1,,,1,
720,READ COMMITTED,A,1,1,,,1,
721,READ COMMITTED,B,0,1,"CheckViolation: KNDB precedence: NEW outranked by fact_id=49601536-3881-43b8-807b-9b8279364f09, reason=kind_outranked -- payload={""value"": ""INFERRED_iter721"", ""writer"": ""kndb_native"", ""fact_id"": ""14a5759a-081e-4114-be87-19a9af9bc199"", ""provsql"": ""cfa943a2-91be-4ca2-9157-28aff8775982"", ""sources"": [], ""sys_time"": ""[\""2026-07-09 02:38:24.503278-05\"",infinity)"", ""attribute"": ""s2_slot"", ""entity_id"": 32000721, ""confidence"": 0.97000, ""valid_time"": ""[\""2025-12-31 18:00:00-06\"",\""2026-06-29 19:00:00-05\"")"", ""specificity"": 100, ""epistemic_kind"": ""INFERRED""}
HINT:  Incoming fact lost the precedence lattice against an existing overlapping fact.
CONTEXT:  PL/pgSQL function kndb.resolve_conflict() line 91 at RAISE",,1,
722,READ COMMITTED,B,0,1,"CheckViolation: KNDB precedence: NEW outranked by fact_id=8f213244-2d0e-4fdc-8180-76d10aabba75, reason=kind_outranked -- payload={""value"": ""INFERRED_iter722"", ""writer"": ""kndb_native"", ""fact_id"": ""ecf7c9bc-9e0d-43d7-bcf9-7d4b64010ada"", ""provsql"": ""b2288641-5b25-49e7-8df3-b7a856ebab7a"", ""sources"": [], ""sys_time"": ""[\""2026-07-09 02:38:24.511413-05\"",infinity)"", ""attribute"": ""s2_slot"", ""entity_id"": 32000722, ""confidence"": 0.97000, ""valid_time"": ""[\""2025-12-31 18:00:00-06\"",\""2026-06-29 19:00:00-05\"")"", ""specificity"": 100, ""epistemic_kind"": ""INFERRED""}
HINT:  Incoming fact lost the precedence lattice against an existing overlapping fact.
CONTEXT:  PL/pgSQL function kndb.resolve_conflict() line 91 at RAISE",,1,
723,READ COMMITTED,B,0,1,"CheckViolation: KNDB precedence: NEW outranked by fact_id=cc23c545-3365-44a7-848e-982b9dbc2a30, reason=kind_outranked -- payload={""value"": ""INFERRED_iter723"", ""writer"": ""kndb_native"", ""fact_id"": ""45c0e1a6-1260-4136-b1e3-41aea5725e71"", ""provsql"": ""96740f2a-ab1d-46d1-a16f-fdf2538ce2e1"", ""sources"": [], ""sys_time"": ""[\""2026-07-09 02:38:24.519687-05\"",infinity)"", ""attribute"": ""s2_slot"", ""entity_id"": 32000723, ""confidence"": 0.97000, ""valid_time"": ""[\""2025-12-31 18:00:00-06\"",\""2026-06-29 19:00:00-05\"")"", ""specificity"": 100, ""epistemic_kind"": ""INFERRED""}
HINT:  Incoming fact lost the precedence lattice against an existing overlapping fact.
CONTEXT:  PL/pgSQL function kndb.resolve_conflict() line 91 at RAISE",,1,
724,READ COMMITTED,B,0,1,"CheckViolation: KNDB precedence: NEW outranked by fact_id=d17b2c16-b24c-44d1-a10e-9b8b9c2b315e, reason=kind_outranked -- payload={""value"": ""INFERRED_iter724"", ""writer"": ""kndb_native"", ""fact_id"": ""347d22fe-0da1-4089-b941-409f94daec56"", ""provsql"": ""f058404b-3d34-4e06-92d8-9e90a699d350"", ""sources"": [], ""sys_time"": ""[\""2026-07-09 02:38:24.52819-05\"",infinity)"", ""attribute"": ""s2_slot"", ""entity_id"": 32000724, ""confidence"": 0.97000, ""valid_time"": ""[\""2025-12-31 18:00:00-06\"",\""2026-06-29 19:00:00-05\"")"", ""specificity"": 100, ""epistemic_kind"": ""INFERRED""}
HINT:  Incoming fact lost the precedence lattice against an existing overlapping fact.
CONTEXT:  PL/pgSQL function kndb.resolve_conflict() line 91 at RAISE",,1,
725,READ COMMITTED,B,0,1,"CheckViolation: KNDB precedence: NEW outranked by fact_id=e80311d2-e2b9-44d9-aaa1-06610f5d5dd5, reason=kind_outranked -- payload={""value"": ""INFERRED_iter725"", ""writer"": ""kndb_native"", ""fact_id"": ""0b9e04c3-5557-44a5-bf2f-007e928b5209"", ""provsql"": ""df7ed14c-5e3f-4604-962a-1e4a8c3cb474"", ""sources"": [], ""sys_time"": ""[\""2026-07-09 02:38:24.536234-05\"",infinity)"", ""attribute"": ""s2_slot"", ""entity_id"": 32000725, ""confidence"": 0.97000, ""valid_time"": ""[\""2025-12-31 18:00:00-06\"",\""2026-06-29 19:00:00-05\"")"", ""specificity"": 100, ""epistemic_kind"": ""INFERRED""}
HINT:  Incoming fact lost the precedence lattice against an existing overlapping fact.
CONTEXT:  PL/pgSQL function kndb.resolve_conflict() line 91 at RAISE",,1,
726,READ COMMITTED,B,0,1,"CheckViolation: KNDB precedence: NEW outranked by fact_id=3ec126cf-3cf8-4fdc-b552-84d5acb0ecbd, reason=kind_outranked -- payload={""value"": ""INFERRED_iter726"", ""writer"": ""kndb_native"", ""fact_id"": ""dd718ef6-7320-44dc-bd70-5ffa85ac0711"", ""provsql"": ""197bcb2b-49b7-43f3-a02a-5a4a0145d641"", ""sources"": [], ""sys_time"": ""[\""2026-07-09 02:38:24.544404-05\"",infinity)"", ""attribute"": ""s2_slot"", ""entity_id"": 32000726, ""confidence"": 0.97000, ""valid_time"": ""[\""2025-12-31 18:00:00-06\"",\""2026-06-29 19:00:00-05\"")"", ""specificity"": 100, ""epistemic_kind"": ""INFERRED""}
HINT:  Incoming fact lost the precedence lattice against an existing overlapping fact.
CONTEXT:  PL/pgSQL function kndb.resolve_conflict() line 91 at RAISE",,1,
727,READ COMMITTED,A,1,1,,,1,
728,READ COMMITTED,A,1,1,,,1,
729,READ COMMITTED,B,0,1,"CheckViolation: KNDB precedence: NEW outranked by fact_id=a30c6431-461c-4cfe-a430-d974f2416c83, reason=kind_outranked -- payload={""value"": ""INFERRED_iter729"", ""writer"": ""kndb_native"", ""fact_id"": ""1bdfd7e3-6837-496a-9115-5e7b95938a78"", ""provsql"": ""9736e4c9-b233-48ae-8db2-070a2fdfd014"", ""sources"": [], ""sys_time"": ""[\""2026-07-09 02:38:24.569754-05\"",infinity)"", ""attribute"": ""s2_slot"", ""entity_id"": 32000729, ""confidence"": 0.97000, ""valid_time"": ""[\""2025-12-31 18:00:00-06\"",\""2026-06-29 19:00:00-05\"")"", ""specificity"": 100, ""epistemic_kind"": ""INFERRED""}
HINT:  Incoming fact lost the precedence lattice against an existing overlapping fact.
CONTEXT:  PL/pgSQL function kndb.resolve_conflict() line 91 at RAISE",,1,
730,READ COMMITTED,A,1,1,,,1,
731,READ COMMITTED,B,0,1,"CheckViolation: KNDB precedence: NEW outranked by fact_id=285bd27c-04ab-4dd5-9e07-02ae4a690d13, reason=kind_outranked -- payload={""value"": ""INFERRED_iter731"", ""writer"": ""kndb_native"", ""fact_id"": ""d2e58743-5267-4dd0-ae9f-919384fe6b33"", ""provsql"": ""88fae8fe-af48-4345-aa18-07dc2a160ef5"", ""sources"": [], ""sys_time"": ""[\""2026-07-09 02:38:24.586213-05\"",infinity)"", ""attribute"": ""s2_slot"", ""entity_id"": 32000731, ""confidence"": 0.97000, ""valid_time"": ""[\""2025-12-31 18:00:00-06\"",\""2026-06-29 19:00:00-05\"")"", ""specificity"": 100, ""epistemic_kind"": ""INFERRED""}
HINT:  Incoming fact lost the precedence lattice against an existing overlapping fact.
CONTEXT:  PL/pgSQL function kndb.resolve_conflict() line 91 at RAISE",,1,
732,READ COMMITTED,B,0,1,"CheckViolation: KNDB precedence: NEW outranked by fact_id=3d88c35f-c720-4218-af23-e4b54903a64b, reason=kind_outranked -- payload={""value"": ""INFERRED_iter732"", ""writer"": ""kndb_native"", ""fact_id"": ""b34b86c7-8bdc-42c6-b7b9-e18218389eb4"", ""provsql"": ""e8c0716d-76e5-4433-a660-b0a201e0984d"", ""sources"": [], ""sys_time"": ""[\""2026-07-09 02:38:24.594183-05\"",infinity)"", ""attribute"": ""s2_slot"", ""entity_id"": 32000732, ""confidence"": 0.97000, ""valid_time"": ""[\""2025-12-31 18:00:00-06\"",\""2026-06-29 19:00:00-05\"")"", ""specificity"": 100, ""epistemic_kind"": ""INFERRED""}
HINT:  Incoming fact lost the precedence lattice against an existing overlapping fact.
CONTEXT:  PL/pgSQL function kndb.resolve_conflict() line 91 at RAISE",,1,
733,READ COMMITTED,A,1,1,,,1,
734,READ COMMITTED,B,0,1,"CheckViolation: KNDB precedence: NEW outranked by fact_id=6c8fa4de-e826-41e4-870f-6f914f07c676, reason=kind_outranked -- payload={""value"": ""INFERRED_iter734"", ""writer"": ""kndb_native"", ""fact_id"": ""9b555185-6b97-46fb-8323-986df70dbc66"", ""provsql"": ""e2d515ab-a32e-46f3-bf61-f3a487a307a6"", ""sources"": [], ""sys_time"": ""[\""2026-07-09 02:38:24.611029-05\"",infinity)"", ""attribute"": ""s2_slot"", ""entity_id"": 32000734, ""confidence"": 0.97000, ""valid_time"": ""[\""2025-12-31 18:00:00-06\"",\""2026-06-29 19:00:00-05\"")"", ""specificity"": 100, ""epistemic_kind"": ""INFERRED""}
HINT:  Incoming fact lost the precedence lattice against an existing overlapping fact.
CONTEXT:  PL/pgSQL function kndb.resolve_conflict() line 91 at RAISE",,1,
735,READ COMMITTED,B,0,1,"CheckViolation: KNDB precedence: NEW outranked by fact_id=18a05ecd-ee02-411c-ad31-c8c8bb5526fc, reason=kind_outranked -- payload={""value"": ""INFERRED_iter735"", ""writer"": ""kndb_native"", ""fact_id"": ""bb2c79fb-79d9-4fec-8522-7cd32028117c"", ""provsql"": ""0d2aaa60-aa18-4b87-a1a1-71cd6ec249b2"", ""sources"": [], ""sys_time"": ""[\""2026-07-09 02:38:24.618888-05\"",infinity)"", ""attribute"": ""s2_slot"", ""entity_id"": 32000735, ""confidence"": 0.97000, ""valid_time"": ""[\""2025-12-31 18:00:00-06\"",\""2026-06-29 19:00:00-05\"")"", ""specificity"": 100, ""epistemic_kind"": ""INFERRED""}
HINT:  Incoming fact lost the precedence lattice against an existing overlapping fact.
CONTEXT:  PL/pgSQL function kndb.resolve_conflict() line 91 at RAISE",,1,
736,READ COMMITTED,A,1,1,,,1,
737,READ COMMITTED,A,1,1,,,1,
738,READ COMMITTED,A,1,1,,,1,
739,READ COMMITTED,A,1,1,,,1,
740,READ COMMITTED,B,0,1,"CheckViolation: KNDB precedence: NEW outranked by fact_id=d02d6956-af36-4cb2-881d-7955153bc7a8, reason=kind_outranked -- payload={""value"": ""INFERRED_iter740"", ""writer"": ""kndb_native"", ""fact_id"": ""7f26895e-eaf5-4de0-9efd-13ccc37f44d2"", ""provsql"": ""58eab66b-ce02-4c59-8124-98dbe62bd6fd"", ""sources"": [], ""sys_time"": ""[\""2026-07-09 02:38:24.661426-05\"",infinity)"", ""attribute"": ""s2_slot"", ""entity_id"": 32000740, ""confidence"": 0.97000, ""valid_time"": ""[\""2025-12-31 18:00:00-06\"",\""2026-06-29 19:00:00-05\"")"", ""specificity"": 100, ""epistemic_kind"": ""INFERRED""}
HINT:  Incoming fact lost the precedence lattice against an existing overlapping fact.
CONTEXT:  PL/pgSQL function kndb.resolve_conflict() line 91 at RAISE",,1,
741,READ COMMITTED,B,0,1,"CheckViolation: KNDB precedence: NEW outranked by fact_id=a1a3ce90-18b2-460b-8cd6-309159fa18de, reason=kind_outranked -- payload={""value"": ""INFERRED_iter741"", ""writer"": ""kndb_native"", ""fact_id"": ""5ae18f7c-c58e-40c1-9868-c7da502024da"", ""provsql"": ""d0a3c2eb-4289-4379-9ea5-c6b6485c63f3"", ""sources"": [], ""sys_time"": ""[\""2026-07-09 02:38:24.670006-05\"",infinity)"", ""attribute"": ""s2_slot"", ""entity_id"": 32000741, ""confidence"": 0.97000, ""valid_time"": ""[\""2025-12-31 18:00:00-06\"",\""2026-06-29 19:00:00-05\"")"", ""specificity"": 100, ""epistemic_kind"": ""INFERRED""}
HINT:  Incoming fact lost the precedence lattice against an existing overlapping fact.
CONTEXT:  PL/pgSQL function kndb.resolve_conflict() line 91 at RAISE",,1,
742,READ COMMITTED,A,1,1,,,1,
743,READ COMMITTED,B,0,1,"CheckViolation: KNDB precedence: NEW outranked by fact_id=6de7dce4-73fd-49f0-b16b-700905ff8d72, reason=kind_outranked -- payload={""value"": ""INFERRED_iter743"", ""writer"": ""kndb_native"", ""fact_id"": ""7774c24c-35c9-4938-8d70-cbf985d97643"", ""provsql"": ""373ef1eb-cd7b-4efc-9ab7-53a5976f730e"", ""sources"": [], ""sys_time"": ""[\""2026-07-09 02:38:24.686611-05\"",infinity)"", ""attribute"": ""s2_slot"", ""entity_id"": 32000743, ""confidence"": 0.97000, ""valid_time"": ""[\""2025-12-31 18:00:00-06\"",\""2026-06-29 19:00:00-05\"")"", ""specificity"": 100, ""epistemic_kind"": ""INFERRED""}
HINT:  Incoming fact lost the precedence lattice against an existing overlapping fact.
CONTEXT:  PL/pgSQL function kndb.resolve_conflict() line 91 at RAISE",,1,
744,READ COMMITTED,A,1,1,,,1,
745,READ COMMITTED,B,0,1,"CheckViolation: KNDB precedence: NEW outranked by fact_id=b5a107b1-9a8c-49aa-a394-f98b82e5ac78, reason=kind_outranked -- payload={""value"": ""INFERRED_iter745"", ""writer"": ""kndb_native"", ""fact_id"": ""3de3d455-264d-4f36-8a84-c6f21d89f944"", ""provsql"": ""17107aa7-6f08-49b6-ae04-014f769b5ae2"", ""sources"": [], ""sys_time"": ""[\""2026-07-09 02:38:24.703728-05\"",infinity)"", ""attribute"": ""s2_slot"", ""entity_id"": 32000745, ""confidence"": 0.97000, ""valid_time"": ""[\""2025-12-31 18:00:00-06\"",\""2026-06-29 19:00:00-05\"")"", ""specificity"": 100, ""epistemic_kind"": ""INFERRED""}
HINT:  Incoming fact lost the precedence lattice against an existing overlapping fact.
CONTEXT:  PL/pgSQL function kndb.resolve_conflict() line 91 at RAISE",,1,
746,READ COMMITTED,B,0,1,"CheckViolation: KNDB precedence: NEW outranked by fact_id=e23688fd-8ac5-49c2-8136-e89c2d26238f, reason=kind_outranked -- payload={""value"": ""INFERRED_iter746"", ""writer"": ""kndb_native"", ""fact_id"": ""2d428952-27b3-4d1a-bd38-fd9c8924bc5d"", ""provsql"": ""a5073283-0a14-40fa-800c-583fe3cb97f9"", ""sources"": [], ""sys_time"": ""[\""2026-07-09 02:38:24.712194-05\"",infinity)"", ""attribute"": ""s2_slot"", ""entity_id"": 32000746, ""confidence"": 0.97000, ""valid_time"": ""[\""2025-12-31 18:00:00-06\"",\""2026-06-29 19:00:00-05\"")"", ""specificity"": 100, ""epistemic_kind"": ""INFERRED""}
HINT:  Incoming fact lost the precedence lattice against an existing overlapping fact.
CONTEXT:  PL/pgSQL function kndb.resolve_conflict() line 91 at RAISE",,1,
747,READ COMMITTED,B,0,1,"CheckViolation: KNDB precedence: NEW outranked by fact_id=966cdd81-328f-4842-ad84-2dcb9c9bf34d, reason=kind_outranked -- payload={""value"": ""INFERRED_iter747"", ""writer"": ""kndb_native"", ""fact_id"": ""7e3a6d97-3a81-4dfa-91fe-e877ef8bf7e3"", ""provsql"": ""60b95441-93ad-40b8-9071-937a00384259"", ""sources"": [], ""sys_time"": ""[\""2026-07-09 02:38:24.721018-05\"",infinity)"", ""attribute"": ""s2_slot"", ""entity_id"": 32000747, ""confidence"": 0.97000, ""valid_time"": ""[\""2025-12-31 18:00:00-06\"",\""2026-06-29 19:00:00-05\"")"", ""specificity"": 100, ""epistemic_kind"": ""INFERRED""}
HINT:  Incoming fact lost the precedence lattice against an existing overlapping fact.
CONTEXT:  PL/pgSQL function kndb.resolve_conflict() line 91 at RAISE",,1,
748,READ COMMITTED,A,1,1,,,1,
749,READ COMMITTED,A,1,1,,,1,
750,READ COMMITTED,A,1,1,,,1,
751,READ COMMITTED,B,0,1,"CheckViolation: KNDB precedence: NEW outranked by fact_id=68f06119-1622-4deb-bf4f-dd36fe2e4b1c, reason=kind_outranked -- payload={""value"": ""INFERRED_iter751"", ""writer"": ""kndb_native"", ""fact_id"": ""a7d2b4ef-1934-4c22-a4b3-b342b3c0346f"", ""provsql"": ""6aeaaf09-1f40-4ca9-afe1-83751a570876"", ""sources"": [], ""sys_time"": ""[\""2026-07-09 02:38:24.757781-05\"",infinity)"", ""attribute"": ""s2_slot"", ""entity_id"": 32000751, ""confidence"": 0.97000, ""valid_time"": ""[\""2025-12-31 18:00:00-06\"",\""2026-06-29 19:00:00-05\"")"", ""specificity"": 100, ""epistemic_kind"": ""INFERRED""}
HINT:  Incoming fact lost the precedence lattice against an existing overlapping fact.
CONTEXT:  PL/pgSQL function kndb.resolve_conflict() line 91 at RAISE",,1,
752,READ COMMITTED,A,1,1,,,1,
753,READ COMMITTED,B,0,1,"CheckViolation: KNDB precedence: NEW outranked by fact_id=127eaade-8fd1-408e-9f10-0c06f8d0c279, reason=kind_outranked -- payload={""value"": ""INFERRED_iter753"", ""writer"": ""kndb_native"", ""fact_id"": ""8fdac2eb-c261-4605-9b18-54d45f7de129"", ""provsql"": ""a223f596-4a56-4c5f-b242-8ad0d563eccc"", ""sources"": [], ""sys_time"": ""[\""2026-07-09 02:38:24.775865-05\"",infinity)"", ""attribute"": ""s2_slot"", ""entity_id"": 32000753, ""confidence"": 0.97000, ""valid_time"": ""[\""2025-12-31 18:00:00-06\"",\""2026-06-29 19:00:00-05\"")"", ""specificity"": 100, ""epistemic_kind"": ""INFERRED""}
HINT:  Incoming fact lost the precedence lattice against an existing overlapping fact.
CONTEXT:  PL/pgSQL function kndb.resolve_conflict() line 91 at RAISE",,1,
754,READ COMMITTED,B,0,1,"CheckViolation: KNDB precedence: NEW outranked by fact_id=4458c6a3-d813-4bdb-964c-7424ae7a9bc1, reason=kind_outranked -- payload={""value"": ""INFERRED_iter754"", ""writer"": ""kndb_native"", ""fact_id"": ""a9901b7f-2839-4d29-a9a5-d673dfe92f7d"", ""provsql"": ""a44d7287-a8ae-4a59-98ed-63aaed5a3282"", ""sources"": [], ""sys_time"": ""[\""2026-07-09 02:38:24.784447-05\"",infinity)"", ""attribute"": ""s2_slot"", ""entity_id"": 32000754, ""confidence"": 0.97000, ""valid_time"": ""[\""2025-12-31 18:00:00-06\"",\""2026-06-29 19:00:00-05\"")"", ""specificity"": 100, ""epistemic_kind"": ""INFERRED""}
HINT:  Incoming fact lost the precedence lattice against an existing overlapping fact.
CONTEXT:  PL/pgSQL function kndb.resolve_conflict() line 91 at RAISE",,1,
755,READ COMMITTED,B,0,1,"CheckViolation: KNDB precedence: NEW outranked by fact_id=2ddfac08-acf9-48fd-96ef-3fcff7c93390, reason=kind_outranked -- payload={""value"": ""INFERRED_iter755"", ""writer"": ""kndb_native"", ""fact_id"": ""cfbf8836-ee5a-47b5-bb08-1939eedac3b6"", ""provsql"": ""26086363-c8b6-416e-86f1-8fae8914d9cf"", ""sources"": [], ""sys_time"": ""[\""2026-07-09 02:38:24.792895-05\"",infinity)"", ""attribute"": ""s2_slot"", ""entity_id"": 32000755, ""confidence"": 0.97000, ""valid_time"": ""[\""2025-12-31 18:00:00-06\"",\""2026-06-29 19:00:00-05\"")"", ""specificity"": 100, ""epistemic_kind"": ""INFERRED""}
HINT:  Incoming fact lost the precedence lattice against an existing overlapping fact.
CONTEXT:  PL/pgSQL function kndb.resolve_conflict() line 91 at RAISE",,1,
756,READ COMMITTED,B,0,1,"CheckViolation: KNDB precedence: NEW outranked by fact_id=b0b900d7-d9e5-4be3-8f23-6fb5d02bc1de, reason=kind_outranked -- payload={""value"": ""INFERRED_iter756"", ""writer"": ""kndb_native"", ""fact_id"": ""38c9fee1-d9a2-4a51-a672-b1997822ab0d"", ""provsql"": ""908051e2-d571-4a04-865d-4ad7575d50b1"", ""sources"": [], ""sys_time"": ""[\""2026-07-09 02:38:24.801424-05\"",infinity)"", ""attribute"": ""s2_slot"", ""entity_id"": 32000756, ""confidence"": 0.97000, ""valid_time"": ""[\""2025-12-31 18:00:00-06\"",\""2026-06-29 19:00:00-05\"")"", ""specificity"": 100, ""epistemic_kind"": ""INFERRED""}
HINT:  Incoming fact lost the precedence lattice against an existing overlapping fact.
CONTEXT:  PL/pgSQL function kndb.resolve_conflict() line 91 at RAISE",,1,
757,READ COMMITTED,A,1,1,,,1,
758,READ COMMITTED,A,1,1,,,1,
759,READ COMMITTED,A,1,1,,,1,
760,READ COMMITTED,B,0,1,"CheckViolation: KNDB precedence: NEW outranked by fact_id=91ce9d67-6e59-4a45-b68e-ed1b61a53cf2, reason=kind_outranked -- payload={""value"": ""INFERRED_iter760"", ""writer"": ""kndb_native"", ""fact_id"": ""226c24e6-62ac-40f5-b178-7cb0e93af737"", ""provsql"": ""8b22168f-8127-4d59-b077-95fdeb3f28dc"", ""sources"": [], ""sys_time"": ""[\""2026-07-09 02:38:24.838696-05\"",infinity)"", ""attribute"": ""s2_slot"", ""entity_id"": 32000760, ""confidence"": 0.97000, ""valid_time"": ""[\""2025-12-31 18:00:00-06\"",\""2026-06-29 19:00:00-05\"")"", ""specificity"": 100, ""epistemic_kind"": ""INFERRED""}
HINT:  Incoming fact lost the precedence lattice against an existing overlapping fact.
CONTEXT:  PL/pgSQL function kndb.resolve_conflict() line 91 at RAISE",,1,
761,READ COMMITTED,B,0,1,"CheckViolation: KNDB precedence: NEW outranked by fact_id=b2ce59a7-3605-463b-b44d-cc797df56d60, reason=kind_outranked -- payload={""value"": ""INFERRED_iter761"", ""writer"": ""kndb_native"", ""fact_id"": ""04757c47-a840-4b40-b0ab-634befc994aa"", ""provsql"": ""c3d64449-2bcd-43bc-bd09-594710bf3fc1"", ""sources"": [], ""sys_time"": ""[\""2026-07-09 02:38:24.847964-05\"",infinity)"", ""attribute"": ""s2_slot"", ""entity_id"": 32000761, ""confidence"": 0.97000, ""valid_time"": ""[\""2025-12-31 18:00:00-06\"",\""2026-06-29 19:00:00-05\"")"", ""specificity"": 100, ""epistemic_kind"": ""INFERRED""}
HINT:  Incoming fact lost the precedence lattice against an existing overlapping fact.
CONTEXT:  PL/pgSQL function kndb.resolve_conflict() line 91 at RAISE",,1,
762,READ COMMITTED,B,0,1,"CheckViolation: KNDB precedence: NEW outranked by fact_id=72831dfd-0b6b-4302-96a1-6aeac6810ae0, reason=kind_outranked -- payload={""value"": ""INFERRED_iter762"", ""writer"": ""kndb_native"", ""fact_id"": ""76ee1f14-682d-4aa1-9df7-7a89064c5284"", ""provsql"": ""8799a7a5-2e3c-410f-9a09-1e6567050671"", ""sources"": [], ""sys_time"": ""[\""2026-07-09 02:38:24.856573-05\"",infinity)"", ""attribute"": ""s2_slot"", ""entity_id"": 32000762, ""confidence"": 0.97000, ""valid_time"": ""[\""2025-12-31 18:00:00-06\"",\""2026-06-29 19:00:00-05\"")"", ""specificity"": 100, ""epistemic_kind"": ""INFERRED""}
HINT:  Incoming fact lost the precedence lattice against an existing overlapping fact.
CONTEXT:  PL/pgSQL function kndb.resolve_conflict() line 91 at RAISE",,1,
763,READ COMMITTED,A,1,1,,,1,
764,READ COMMITTED,B,0,1,"CheckViolation: KNDB precedence: NEW outranked by fact_id=06324e6a-bb60-4061-bf13-8cb02e27920c, reason=kind_outranked -- payload={""value"": ""INFERRED_iter764"", ""writer"": ""kndb_native"", ""fact_id"": ""74673d41-f6f8-408e-ba5b-0f493b08e9b3"", ""provsql"": ""9b33b2c8-1d08-4caa-9f14-e7b9be8c4a88"", ""sources"": [], ""sys_time"": ""[\""2026-07-09 02:38:24.873166-05\"",infinity)"", ""attribute"": ""s2_slot"", ""entity_id"": 32000764, ""confidence"": 0.97000, ""valid_time"": ""[\""2025-12-31 18:00:00-06\"",\""2026-06-29 19:00:00-05\"")"", ""specificity"": 100, ""epistemic_kind"": ""INFERRED""}
HINT:  Incoming fact lost the precedence lattice against an existing overlapping fact.
CONTEXT:  PL/pgSQL function kndb.resolve_conflict() line 91 at RAISE",,1,
765,READ COMMITTED,B,0,1,"CheckViolation: KNDB precedence: NEW outranked by fact_id=7c5e8c52-e8d4-410a-8579-47a997dd9caa, reason=kind_outranked -- payload={""value"": ""INFERRED_iter765"", ""writer"": ""kndb_native"", ""fact_id"": ""15a2af95-e93c-4ff3-a602-99157aebc494"", ""provsql"": ""44512ab6-64f7-42f8-83b3-35c0301d64a4"", ""sources"": [], ""sys_time"": ""[\""2026-07-09 02:38:24.88144-05\"",infinity)"", ""attribute"": ""s2_slot"", ""entity_id"": 32000765, ""confidence"": 0.97000, ""valid_time"": ""[\""2025-12-31 18:00:00-06\"",\""2026-06-29 19:00:00-05\"")"", ""specificity"": 100, ""epistemic_kind"": ""INFERRED""}
HINT:  Incoming fact lost the precedence lattice against an existing overlapping fact.
CONTEXT:  PL/pgSQL function kndb.resolve_conflict() line 91 at RAISE",,1,
766,READ COMMITTED,A,1,1,,,1,
767,READ COMMITTED,B,0,1,"CheckViolation: KNDB precedence: NEW outranked by fact_id=110648ff-2633-45bb-be6e-e1513b24abe6, reason=kind_outranked -- payload={""value"": ""INFERRED_iter767"", ""writer"": ""kndb_native"", ""fact_id"": ""8c5f2031-d3bc-4f12-a903-6f39351187c1"", ""provsql"": ""27b5d780-aff6-44ea-8ddc-07ca9898f907"", ""sources"": [], ""sys_time"": ""[\""2026-07-09 02:38:24.898543-05\"",infinity)"", ""attribute"": ""s2_slot"", ""entity_id"": 32000767, ""confidence"": 0.97000, ""valid_time"": ""[\""2025-12-31 18:00:00-06\"",\""2026-06-29 19:00:00-05\"")"", ""specificity"": 100, ""epistemic_kind"": ""INFERRED""}
HINT:  Incoming fact lost the precedence lattice against an existing overlapping fact.
CONTEXT:  PL/pgSQL function kndb.resolve_conflict() line 91 at RAISE",,1,
768,READ COMMITTED,A,1,1,,,1,
769,READ COMMITTED,B,0,1,"CheckViolation: KNDB precedence: NEW outranked by fact_id=91560aaa-994e-42e5-a885-167746367923, reason=kind_outranked -- payload={""value"": ""INFERRED_iter769"", ""writer"": ""kndb_native"", ""fact_id"": ""1f7271a3-de5b-4577-aa71-2687568ff77d"", ""provsql"": ""c6400aa8-59d1-40c6-a39d-2fce2850bff2"", ""sources"": [], ""sys_time"": ""[\""2026-07-09 02:38:24.914953-05\"",infinity)"", ""attribute"": ""s2_slot"", ""entity_id"": 32000769, ""confidence"": 0.97000, ""valid_time"": ""[\""2025-12-31 18:00:00-06\"",\""2026-06-29 19:00:00-05\"")"", ""specificity"": 100, ""epistemic_kind"": ""INFERRED""}
HINT:  Incoming fact lost the precedence lattice against an existing overlapping fact.
CONTEXT:  PL/pgSQL function kndb.resolve_conflict() line 91 at RAISE",,1,
770,READ COMMITTED,B,0,1,"CheckViolation: KNDB precedence: NEW outranked by fact_id=8aa51138-17b7-4255-9518-2244ba41d04f, reason=kind_outranked -- payload={""value"": ""INFERRED_iter770"", ""writer"": ""kndb_native"", ""fact_id"": ""aaf13c6a-e074-4ad3-bfc3-4a0487529398"", ""provsql"": ""d12c8579-661b-40ad-99ef-de95cbb3b714"", ""sources"": [], ""sys_time"": ""[\""2026-07-09 02:38:24.922948-05\"",infinity)"", ""attribute"": ""s2_slot"", ""entity_id"": 32000770, ""confidence"": 0.97000, ""valid_time"": ""[\""2025-12-31 18:00:00-06\"",\""2026-06-29 19:00:00-05\"")"", ""specificity"": 100, ""epistemic_kind"": ""INFERRED""}
HINT:  Incoming fact lost the precedence lattice against an existing overlapping fact.
CONTEXT:  PL/pgSQL function kndb.resolve_conflict() line 91 at RAISE",,1,
771,READ COMMITTED,A,1,1,,,1,
772,READ COMMITTED,A,1,1,,,1,
773,READ COMMITTED,B,0,1,"CheckViolation: KNDB precedence: NEW outranked by fact_id=d489d0c0-041d-48d1-b0ad-f12aace39161, reason=kind_outranked -- payload={""value"": ""INFERRED_iter773"", ""writer"": ""kndb_native"", ""fact_id"": ""e7d692fb-bcca-49d9-8fd1-a18de24cdfb5"", ""provsql"": ""10de410d-0bd0-4627-8418-6fad79394af4"", ""sources"": [], ""sys_time"": ""[\""2026-07-09 02:38:24.948984-05\"",infinity)"", ""attribute"": ""s2_slot"", ""entity_id"": 32000773, ""confidence"": 0.97000, ""valid_time"": ""[\""2025-12-31 18:00:00-06\"",\""2026-06-29 19:00:00-05\"")"", ""specificity"": 100, ""epistemic_kind"": ""INFERRED""}
HINT:  Incoming fact lost the precedence lattice against an existing overlapping fact.
CONTEXT:  PL/pgSQL function kndb.resolve_conflict() line 91 at RAISE",,1,
774,READ COMMITTED,B,0,1,"CheckViolation: KNDB precedence: NEW outranked by fact_id=1c314373-db5b-43bf-a017-40c2093412ff, reason=kind_outranked -- payload={""value"": ""INFERRED_iter774"", ""writer"": ""kndb_native"", ""fact_id"": ""64e7d48c-7813-4764-9bc6-e4cbaca0d020"", ""provsql"": ""8a5b5a47-105d-43b1-9101-c83aae7ce5b5"", ""sources"": [], ""sys_time"": ""[\""2026-07-09 02:38:24.956898-05\"",infinity)"", ""attribute"": ""s2_slot"", ""entity_id"": 32000774, ""confidence"": 0.97000, ""valid_time"": ""[\""2025-12-31 18:00:00-06\"",\""2026-06-29 19:00:00-05\"")"", ""specificity"": 100, ""epistemic_kind"": ""INFERRED""}
HINT:  Incoming fact lost the precedence lattice against an existing overlapping fact.
CONTEXT:  PL/pgSQL function kndb.resolve_conflict() line 91 at RAISE",,1,
775,READ COMMITTED,A,1,1,,,1,
776,READ COMMITTED,B,0,1,"CheckViolation: KNDB precedence: NEW outranked by fact_id=ad2791e4-a4f3-48e4-a74d-664fbf80aca5, reason=kind_outranked -- payload={""value"": ""INFERRED_iter776"", ""writer"": ""kndb_native"", ""fact_id"": ""dca3615c-0b13-4aae-b1d3-30b29e5d4661"", ""provsql"": ""b7274764-13b1-4c1b-920c-abc2fffed6ca"", ""sources"": [], ""sys_time"": ""[\""2026-07-09 02:38:24.973792-05\"",infinity)"", ""attribute"": ""s2_slot"", ""entity_id"": 32000776, ""confidence"": 0.97000, ""valid_time"": ""[\""2025-12-31 18:00:00-06\"",\""2026-06-29 19:00:00-05\"")"", ""specificity"": 100, ""epistemic_kind"": ""INFERRED""}
HINT:  Incoming fact lost the precedence lattice against an existing overlapping fact.
CONTEXT:  PL/pgSQL function kndb.resolve_conflict() line 91 at RAISE",,1,
777,READ COMMITTED,B,0,1,"CheckViolation: KNDB precedence: NEW outranked by fact_id=0c6f4789-f81b-4a11-b249-15108a64fb88, reason=kind_outranked -- payload={""value"": ""INFERRED_iter777"", ""writer"": ""kndb_native"", ""fact_id"": ""77f00e48-2703-43ff-a15e-c2c656895541"", ""provsql"": ""53762073-4f72-4f27-98ed-29f3deae2314"", ""sources"": [], ""sys_time"": ""[\""2026-07-09 02:38:24.982035-05\"",infinity)"", ""attribute"": ""s2_slot"", ""entity_id"": 32000777, ""confidence"": 0.97000, ""valid_time"": ""[\""2025-12-31 18:00:00-06\"",\""2026-06-29 19:00:00-05\"")"", ""specificity"": 100, ""epistemic_kind"": ""INFERRED""}
HINT:  Incoming fact lost the precedence lattice against an existing overlapping fact.
CONTEXT:  PL/pgSQL function kndb.resolve_conflict() line 91 at RAISE",,1,
778,READ COMMITTED,A,1,1,,,1,
779,READ COMMITTED,A,1,1,,,1,
780,READ COMMITTED,B,0,1,"CheckViolation: KNDB precedence: NEW outranked by fact_id=3f26099f-2656-4063-936c-d3a2313d5893, reason=kind_outranked -- payload={""value"": ""INFERRED_iter780"", ""writer"": ""kndb_native"", ""fact_id"": ""eb89cab9-1c3a-4d08-bc0c-fd568c13b52e"", ""provsql"": ""18114f22-6ac5-417a-bb9e-312f4d1790d0"", ""sources"": [], ""sys_time"": ""[\""2026-07-09 02:38:25.007589-05\"",infinity)"", ""attribute"": ""s2_slot"", ""entity_id"": 32000780, ""confidence"": 0.97000, ""valid_time"": ""[\""2025-12-31 18:00:00-06\"",\""2026-06-29 19:00:00-05\"")"", ""specificity"": 100, ""epistemic_kind"": ""INFERRED""}
HINT:  Incoming fact lost the precedence lattice against an existing overlapping fact.
CONTEXT:  PL/pgSQL function kndb.resolve_conflict() line 91 at RAISE",,1,
781,READ COMMITTED,A,1,1,,,1,
782,READ COMMITTED,B,0,1,"CheckViolation: KNDB precedence: NEW outranked by fact_id=5bea79f5-b135-4514-96da-cd5b0bf53e6c, reason=kind_outranked -- payload={""value"": ""INFERRED_iter782"", ""writer"": ""kndb_native"", ""fact_id"": ""d4cde301-8ac4-40f9-b3c0-9029e8a1cbe6"", ""provsql"": ""336e3405-239c-4c40-955a-da8b5897b14f"", ""sources"": [], ""sys_time"": ""[\""2026-07-09 02:38:25.026077-05\"",infinity)"", ""attribute"": ""s2_slot"", ""entity_id"": 32000782, ""confidence"": 0.97000, ""valid_time"": ""[\""2025-12-31 18:00:00-06\"",\""2026-06-29 19:00:00-05\"")"", ""specificity"": 100, ""epistemic_kind"": ""INFERRED""}
HINT:  Incoming fact lost the precedence lattice against an existing overlapping fact.
CONTEXT:  PL/pgSQL function kndb.resolve_conflict() line 91 at RAISE",,1,
783,READ COMMITTED,B,0,1,"CheckViolation: KNDB precedence: NEW outranked by fact_id=537d10b2-c0b0-4634-b705-e2fe195fb717, reason=kind_outranked -- payload={""value"": ""INFERRED_iter783"", ""writer"": ""kndb_native"", ""fact_id"": ""32f44d18-4173-434b-82ac-ba99b549d89d"", ""provsql"": ""ad42a326-5b9a-439f-b3ab-8d3f4f799070"", ""sources"": [], ""sys_time"": ""[\""2026-07-09 02:38:25.034823-05\"",infinity)"", ""attribute"": ""s2_slot"", ""entity_id"": 32000783, ""confidence"": 0.97000, ""valid_time"": ""[\""2025-12-31 18:00:00-06\"",\""2026-06-29 19:00:00-05\"")"", ""specificity"": 100, ""epistemic_kind"": ""INFERRED""}
HINT:  Incoming fact lost the precedence lattice against an existing overlapping fact.
CONTEXT:  PL/pgSQL function kndb.resolve_conflict() line 91 at RAISE",,1,
784,READ COMMITTED,A,1,1,,,1,
785,READ COMMITTED,B,0,1,"CheckViolation: KNDB precedence: NEW outranked by fact_id=cc6492d2-e362-4c3a-9f59-313cc63dfae6, reason=kind_outranked -- payload={""value"": ""INFERRED_iter785"", ""writer"": ""kndb_native"", ""fact_id"": ""12914d6f-f23b-43da-8956-768203f65bf7"", ""provsql"": ""5be3f31a-1910-46d9-97d0-a8816aef63f6"", ""sources"": [], ""sys_time"": ""[\""2026-07-09 02:38:25.053606-05\"",infinity)"", ""attribute"": ""s2_slot"", ""entity_id"": 32000785, ""confidence"": 0.97000, ""valid_time"": ""[\""2025-12-31 18:00:00-06\"",\""2026-06-29 19:00:00-05\"")"", ""specificity"": 100, ""epistemic_kind"": ""INFERRED""}
HINT:  Incoming fact lost the precedence lattice against an existing overlapping fact.
CONTEXT:  PL/pgSQL function kndb.resolve_conflict() line 91 at RAISE",,1,
786,READ COMMITTED,B,0,1,"CheckViolation: KNDB precedence: NEW outranked by fact_id=cc81b337-a997-4a81-bd22-5024bf71a7d7, reason=kind_outranked -- payload={""value"": ""INFERRED_iter786"", ""writer"": ""kndb_native"", ""fact_id"": ""be75f7ae-9384-42a0-b7d2-1569d7d887ee"", ""provsql"": ""096aba4c-555e-4661-b82c-26f32f1da56c"", ""sources"": [], ""sys_time"": ""[\""2026-07-09 02:38:25.062414-05\"",infinity)"", ""attribute"": ""s2_slot"", ""entity_id"": 32000786, ""confidence"": 0.97000, ""valid_time"": ""[\""2025-12-31 18:00:00-06\"",\""2026-06-29 19:00:00-05\"")"", ""specificity"": 100, ""epistemic_kind"": ""INFERRED""}
HINT:  Incoming fact lost the precedence lattice against an existing overlapping fact.
CONTEXT:  PL/pgSQL function kndb.resolve_conflict() line 91 at RAISE",,1,
787,READ COMMITTED,A,1,1,,,1,
788,READ COMMITTED,B,0,1,"CheckViolation: KNDB precedence: NEW outranked by fact_id=11290b53-762e-4096-bc56-ed2e07342125, reason=kind_outranked -- payload={""value"": ""INFERRED_iter788"", ""writer"": ""kndb_native"", ""fact_id"": ""22bfaf89-5f5b-400a-9bdb-b77874673100"", ""provsql"": ""97bd1d1a-5f33-4bdb-b1c8-3be0ec2ac93c"", ""sources"": [], ""sys_time"": ""[\""2026-07-09 02:38:25.078982-05\"",infinity)"", ""attribute"": ""s2_slot"", ""entity_id"": 32000788, ""confidence"": 0.97000, ""valid_time"": ""[\""2025-12-31 18:00:00-06\"",\""2026-06-29 19:00:00-05\"")"", ""specificity"": 100, ""epistemic_kind"": ""INFERRED""}
HINT:  Incoming fact lost the precedence lattice against an existing overlapping fact.
CONTEXT:  PL/pgSQL function kndb.resolve_conflict() line 91 at RAISE",,1,
789,READ COMMITTED,A,1,1,,,1,
790,READ COMMITTED,B,0,1,"CheckViolation: KNDB precedence: NEW outranked by fact_id=fb94b6bf-1737-497b-a21e-6c89473c797a, reason=kind_outranked -- payload={""value"": ""INFERRED_iter790"", ""writer"": ""kndb_native"", ""fact_id"": ""38085f0e-3ab3-4d35-89d1-ca460c76214c"", ""provsql"": ""741b17c2-a1fa-484b-9459-8f9095daa8b0"", ""sources"": [], ""sys_time"": ""[\""2026-07-09 02:38:25.096325-05\"",infinity)"", ""attribute"": ""s2_slot"", ""entity_id"": 32000790, ""confidence"": 0.97000, ""valid_time"": ""[\""2025-12-31 18:00:00-06\"",\""2026-06-29 19:00:00-05\"")"", ""specificity"": 100, ""epistemic_kind"": ""INFERRED""}
HINT:  Incoming fact lost the precedence lattice against an existing overlapping fact.
CONTEXT:  PL/pgSQL function kndb.resolve_conflict() line 91 at RAISE",,1,
791,READ COMMITTED,B,0,1,"CheckViolation: KNDB precedence: NEW outranked by fact_id=54a2f959-2a5a-412c-b097-3a73b00d44dd, reason=kind_outranked -- payload={""value"": ""INFERRED_iter791"", ""writer"": ""kndb_native"", ""fact_id"": ""07990590-0e1a-4e74-b732-73de59c599f9"", ""provsql"": ""f06465f7-e641-4d08-acd0-e7f2eb09e25f"", ""sources"": [], ""sys_time"": ""[\""2026-07-09 02:38:25.104878-05\"",infinity)"", ""attribute"": ""s2_slot"", ""entity_id"": 32000791, ""confidence"": 0.97000, ""valid_time"": ""[\""2025-12-31 18:00:00-06\"",\""2026-06-29 19:00:00-05\"")"", ""specificity"": 100, ""epistemic_kind"": ""INFERRED""}
HINT:  Incoming fact lost the precedence lattice against an existing overlapping fact.
CONTEXT:  PL/pgSQL function kndb.resolve_conflict() line 91 at RAISE",,1,
792,READ COMMITTED,B,0,1,"CheckViolation: KNDB precedence: NEW outranked by fact_id=efe21666-912a-4abe-bc5a-21458a55094d, reason=kind_outranked -- payload={""value"": ""INFERRED_iter792"", ""writer"": ""kndb_native"", ""fact_id"": ""fa1d98d5-a145-423a-9d9b-3f543c6cd26b"", ""provsql"": ""ab111d8f-6be6-4163-ad12-1fccd65d2a7b"", ""sources"": [], ""sys_time"": ""[\""2026-07-09 02:38:25.113751-05\"",infinity)"", ""attribute"": ""s2_slot"", ""entity_id"": 32000792, ""confidence"": 0.97000, ""valid_time"": ""[\""2025-12-31 18:00:00-06\"",\""2026-06-29 19:00:00-05\"")"", ""specificity"": 100, ""epistemic_kind"": ""INFERRED""}
HINT:  Incoming fact lost the precedence lattice against an existing overlapping fact.
CONTEXT:  PL/pgSQL function kndb.resolve_conflict() line 91 at RAISE",,1,
793,READ COMMITTED,B,0,1,"CheckViolation: KNDB precedence: NEW outranked by fact_id=d78f4f95-4a0f-4814-81e0-30f717c0b865, reason=kind_outranked -- payload={""value"": ""INFERRED_iter793"", ""writer"": ""kndb_native"", ""fact_id"": ""8d9bc532-5cb6-4057-bb85-9768d11850b8"", ""provsql"": ""61141e72-dca6-4f5d-b6b5-60e1c5a48e68"", ""sources"": [], ""sys_time"": ""[\""2026-07-09 02:38:25.12226-05\"",infinity)"", ""attribute"": ""s2_slot"", ""entity_id"": 32000793, ""confidence"": 0.97000, ""valid_time"": ""[\""2025-12-31 18:00:00-06\"",\""2026-06-29 19:00:00-05\"")"", ""specificity"": 100, ""epistemic_kind"": ""INFERRED""}
HINT:  Incoming fact lost the precedence lattice against an existing overlapping fact.
CONTEXT:  PL/pgSQL function kndb.resolve_conflict() line 91 at RAISE",,1,
794,READ COMMITTED,A,1,1,,,1,
795,READ COMMITTED,B,0,1,"CheckViolation: KNDB precedence: NEW outranked by fact_id=eeeae960-ba75-408b-b921-17e05c24037f, reason=kind_outranked -- payload={""value"": ""INFERRED_iter795"", ""writer"": ""kndb_native"", ""fact_id"": ""fd7963f3-fe2d-4651-ac26-68964f6227e5"", ""provsql"": ""64349daf-29db-4ac1-b7fb-9cf335bb17c2"", ""sources"": [], ""sys_time"": ""[\""2026-07-09 02:38:25.138605-05\"",infinity)"", ""attribute"": ""s2_slot"", ""entity_id"": 32000795, ""confidence"": 0.97000, ""valid_time"": ""[\""2025-12-31 18:00:00-06\"",\""2026-06-29 19:00:00-05\"")"", ""specificity"": 100, ""epistemic_kind"": ""INFERRED""}
HINT:  Incoming fact lost the precedence lattice against an existing overlapping fact.
CONTEXT:  PL/pgSQL function kndb.resolve_conflict() line 91 at RAISE",,1,
796,READ COMMITTED,A,1,1,,,1,
797,READ COMMITTED,B,0,1,"CheckViolation: KNDB precedence: NEW outranked by fact_id=f10b3ca1-584e-41ad-a014-82389febca91, reason=kind_outranked -- payload={""value"": ""INFERRED_iter797"", ""writer"": ""kndb_native"", ""fact_id"": ""6cd0c982-8a09-4f25-b48e-7a95659ac8e6"", ""provsql"": ""b7838772-349c-4b17-81c5-630a2d4a9c3a"", ""sources"": [], ""sys_time"": ""[\""2026-07-09 02:38:25.155073-05\"",infinity)"", ""attribute"": ""s2_slot"", ""entity_id"": 32000797, ""confidence"": 0.97000, ""valid_time"": ""[\""2025-12-31 18:00:00-06\"",\""2026-06-29 19:00:00-05\"")"", ""specificity"": 100, ""epistemic_kind"": ""INFERRED""}
HINT:  Incoming fact lost the precedence lattice against an existing overlapping fact.
CONTEXT:  PL/pgSQL function kndb.resolve_conflict() line 91 at RAISE",,1,
798,READ COMMITTED,B,0,1,"CheckViolation: KNDB precedence: NEW outranked by fact_id=9f4efdfc-df11-46aa-aec2-cd159bd4be58, reason=kind_outranked -- payload={""value"": ""INFERRED_iter798"", ""writer"": ""kndb_native"", ""fact_id"": ""e0b6ce6e-6b6c-4b1c-aefc-123132392ecc"", ""provsql"": ""8fb80a54-cc0c-498b-b929-838861967787"", ""sources"": [], ""sys_time"": ""[\""2026-07-09 02:38:25.163239-05\"",infinity)"", ""attribute"": ""s2_slot"", ""entity_id"": 32000798, ""confidence"": 0.97000, ""valid_time"": ""[\""2025-12-31 18:00:00-06\"",\""2026-06-29 19:00:00-05\"")"", ""specificity"": 100, ""epistemic_kind"": ""INFERRED""}
HINT:  Incoming fact lost the precedence lattice against an existing overlapping fact.
CONTEXT:  PL/pgSQL function kndb.resolve_conflict() line 91 at RAISE",,1,
799,READ COMMITTED,B,0,1,"CheckViolation: KNDB precedence: NEW outranked by fact_id=93cb8ea6-99b4-4705-8512-188b246bfb46, reason=kind_outranked -- payload={""value"": ""INFERRED_iter799"", ""writer"": ""kndb_native"", ""fact_id"": ""958a5f10-265b-4342-a3b7-18e2fc1c24f7"", ""provsql"": ""77c4a87d-e3ef-4302-a5f3-3dd2d5aa1ae5"", ""sources"": [], ""sys_time"": ""[\""2026-07-09 02:38:25.170721-05\"",infinity)"", ""attribute"": ""s2_slot"", ""entity_id"": 32000799, ""confidence"": 0.97000, ""valid_time"": ""[\""2025-12-31 18:00:00-06\"",\""2026-06-29 19:00:00-05\"")"", ""specificity"": 100, ""epistemic_kind"": ""INFERRED""}
HINT:  Incoming fact lost the precedence lattice against an existing overlapping fact.
CONTEXT:  PL/pgSQL function kndb.resolve_conflict() line 91 at RAISE",,1,
800,READ COMMITTED,A,1,1,,,1,
801,READ COMMITTED,A,1,1,,,1,
802,READ COMMITTED,B,0,1,"CheckViolation: KNDB precedence: NEW outranked by fact_id=fe1edec3-ac94-4296-826b-0f7bee9acdf3, reason=kind_outranked -- payload={""value"": ""INFERRED_iter802"", ""writer"": ""kndb_native"", ""fact_id"": ""090a3b3c-69e7-45ef-b8c8-43530827dc64"", ""provsql"": ""c2b27434-05ea-4c35-b2fd-916609600bbc"", ""sources"": [], ""sys_time"": ""[\""2026-07-09 02:38:25.195723-05\"",infinity)"", ""attribute"": ""s2_slot"", ""entity_id"": 32000802, ""confidence"": 0.97000, ""valid_time"": ""[\""2025-12-31 18:00:00-06\"",\""2026-06-29 19:00:00-05\"")"", ""specificity"": 100, ""epistemic_kind"": ""INFERRED""}
HINT:  Incoming fact lost the precedence lattice against an existing overlapping fact.
CONTEXT:  PL/pgSQL function kndb.resolve_conflict() line 91 at RAISE",,1,
803,READ COMMITTED,B,0,1,"CheckViolation: KNDB precedence: NEW outranked by fact_id=6c6d5933-3d60-4726-bd25-4b62ebacb548, reason=kind_outranked -- payload={""value"": ""INFERRED_iter803"", ""writer"": ""kndb_native"", ""fact_id"": ""7ba6c6d1-5276-4890-87ff-de8714a8db86"", ""provsql"": ""35ce71cc-503d-4bfe-9b2c-19dd9b2f7fc7"", ""sources"": [], ""sys_time"": ""[\""2026-07-09 02:38:25.202862-05\"",infinity)"", ""attribute"": ""s2_slot"", ""entity_id"": 32000803, ""confidence"": 0.97000, ""valid_time"": ""[\""2025-12-31 18:00:00-06\"",\""2026-06-29 19:00:00-05\"")"", ""specificity"": 100, ""epistemic_kind"": ""INFERRED""}
HINT:  Incoming fact lost the precedence lattice against an existing overlapping fact.
CONTEXT:  PL/pgSQL function kndb.resolve_conflict() line 91 at RAISE",,1,
804,READ COMMITTED,A,1,1,,,1,
805,READ COMMITTED,A,1,1,,,1,
806,READ COMMITTED,B,0,1,"CheckViolation: KNDB precedence: NEW outranked by fact_id=ac9c25b3-849d-46e2-bf88-82714c08428e, reason=kind_outranked -- payload={""value"": ""INFERRED_iter806"", ""writer"": ""kndb_native"", ""fact_id"": ""4cb11ec2-7f56-43c8-bd68-166b53a313ce"", ""provsql"": ""fe73764c-a39e-4b73-8f96-933ffed8ee4d"", ""sources"": [], ""sys_time"": ""[\""2026-07-09 02:38:25.227789-05\"",infinity)"", ""attribute"": ""s2_slot"", ""entity_id"": 32000806, ""confidence"": 0.97000, ""valid_time"": ""[\""2025-12-31 18:00:00-06\"",\""2026-06-29 19:00:00-05\"")"", ""specificity"": 100, ""epistemic_kind"": ""INFERRED""}
HINT:  Incoming fact lost the precedence lattice against an existing overlapping fact.
CONTEXT:  PL/pgSQL function kndb.resolve_conflict() line 91 at RAISE",,1,
807,READ COMMITTED,A,1,1,,,1,
808,READ COMMITTED,B,0,1,"CheckViolation: KNDB precedence: NEW outranked by fact_id=2192dc3a-0cda-467d-bff0-c4056370918a, reason=kind_outranked -- payload={""value"": ""INFERRED_iter808"", ""writer"": ""kndb_native"", ""fact_id"": ""7896748c-002d-4ff0-8ee7-5dd5435312b3"", ""provsql"": ""a362e5c9-29f3-4c19-8547-36fdb007a6a5"", ""sources"": [], ""sys_time"": ""[\""2026-07-09 02:38:25.244078-05\"",infinity)"", ""attribute"": ""s2_slot"", ""entity_id"": 32000808, ""confidence"": 0.97000, ""valid_time"": ""[\""2025-12-31 18:00:00-06\"",\""2026-06-29 19:00:00-05\"")"", ""specificity"": 100, ""epistemic_kind"": ""INFERRED""}
HINT:  Incoming fact lost the precedence lattice against an existing overlapping fact.
CONTEXT:  PL/pgSQL function kndb.resolve_conflict() line 91 at RAISE",,1,
809,READ COMMITTED,B,0,1,"CheckViolation: KNDB precedence: NEW outranked by fact_id=f1759468-133e-4cc3-9864-3c5eb154a678, reason=kind_outranked -- payload={""value"": ""INFERRED_iter809"", ""writer"": ""kndb_native"", ""fact_id"": ""2ca25ad7-7c6b-49a5-ae3a-34360c7f1625"", ""provsql"": ""364e2ffc-41a5-407e-b0d6-fc190b482b3f"", ""sources"": [], ""sys_time"": ""[\""2026-07-09 02:38:25.251911-05\"",infinity)"", ""attribute"": ""s2_slot"", ""entity_id"": 32000809, ""confidence"": 0.97000, ""valid_time"": ""[\""2025-12-31 18:00:00-06\"",\""2026-06-29 19:00:00-05\"")"", ""specificity"": 100, ""epistemic_kind"": ""INFERRED""}
HINT:  Incoming fact lost the precedence lattice against an existing overlapping fact.
CONTEXT:  PL/pgSQL function kndb.resolve_conflict() line 91 at RAISE",,1,
810,READ COMMITTED,A,1,1,,,1,
811,READ COMMITTED,A,1,1,,,1,
812,READ COMMITTED,A,1,1,,,1,
813,READ COMMITTED,B,0,1,"CheckViolation: KNDB precedence: NEW outranked by fact_id=d34f51b5-c453-4986-b473-5395a0b9d7c3, reason=kind_outranked -- payload={""value"": ""INFERRED_iter813"", ""writer"": ""kndb_native"", ""fact_id"": ""5ac80737-de6f-4ffe-aaa6-8d94d4a40503"", ""provsql"": ""e405303e-cc36-41ed-802b-52b67517cc96"", ""sources"": [], ""sys_time"": ""[\""2026-07-09 02:38:25.287073-05\"",infinity)"", ""attribute"": ""s2_slot"", ""entity_id"": 32000813, ""confidence"": 0.97000, ""valid_time"": ""[\""2025-12-31 18:00:00-06\"",\""2026-06-29 19:00:00-05\"")"", ""specificity"": 100, ""epistemic_kind"": ""INFERRED""}
HINT:  Incoming fact lost the precedence lattice against an existing overlapping fact.
CONTEXT:  PL/pgSQL function kndb.resolve_conflict() line 91 at RAISE",,1,
814,READ COMMITTED,B,0,1,"CheckViolation: KNDB precedence: NEW outranked by fact_id=fb241e61-3820-4271-af0b-5707789f00f3, reason=kind_outranked -- payload={""value"": ""INFERRED_iter814"", ""writer"": ""kndb_native"", ""fact_id"": ""28eadfb3-166e-4791-a041-1a49ea4d9c0d"", ""provsql"": ""1fbc828e-3943-4fce-b710-1a1543ec45c1"", ""sources"": [], ""sys_time"": ""[\""2026-07-09 02:38:25.295127-05\"",infinity)"", ""attribute"": ""s2_slot"", ""entity_id"": 32000814, ""confidence"": 0.97000, ""valid_time"": ""[\""2025-12-31 18:00:00-06\"",\""2026-06-29 19:00:00-05\"")"", ""specificity"": 100, ""epistemic_kind"": ""INFERRED""}
HINT:  Incoming fact lost the precedence lattice against an existing overlapping fact.
CONTEXT:  PL/pgSQL function kndb.resolve_conflict() line 91 at RAISE",,1,
815,READ COMMITTED,A,1,1,,,1,
816,READ COMMITTED,B,0,1,"CheckViolation: KNDB precedence: NEW outranked by fact_id=61ecef3d-f338-4add-b59c-6649af045958, reason=kind_outranked -- payload={""value"": ""INFERRED_iter816"", ""writer"": ""kndb_native"", ""fact_id"": ""b1c029e9-0951-408e-9878-047e2c23cbe4"", ""provsql"": ""ac518908-3c85-4dfa-b685-f9352e55213d"", ""sources"": [], ""sys_time"": ""[\""2026-07-09 02:38:25.312073-05\"",infinity)"", ""attribute"": ""s2_slot"", ""entity_id"": 32000816, ""confidence"": 0.97000, ""valid_time"": ""[\""2025-12-31 18:00:00-06\"",\""2026-06-29 19:00:00-05\"")"", ""specificity"": 100, ""epistemic_kind"": ""INFERRED""}
HINT:  Incoming fact lost the precedence lattice against an existing overlapping fact.
CONTEXT:  PL/pgSQL function kndb.resolve_conflict() line 91 at RAISE",,1,
817,READ COMMITTED,A,1,1,,,1,
818,READ COMMITTED,B,0,1,"CheckViolation: KNDB precedence: NEW outranked by fact_id=ac6e06c7-1556-47ec-b02f-81b2c39228e1, reason=kind_outranked -- payload={""value"": ""INFERRED_iter818"", ""writer"": ""kndb_native"", ""fact_id"": ""fc4a62c0-7a0a-49c3-8903-a8e1de5e7c2b"", ""provsql"": ""5ef50663-69e2-42d4-a390-4aa2a377f89a"", ""sources"": [], ""sys_time"": ""[\""2026-07-09 02:38:25.328778-05\"",infinity)"", ""attribute"": ""s2_slot"", ""entity_id"": 32000818, ""confidence"": 0.97000, ""valid_time"": ""[\""2025-12-31 18:00:00-06\"",\""2026-06-29 19:00:00-05\"")"", ""specificity"": 100, ""epistemic_kind"": ""INFERRED""}
HINT:  Incoming fact lost the precedence lattice against an existing overlapping fact.
CONTEXT:  PL/pgSQL function kndb.resolve_conflict() line 91 at RAISE",,1,
819,READ COMMITTED,B,0,1,"CheckViolation: KNDB precedence: NEW outranked by fact_id=df2cbe1d-d0a1-48f6-af6d-8badd98f6828, reason=kind_outranked -- payload={""value"": ""INFERRED_iter819"", ""writer"": ""kndb_native"", ""fact_id"": ""efc5f167-1602-456d-9252-dbe266a23538"", ""provsql"": ""9b431f76-cfb4-4c30-9f5b-5a9688a50fb0"", ""sources"": [], ""sys_time"": ""[\""2026-07-09 02:38:25.337572-05\"",infinity)"", ""attribute"": ""s2_slot"", ""entity_id"": 32000819, ""confidence"": 0.97000, ""valid_time"": ""[\""2025-12-31 18:00:00-06\"",\""2026-06-29 19:00:00-05\"")"", ""specificity"": 100, ""epistemic_kind"": ""INFERRED""}
HINT:  Incoming fact lost the precedence lattice against an existing overlapping fact.
CONTEXT:  PL/pgSQL function kndb.resolve_conflict() line 91 at RAISE",,1,
820,READ COMMITTED,B,0,1,"CheckViolation: KNDB precedence: NEW outranked by fact_id=a348ef67-190c-4835-8c55-d6f27d90aa6d, reason=kind_outranked -- payload={""value"": ""INFERRED_iter820"", ""writer"": ""kndb_native"", ""fact_id"": ""9e2a66ad-7352-45cb-9432-1a91b403ab89"", ""provsql"": ""41e278ba-11b6-4ae4-800c-013977265f2a"", ""sources"": [], ""sys_time"": ""[\""2026-07-09 02:38:25.346132-05\"",infinity)"", ""attribute"": ""s2_slot"", ""entity_id"": 32000820, ""confidence"": 0.97000, ""valid_time"": ""[\""2025-12-31 18:00:00-06\"",\""2026-06-29 19:00:00-05\"")"", ""specificity"": 100, ""epistemic_kind"": ""INFERRED""}
HINT:  Incoming fact lost the precedence lattice against an existing overlapping fact.
CONTEXT:  PL/pgSQL function kndb.resolve_conflict() line 91 at RAISE",,1,
821,READ COMMITTED,A,1,1,,,1,
822,READ COMMITTED,B,0,1,"CheckViolation: KNDB precedence: NEW outranked by fact_id=e441fb42-1b9c-47bb-a326-def8ad970393, reason=kind_outranked -- payload={""value"": ""INFERRED_iter822"", ""writer"": ""kndb_native"", ""fact_id"": ""9a5d794c-6ac4-47eb-b680-ae6d15911785"", ""provsql"": ""f8022dae-4682-4b21-9b79-d205f27a1bc8"", ""sources"": [], ""sys_time"": ""[\""2026-07-09 02:38:25.362829-05\"",infinity)"", ""attribute"": ""s2_slot"", ""entity_id"": 32000822, ""confidence"": 0.97000, ""valid_time"": ""[\""2025-12-31 18:00:00-06\"",\""2026-06-29 19:00:00-05\"")"", ""specificity"": 100, ""epistemic_kind"": ""INFERRED""}
HINT:  Incoming fact lost the precedence lattice against an existing overlapping fact.
CONTEXT:  PL/pgSQL function kndb.resolve_conflict() line 91 at RAISE",,1,
823,READ COMMITTED,B,0,1,"CheckViolation: KNDB precedence: NEW outranked by fact_id=f8115cb1-a7f6-4c53-a3b2-d2520f5a9c16, reason=kind_outranked -- payload={""value"": ""INFERRED_iter823"", ""writer"": ""kndb_native"", ""fact_id"": ""8d4dafde-b438-4ac3-a549-1b31dd0ec1da"", ""provsql"": ""043eaeaa-6c62-4b24-b3d8-dd91bd9ecd7f"", ""sources"": [], ""sys_time"": ""[\""2026-07-09 02:38:25.371977-05\"",infinity)"", ""attribute"": ""s2_slot"", ""entity_id"": 32000823, ""confidence"": 0.97000, ""valid_time"": ""[\""2025-12-31 18:00:00-06\"",\""2026-06-29 19:00:00-05\"")"", ""specificity"": 100, ""epistemic_kind"": ""INFERRED""}
HINT:  Incoming fact lost the precedence lattice against an existing overlapping fact.
CONTEXT:  PL/pgSQL function kndb.resolve_conflict() line 91 at RAISE",,1,
824,READ COMMITTED,B,0,1,"CheckViolation: KNDB precedence: NEW outranked by fact_id=aa391e76-da2b-478f-988b-96fd17ea6365, reason=kind_outranked -- payload={""value"": ""INFERRED_iter824"", ""writer"": ""kndb_native"", ""fact_id"": ""af3e5578-64c5-42a5-856a-98ad9d471594"", ""provsql"": ""af160948-460b-4c44-b482-0237bcdd8497"", ""sources"": [], ""sys_time"": ""[\""2026-07-09 02:38:25.380738-05\"",infinity)"", ""attribute"": ""s2_slot"", ""entity_id"": 32000824, ""confidence"": 0.97000, ""valid_time"": ""[\""2025-12-31 18:00:00-06\"",\""2026-06-29 19:00:00-05\"")"", ""specificity"": 100, ""epistemic_kind"": ""INFERRED""}
HINT:  Incoming fact lost the precedence lattice against an existing overlapping fact.
CONTEXT:  PL/pgSQL function kndb.resolve_conflict() line 91 at RAISE",,1,
825,READ COMMITTED,A,1,1,,,1,
826,READ COMMITTED,A,1,1,,,1,
827,READ COMMITTED,B,0,1,"CheckViolation: KNDB precedence: NEW outranked by fact_id=067d3d15-8e00-4154-bd56-c41a794b6d2b, reason=kind_outranked -- payload={""value"": ""INFERRED_iter827"", ""writer"": ""kndb_native"", ""fact_id"": ""fcc4d6cf-ece2-4fa9-8e56-2780f92ac5c2"", ""provsql"": ""d25d2c07-7499-4f66-845d-7b9c3377f9d5"", ""sources"": [], ""sys_time"": ""[\""2026-07-09 02:38:25.406012-05\"",infinity)"", ""attribute"": ""s2_slot"", ""entity_id"": 32000827, ""confidence"": 0.97000, ""valid_time"": ""[\""2025-12-31 18:00:00-06\"",\""2026-06-29 19:00:00-05\"")"", ""specificity"": 100, ""epistemic_kind"": ""INFERRED""}
HINT:  Incoming fact lost the precedence lattice against an existing overlapping fact.
CONTEXT:  PL/pgSQL function kndb.resolve_conflict() line 91 at RAISE",,1,
828,READ COMMITTED,B,0,1,"CheckViolation: KNDB precedence: NEW outranked by fact_id=8e12919f-c706-4dbf-a9bd-6838ebcdaec4, reason=kind_outranked -- payload={""value"": ""INFERRED_iter828"", ""writer"": ""kndb_native"", ""fact_id"": ""8c0449b0-9073-41de-9a2c-5a4dc991e9eb"", ""provsql"": ""f43a6a70-fc53-40ae-9f6c-17cceb65980c"", ""sources"": [], ""sys_time"": ""[\""2026-07-09 02:38:25.414595-05\"",infinity)"", ""attribute"": ""s2_slot"", ""entity_id"": 32000828, ""confidence"": 0.97000, ""valid_time"": ""[\""2025-12-31 18:00:00-06\"",\""2026-06-29 19:00:00-05\"")"", ""specificity"": 100, ""epistemic_kind"": ""INFERRED""}
HINT:  Incoming fact lost the precedence lattice against an existing overlapping fact.
CONTEXT:  PL/pgSQL function kndb.resolve_conflict() line 91 at RAISE",,1,
829,READ COMMITTED,B,0,1,"CheckViolation: KNDB precedence: NEW outranked by fact_id=48136d6f-c5b6-4463-bd98-72f09b836c39, reason=kind_outranked -- payload={""value"": ""INFERRED_iter829"", ""writer"": ""kndb_native"", ""fact_id"": ""8997a91d-a1d0-4208-8927-6784c6698e98"", ""provsql"": ""d6635c53-1782-4584-9353-0ea7635562a5"", ""sources"": [], ""sys_time"": ""[\""2026-07-09 02:38:25.422198-05\"",infinity)"", ""attribute"": ""s2_slot"", ""entity_id"": 32000829, ""confidence"": 0.97000, ""valid_time"": ""[\""2025-12-31 18:00:00-06\"",\""2026-06-29 19:00:00-05\"")"", ""specificity"": 100, ""epistemic_kind"": ""INFERRED""}
HINT:  Incoming fact lost the precedence lattice against an existing overlapping fact.
CONTEXT:  PL/pgSQL function kndb.resolve_conflict() line 91 at RAISE",,1,
830,READ COMMITTED,B,0,1,"CheckViolation: KNDB precedence: NEW outranked by fact_id=c6419a24-fa91-4a94-b74a-6daf698c8315, reason=kind_outranked -- payload={""value"": ""INFERRED_iter830"", ""writer"": ""kndb_native"", ""fact_id"": ""c11ccdbd-821a-4de1-9fc2-8b36aab6f6e6"", ""provsql"": ""7b1d24de-88d3-4255-8de4-07a331f56977"", ""sources"": [], ""sys_time"": ""[\""2026-07-09 02:38:25.43132-05\"",infinity)"", ""attribute"": ""s2_slot"", ""entity_id"": 32000830, ""confidence"": 0.97000, ""valid_time"": ""[\""2025-12-31 18:00:00-06\"",\""2026-06-29 19:00:00-05\"")"", ""specificity"": 100, ""epistemic_kind"": ""INFERRED""}
HINT:  Incoming fact lost the precedence lattice against an existing overlapping fact.
CONTEXT:  PL/pgSQL function kndb.resolve_conflict() line 91 at RAISE",,1,
831,READ COMMITTED,A,1,1,,,1,
832,READ COMMITTED,B,0,1,"CheckViolation: KNDB precedence: NEW outranked by fact_id=c8098247-9a85-451b-9a50-9668b9a533f5, reason=kind_outranked -- payload={""value"": ""INFERRED_iter832"", ""writer"": ""kndb_native"", ""fact_id"": ""7d237c4a-9b30-470b-ace6-a68741ffbbb7"", ""provsql"": ""a8a487b0-9b27-41d0-97bc-6a643db40f95"", ""sources"": [], ""sys_time"": ""[\""2026-07-09 02:38:25.447976-05\"",infinity)"", ""attribute"": ""s2_slot"", ""entity_id"": 32000832, ""confidence"": 0.97000, ""valid_time"": ""[\""2025-12-31 18:00:00-06\"",\""2026-06-29 19:00:00-05\"")"", ""specificity"": 100, ""epistemic_kind"": ""INFERRED""}
HINT:  Incoming fact lost the precedence lattice against an existing overlapping fact.
CONTEXT:  PL/pgSQL function kndb.resolve_conflict() line 91 at RAISE",,1,
833,READ COMMITTED,A,1,1,,,1,
834,READ COMMITTED,B,0,1,"CheckViolation: KNDB precedence: NEW outranked by fact_id=651fa719-e2cf-417a-809c-3a48bc5199f9, reason=kind_outranked -- payload={""value"": ""INFERRED_iter834"", ""writer"": ""kndb_native"", ""fact_id"": ""c65ff850-a769-4abc-a7a7-7c0056ae62dd"", ""provsql"": ""8dddf147-f13c-4c58-8ec0-a77ab3c4aa0f"", ""sources"": [], ""sys_time"": ""[\""2026-07-09 02:38:25.46418-05\"",infinity)"", ""attribute"": ""s2_slot"", ""entity_id"": 32000834, ""confidence"": 0.97000, ""valid_time"": ""[\""2025-12-31 18:00:00-06\"",\""2026-06-29 19:00:00-05\"")"", ""specificity"": 100, ""epistemic_kind"": ""INFERRED""}
HINT:  Incoming fact lost the precedence lattice against an existing overlapping fact.
CONTEXT:  PL/pgSQL function kndb.resolve_conflict() line 91 at RAISE",,1,
835,READ COMMITTED,A,1,1,,,1,
836,READ COMMITTED,B,0,1,"CheckViolation: KNDB precedence: NEW outranked by fact_id=23c7469e-d8d5-4a2f-8266-664b92fd4178, reason=kind_outranked -- payload={""value"": ""INFERRED_iter836"", ""writer"": ""kndb_native"", ""fact_id"": ""2c043f96-6dac-4a4a-a09a-984e2e3699e3"", ""provsql"": ""c6b875e1-9391-461f-8246-b8e581f437e5"", ""sources"": [], ""sys_time"": ""[\""2026-07-09 02:38:25.481733-05\"",infinity)"", ""attribute"": ""s2_slot"", ""entity_id"": 32000836, ""confidence"": 0.97000, ""valid_time"": ""[\""2025-12-31 18:00:00-06\"",\""2026-06-29 19:00:00-05\"")"", ""specificity"": 100, ""epistemic_kind"": ""INFERRED""}
HINT:  Incoming fact lost the precedence lattice against an existing overlapping fact.
CONTEXT:  PL/pgSQL function kndb.resolve_conflict() line 91 at RAISE",,1,
837,READ COMMITTED,A,1,1,,,1,
838,READ COMMITTED,A,1,1,,,1,
839,READ COMMITTED,B,0,1,"CheckViolation: KNDB precedence: NEW outranked by fact_id=f301bbf9-6f2f-4770-9085-7bac1b6f788a, reason=kind_outranked -- payload={""value"": ""INFERRED_iter839"", ""writer"": ""kndb_native"", ""fact_id"": ""b38017dd-327f-4054-baaf-79147ce34f56"", ""provsql"": ""92171185-20f6-4127-971d-2ee5ded4870e"", ""sources"": [], ""sys_time"": ""[\""2026-07-09 02:38:25.506152-05\"",infinity)"", ""attribute"": ""s2_slot"", ""entity_id"": 32000839, ""confidence"": 0.97000, ""valid_time"": ""[\""2025-12-31 18:00:00-06\"",\""2026-06-29 19:00:00-05\"")"", ""specificity"": 100, ""epistemic_kind"": ""INFERRED""}
HINT:  Incoming fact lost the precedence lattice against an existing overlapping fact.
CONTEXT:  PL/pgSQL function kndb.resolve_conflict() line 91 at RAISE",,1,
840,READ COMMITTED,A,1,1,,,1,
841,READ COMMITTED,B,0,1,"CheckViolation: KNDB precedence: NEW outranked by fact_id=3491a5a4-1ecb-4266-b13d-6ec338005cd2, reason=kind_outranked -- payload={""value"": ""INFERRED_iter841"", ""writer"": ""kndb_native"", ""fact_id"": ""d8edc992-052a-4126-af7a-94fa9f0355b8"", ""provsql"": ""68c30cf6-b318-484c-b914-62e8068db822"", ""sources"": [], ""sys_time"": ""[\""2026-07-09 02:38:25.523011-05\"",infinity)"", ""attribute"": ""s2_slot"", ""entity_id"": 32000841, ""confidence"": 0.97000, ""valid_time"": ""[\""2025-12-31 18:00:00-06\"",\""2026-06-29 19:00:00-05\"")"", ""specificity"": 100, ""epistemic_kind"": ""INFERRED""}
HINT:  Incoming fact lost the precedence lattice against an existing overlapping fact.
CONTEXT:  PL/pgSQL function kndb.resolve_conflict() line 91 at RAISE",,1,
842,READ COMMITTED,B,0,1,"CheckViolation: KNDB precedence: NEW outranked by fact_id=52e9e6fd-f17e-476d-8de3-20ffc7c983c7, reason=kind_outranked -- payload={""value"": ""INFERRED_iter842"", ""writer"": ""kndb_native"", ""fact_id"": ""814a54ba-c9b4-411b-9c6e-6e54e9358ae5"", ""provsql"": ""b2381286-05cf-4b12-8563-5bb87fb159ef"", ""sources"": [], ""sys_time"": ""[\""2026-07-09 02:38:25.531302-05\"",infinity)"", ""attribute"": ""s2_slot"", ""entity_id"": 32000842, ""confidence"": 0.97000, ""valid_time"": ""[\""2025-12-31 18:00:00-06\"",\""2026-06-29 19:00:00-05\"")"", ""specificity"": 100, ""epistemic_kind"": ""INFERRED""}
HINT:  Incoming fact lost the precedence lattice against an existing overlapping fact.
CONTEXT:  PL/pgSQL function kndb.resolve_conflict() line 91 at RAISE",,1,
843,READ COMMITTED,B,0,1,"CheckViolation: KNDB precedence: NEW outranked by fact_id=096dda60-566a-4694-9476-37422986c465, reason=kind_outranked -- payload={""value"": ""INFERRED_iter843"", ""writer"": ""kndb_native"", ""fact_id"": ""7290b1e3-18cd-4939-a661-719c2d9ca414"", ""provsql"": ""7a931301-5961-49f2-9be2-dde0b0e9a194"", ""sources"": [], ""sys_time"": ""[\""2026-07-09 02:38:25.539756-05\"",infinity)"", ""attribute"": ""s2_slot"", ""entity_id"": 32000843, ""confidence"": 0.97000, ""valid_time"": ""[\""2025-12-31 18:00:00-06\"",\""2026-06-29 19:00:00-05\"")"", ""specificity"": 100, ""epistemic_kind"": ""INFERRED""}
HINT:  Incoming fact lost the precedence lattice against an existing overlapping fact.
CONTEXT:  PL/pgSQL function kndb.resolve_conflict() line 91 at RAISE",,1,
844,READ COMMITTED,B,0,1,"CheckViolation: KNDB precedence: NEW outranked by fact_id=a2e907e4-17d2-4cd3-87b2-78386390895a, reason=kind_outranked -- payload={""value"": ""INFERRED_iter844"", ""writer"": ""kndb_native"", ""fact_id"": ""cca4a177-f37e-4fe9-bacd-c8b563515ae4"", ""provsql"": ""1101d191-374b-43d0-ad82-74afa8c513ff"", ""sources"": [], ""sys_time"": ""[\""2026-07-09 02:38:25.547435-05\"",infinity)"", ""attribute"": ""s2_slot"", ""entity_id"": 32000844, ""confidence"": 0.97000, ""valid_time"": ""[\""2025-12-31 18:00:00-06\"",\""2026-06-29 19:00:00-05\"")"", ""specificity"": 100, ""epistemic_kind"": ""INFERRED""}
HINT:  Incoming fact lost the precedence lattice against an existing overlapping fact.
CONTEXT:  PL/pgSQL function kndb.resolve_conflict() line 91 at RAISE",,1,
845,READ COMMITTED,B,0,1,"CheckViolation: KNDB precedence: NEW outranked by fact_id=86ce0ab8-23c6-40d2-af55-d5cc33d05153, reason=kind_outranked -- payload={""value"": ""INFERRED_iter845"", ""writer"": ""kndb_native"", ""fact_id"": ""9bbb7486-371f-47f4-9ea6-388db5ced1d7"", ""provsql"": ""5d0f141b-a561-4bd2-86cc-19c097cf3262"", ""sources"": [], ""sys_time"": ""[\""2026-07-09 02:38:25.555828-05\"",infinity)"", ""attribute"": ""s2_slot"", ""entity_id"": 32000845, ""confidence"": 0.97000, ""valid_time"": ""[\""2025-12-31 18:00:00-06\"",\""2026-06-29 19:00:00-05\"")"", ""specificity"": 100, ""epistemic_kind"": ""INFERRED""}
HINT:  Incoming fact lost the precedence lattice against an existing overlapping fact.
CONTEXT:  PL/pgSQL function kndb.resolve_conflict() line 91 at RAISE",,1,
846,READ COMMITTED,A,1,1,,,1,
847,READ COMMITTED,A,1,1,,,1,
848,READ COMMITTED,B,0,1,"CheckViolation: KNDB precedence: NEW outranked by fact_id=428b7e1b-b3c9-4763-9ce7-03e240ea348e, reason=kind_outranked -- payload={""value"": ""INFERRED_iter848"", ""writer"": ""kndb_native"", ""fact_id"": ""91e62417-c8e8-47e1-9e60-f7373b528ca7"", ""provsql"": ""ad1f16ca-9d23-4cf7-913c-49235b140a68"", ""sources"": [], ""sys_time"": ""[\""2026-07-09 02:38:25.581923-05\"",infinity)"", ""attribute"": ""s2_slot"", ""entity_id"": 32000848, ""confidence"": 0.97000, ""valid_time"": ""[\""2025-12-31 18:00:00-06\"",\""2026-06-29 19:00:00-05\"")"", ""specificity"": 100, ""epistemic_kind"": ""INFERRED""}
HINT:  Incoming fact lost the precedence lattice against an existing overlapping fact.
CONTEXT:  PL/pgSQL function kndb.resolve_conflict() line 91 at RAISE",,1,
849,READ COMMITTED,B,0,1,"CheckViolation: KNDB precedence: NEW outranked by fact_id=1a1c9e9c-67dd-4c0d-bb11-a2896a4d879a, reason=kind_outranked -- payload={""value"": ""INFERRED_iter849"", ""writer"": ""kndb_native"", ""fact_id"": ""76eedf21-7a33-4efa-9127-2c02a3ce5988"", ""provsql"": ""e0f03ceb-4532-4471-ab78-a2e5990ab383"", ""sources"": [], ""sys_time"": ""[\""2026-07-09 02:38:25.590133-05\"",infinity)"", ""attribute"": ""s2_slot"", ""entity_id"": 32000849, ""confidence"": 0.97000, ""valid_time"": ""[\""2025-12-31 18:00:00-06\"",\""2026-06-29 19:00:00-05\"")"", ""specificity"": 100, ""epistemic_kind"": ""INFERRED""}
HINT:  Incoming fact lost the precedence lattice against an existing overlapping fact.
CONTEXT:  PL/pgSQL function kndb.resolve_conflict() line 91 at RAISE",,1,
850,READ COMMITTED,B,0,1,"CheckViolation: KNDB precedence: NEW outranked by fact_id=da2fdb0c-ccd7-49bd-9a8d-675af14d6b54, reason=kind_outranked -- payload={""value"": ""INFERRED_iter850"", ""writer"": ""kndb_native"", ""fact_id"": ""f43bb7bc-aec5-4a53-830e-9de42fb70b18"", ""provsql"": ""741cceda-ada1-406e-a179-8228d8e16a2a"", ""sources"": [], ""sys_time"": ""[\""2026-07-09 02:38:25.598319-05\"",infinity)"", ""attribute"": ""s2_slot"", ""entity_id"": 32000850, ""confidence"": 0.97000, ""valid_time"": ""[\""2025-12-31 18:00:00-06\"",\""2026-06-29 19:00:00-05\"")"", ""specificity"": 100, ""epistemic_kind"": ""INFERRED""}
HINT:  Incoming fact lost the precedence lattice against an existing overlapping fact.
CONTEXT:  PL/pgSQL function kndb.resolve_conflict() line 91 at RAISE",,1,
851,READ COMMITTED,A,1,1,,,1,
852,READ COMMITTED,A,1,1,,,1,
853,READ COMMITTED,B,0,1,"CheckViolation: KNDB precedence: NEW outranked by fact_id=d6f69755-9382-4f55-aa02-b603db2584f9, reason=kind_outranked -- payload={""value"": ""INFERRED_iter853"", ""writer"": ""kndb_native"", ""fact_id"": ""3f11719e-1f0f-4d5f-a51d-54afb7e2a0e0"", ""provsql"": ""37061ea7-1579-42c4-b598-6ba588e14f93"", ""sources"": [], ""sys_time"": ""[\""2026-07-09 02:38:25.623831-05\"",infinity)"", ""attribute"": ""s2_slot"", ""entity_id"": 32000853, ""confidence"": 0.97000, ""valid_time"": ""[\""2025-12-31 18:00:00-06\"",\""2026-06-29 19:00:00-05\"")"", ""specificity"": 100, ""epistemic_kind"": ""INFERRED""}
HINT:  Incoming fact lost the precedence lattice against an existing overlapping fact.
CONTEXT:  PL/pgSQL function kndb.resolve_conflict() line 91 at RAISE",,1,
854,READ COMMITTED,B,0,1,"CheckViolation: KNDB precedence: NEW outranked by fact_id=36000e02-2ce0-4949-9bc5-975f9b844a8a, reason=kind_outranked -- payload={""value"": ""INFERRED_iter854"", ""writer"": ""kndb_native"", ""fact_id"": ""b3d776e8-fd22-4a38-aff5-0fd07f5e0afd"", ""provsql"": ""539e2abf-e7b1-472c-9056-1821199a2e9f"", ""sources"": [], ""sys_time"": ""[\""2026-07-09 02:38:25.632495-05\"",infinity)"", ""attribute"": ""s2_slot"", ""entity_id"": 32000854, ""confidence"": 0.97000, ""valid_time"": ""[\""2025-12-31 18:00:00-06\"",\""2026-06-29 19:00:00-05\"")"", ""specificity"": 100, ""epistemic_kind"": ""INFERRED""}
HINT:  Incoming fact lost the precedence lattice against an existing overlapping fact.
CONTEXT:  PL/pgSQL function kndb.resolve_conflict() line 91 at RAISE",,1,
855,READ COMMITTED,B,0,1,"CheckViolation: KNDB precedence: NEW outranked by fact_id=daca9b01-d8e8-4307-a257-8f291c1feaa6, reason=kind_outranked -- payload={""value"": ""INFERRED_iter855"", ""writer"": ""kndb_native"", ""fact_id"": ""6a02735b-da4d-47dc-9cbf-71d5f6912786"", ""provsql"": ""a6227cf1-0c90-499b-b754-0025b7c60381"", ""sources"": [], ""sys_time"": ""[\""2026-07-09 02:38:25.640461-05\"",infinity)"", ""attribute"": ""s2_slot"", ""entity_id"": 32000855, ""confidence"": 0.97000, ""valid_time"": ""[\""2025-12-31 18:00:00-06\"",\""2026-06-29 19:00:00-05\"")"", ""specificity"": 100, ""epistemic_kind"": ""INFERRED""}
HINT:  Incoming fact lost the precedence lattice against an existing overlapping fact.
CONTEXT:  PL/pgSQL function kndb.resolve_conflict() line 91 at RAISE",,1,
856,READ COMMITTED,B,0,1,"CheckViolation: KNDB precedence: NEW outranked by fact_id=ea75505c-fb5c-48c3-afb7-28c48507541b, reason=kind_outranked -- payload={""value"": ""INFERRED_iter856"", ""writer"": ""kndb_native"", ""fact_id"": ""0762984f-b66c-4b50-aa8d-ca0095815bd2"", ""provsql"": ""df288829-8396-4891-b58d-6be7ab1a0089"", ""sources"": [], ""sys_time"": ""[\""2026-07-09 02:38:25.648633-05\"",infinity)"", ""attribute"": ""s2_slot"", ""entity_id"": 32000856, ""confidence"": 0.97000, ""valid_time"": ""[\""2025-12-31 18:00:00-06\"",\""2026-06-29 19:00:00-05\"")"", ""specificity"": 100, ""epistemic_kind"": ""INFERRED""}
HINT:  Incoming fact lost the precedence lattice against an existing overlapping fact.
CONTEXT:  PL/pgSQL function kndb.resolve_conflict() line 91 at RAISE",,1,
857,READ COMMITTED,A,1,1,,,1,
858,READ COMMITTED,A,1,1,,,1,
859,READ COMMITTED,B,0,1,"CheckViolation: KNDB precedence: NEW outranked by fact_id=5821dc1c-a840-40a8-98e6-d34a1f3ee0af, reason=kind_outranked -- payload={""value"": ""INFERRED_iter859"", ""writer"": ""kndb_native"", ""fact_id"": ""b7ae12a7-2c41-46d2-95c6-05b560397f9c"", ""provsql"": ""e89c1564-a4e8-4841-a47a-cd9a4bdb9ada"", ""sources"": [], ""sys_time"": ""[\""2026-07-09 02:38:25.674847-05\"",infinity)"", ""attribute"": ""s2_slot"", ""entity_id"": 32000859, ""confidence"": 0.97000, ""valid_time"": ""[\""2025-12-31 18:00:00-06\"",\""2026-06-29 19:00:00-05\"")"", ""specificity"": 100, ""epistemic_kind"": ""INFERRED""}
HINT:  Incoming fact lost the precedence lattice against an existing overlapping fact.
CONTEXT:  PL/pgSQL function kndb.resolve_conflict() line 91 at RAISE",,1,
860,READ COMMITTED,B,0,1,"CheckViolation: KNDB precedence: NEW outranked by fact_id=376ad539-492a-4264-b616-0a7b51430863, reason=kind_outranked -- payload={""value"": ""INFERRED_iter860"", ""writer"": ""kndb_native"", ""fact_id"": ""6e3cfaf2-a045-49c7-95e6-844707e01097"", ""provsql"": ""2d7624e6-1ff5-4fc7-bd4a-8f48a63bcb04"", ""sources"": [], ""sys_time"": ""[\""2026-07-09 02:38:25.683779-05\"",infinity)"", ""attribute"": ""s2_slot"", ""entity_id"": 32000860, ""confidence"": 0.97000, ""valid_time"": ""[\""2025-12-31 18:00:00-06\"",\""2026-06-29 19:00:00-05\"")"", ""specificity"": 100, ""epistemic_kind"": ""INFERRED""}
HINT:  Incoming fact lost the precedence lattice against an existing overlapping fact.
CONTEXT:  PL/pgSQL function kndb.resolve_conflict() line 91 at RAISE",,1,
861,READ COMMITTED,A,1,1,,,1,
862,READ COMMITTED,B,0,1,"CheckViolation: KNDB precedence: NEW outranked by fact_id=561c8170-c98c-4c0d-943d-b34fd56a352e, reason=kind_outranked -- payload={""value"": ""INFERRED_iter862"", ""writer"": ""kndb_native"", ""fact_id"": ""ccd0e995-7af9-4121-bcef-5ad2aeb52cfc"", ""provsql"": ""ff79e9af-7bfe-4023-b48d-84bb2741bc3f"", ""sources"": [], ""sys_time"": ""[\""2026-07-09 02:38:25.701477-05\"",infinity)"", ""attribute"": ""s2_slot"", ""entity_id"": 32000862, ""confidence"": 0.97000, ""valid_time"": ""[\""2025-12-31 18:00:00-06\"",\""2026-06-29 19:00:00-05\"")"", ""specificity"": 100, ""epistemic_kind"": ""INFERRED""}
HINT:  Incoming fact lost the precedence lattice against an existing overlapping fact.
CONTEXT:  PL/pgSQL function kndb.resolve_conflict() line 91 at RAISE",,1,
863,READ COMMITTED,B,0,1,"CheckViolation: KNDB precedence: NEW outranked by fact_id=6d186179-3fb1-4f0e-b8e5-c9f064a66997, reason=kind_outranked -- payload={""value"": ""INFERRED_iter863"", ""writer"": ""kndb_native"", ""fact_id"": ""ec9ab678-b944-46ad-863d-d5f35fd299b1"", ""provsql"": ""641d2584-afae-455f-84e9-fe27d3b1f008"", ""sources"": [], ""sys_time"": ""[\""2026-07-09 02:38:25.710118-05\"",infinity)"", ""attribute"": ""s2_slot"", ""entity_id"": 32000863, ""confidence"": 0.97000, ""valid_time"": ""[\""2025-12-31 18:00:00-06\"",\""2026-06-29 19:00:00-05\"")"", ""specificity"": 100, ""epistemic_kind"": ""INFERRED""}
HINT:  Incoming fact lost the precedence lattice against an existing overlapping fact.
CONTEXT:  PL/pgSQL function kndb.resolve_conflict() line 91 at RAISE",,1,
864,READ COMMITTED,A,1,1,,,1,
865,READ COMMITTED,B,0,1,"CheckViolation: KNDB precedence: NEW outranked by fact_id=86d29ed0-d595-48f4-83b1-53f64036798f, reason=kind_outranked -- payload={""value"": ""INFERRED_iter865"", ""writer"": ""kndb_native"", ""fact_id"": ""458007ab-db3d-4b39-80d7-751446cffadb"", ""provsql"": ""212b3c26-0d85-4315-9784-efe10df36582"", ""sources"": [], ""sys_time"": ""[\""2026-07-09 02:38:25.727298-05\"",infinity)"", ""attribute"": ""s2_slot"", ""entity_id"": 32000865, ""confidence"": 0.97000, ""valid_time"": ""[\""2025-12-31 18:00:00-06\"",\""2026-06-29 19:00:00-05\"")"", ""specificity"": 100, ""epistemic_kind"": ""INFERRED""}
HINT:  Incoming fact lost the precedence lattice against an existing overlapping fact.
CONTEXT:  PL/pgSQL function kndb.resolve_conflict() line 91 at RAISE",,1,
866,READ COMMITTED,A,1,1,,,1,
867,READ COMMITTED,A,1,1,,,1,
868,READ COMMITTED,A,1,1,,,1,
869,READ COMMITTED,B,0,1,"CheckViolation: KNDB precedence: NEW outranked by fact_id=ef0d5627-4e99-41bd-829c-7aa96b80689a, reason=kind_outranked -- payload={""value"": ""INFERRED_iter869"", ""writer"": ""kndb_native"", ""fact_id"": ""5502eeb6-3a1d-4396-b7aa-ca339ec936c9"", ""provsql"": ""b0adf5c4-e56b-41a7-86a1-678956b1e4c2"", ""sources"": [], ""sys_time"": ""[\""2026-07-09 02:38:25.762306-05\"",infinity)"", ""attribute"": ""s2_slot"", ""entity_id"": 32000869, ""confidence"": 0.97000, ""valid_time"": ""[\""2025-12-31 18:00:00-06\"",\""2026-06-29 19:00:00-05\"")"", ""specificity"": 100, ""epistemic_kind"": ""INFERRED""}
HINT:  Incoming fact lost the precedence lattice against an existing overlapping fact.
CONTEXT:  PL/pgSQL function kndb.resolve_conflict() line 91 at RAISE",,1,
870,READ COMMITTED,B,0,1,"CheckViolation: KNDB precedence: NEW outranked by fact_id=f0e0bdd4-3670-47af-bdac-fdfdcb5cdc99, reason=kind_outranked -- payload={""value"": ""INFERRED_iter870"", ""writer"": ""kndb_native"", ""fact_id"": ""21bc45b0-3150-4e75-891b-c71b3363fff0"", ""provsql"": ""2c2e1fac-f81a-40f9-b3a9-f00fdc92f7b0"", ""sources"": [], ""sys_time"": ""[\""2026-07-09 02:38:25.770633-05\"",infinity)"", ""attribute"": ""s2_slot"", ""entity_id"": 32000870, ""confidence"": 0.97000, ""valid_time"": ""[\""2025-12-31 18:00:00-06\"",\""2026-06-29 19:00:00-05\"")"", ""specificity"": 100, ""epistemic_kind"": ""INFERRED""}
HINT:  Incoming fact lost the precedence lattice against an existing overlapping fact.
CONTEXT:  PL/pgSQL function kndb.resolve_conflict() line 91 at RAISE",,1,
871,READ COMMITTED,B,0,1,"CheckViolation: KNDB precedence: NEW outranked by fact_id=1bed88a2-363a-4ec2-b054-4d277fdc5837, reason=kind_outranked -- payload={""value"": ""INFERRED_iter871"", ""writer"": ""kndb_native"", ""fact_id"": ""06c53626-2de0-40b4-9697-c1d7ea0d2e89"", ""provsql"": ""e524b1b4-ddf5-4ed7-aa85-90a6c94ce31a"", ""sources"": [], ""sys_time"": ""[\""2026-07-09 02:38:25.779313-05\"",infinity)"", ""attribute"": ""s2_slot"", ""entity_id"": 32000871, ""confidence"": 0.97000, ""valid_time"": ""[\""2025-12-31 18:00:00-06\"",\""2026-06-29 19:00:00-05\"")"", ""specificity"": 100, ""epistemic_kind"": ""INFERRED""}
HINT:  Incoming fact lost the precedence lattice against an existing overlapping fact.
CONTEXT:  PL/pgSQL function kndb.resolve_conflict() line 91 at RAISE",,1,
872,READ COMMITTED,A,1,1,,,1,
873,READ COMMITTED,A,1,1,,,1,
874,READ COMMITTED,B,0,1,"CheckViolation: KNDB precedence: NEW outranked by fact_id=06c59b66-9db0-4246-a906-d5c730920c3e, reason=kind_outranked -- payload={""value"": ""INFERRED_iter874"", ""writer"": ""kndb_native"", ""fact_id"": ""9f3110e7-4654-4967-9f6c-25a2a8763f9a"", ""provsql"": ""5a35d80f-9fa0-4b99-b7f4-f758b796acac"", ""sources"": [], ""sys_time"": ""[\""2026-07-09 02:38:25.806062-05\"",infinity)"", ""attribute"": ""s2_slot"", ""entity_id"": 32000874, ""confidence"": 0.97000, ""valid_time"": ""[\""2025-12-31 18:00:00-06\"",\""2026-06-29 19:00:00-05\"")"", ""specificity"": 100, ""epistemic_kind"": ""INFERRED""}
HINT:  Incoming fact lost the precedence lattice against an existing overlapping fact.
CONTEXT:  PL/pgSQL function kndb.resolve_conflict() line 91 at RAISE",,1,
875,READ COMMITTED,B,0,1,"CheckViolation: KNDB precedence: NEW outranked by fact_id=b1115534-d90a-461d-a693-cf1fd822b1ab, reason=kind_outranked -- payload={""value"": ""INFERRED_iter875"", ""writer"": ""kndb_native"", ""fact_id"": ""51bdcd4a-a394-494c-930b-f39b6d67e8e6"", ""provsql"": ""6f7e09ce-2617-4230-a203-6f7d13adf003"", ""sources"": [], ""sys_time"": ""[\""2026-07-09 02:38:25.814225-05\"",infinity)"", ""attribute"": ""s2_slot"", ""entity_id"": 32000875, ""confidence"": 0.97000, ""valid_time"": ""[\""2025-12-31 18:00:00-06\"",\""2026-06-29 19:00:00-05\"")"", ""specificity"": 100, ""epistemic_kind"": ""INFERRED""}
HINT:  Incoming fact lost the precedence lattice against an existing overlapping fact.
CONTEXT:  PL/pgSQL function kndb.resolve_conflict() line 91 at RAISE",,1,
876,READ COMMITTED,A,1,1,,,1,
877,READ COMMITTED,B,0,1,"CheckViolation: KNDB precedence: NEW outranked by fact_id=fb628e9c-0dec-4bc2-bcf3-0e51d5f69422, reason=kind_outranked -- payload={""value"": ""INFERRED_iter877"", ""writer"": ""kndb_native"", ""fact_id"": ""ad956e2c-3f8d-4622-8835-3d0a2c63860e"", ""provsql"": ""d62378c1-3d52-4d53-a065-72adcc07a222"", ""sources"": [], ""sys_time"": ""[\""2026-07-09 02:38:25.831826-05\"",infinity)"", ""attribute"": ""s2_slot"", ""entity_id"": 32000877, ""confidence"": 0.97000, ""valid_time"": ""[\""2025-12-31 18:00:00-06\"",\""2026-06-29 19:00:00-05\"")"", ""specificity"": 100, ""epistemic_kind"": ""INFERRED""}
HINT:  Incoming fact lost the precedence lattice against an existing overlapping fact.
CONTEXT:  PL/pgSQL function kndb.resolve_conflict() line 91 at RAISE",,1,
878,READ COMMITTED,A,1,1,,,1,
879,READ COMMITTED,A,1,1,,,1,
880,READ COMMITTED,A,1,1,,,1,
881,READ COMMITTED,A,1,1,,,1,
882,READ COMMITTED,A,1,1,,,1,
883,READ COMMITTED,B,0,1,"CheckViolation: KNDB precedence: NEW outranked by fact_id=295df89e-486e-4669-9d2a-b5fd92f234be, reason=kind_outranked -- payload={""value"": ""INFERRED_iter883"", ""writer"": ""kndb_native"", ""fact_id"": ""896411f0-4706-4826-a368-58853c5e8048"", ""provsql"": ""5ec43114-b7b2-43c3-b2b0-9f3ef835d0d3"", ""sources"": [], ""sys_time"": ""[\""2026-07-09 02:38:25.883417-05\"",infinity)"", ""attribute"": ""s2_slot"", ""entity_id"": 32000883, ""confidence"": 0.97000, ""valid_time"": ""[\""2025-12-31 18:00:00-06\"",\""2026-06-29 19:00:00-05\"")"", ""specificity"": 100, ""epistemic_kind"": ""INFERRED""}
HINT:  Incoming fact lost the precedence lattice against an existing overlapping fact.
CONTEXT:  PL/pgSQL function kndb.resolve_conflict() line 91 at RAISE",,1,
884,READ COMMITTED,B,0,1,"CheckViolation: KNDB precedence: NEW outranked by fact_id=9976091d-65ba-4dc7-8a3b-dd4f0584d277, reason=kind_outranked -- payload={""value"": ""INFERRED_iter884"", ""writer"": ""kndb_native"", ""fact_id"": ""23ac1e13-bc77-4f29-b972-f9b378ff2475"", ""provsql"": ""8d7d6fd6-94cf-4ba7-aa03-229fdf9e07a5"", ""sources"": [], ""sys_time"": ""[\""2026-07-09 02:38:25.89185-05\"",infinity)"", ""attribute"": ""s2_slot"", ""entity_id"": 32000884, ""confidence"": 0.97000, ""valid_time"": ""[\""2025-12-31 18:00:00-06\"",\""2026-06-29 19:00:00-05\"")"", ""specificity"": 100, ""epistemic_kind"": ""INFERRED""}
HINT:  Incoming fact lost the precedence lattice against an existing overlapping fact.
CONTEXT:  PL/pgSQL function kndb.resolve_conflict() line 91 at RAISE",,1,
885,READ COMMITTED,B,0,1,"CheckViolation: KNDB precedence: NEW outranked by fact_id=1c0bd6c3-4be9-4b4a-8860-beaeee8d6e7c, reason=kind_outranked -- payload={""value"": ""INFERRED_iter885"", ""writer"": ""kndb_native"", ""fact_id"": ""a85d23ee-99be-4b78-95e5-10afa5db35a0"", ""provsql"": ""5e81b2cb-d38e-4210-9f88-b2763a0b7df8"", ""sources"": [], ""sys_time"": ""[\""2026-07-09 02:38:25.900297-05\"",infinity)"", ""attribute"": ""s2_slot"", ""entity_id"": 32000885, ""confidence"": 0.97000, ""valid_time"": ""[\""2025-12-31 18:00:00-06\"",\""2026-06-29 19:00:00-05\"")"", ""specificity"": 100, ""epistemic_kind"": ""INFERRED""}
HINT:  Incoming fact lost the precedence lattice against an existing overlapping fact.
CONTEXT:  PL/pgSQL function kndb.resolve_conflict() line 91 at RAISE",,1,
886,READ COMMITTED,A,1,1,,,1,
887,READ COMMITTED,A,1,1,,,1,
888,READ COMMITTED,A,1,1,,,1,
889,READ COMMITTED,B,0,1,"CheckViolation: KNDB precedence: NEW outranked by fact_id=91308319-856f-4cfc-bf77-ef6b433e8fa8, reason=kind_outranked -- payload={""value"": ""INFERRED_iter889"", ""writer"": ""kndb_native"", ""fact_id"": ""2f1110c8-b097-42aa-8908-1a881256709a"", ""provsql"": ""032582b1-3ac3-42a2-8ce8-34aa56965898"", ""sources"": [], ""sys_time"": ""[\""2026-07-09 02:38:25.935819-05\"",infinity)"", ""attribute"": ""s2_slot"", ""entity_id"": 32000889, ""confidence"": 0.97000, ""valid_time"": ""[\""2025-12-31 18:00:00-06\"",\""2026-06-29 19:00:00-05\"")"", ""specificity"": 100, ""epistemic_kind"": ""INFERRED""}
HINT:  Incoming fact lost the precedence lattice against an existing overlapping fact.
CONTEXT:  PL/pgSQL function kndb.resolve_conflict() line 91 at RAISE",,1,
890,READ COMMITTED,B,0,1,"CheckViolation: KNDB precedence: NEW outranked by fact_id=12c96116-91c7-44f5-b61d-67e629a609b3, reason=kind_outranked -- payload={""value"": ""INFERRED_iter890"", ""writer"": ""kndb_native"", ""fact_id"": ""7ed6ca8b-6e74-4d09-8f96-a7be3994b509"", ""provsql"": ""e749671b-7cd6-4384-982e-046860acf305"", ""sources"": [], ""sys_time"": ""[\""2026-07-09 02:38:25.944647-05\"",infinity)"", ""attribute"": ""s2_slot"", ""entity_id"": 32000890, ""confidence"": 0.97000, ""valid_time"": ""[\""2025-12-31 18:00:00-06\"",\""2026-06-29 19:00:00-05\"")"", ""specificity"": 100, ""epistemic_kind"": ""INFERRED""}
HINT:  Incoming fact lost the precedence lattice against an existing overlapping fact.
CONTEXT:  PL/pgSQL function kndb.resolve_conflict() line 91 at RAISE",,1,
891,READ COMMITTED,A,1,1,,,1,
892,READ COMMITTED,A,1,1,,,1,
893,READ COMMITTED,B,0,1,"CheckViolation: KNDB precedence: NEW outranked by fact_id=e96667c5-e5ad-43df-8207-e4c276a8e30d, reason=kind_outranked -- payload={""value"": ""INFERRED_iter893"", ""writer"": ""kndb_native"", ""fact_id"": ""2697dfd9-5b48-41e9-8341-85efe5e52814"", ""provsql"": ""1101dac7-029f-455b-aeaa-47bfee30e4f1"", ""sources"": [], ""sys_time"": ""[\""2026-07-09 02:38:25.970553-05\"",infinity)"", ""attribute"": ""s2_slot"", ""entity_id"": 32000893, ""confidence"": 0.97000, ""valid_time"": ""[\""2025-12-31 18:00:00-06\"",\""2026-06-29 19:00:00-05\"")"", ""specificity"": 100, ""epistemic_kind"": ""INFERRED""}
HINT:  Incoming fact lost the precedence lattice against an existing overlapping fact.
CONTEXT:  PL/pgSQL function kndb.resolve_conflict() line 91 at RAISE",,1,
894,READ COMMITTED,A,1,1,,,1,
895,READ COMMITTED,A,1,1,,,1,
896,READ COMMITTED,A,1,1,,,1,
897,READ COMMITTED,A,1,1,,,1,
898,READ COMMITTED,B,0,1,"CheckViolation: KNDB precedence: NEW outranked by fact_id=bd838b11-ec70-4502-8f77-612313432ede, reason=kind_outranked -- payload={""value"": ""INFERRED_iter898"", ""writer"": ""kndb_native"", ""fact_id"": ""342829aa-37bd-4bcc-bfac-937124f59842"", ""provsql"": ""6ce45249-6fa1-4461-a6b5-47bb3bc6045a"", ""sources"": [], ""sys_time"": ""[\""2026-07-09 02:38:26.014724-05\"",infinity)"", ""attribute"": ""s2_slot"", ""entity_id"": 32000898, ""confidence"": 0.97000, ""valid_time"": ""[\""2025-12-31 18:00:00-06\"",\""2026-06-29 19:00:00-05\"")"", ""specificity"": 100, ""epistemic_kind"": ""INFERRED""}
HINT:  Incoming fact lost the precedence lattice against an existing overlapping fact.
CONTEXT:  PL/pgSQL function kndb.resolve_conflict() line 91 at RAISE",,1,
899,READ COMMITTED,B,0,1,"CheckViolation: KNDB precedence: NEW outranked by fact_id=fdce2d8a-43ec-46ed-8ed0-e4cc94c7258a, reason=kind_outranked -- payload={""value"": ""INFERRED_iter899"", ""writer"": ""kndb_native"", ""fact_id"": ""c4cd94fb-438c-469f-ae13-1d77c4e8b20e"", ""provsql"": ""a3a4065d-7b4f-42bc-90d4-2ac2131f6e52"", ""sources"": [], ""sys_time"": ""[\""2026-07-09 02:38:26.023692-05\"",infinity)"", ""attribute"": ""s2_slot"", ""entity_id"": 32000899, ""confidence"": 0.97000, ""valid_time"": ""[\""2025-12-31 18:00:00-06\"",\""2026-06-29 19:00:00-05\"")"", ""specificity"": 100, ""epistemic_kind"": ""INFERRED""}
HINT:  Incoming fact lost the precedence lattice against an existing overlapping fact.
CONTEXT:  PL/pgSQL function kndb.resolve_conflict() line 91 at RAISE",,1,
900,READ COMMITTED,B,0,1,"CheckViolation: KNDB precedence: NEW outranked by fact_id=c442ef28-6de9-414c-ada0-f36463052068, reason=kind_outranked -- payload={""value"": ""INFERRED_iter900"", ""writer"": ""kndb_native"", ""fact_id"": ""8370b1d9-4875-41c5-bacf-7abb594f87b0"", ""provsql"": ""2918cb46-11e1-403b-9f73-80d7f7329178"", ""sources"": [], ""sys_time"": ""[\""2026-07-09 02:38:26.032757-05\"",infinity)"", ""attribute"": ""s2_slot"", ""entity_id"": 32000900, ""confidence"": 0.97000, ""valid_time"": ""[\""2025-12-31 18:00:00-06\"",\""2026-06-29 19:00:00-05\"")"", ""specificity"": 100, ""epistemic_kind"": ""INFERRED""}
HINT:  Incoming fact lost the precedence lattice against an existing overlapping fact.
CONTEXT:  PL/pgSQL function kndb.resolve_conflict() line 91 at RAISE",,1,
901,READ COMMITTED,A,1,1,,,1,
902,READ COMMITTED,B,0,1,"CheckViolation: KNDB precedence: NEW outranked by fact_id=bc7cf664-c93d-4ded-8cc0-958f8089c321, reason=kind_outranked -- payload={""value"": ""INFERRED_iter902"", ""writer"": ""kndb_native"", ""fact_id"": ""c3cd5546-2c67-44f2-9cd6-a081973c4c1e"", ""provsql"": ""4d277e84-7b52-4300-a6d4-63b49caecfac"", ""sources"": [], ""sys_time"": ""[\""2026-07-09 02:38:26.049873-05\"",infinity)"", ""attribute"": ""s2_slot"", ""entity_id"": 32000902, ""confidence"": 0.97000, ""valid_time"": ""[\""2025-12-31 18:00:00-06\"",\""2026-06-29 19:00:00-05\"")"", ""specificity"": 100, ""epistemic_kind"": ""INFERRED""}
HINT:  Incoming fact lost the precedence lattice against an existing overlapping fact.
CONTEXT:  PL/pgSQL function kndb.resolve_conflict() line 91 at RAISE",,1,
903,READ COMMITTED,B,0,1,"CheckViolation: KNDB precedence: NEW outranked by fact_id=9982eee8-3bac-4e89-b4dd-994326273b33, reason=kind_outranked -- payload={""value"": ""INFERRED_iter903"", ""writer"": ""kndb_native"", ""fact_id"": ""11d9602f-f3d7-48e4-942c-880cbf2306b8"", ""provsql"": ""b042687f-9a07-4640-8d58-b1eb3682530d"", ""sources"": [], ""sys_time"": ""[\""2026-07-09 02:38:26.058576-05\"",infinity)"", ""attribute"": ""s2_slot"", ""entity_id"": 32000903, ""confidence"": 0.97000, ""valid_time"": ""[\""2025-12-31 18:00:00-06\"",\""2026-06-29 19:00:00-05\"")"", ""specificity"": 100, ""epistemic_kind"": ""INFERRED""}
HINT:  Incoming fact lost the precedence lattice against an existing overlapping fact.
CONTEXT:  PL/pgSQL function kndb.resolve_conflict() line 91 at RAISE",,1,
904,READ COMMITTED,A,1,1,,,1,
905,READ COMMITTED,B,0,1,"CheckViolation: KNDB precedence: NEW outranked by fact_id=cd194821-a95a-4027-8761-b83eecf7bff3, reason=kind_outranked -- payload={""value"": ""INFERRED_iter905"", ""writer"": ""kndb_native"", ""fact_id"": ""b572c68e-a62c-47c9-9ea0-cc443dc5f3c1"", ""provsql"": ""28634b4e-8f90-45b3-a739-951b4b02f3c9"", ""sources"": [], ""sys_time"": ""[\""2026-07-09 02:38:26.075504-05\"",infinity)"", ""attribute"": ""s2_slot"", ""entity_id"": 32000905, ""confidence"": 0.97000, ""valid_time"": ""[\""2025-12-31 18:00:00-06\"",\""2026-06-29 19:00:00-05\"")"", ""specificity"": 100, ""epistemic_kind"": ""INFERRED""}
HINT:  Incoming fact lost the precedence lattice against an existing overlapping fact.
CONTEXT:  PL/pgSQL function kndb.resolve_conflict() line 91 at RAISE",,1,
906,READ COMMITTED,B,0,1,"CheckViolation: KNDB precedence: NEW outranked by fact_id=7dd2d2c7-19fa-43e6-a677-e2ca3daaf856, reason=kind_outranked -- payload={""value"": ""INFERRED_iter906"", ""writer"": ""kndb_native"", ""fact_id"": ""f5272653-a9ac-46eb-9e6d-16605cc51279"", ""provsql"": ""2cac92e0-07cf-4427-866c-26feda6593d8"", ""sources"": [], ""sys_time"": ""[\""2026-07-09 02:38:26.083956-05\"",infinity)"", ""attribute"": ""s2_slot"", ""entity_id"": 32000906, ""confidence"": 0.97000, ""valid_time"": ""[\""2025-12-31 18:00:00-06\"",\""2026-06-29 19:00:00-05\"")"", ""specificity"": 100, ""epistemic_kind"": ""INFERRED""}
HINT:  Incoming fact lost the precedence lattice against an existing overlapping fact.
CONTEXT:  PL/pgSQL function kndb.resolve_conflict() line 91 at RAISE",,1,
907,READ COMMITTED,B,0,1,"CheckViolation: KNDB precedence: NEW outranked by fact_id=e54de4ac-2e9f-4a13-bfbe-2f42d6a88b45, reason=kind_outranked -- payload={""value"": ""INFERRED_iter907"", ""writer"": ""kndb_native"", ""fact_id"": ""07659cac-e547-4221-8c07-20c795b8cefb"", ""provsql"": ""08986c23-284c-4364-94e7-bc693b3e042b"", ""sources"": [], ""sys_time"": ""[\""2026-07-09 02:38:26.092688-05\"",infinity)"", ""attribute"": ""s2_slot"", ""entity_id"": 32000907, ""confidence"": 0.97000, ""valid_time"": ""[\""2025-12-31 18:00:00-06\"",\""2026-06-29 19:00:00-05\"")"", ""specificity"": 100, ""epistemic_kind"": ""INFERRED""}
HINT:  Incoming fact lost the precedence lattice against an existing overlapping fact.
CONTEXT:  PL/pgSQL function kndb.resolve_conflict() line 91 at RAISE",,1,
908,READ COMMITTED,A,1,1,,,1,
909,READ COMMITTED,B,0,1,"CheckViolation: KNDB precedence: NEW outranked by fact_id=59428fbc-a379-46c3-9fcf-0dbed4fab934, reason=kind_outranked -- payload={""value"": ""INFERRED_iter909"", ""writer"": ""kndb_native"", ""fact_id"": ""53b2d9c8-25fa-4c69-b18b-ff3f272e6b2c"", ""provsql"": ""a7309a79-70df-4df5-8440-e8e4fff8ae75"", ""sources"": [], ""sys_time"": ""[\""2026-07-09 02:38:26.11035-05\"",infinity)"", ""attribute"": ""s2_slot"", ""entity_id"": 32000909, ""confidence"": 0.97000, ""valid_time"": ""[\""2025-12-31 18:00:00-06\"",\""2026-06-29 19:00:00-05\"")"", ""specificity"": 100, ""epistemic_kind"": ""INFERRED""}
HINT:  Incoming fact lost the precedence lattice against an existing overlapping fact.
CONTEXT:  PL/pgSQL function kndb.resolve_conflict() line 91 at RAISE",,1,
910,READ COMMITTED,A,1,1,,,1,
911,READ COMMITTED,B,0,1,"CheckViolation: KNDB precedence: NEW outranked by fact_id=0be1f0be-48e9-4a1c-bb5b-0fb494ba5847, reason=kind_outranked -- payload={""value"": ""INFERRED_iter911"", ""writer"": ""kndb_native"", ""fact_id"": ""9adc2d98-f1b4-4950-9d1d-0475a4e18eb2"", ""provsql"": ""7a00e03b-e2ee-40ea-94de-749823e9fbc6"", ""sources"": [], ""sys_time"": ""[\""2026-07-09 02:38:26.127596-05\"",infinity)"", ""attribute"": ""s2_slot"", ""entity_id"": 32000911, ""confidence"": 0.97000, ""valid_time"": ""[\""2025-12-31 18:00:00-06\"",\""2026-06-29 19:00:00-05\"")"", ""specificity"": 100, ""epistemic_kind"": ""INFERRED""}
HINT:  Incoming fact lost the precedence lattice against an existing overlapping fact.
CONTEXT:  PL/pgSQL function kndb.resolve_conflict() line 91 at RAISE",,1,
912,READ COMMITTED,A,1,1,,,1,
913,READ COMMITTED,B,0,1,"CheckViolation: KNDB precedence: NEW outranked by fact_id=ff0940c5-23b3-4a0d-833b-1b511095cfbe, reason=kind_outranked -- payload={""value"": ""INFERRED_iter913"", ""writer"": ""kndb_native"", ""fact_id"": ""9e6d89b6-16f7-4c22-b68c-d2d35d16a50f"", ""provsql"": ""23781140-fd19-4bb7-9441-4f395e7b9430"", ""sources"": [], ""sys_time"": ""[\""2026-07-09 02:38:26.144983-05\"",infinity)"", ""attribute"": ""s2_slot"", ""entity_id"": 32000913, ""confidence"": 0.97000, ""valid_time"": ""[\""2025-12-31 18:00:00-06\"",\""2026-06-29 19:00:00-05\"")"", ""specificity"": 100, ""epistemic_kind"": ""INFERRED""}
HINT:  Incoming fact lost the precedence lattice against an existing overlapping fact.
CONTEXT:  PL/pgSQL function kndb.resolve_conflict() line 91 at RAISE",,1,
914,READ COMMITTED,B,0,1,"CheckViolation: KNDB precedence: NEW outranked by fact_id=fc6c13e3-7a55-4b8b-bd61-645b294a959f, reason=kind_outranked -- payload={""value"": ""INFERRED_iter914"", ""writer"": ""kndb_native"", ""fact_id"": ""e4305e8b-ed85-4add-ba14-16a520aa6df8"", ""provsql"": ""2be532b6-0f53-4e72-998e-d64296d12584"", ""sources"": [], ""sys_time"": ""[\""2026-07-09 02:38:26.15299-05\"",infinity)"", ""attribute"": ""s2_slot"", ""entity_id"": 32000914, ""confidence"": 0.97000, ""valid_time"": ""[\""2025-12-31 18:00:00-06\"",\""2026-06-29 19:00:00-05\"")"", ""specificity"": 100, ""epistemic_kind"": ""INFERRED""}
HINT:  Incoming fact lost the precedence lattice against an existing overlapping fact.
CONTEXT:  PL/pgSQL function kndb.resolve_conflict() line 91 at RAISE",,1,
915,READ COMMITTED,A,1,1,,,1,
916,READ COMMITTED,B,0,1,"CheckViolation: KNDB precedence: NEW outranked by fact_id=d5a54a35-ecb8-42ff-ad1d-5f1a7cbfa82e, reason=kind_outranked -- payload={""value"": ""INFERRED_iter916"", ""writer"": ""kndb_native"", ""fact_id"": ""dd0b8f8b-fad7-4ff6-aef2-f03ac990d00d"", ""provsql"": ""2946ebec-397e-4239-bf5f-22ca0a8e5cba"", ""sources"": [], ""sys_time"": ""[\""2026-07-09 02:38:26.17044-05\"",infinity)"", ""attribute"": ""s2_slot"", ""entity_id"": 32000916, ""confidence"": 0.97000, ""valid_time"": ""[\""2025-12-31 18:00:00-06\"",\""2026-06-29 19:00:00-05\"")"", ""specificity"": 100, ""epistemic_kind"": ""INFERRED""}
HINT:  Incoming fact lost the precedence lattice against an existing overlapping fact.
CONTEXT:  PL/pgSQL function kndb.resolve_conflict() line 91 at RAISE",,1,
917,READ COMMITTED,B,0,1,"CheckViolation: KNDB precedence: NEW outranked by fact_id=56159147-298e-4c5f-962a-da6d42c60b30, reason=kind_outranked -- payload={""value"": ""INFERRED_iter917"", ""writer"": ""kndb_native"", ""fact_id"": ""9c1038e8-2528-4f02-b095-343ed56ff667"", ""provsql"": ""662ae3ec-9cbf-449d-adbc-c364d6a622db"", ""sources"": [], ""sys_time"": ""[\""2026-07-09 02:38:26.178795-05\"",infinity)"", ""attribute"": ""s2_slot"", ""entity_id"": 32000917, ""confidence"": 0.97000, ""valid_time"": ""[\""2025-12-31 18:00:00-06\"",\""2026-06-29 19:00:00-05\"")"", ""specificity"": 100, ""epistemic_kind"": ""INFERRED""}
HINT:  Incoming fact lost the precedence lattice against an existing overlapping fact.
CONTEXT:  PL/pgSQL function kndb.resolve_conflict() line 91 at RAISE",,1,
918,READ COMMITTED,B,0,1,"CheckViolation: KNDB precedence: NEW outranked by fact_id=967c45f0-fed4-4781-8310-4426da016ff5, reason=kind_outranked -- payload={""value"": ""INFERRED_iter918"", ""writer"": ""kndb_native"", ""fact_id"": ""71fa2442-49ee-4d78-a137-2d081289dcfb"", ""provsql"": ""a4f28b1a-6dad-40da-9e82-f4817e0b5a3c"", ""sources"": [], ""sys_time"": ""[\""2026-07-09 02:38:26.187293-05\"",infinity)"", ""attribute"": ""s2_slot"", ""entity_id"": 32000918, ""confidence"": 0.97000, ""valid_time"": ""[\""2025-12-31 18:00:00-06\"",\""2026-06-29 19:00:00-05\"")"", ""specificity"": 100, ""epistemic_kind"": ""INFERRED""}
HINT:  Incoming fact lost the precedence lattice against an existing overlapping fact.
CONTEXT:  PL/pgSQL function kndb.resolve_conflict() line 91 at RAISE",,1,
919,READ COMMITTED,B,0,1,"CheckViolation: KNDB precedence: NEW outranked by fact_id=67b0e9f1-3520-4169-988d-eb5f744f05a3, reason=kind_outranked -- payload={""value"": ""INFERRED_iter919"", ""writer"": ""kndb_native"", ""fact_id"": ""61e08224-2d70-4598-981c-9bd2f92cc693"", ""provsql"": ""1e8c60af-925d-42f8-a352-77176ef68b6d"", ""sources"": [], ""sys_time"": ""[\""2026-07-09 02:38:26.194999-05\"",infinity)"", ""attribute"": ""s2_slot"", ""entity_id"": 32000919, ""confidence"": 0.97000, ""valid_time"": ""[\""2025-12-31 18:00:00-06\"",\""2026-06-29 19:00:00-05\"")"", ""specificity"": 100, ""epistemic_kind"": ""INFERRED""}
HINT:  Incoming fact lost the precedence lattice against an existing overlapping fact.
CONTEXT:  PL/pgSQL function kndb.resolve_conflict() line 91 at RAISE",,1,
920,READ COMMITTED,B,0,1,"CheckViolation: KNDB precedence: NEW outranked by fact_id=02d1fd69-83fd-46eb-bc73-e176ef4c5c68, reason=kind_outranked -- payload={""value"": ""INFERRED_iter920"", ""writer"": ""kndb_native"", ""fact_id"": ""24a1bca1-a0fd-4fcf-8cca-8a3888d57022"", ""provsql"": ""4d2efee5-c27c-4f92-a2c0-ba3c08154ace"", ""sources"": [], ""sys_time"": ""[\""2026-07-09 02:38:26.203347-05\"",infinity)"", ""attribute"": ""s2_slot"", ""entity_id"": 32000920, ""confidence"": 0.97000, ""valid_time"": ""[\""2025-12-31 18:00:00-06\"",\""2026-06-29 19:00:00-05\"")"", ""specificity"": 100, ""epistemic_kind"": ""INFERRED""}
HINT:  Incoming fact lost the precedence lattice against an existing overlapping fact.
CONTEXT:  PL/pgSQL function kndb.resolve_conflict() line 91 at RAISE",,1,
921,READ COMMITTED,B,0,1,"CheckViolation: KNDB precedence: NEW outranked by fact_id=5c46ba3d-2e75-4d45-a16d-2232dbd9ceff, reason=kind_outranked -- payload={""value"": ""INFERRED_iter921"", ""writer"": ""kndb_native"", ""fact_id"": ""0bb19c68-0dbf-472c-ad98-56f7bbcf9d74"", ""provsql"": ""d561db73-df19-4f4c-8a2e-336af50bec23"", ""sources"": [], ""sys_time"": ""[\""2026-07-09 02:38:26.211588-05\"",infinity)"", ""attribute"": ""s2_slot"", ""entity_id"": 32000921, ""confidence"": 0.97000, ""valid_time"": ""[\""2025-12-31 18:00:00-06\"",\""2026-06-29 19:00:00-05\"")"", ""specificity"": 100, ""epistemic_kind"": ""INFERRED""}
HINT:  Incoming fact lost the precedence lattice against an existing overlapping fact.
CONTEXT:  PL/pgSQL function kndb.resolve_conflict() line 91 at RAISE",,1,
922,READ COMMITTED,B,0,1,"CheckViolation: KNDB precedence: NEW outranked by fact_id=16e85007-9f66-4126-b1b3-4c63e0f6cd92, reason=kind_outranked -- payload={""value"": ""INFERRED_iter922"", ""writer"": ""kndb_native"", ""fact_id"": ""69254dc0-e8f6-4226-88e8-e3f4f210c7cf"", ""provsql"": ""56b9e365-5bda-405e-bc27-ee21df3ac107"", ""sources"": [], ""sys_time"": ""[\""2026-07-09 02:38:26.219716-05\"",infinity)"", ""attribute"": ""s2_slot"", ""entity_id"": 32000922, ""confidence"": 0.97000, ""valid_time"": ""[\""2025-12-31 18:00:00-06\"",\""2026-06-29 19:00:00-05\"")"", ""specificity"": 100, ""epistemic_kind"": ""INFERRED""}
HINT:  Incoming fact lost the precedence lattice against an existing overlapping fact.
CONTEXT:  PL/pgSQL function kndb.resolve_conflict() line 91 at RAISE",,1,
923,READ COMMITTED,B,0,1,"CheckViolation: KNDB precedence: NEW outranked by fact_id=947c66ac-c61d-4fa6-9921-f1122b36b185, reason=kind_outranked -- payload={""value"": ""INFERRED_iter923"", ""writer"": ""kndb_native"", ""fact_id"": ""43d1115b-eb3c-4e90-a3e0-214c3e91ea1c"", ""provsql"": ""c36dea3c-4a14-4098-90ea-d68b495b7927"", ""sources"": [], ""sys_time"": ""[\""2026-07-09 02:38:26.228522-05\"",infinity)"", ""attribute"": ""s2_slot"", ""entity_id"": 32000923, ""confidence"": 0.97000, ""valid_time"": ""[\""2025-12-31 18:00:00-06\"",\""2026-06-29 19:00:00-05\"")"", ""specificity"": 100, ""epistemic_kind"": ""INFERRED""}
HINT:  Incoming fact lost the precedence lattice against an existing overlapping fact.
CONTEXT:  PL/pgSQL function kndb.resolve_conflict() line 91 at RAISE",,1,
924,READ COMMITTED,B,0,1,"CheckViolation: KNDB precedence: NEW outranked by fact_id=2d9e9f28-5e23-40a5-b3c6-0a7fd18d85cd, reason=kind_outranked -- payload={""value"": ""INFERRED_iter924"", ""writer"": ""kndb_native"", ""fact_id"": ""5b41c169-f7d4-4cd0-ae16-d78cdfd3c51c"", ""provsql"": ""fd92a7fa-1167-41a5-b90f-518e0763bf44"", ""sources"": [], ""sys_time"": ""[\""2026-07-09 02:38:26.236208-05\"",infinity)"", ""attribute"": ""s2_slot"", ""entity_id"": 32000924, ""confidence"": 0.97000, ""valid_time"": ""[\""2025-12-31 18:00:00-06\"",\""2026-06-29 19:00:00-05\"")"", ""specificity"": 100, ""epistemic_kind"": ""INFERRED""}
HINT:  Incoming fact lost the precedence lattice against an existing overlapping fact.
CONTEXT:  PL/pgSQL function kndb.resolve_conflict() line 91 at RAISE",,1,
925,READ COMMITTED,A,1,1,,,1,
926,READ COMMITTED,A,1,1,,,1,
927,READ COMMITTED,B,0,1,"CheckViolation: KNDB precedence: NEW outranked by fact_id=61cc47c6-d3f1-42b6-b3c5-55e454666924, reason=kind_outranked -- payload={""value"": ""INFERRED_iter927"", ""writer"": ""kndb_native"", ""fact_id"": ""3d4501a5-cfeb-4995-9d2d-a03b7a7720c8"", ""provsql"": ""76420981-8e46-46f2-b4a1-f3ab2eee425d"", ""sources"": [], ""sys_time"": ""[\""2026-07-09 02:38:26.261328-05\"",infinity)"", ""attribute"": ""s2_slot"", ""entity_id"": 32000927, ""confidence"": 0.97000, ""valid_time"": ""[\""2025-12-31 18:00:00-06\"",\""2026-06-29 19:00:00-05\"")"", ""specificity"": 100, ""epistemic_kind"": ""INFERRED""}
HINT:  Incoming fact lost the precedence lattice against an existing overlapping fact.
CONTEXT:  PL/pgSQL function kndb.resolve_conflict() line 91 at RAISE",,1,
928,READ COMMITTED,B,0,1,"CheckViolation: KNDB precedence: NEW outranked by fact_id=554095c5-511d-4b83-9daf-725b4958a1d9, reason=kind_outranked -- payload={""value"": ""INFERRED_iter928"", ""writer"": ""kndb_native"", ""fact_id"": ""b9b5239d-04c3-40a3-a138-db37a983f0bd"", ""provsql"": ""df561cf0-bacd-42ab-8a29-8071592e46d6"", ""sources"": [], ""sys_time"": ""[\""2026-07-09 02:38:26.26883-05\"",infinity)"", ""attribute"": ""s2_slot"", ""entity_id"": 32000928, ""confidence"": 0.97000, ""valid_time"": ""[\""2025-12-31 18:00:00-06\"",\""2026-06-29 19:00:00-05\"")"", ""specificity"": 100, ""epistemic_kind"": ""INFERRED""}
HINT:  Incoming fact lost the precedence lattice against an existing overlapping fact.
CONTEXT:  PL/pgSQL function kndb.resolve_conflict() line 91 at RAISE",,1,
929,READ COMMITTED,A,1,1,,,1,
930,READ COMMITTED,A,1,1,,,1,
931,READ COMMITTED,B,0,1,"CheckViolation: KNDB precedence: NEW outranked by fact_id=098095a8-be3f-4dae-88b6-556087e0d1a4, reason=kind_outranked -- payload={""value"": ""INFERRED_iter931"", ""writer"": ""kndb_native"", ""fact_id"": ""da30e23b-0868-4e73-a84c-dfeb1960aad0"", ""provsql"": ""c593ee79-9605-47da-85a1-9f0ed4438220"", ""sources"": [], ""sys_time"": ""[\""2026-07-09 02:38:26.295263-05\"",infinity)"", ""attribute"": ""s2_slot"", ""entity_id"": 32000931, ""confidence"": 0.97000, ""valid_time"": ""[\""2025-12-31 18:00:00-06\"",\""2026-06-29 19:00:00-05\"")"", ""specificity"": 100, ""epistemic_kind"": ""INFERRED""}
HINT:  Incoming fact lost the precedence lattice against an existing overlapping fact.
CONTEXT:  PL/pgSQL function kndb.resolve_conflict() line 91 at RAISE",,1,
932,READ COMMITTED,A,1,1,,,1,
933,READ COMMITTED,A,1,1,,,1,
934,READ COMMITTED,B,0,1,"CheckViolation: KNDB precedence: NEW outranked by fact_id=99c10b3d-b297-47d1-9fd8-2bba329bf419, reason=kind_outranked -- payload={""value"": ""INFERRED_iter934"", ""writer"": ""kndb_native"", ""fact_id"": ""31339527-9392-447b-bd65-0ea34e792977"", ""provsql"": ""a9e255a1-7985-40e9-9c33-f3f9f0d9dd72"", ""sources"": [], ""sys_time"": ""[\""2026-07-09 02:38:26.320437-05\"",infinity)"", ""attribute"": ""s2_slot"", ""entity_id"": 32000934, ""confidence"": 0.97000, ""valid_time"": ""[\""2025-12-31 18:00:00-06\"",\""2026-06-29 19:00:00-05\"")"", ""specificity"": 100, ""epistemic_kind"": ""INFERRED""}
HINT:  Incoming fact lost the precedence lattice against an existing overlapping fact.
CONTEXT:  PL/pgSQL function kndb.resolve_conflict() line 91 at RAISE",,1,
935,READ COMMITTED,B,0,1,"CheckViolation: KNDB precedence: NEW outranked by fact_id=af9e3312-ea19-4186-8c7f-4087401841b9, reason=kind_outranked -- payload={""value"": ""INFERRED_iter935"", ""writer"": ""kndb_native"", ""fact_id"": ""a5224ac3-0962-43d9-8f2e-bb7b12f3078c"", ""provsql"": ""485f1b59-43aa-485c-92fe-73b58686b658"", ""sources"": [], ""sys_time"": ""[\""2026-07-09 02:38:26.329232-05\"",infinity)"", ""attribute"": ""s2_slot"", ""entity_id"": 32000935, ""confidence"": 0.97000, ""valid_time"": ""[\""2025-12-31 18:00:00-06\"",\""2026-06-29 19:00:00-05\"")"", ""specificity"": 100, ""epistemic_kind"": ""INFERRED""}
HINT:  Incoming fact lost the precedence lattice against an existing overlapping fact.
CONTEXT:  PL/pgSQL function kndb.resolve_conflict() line 91 at RAISE",,1,
936,READ COMMITTED,B,0,1,"CheckViolation: KNDB precedence: NEW outranked by fact_id=5c40294a-e20e-4681-9d70-05fb4aaebde2, reason=kind_outranked -- payload={""value"": ""INFERRED_iter936"", ""writer"": ""kndb_native"", ""fact_id"": ""e4ba65d1-8ab6-4bb4-8352-0fb4172f5a21"", ""provsql"": ""ca4bebd6-fea1-485e-91ee-df90c6d57429"", ""sources"": [], ""sys_time"": ""[\""2026-07-09 02:38:26.33851-05\"",infinity)"", ""attribute"": ""s2_slot"", ""entity_id"": 32000936, ""confidence"": 0.97000, ""valid_time"": ""[\""2025-12-31 18:00:00-06\"",\""2026-06-29 19:00:00-05\"")"", ""specificity"": 100, ""epistemic_kind"": ""INFERRED""}
HINT:  Incoming fact lost the precedence lattice against an existing overlapping fact.
CONTEXT:  PL/pgSQL function kndb.resolve_conflict() line 91 at RAISE",,1,
937,READ COMMITTED,B,0,1,"CheckViolation: KNDB precedence: NEW outranked by fact_id=50a62343-4f69-471c-b36c-013046f7e0de, reason=kind_outranked -- payload={""value"": ""INFERRED_iter937"", ""writer"": ""kndb_native"", ""fact_id"": ""c7133e97-43ee-44ed-992b-d7dcd839b158"", ""provsql"": ""a64fe1dd-0351-48c8-a8b7-dcd2e87ca2eb"", ""sources"": [], ""sys_time"": ""[\""2026-07-09 02:38:26.347488-05\"",infinity)"", ""attribute"": ""s2_slot"", ""entity_id"": 32000937, ""confidence"": 0.97000, ""valid_time"": ""[\""2025-12-31 18:00:00-06\"",\""2026-06-29 19:00:00-05\"")"", ""specificity"": 100, ""epistemic_kind"": ""INFERRED""}
HINT:  Incoming fact lost the precedence lattice against an existing overlapping fact.
CONTEXT:  PL/pgSQL function kndb.resolve_conflict() line 91 at RAISE",,1,
938,READ COMMITTED,B,0,1,"CheckViolation: KNDB precedence: NEW outranked by fact_id=94f0a502-34e0-4dd6-a163-c298143f623a, reason=kind_outranked -- payload={""value"": ""INFERRED_iter938"", ""writer"": ""kndb_native"", ""fact_id"": ""b8fde747-c15f-482b-8c30-97c3ea8f249a"", ""provsql"": ""1ae495d5-49c7-460a-97da-f4237a392056"", ""sources"": [], ""sys_time"": ""[\""2026-07-09 02:38:26.356303-05\"",infinity)"", ""attribute"": ""s2_slot"", ""entity_id"": 32000938, ""confidence"": 0.97000, ""valid_time"": ""[\""2025-12-31 18:00:00-06\"",\""2026-06-29 19:00:00-05\"")"", ""specificity"": 100, ""epistemic_kind"": ""INFERRED""}
HINT:  Incoming fact lost the precedence lattice against an existing overlapping fact.
CONTEXT:  PL/pgSQL function kndb.resolve_conflict() line 91 at RAISE",,1,
939,READ COMMITTED,A,1,1,,,1,
940,READ COMMITTED,B,0,1,"CheckViolation: KNDB precedence: NEW outranked by fact_id=464e1089-6ba3-4422-a5bc-08fea886a18c, reason=kind_outranked -- payload={""value"": ""INFERRED_iter940"", ""writer"": ""kndb_native"", ""fact_id"": ""c7c51d3d-fc93-446e-b07b-bdb934d39d10"", ""provsql"": ""ff025bb0-7fa9-4b2d-a915-f9de184c0192"", ""sources"": [], ""sys_time"": ""[\""2026-07-09 02:38:26.372883-05\"",infinity)"", ""attribute"": ""s2_slot"", ""entity_id"": 32000940, ""confidence"": 0.97000, ""valid_time"": ""[\""2025-12-31 18:00:00-06\"",\""2026-06-29 19:00:00-05\"")"", ""specificity"": 100, ""epistemic_kind"": ""INFERRED""}
HINT:  Incoming fact lost the precedence lattice against an existing overlapping fact.
CONTEXT:  PL/pgSQL function kndb.resolve_conflict() line 91 at RAISE",,1,
941,READ COMMITTED,A,1,1,,,1,
942,READ COMMITTED,B,0,1,"CheckViolation: KNDB precedence: NEW outranked by fact_id=632be8f1-166e-4e89-9c08-672bce7e5b86, reason=kind_outranked -- payload={""value"": ""INFERRED_iter942"", ""writer"": ""kndb_native"", ""fact_id"": ""2fce7e6b-3180-45be-9273-72a79fb9bdc9"", ""provsql"": ""65e36c73-1c14-4ce9-a721-b95afc9d1297"", ""sources"": [], ""sys_time"": ""[\""2026-07-09 02:38:26.390286-05\"",infinity)"", ""attribute"": ""s2_slot"", ""entity_id"": 32000942, ""confidence"": 0.97000, ""valid_time"": ""[\""2025-12-31 18:00:00-06\"",\""2026-06-29 19:00:00-05\"")"", ""specificity"": 100, ""epistemic_kind"": ""INFERRED""}
HINT:  Incoming fact lost the precedence lattice against an existing overlapping fact.
CONTEXT:  PL/pgSQL function kndb.resolve_conflict() line 91 at RAISE",,1,
943,READ COMMITTED,B,0,1,"CheckViolation: KNDB precedence: NEW outranked by fact_id=5b1739c5-e24b-40b2-b919-af3606856c5f, reason=kind_outranked -- payload={""value"": ""INFERRED_iter943"", ""writer"": ""kndb_native"", ""fact_id"": ""37f7fa16-2bb2-40fc-92bc-31d571e87a93"", ""provsql"": ""5d9d8cf5-2b43-43e8-8d26-9a7b255a3c32"", ""sources"": [], ""sys_time"": ""[\""2026-07-09 02:38:26.39845-05\"",infinity)"", ""attribute"": ""s2_slot"", ""entity_id"": 32000943, ""confidence"": 0.97000, ""valid_time"": ""[\""2025-12-31 18:00:00-06\"",\""2026-06-29 19:00:00-05\"")"", ""specificity"": 100, ""epistemic_kind"": ""INFERRED""}
HINT:  Incoming fact lost the precedence lattice against an existing overlapping fact.
CONTEXT:  PL/pgSQL function kndb.resolve_conflict() line 91 at RAISE",,1,
944,READ COMMITTED,A,1,1,,,1,
945,READ COMMITTED,A,1,1,,,1,
946,READ COMMITTED,B,0,1,"CheckViolation: KNDB precedence: NEW outranked by fact_id=c3cb32b7-ee36-40e2-9bf6-a58673902416, reason=kind_outranked -- payload={""value"": ""INFERRED_iter946"", ""writer"": ""kndb_native"", ""fact_id"": ""12183552-eda8-4b5a-83d3-b114e42b428f"", ""provsql"": ""6108aa31-8877-4383-b134-b2bbc13aeeaf"", ""sources"": [], ""sys_time"": ""[\""2026-07-09 02:38:26.42445-05\"",infinity)"", ""attribute"": ""s2_slot"", ""entity_id"": 32000946, ""confidence"": 0.97000, ""valid_time"": ""[\""2025-12-31 18:00:00-06\"",\""2026-06-29 19:00:00-05\"")"", ""specificity"": 100, ""epistemic_kind"": ""INFERRED""}
HINT:  Incoming fact lost the precedence lattice against an existing overlapping fact.
CONTEXT:  PL/pgSQL function kndb.resolve_conflict() line 91 at RAISE",,1,
947,READ COMMITTED,A,1,1,,,1,
948,READ COMMITTED,B,0,1,"CheckViolation: KNDB precedence: NEW outranked by fact_id=ffb6b7d6-b76c-4bdf-9d1d-7f7a22d08e69, reason=kind_outranked -- payload={""value"": ""INFERRED_iter948"", ""writer"": ""kndb_native"", ""fact_id"": ""fdfae4dd-f069-4506-97c7-d763eef9fd25"", ""provsql"": ""8123180e-fe9a-407a-aa5a-51cf6959a01e"", ""sources"": [], ""sys_time"": ""[\""2026-07-09 02:38:26.442079-05\"",infinity)"", ""attribute"": ""s2_slot"", ""entity_id"": 32000948, ""confidence"": 0.97000, ""valid_time"": ""[\""2025-12-31 18:00:00-06\"",\""2026-06-29 19:00:00-05\"")"", ""specificity"": 100, ""epistemic_kind"": ""INFERRED""}
HINT:  Incoming fact lost the precedence lattice against an existing overlapping fact.
CONTEXT:  PL/pgSQL function kndb.resolve_conflict() line 91 at RAISE",,1,
949,READ COMMITTED,B,0,1,"CheckViolation: KNDB precedence: NEW outranked by fact_id=4133d40d-dd6e-4adb-9c62-ca9a44c4a42c, reason=kind_outranked -- payload={""value"": ""INFERRED_iter949"", ""writer"": ""kndb_native"", ""fact_id"": ""dab34e42-3d09-4dd2-9ddb-c7c218422723"", ""provsql"": ""0c15ffb0-cd12-4759-ba01-5b665254e622"", ""sources"": [], ""sys_time"": ""[\""2026-07-09 02:38:26.450196-05\"",infinity)"", ""attribute"": ""s2_slot"", ""entity_id"": 32000949, ""confidence"": 0.97000, ""valid_time"": ""[\""2025-12-31 18:00:00-06\"",\""2026-06-29 19:00:00-05\"")"", ""specificity"": 100, ""epistemic_kind"": ""INFERRED""}
HINT:  Incoming fact lost the precedence lattice against an existing overlapping fact.
CONTEXT:  PL/pgSQL function kndb.resolve_conflict() line 91 at RAISE",,1,
950,READ COMMITTED,B,0,1,"CheckViolation: KNDB precedence: NEW outranked by fact_id=413ca2e4-7003-463c-858e-62bc1d3306ce, reason=kind_outranked -- payload={""value"": ""INFERRED_iter950"", ""writer"": ""kndb_native"", ""fact_id"": ""7398f58b-5132-4b50-baee-84a56063b540"", ""provsql"": ""4ccb77f7-6640-48fe-b676-de879951c65c"", ""sources"": [], ""sys_time"": ""[\""2026-07-09 02:38:26.458432-05\"",infinity)"", ""attribute"": ""s2_slot"", ""entity_id"": 32000950, ""confidence"": 0.97000, ""valid_time"": ""[\""2025-12-31 18:00:00-06\"",\""2026-06-29 19:00:00-05\"")"", ""specificity"": 100, ""epistemic_kind"": ""INFERRED""}
HINT:  Incoming fact lost the precedence lattice against an existing overlapping fact.
CONTEXT:  PL/pgSQL function kndb.resolve_conflict() line 91 at RAISE",,1,
951,READ COMMITTED,B,0,1,"CheckViolation: KNDB precedence: NEW outranked by fact_id=dc51610d-d52a-40a9-a344-b0cf5ed718a0, reason=kind_outranked -- payload={""value"": ""INFERRED_iter951"", ""writer"": ""kndb_native"", ""fact_id"": ""f3134ccf-d1ed-456d-b386-35e55364ae73"", ""provsql"": ""ed8ad5c2-1a11-4dad-af85-ffd09a4a0818"", ""sources"": [], ""sys_time"": ""[\""2026-07-09 02:38:26.467192-05\"",infinity)"", ""attribute"": ""s2_slot"", ""entity_id"": 32000951, ""confidence"": 0.97000, ""valid_time"": ""[\""2025-12-31 18:00:00-06\"",\""2026-06-29 19:00:00-05\"")"", ""specificity"": 100, ""epistemic_kind"": ""INFERRED""}
HINT:  Incoming fact lost the precedence lattice against an existing overlapping fact.
CONTEXT:  PL/pgSQL function kndb.resolve_conflict() line 91 at RAISE",,1,
952,READ COMMITTED,B,0,1,"CheckViolation: KNDB precedence: NEW outranked by fact_id=7fa16d8b-96fe-48cc-84f4-cccfea59db59, reason=kind_outranked -- payload={""value"": ""INFERRED_iter952"", ""writer"": ""kndb_native"", ""fact_id"": ""0371f6e6-0524-4b71-8306-3de2d03faf6b"", ""provsql"": ""ce29f959-2059-4072-83d5-0ccf2cb812fd"", ""sources"": [], ""sys_time"": ""[\""2026-07-09 02:38:26.475576-05\"",infinity)"", ""attribute"": ""s2_slot"", ""entity_id"": 32000952, ""confidence"": 0.97000, ""valid_time"": ""[\""2025-12-31 18:00:00-06\"",\""2026-06-29 19:00:00-05\"")"", ""specificity"": 100, ""epistemic_kind"": ""INFERRED""}
HINT:  Incoming fact lost the precedence lattice against an existing overlapping fact.
CONTEXT:  PL/pgSQL function kndb.resolve_conflict() line 91 at RAISE",,1,
953,READ COMMITTED,B,0,1,"CheckViolation: KNDB precedence: NEW outranked by fact_id=99382a3f-ce16-41e0-bf08-f2aac4f25670, reason=kind_outranked -- payload={""value"": ""INFERRED_iter953"", ""writer"": ""kndb_native"", ""fact_id"": ""933b9cae-be2b-4d26-a843-d3d858247bc9"", ""provsql"": ""b7e8332a-b32d-4452-8536-6b88bcbdb987"", ""sources"": [], ""sys_time"": ""[\""2026-07-09 02:38:26.484418-05\"",infinity)"", ""attribute"": ""s2_slot"", ""entity_id"": 32000953, ""confidence"": 0.97000, ""valid_time"": ""[\""2025-12-31 18:00:00-06\"",\""2026-06-29 19:00:00-05\"")"", ""specificity"": 100, ""epistemic_kind"": ""INFERRED""}
HINT:  Incoming fact lost the precedence lattice against an existing overlapping fact.
CONTEXT:  PL/pgSQL function kndb.resolve_conflict() line 91 at RAISE",,1,
954,READ COMMITTED,A,1,1,,,1,
955,READ COMMITTED,B,0,1,"CheckViolation: KNDB precedence: NEW outranked by fact_id=588e2ba3-f0ff-456a-8343-0fd2b93d3e6c, reason=kind_outranked -- payload={""value"": ""INFERRED_iter955"", ""writer"": ""kndb_native"", ""fact_id"": ""ca548355-48da-45ac-a6f5-12ba6759f0ae"", ""provsql"": ""7058c01f-9be2-48e0-b0be-eab2e56db233"", ""sources"": [], ""sys_time"": ""[\""2026-07-09 02:38:26.502233-05\"",infinity)"", ""attribute"": ""s2_slot"", ""entity_id"": 32000955, ""confidence"": 0.97000, ""valid_time"": ""[\""2025-12-31 18:00:00-06\"",\""2026-06-29 19:00:00-05\"")"", ""specificity"": 100, ""epistemic_kind"": ""INFERRED""}
HINT:  Incoming fact lost the precedence lattice against an existing overlapping fact.
CONTEXT:  PL/pgSQL function kndb.resolve_conflict() line 91 at RAISE",,1,
956,READ COMMITTED,A,1,1,,,1,
957,READ COMMITTED,B,0,1,"CheckViolation: KNDB precedence: NEW outranked by fact_id=6bf15c50-c0dd-433a-a701-2593bc224bd5, reason=kind_outranked -- payload={""value"": ""INFERRED_iter957"", ""writer"": ""kndb_native"", ""fact_id"": ""f5ce61a9-c813-4fb5-ae79-6192fa36231f"", ""provsql"": ""5d6995b0-607d-4bd5-91c1-15787fbfd394"", ""sources"": [], ""sys_time"": ""[\""2026-07-09 02:38:26.51985-05\"",infinity)"", ""attribute"": ""s2_slot"", ""entity_id"": 32000957, ""confidence"": 0.97000, ""valid_time"": ""[\""2025-12-31 18:00:00-06\"",\""2026-06-29 19:00:00-05\"")"", ""specificity"": 100, ""epistemic_kind"": ""INFERRED""}
HINT:  Incoming fact lost the precedence lattice against an existing overlapping fact.
CONTEXT:  PL/pgSQL function kndb.resolve_conflict() line 91 at RAISE",,1,
958,READ COMMITTED,A,1,1,,,1,
959,READ COMMITTED,B,0,1,"CheckViolation: KNDB precedence: NEW outranked by fact_id=a8cad6b8-4f06-4a15-9bdc-ea0b89ef9d38, reason=kind_outranked -- payload={""value"": ""INFERRED_iter959"", ""writer"": ""kndb_native"", ""fact_id"": ""10392cb0-2698-4dae-b79e-a9188e879ab3"", ""provsql"": ""7829b6ab-7864-4f2c-b71f-b545f61c10ff"", ""sources"": [], ""sys_time"": ""[\""2026-07-09 02:38:26.536422-05\"",infinity)"", ""attribute"": ""s2_slot"", ""entity_id"": 32000959, ""confidence"": 0.97000, ""valid_time"": ""[\""2025-12-31 18:00:00-06\"",\""2026-06-29 19:00:00-05\"")"", ""specificity"": 100, ""epistemic_kind"": ""INFERRED""}
HINT:  Incoming fact lost the precedence lattice against an existing overlapping fact.
CONTEXT:  PL/pgSQL function kndb.resolve_conflict() line 91 at RAISE",,1,
960,READ COMMITTED,B,0,1,"CheckViolation: KNDB precedence: NEW outranked by fact_id=dd3c2247-a7ca-4818-af87-8ac04faf6057, reason=kind_outranked -- payload={""value"": ""INFERRED_iter960"", ""writer"": ""kndb_native"", ""fact_id"": ""301d2779-7e36-4804-9031-b4e9dde15a9a"", ""provsql"": ""7c627a17-6253-4b1b-a7ab-3d898f00f6e1"", ""sources"": [], ""sys_time"": ""[\""2026-07-09 02:38:26.544682-05\"",infinity)"", ""attribute"": ""s2_slot"", ""entity_id"": 32000960, ""confidence"": 0.97000, ""valid_time"": ""[\""2025-12-31 18:00:00-06\"",\""2026-06-29 19:00:00-05\"")"", ""specificity"": 100, ""epistemic_kind"": ""INFERRED""}
HINT:  Incoming fact lost the precedence lattice against an existing overlapping fact.
CONTEXT:  PL/pgSQL function kndb.resolve_conflict() line 91 at RAISE",,1,
961,READ COMMITTED,B,0,1,"CheckViolation: KNDB precedence: NEW outranked by fact_id=2e034fef-9e02-435c-ab04-970ee1d55c41, reason=kind_outranked -- payload={""value"": ""INFERRED_iter961"", ""writer"": ""kndb_native"", ""fact_id"": ""d43a70b1-b151-4c12-9d68-b0044796896f"", ""provsql"": ""adbcc2ee-eb72-445d-97c7-1a7056c03263"", ""sources"": [], ""sys_time"": ""[\""2026-07-09 02:38:26.552958-05\"",infinity)"", ""attribute"": ""s2_slot"", ""entity_id"": 32000961, ""confidence"": 0.97000, ""valid_time"": ""[\""2025-12-31 18:00:00-06\"",\""2026-06-29 19:00:00-05\"")"", ""specificity"": 100, ""epistemic_kind"": ""INFERRED""}
HINT:  Incoming fact lost the precedence lattice against an existing overlapping fact.
CONTEXT:  PL/pgSQL function kndb.resolve_conflict() line 91 at RAISE",,1,
962,READ COMMITTED,B,0,1,"CheckViolation: KNDB precedence: NEW outranked by fact_id=375dc9f2-3400-4abc-b989-10ba5efab1f0, reason=kind_outranked -- payload={""value"": ""INFERRED_iter962"", ""writer"": ""kndb_native"", ""fact_id"": ""59711a3b-fd59-4f4c-956a-4b22d6703057"", ""provsql"": ""bf1434c2-7790-4159-b629-536058d95ea7"", ""sources"": [], ""sys_time"": ""[\""2026-07-09 02:38:26.561772-05\"",infinity)"", ""attribute"": ""s2_slot"", ""entity_id"": 32000962, ""confidence"": 0.97000, ""valid_time"": ""[\""2025-12-31 18:00:00-06\"",\""2026-06-29 19:00:00-05\"")"", ""specificity"": 100, ""epistemic_kind"": ""INFERRED""}
HINT:  Incoming fact lost the precedence lattice against an existing overlapping fact.
CONTEXT:  PL/pgSQL function kndb.resolve_conflict() line 91 at RAISE",,1,
963,READ COMMITTED,B,0,1,"CheckViolation: KNDB precedence: NEW outranked by fact_id=90c97f13-d38a-49ca-ac45-7ddcc07dc8c6, reason=kind_outranked -- payload={""value"": ""INFERRED_iter963"", ""writer"": ""kndb_native"", ""fact_id"": ""351040ab-f1db-4d03-80f5-82f385446417"", ""provsql"": ""d79005b7-fc47-4efe-a930-5f1f382dafd3"", ""sources"": [], ""sys_time"": ""[\""2026-07-09 02:38:26.569568-05\"",infinity)"", ""attribute"": ""s2_slot"", ""entity_id"": 32000963, ""confidence"": 0.97000, ""valid_time"": ""[\""2025-12-31 18:00:00-06\"",\""2026-06-29 19:00:00-05\"")"", ""specificity"": 100, ""epistemic_kind"": ""INFERRED""}
HINT:  Incoming fact lost the precedence lattice against an existing overlapping fact.
CONTEXT:  PL/pgSQL function kndb.resolve_conflict() line 91 at RAISE",,1,
964,READ COMMITTED,A,1,1,,,1,
965,READ COMMITTED,A,1,1,,,1,
966,READ COMMITTED,A,1,1,,,1,
967,READ COMMITTED,B,0,1,"CheckViolation: KNDB precedence: NEW outranked by fact_id=c039cdf2-2fdd-4032-8f23-f1dc70665234, reason=kind_outranked -- payload={""value"": ""INFERRED_iter967"", ""writer"": ""kndb_native"", ""fact_id"": ""0edaaf77-9d71-4993-9819-d8ff0f8cdeb9"", ""provsql"": ""93e9dab2-6eaa-4a1c-b30c-9f84c9d42326"", ""sources"": [], ""sys_time"": ""[\""2026-07-09 02:38:26.603276-05\"",infinity)"", ""attribute"": ""s2_slot"", ""entity_id"": 32000967, ""confidence"": 0.97000, ""valid_time"": ""[\""2025-12-31 18:00:00-06\"",\""2026-06-29 19:00:00-05\"")"", ""specificity"": 100, ""epistemic_kind"": ""INFERRED""}
HINT:  Incoming fact lost the precedence lattice against an existing overlapping fact.
CONTEXT:  PL/pgSQL function kndb.resolve_conflict() line 91 at RAISE",,1,
968,READ COMMITTED,B,0,1,"CheckViolation: KNDB precedence: NEW outranked by fact_id=15ab120b-09c5-4992-9fa2-04f9ab663bd6, reason=kind_outranked -- payload={""value"": ""INFERRED_iter968"", ""writer"": ""kndb_native"", ""fact_id"": ""609de4c3-afd8-4099-8077-be4222889696"", ""provsql"": ""d17a0f38-031c-44ce-a8fe-9f73cf205948"", ""sources"": [], ""sys_time"": ""[\""2026-07-09 02:38:26.61187-05\"",infinity)"", ""attribute"": ""s2_slot"", ""entity_id"": 32000968, ""confidence"": 0.97000, ""valid_time"": ""[\""2025-12-31 18:00:00-06\"",\""2026-06-29 19:00:00-05\"")"", ""specificity"": 100, ""epistemic_kind"": ""INFERRED""}
HINT:  Incoming fact lost the precedence lattice against an existing overlapping fact.
CONTEXT:  PL/pgSQL function kndb.resolve_conflict() line 91 at RAISE",,1,
969,READ COMMITTED,B,0,1,"CheckViolation: KNDB precedence: NEW outranked by fact_id=7a40cc9d-fe15-419b-a314-6886d48175e1, reason=kind_outranked -- payload={""value"": ""INFERRED_iter969"", ""writer"": ""kndb_native"", ""fact_id"": ""a201c974-6771-45de-8504-4a7dec7a095f"", ""provsql"": ""b651a00e-2bc2-4064-9495-00ca21ddc088"", ""sources"": [], ""sys_time"": ""[\""2026-07-09 02:38:26.61962-05\"",infinity)"", ""attribute"": ""s2_slot"", ""entity_id"": 32000969, ""confidence"": 0.97000, ""valid_time"": ""[\""2025-12-31 18:00:00-06\"",\""2026-06-29 19:00:00-05\"")"", ""specificity"": 100, ""epistemic_kind"": ""INFERRED""}
HINT:  Incoming fact lost the precedence lattice against an existing overlapping fact.
CONTEXT:  PL/pgSQL function kndb.resolve_conflict() line 91 at RAISE",,1,
970,READ COMMITTED,A,1,1,,,1,
971,READ COMMITTED,A,1,1,,,1,
972,READ COMMITTED,B,0,1,"CheckViolation: KNDB precedence: NEW outranked by fact_id=01f40f5e-7e07-447b-9f15-3dd98fc494cc, reason=kind_outranked -- payload={""value"": ""INFERRED_iter972"", ""writer"": ""kndb_native"", ""fact_id"": ""2884255e-8dc1-4826-b376-19e94eb531dd"", ""provsql"": ""a5feba7b-d915-40af-a806-94e681cea190"", ""sources"": [], ""sys_time"": ""[\""2026-07-09 02:38:26.644648-05\"",infinity)"", ""attribute"": ""s2_slot"", ""entity_id"": 32000972, ""confidence"": 0.97000, ""valid_time"": ""[\""2025-12-31 18:00:00-06\"",\""2026-06-29 19:00:00-05\"")"", ""specificity"": 100, ""epistemic_kind"": ""INFERRED""}
HINT:  Incoming fact lost the precedence lattice against an existing overlapping fact.
CONTEXT:  PL/pgSQL function kndb.resolve_conflict() line 91 at RAISE",,1,
973,READ COMMITTED,B,0,1,"CheckViolation: KNDB precedence: NEW outranked by fact_id=825e7bc9-e928-4ad4-9886-7cf1e7cc30fc, reason=kind_outranked -- payload={""value"": ""INFERRED_iter973"", ""writer"": ""kndb_native"", ""fact_id"": ""f35db941-218f-49f9-aa37-4d43605fe01d"", ""provsql"": ""68ed8332-8408-4ced-9612-94059ac42fe7"", ""sources"": [], ""sys_time"": ""[\""2026-07-09 02:38:26.652862-05\"",infinity)"", ""attribute"": ""s2_slot"", ""entity_id"": 32000973, ""confidence"": 0.97000, ""valid_time"": ""[\""2025-12-31 18:00:00-06\"",\""2026-06-29 19:00:00-05\"")"", ""specificity"": 100, ""epistemic_kind"": ""INFERRED""}
HINT:  Incoming fact lost the precedence lattice against an existing overlapping fact.
CONTEXT:  PL/pgSQL function kndb.resolve_conflict() line 91 at RAISE",,1,
974,READ COMMITTED,A,1,1,,,1,
975,READ COMMITTED,A,1,1,,,1,
976,READ COMMITTED,A,1,1,,,1,
977,READ COMMITTED,B,0,1,"CheckViolation: KNDB precedence: NEW outranked by fact_id=454004b6-0f89-4f2a-87f4-3bdcfb3bd53e, reason=kind_outranked -- payload={""value"": ""INFERRED_iter977"", ""writer"": ""kndb_native"", ""fact_id"": ""df98756c-d5d1-44d7-87c3-114ad1a27fb1"", ""provsql"": ""770b9c88-59f7-4761-abf5-51bc61fb3527"", ""sources"": [], ""sys_time"": ""[\""2026-07-09 02:38:26.68846-05\"",infinity)"", ""attribute"": ""s2_slot"", ""entity_id"": 32000977, ""confidence"": 0.97000, ""valid_time"": ""[\""2025-12-31 18:00:00-06\"",\""2026-06-29 19:00:00-05\"")"", ""specificity"": 100, ""epistemic_kind"": ""INFERRED""}
HINT:  Incoming fact lost the precedence lattice against an existing overlapping fact.
CONTEXT:  PL/pgSQL function kndb.resolve_conflict() line 91 at RAISE",,1,
978,READ COMMITTED,A,1,1,,,1,
979,READ COMMITTED,A,1,1,,,1,
980,READ COMMITTED,A,1,1,,,1,
981,READ COMMITTED,B,0,1,"CheckViolation: KNDB precedence: NEW outranked by fact_id=c9c0c00e-8479-498b-be59-f03e30325ff2, reason=kind_outranked -- payload={""value"": ""INFERRED_iter981"", ""writer"": ""kndb_native"", ""fact_id"": ""6f77a309-b574-4a70-a938-d838a71e04c6"", ""provsql"": ""744fc161-1376-4daa-8925-d98c894b6472"", ""sources"": [], ""sys_time"": ""[\""2026-07-09 02:38:26.724637-05\"",infinity)"", ""attribute"": ""s2_slot"", ""entity_id"": 32000981, ""confidence"": 0.97000, ""valid_time"": ""[\""2025-12-31 18:00:00-06\"",\""2026-06-29 19:00:00-05\"")"", ""specificity"": 100, ""epistemic_kind"": ""INFERRED""}
HINT:  Incoming fact lost the precedence lattice against an existing overlapping fact.
CONTEXT:  PL/pgSQL function kndb.resolve_conflict() line 91 at RAISE",,1,
982,READ COMMITTED,A,1,1,,,1,
983,READ COMMITTED,A,1,1,,,1,
984,READ COMMITTED,B,0,1,"CheckViolation: KNDB precedence: NEW outranked by fact_id=62cf3e34-a8d3-4333-9feb-3edb3706404e, reason=kind_outranked -- payload={""value"": ""INFERRED_iter984"", ""writer"": ""kndb_native"", ""fact_id"": ""903ea25b-b441-4389-940d-0200c46c73ae"", ""provsql"": ""9816450d-fbc5-46dc-bae9-daa754127373"", ""sources"": [], ""sys_time"": ""[\""2026-07-09 02:38:26.751065-05\"",infinity)"", ""attribute"": ""s2_slot"", ""entity_id"": 32000984, ""confidence"": 0.97000, ""valid_time"": ""[\""2025-12-31 18:00:00-06\"",\""2026-06-29 19:00:00-05\"")"", ""specificity"": 100, ""epistemic_kind"": ""INFERRED""}
HINT:  Incoming fact lost the precedence lattice against an existing overlapping fact.
CONTEXT:  PL/pgSQL function kndb.resolve_conflict() line 91 at RAISE",,1,
985,READ COMMITTED,B,0,1,"CheckViolation: KNDB precedence: NEW outranked by fact_id=ab3122e3-b01c-436d-9949-dcd40066a74b, reason=kind_outranked -- payload={""value"": ""INFERRED_iter985"", ""writer"": ""kndb_native"", ""fact_id"": ""4b095660-3670-4efc-85c2-c7f0be4e967d"", ""provsql"": ""d5e40e62-3786-4134-b1fe-1118fe6de98a"", ""sources"": [], ""sys_time"": ""[\""2026-07-09 02:38:26.758992-05\"",infinity)"", ""attribute"": ""s2_slot"", ""entity_id"": 32000985, ""confidence"": 0.97000, ""valid_time"": ""[\""2025-12-31 18:00:00-06\"",\""2026-06-29 19:00:00-05\"")"", ""specificity"": 100, ""epistemic_kind"": ""INFERRED""}
HINT:  Incoming fact lost the precedence lattice against an existing overlapping fact.
CONTEXT:  PL/pgSQL function kndb.resolve_conflict() line 91 at RAISE",,1,
986,READ COMMITTED,B,0,1,"CheckViolation: KNDB precedence: NEW outranked by fact_id=978c7ae2-9472-41be-a094-ee3af3b04f52, reason=kind_outranked -- payload={""value"": ""INFERRED_iter986"", ""writer"": ""kndb_native"", ""fact_id"": ""9bdf5e11-bda1-49d1-803c-aab6a11ecf67"", ""provsql"": ""25220a7c-2210-4dcb-9ced-acdff4963c25"", ""sources"": [], ""sys_time"": ""[\""2026-07-09 02:38:26.766955-05\"",infinity)"", ""attribute"": ""s2_slot"", ""entity_id"": 32000986, ""confidence"": 0.97000, ""valid_time"": ""[\""2025-12-31 18:00:00-06\"",\""2026-06-29 19:00:00-05\"")"", ""specificity"": 100, ""epistemic_kind"": ""INFERRED""}
HINT:  Incoming fact lost the precedence lattice against an existing overlapping fact.
CONTEXT:  PL/pgSQL function kndb.resolve_conflict() line 91 at RAISE",,1,
987,READ COMMITTED,A,1,1,,,1,
988,READ COMMITTED,B,0,1,"CheckViolation: KNDB precedence: NEW outranked by fact_id=ba5c328b-65e7-4145-8c53-6351a9bf138f, reason=kind_outranked -- payload={""value"": ""INFERRED_iter988"", ""writer"": ""kndb_native"", ""fact_id"": ""28718e0b-f618-484e-8d0b-f4c3e79f2e6d"", ""provsql"": ""d09099ba-fd85-4aa6-b3cf-0587ff557631"", ""sources"": [], ""sys_time"": ""[\""2026-07-09 02:38:26.784478-05\"",infinity)"", ""attribute"": ""s2_slot"", ""entity_id"": 32000988, ""confidence"": 0.97000, ""valid_time"": ""[\""2025-12-31 18:00:00-06\"",\""2026-06-29 19:00:00-05\"")"", ""specificity"": 100, ""epistemic_kind"": ""INFERRED""}
HINT:  Incoming fact lost the precedence lattice against an existing overlapping fact.
CONTEXT:  PL/pgSQL function kndb.resolve_conflict() line 91 at RAISE",,1,
989,READ COMMITTED,A,1,1,,,1,
990,READ COMMITTED,A,1,1,,,1,
991,READ COMMITTED,A,1,1,,,1,
992,READ COMMITTED,A,1,1,,,1,
993,READ COMMITTED,A,1,1,,,1,
994,READ COMMITTED,B,0,1,"CheckViolation: KNDB precedence: NEW outranked by fact_id=052c85a7-2fcf-4f56-9ef6-13b4acbef21c, reason=kind_outranked -- payload={""value"": ""INFERRED_iter994"", ""writer"": ""kndb_native"", ""fact_id"": ""84ddddce-e4e7-4787-894c-be3ab6ce5e81"", ""provsql"": ""c74632b7-785d-40d4-a822-60f84a59053d"", ""sources"": [], ""sys_time"": ""[\""2026-07-09 02:38:26.834911-05\"",infinity)"", ""attribute"": ""s2_slot"", ""entity_id"": 32000994, ""confidence"": 0.97000, ""valid_time"": ""[\""2025-12-31 18:00:00-06\"",\""2026-06-29 19:00:00-05\"")"", ""specificity"": 100, ""epistemic_kind"": ""INFERRED""}
HINT:  Incoming fact lost the precedence lattice against an existing overlapping fact.
CONTEXT:  PL/pgSQL function kndb.resolve_conflict() line 91 at RAISE",,1,
995,READ COMMITTED,A,1,1,,,1,
996,READ COMMITTED,A,1,1,,,1,
997,READ COMMITTED,A,1,1,,,1,
998,READ COMMITTED,B,0,1,"CheckViolation: KNDB precedence: NEW outranked by fact_id=f381a9bb-dbcd-40fc-81e2-c98aefed3ee0, reason=kind_outranked -- payload={""value"": ""INFERRED_iter998"", ""writer"": ""kndb_native"", ""fact_id"": ""85b4220b-cecf-4cdc-a355-eb45f824f94c"", ""provsql"": ""d8a9926f-a943-47e9-a9f4-406548eba378"", ""sources"": [], ""sys_time"": ""[\""2026-07-09 02:38:26.868819-05\"",infinity)"", ""attribute"": ""s2_slot"", ""entity_id"": 32000998, ""confidence"": 0.97000, ""valid_time"": ""[\""2025-12-31 18:00:00-06\"",\""2026-06-29 19:00:00-05\"")"", ""specificity"": 100, ""epistemic_kind"": ""INFERRED""}
HINT:  Incoming fact lost the precedence lattice against an existing overlapping fact.
CONTEXT:  PL/pgSQL function kndb.resolve_conflict() line 91 at RAISE",,1,
999,READ COMMITTED,B,0,1,"CheckViolation: KNDB precedence: NEW outranked by fact_id=bc449d16-87ab-4a6b-b9bf-a40c732544e7, reason=kind_outranked -- payload={""value"": ""INFERRED_iter999"", ""writer"": ""kndb_native"", ""fact_id"": ""31e4c151-b504-481d-b50d-fea1a040eb0c"", ""provsql"": ""0ebc5e78-ff17-4ecd-81f6-128993da4cc3"", ""sources"": [], ""sys_time"": ""[\""2026-07-09 02:38:26.878254-05\"",infinity)"", ""attribute"": ""s2_slot"", ""entity_id"": 32000999, ""confidence"": 0.97000, ""valid_time"": ""[\""2025-12-31 18:00:00-06\"",\""2026-06-29 19:00:00-05\"")"", ""specificity"": 100, ""epistemic_kind"": ""INFERRED""}
HINT:  Incoming fact lost the precedence lattice against an existing overlapping fact.
CONTEXT:  PL/pgSQL function kndb.resolve_conflict() line 91 at RAISE",,1,
