iteration,isolation,commit_hint_first,thread_a_committed,thread_b_committed,thread_a_error,thread_b_error,invariant_ok,invariant_detail
0,SERIALIZABLE,B,0,1,"SerializationFailure: could not serialize access due to read/write dependencies among transactions
DETAIL:  Reason code: Canceled on identification as a pivot, during write.
HINT:  The transaction might succeed if retried.",,1,
1,SERIALIZABLE,A,1,0,,"SerializationFailure: could not serialize access due to read/write dependencies among transactions
DETAIL:  Reason code: Canceled on identification as a pivot, during write.
HINT:  The transaction might succeed if retried.",0,"live kind for entity_id=32000001 attribute='s2_slot' is INFERRED, expected MEASURED"
2,SERIALIZABLE,A,1,0,,"SerializationFailure: could not serialize access due to read/write dependencies among transactions
DETAIL:  Reason code: Canceled on identification as a pivot, during write.
HINT:  The transaction might succeed if retried.",0,"live kind for entity_id=32000002 attribute='s2_slot' is INFERRED, expected MEASURED"
3,SERIALIZABLE,A,1,1,,,1,
4,SERIALIZABLE,B,0,1,"CheckViolation: KNDB precedence: NEW outranked by fact_id=dfc43cdc-1e67-4017-9364-c5bc610e7f22, reason=kind_outranked -- payload={""value"": ""INFERRED_iter4"", ""writer"": ""kndb_native"", ""fact_id"": ""3c32cd58-6ad9-403e-85e9-fb780f82f955"", ""provsql"": ""22efdd77-6b04-4bb8-9250-cb3ce8a12abe"", ""sources"": [], ""sys_time"": ""[\""2026-07-09 02:38:27.178211-05\"",infinity)"", ""attribute"": ""s2_slot"", ""entity_id"": 32000004, ""confidence"": 0.97000, ""valid_time"": ""[\""2025-12-31 18:00:00-06\"",\""2026-06-29 19:00:00-05\"")"", ""specificity"": 100, ""epistemic_kind"": ""INFERRED""}
HINT:  Incoming fact lost the precedence lattice against an existing overlapping fact.
CONTEXT:  PL/pgSQL function kndb.resolve_conflict() line 91 at RAISE",,1,
5,SERIALIZABLE,B,0,1,"SerializationFailure: could not serialize access due to read/write dependencies among transactions
DETAIL:  Reason code: Canceled on identification as a pivot, during write.
HINT:  The transaction might succeed if retried.",,1,
6,SERIALIZABLE,B,0,1,"SerializationFailure: could not serialize access due to read/write dependencies among transactions
DETAIL:  Reason code: Canceled on identification as a pivot, during write.
HINT:  The transaction might succeed if retried.",,1,
7,SERIALIZABLE,A,1,0,,"SerializationFailure: could not serialize access due to read/write dependencies among transactions
DETAIL:  Reason code: Canceled on identification as a pivot, during write.
HINT:  The transaction might succeed if retried.",0,"live kind for entity_id=32000007 attribute='s2_slot' is INFERRED, expected MEASURED"
8,SERIALIZABLE,A,1,0,,"SerializationFailure: could not serialize access due to read/write dependencies among transactions
DETAIL:  Reason code: Canceled on identification as a pivot, during write.
HINT:  The transaction might succeed if retried.",0,"live kind for entity_id=32000008 attribute='s2_slot' is INFERRED, expected MEASURED"
9,SERIALIZABLE,A,1,0,,"SerializationFailure: could not serialize access due to read/write dependencies among transactions
DETAIL:  Reason code: Canceled on identification as a pivot, during write.
HINT:  The transaction might succeed if retried.",0,"live kind for entity_id=32000009 attribute='s2_slot' is INFERRED, expected MEASURED"
10,SERIALIZABLE,A,1,0,,"SerializationFailure: could not serialize access due to read/write dependencies among transactions
DETAIL:  Reason code: Canceled on identification as a pivot, during write.
HINT:  The transaction might succeed if retried.",0,"live kind for entity_id=32000010 attribute='s2_slot' is INFERRED, expected MEASURED"
11,SERIALIZABLE,B,0,1,"SerializationFailure: could not serialize access due to read/write dependencies among transactions
DETAIL:  Reason code: Canceled on identification as a pivot, during write.
HINT:  The transaction might succeed if retried.",,1,
12,SERIALIZABLE,A,1,1,,,1,
13,SERIALIZABLE,A,1,1,,,1,
14,SERIALIZABLE,B,0,1,"SerializationFailure: could not serialize access due to read/write dependencies among transactions
DETAIL:  Reason code: Canceled on identification as a pivot, during write.
HINT:  The transaction might succeed if retried.",,1,
15,SERIALIZABLE,B,0,1,"SerializationFailure: could not serialize access due to read/write dependencies among transactions
DETAIL:  Reason code: Canceled on identification as a pivot, during write.
HINT:  The transaction might succeed if retried.",,1,
16,SERIALIZABLE,A,1,0,,"SerializationFailure: could not serialize access due to read/write dependencies among transactions
DETAIL:  Reason code: Canceled on identification as a pivot, during write.
HINT:  The transaction might succeed if retried.",0,"live kind for entity_id=32000016 attribute='s2_slot' is INFERRED, expected MEASURED"
17,SERIALIZABLE,B,0,1,"CheckViolation: KNDB precedence: NEW outranked by fact_id=aaeed8fe-4ca5-4f0a-a89e-7def6476dd46, reason=kind_outranked -- payload={""value"": ""INFERRED_iter17"", ""writer"": ""kndb_native"", ""fact_id"": ""9dfe3162-3132-445d-8113-599705370cfa"", ""provsql"": ""f539179f-ed6d-4885-bffe-699ed87336dc"", ""sources"": [], ""sys_time"": ""[\""2026-07-09 02:38:27.285627-05\"",infinity)"", ""attribute"": ""s2_slot"", ""entity_id"": 32000017, ""confidence"": 0.97000, ""valid_time"": ""[\""2025-12-31 18:00:00-06\"",\""2026-06-29 19:00:00-05\"")"", ""specificity"": 100, ""epistemic_kind"": ""INFERRED""}
HINT:  Incoming fact lost the precedence lattice against an existing overlapping fact.
CONTEXT:  PL/pgSQL function kndb.resolve_conflict() line 91 at RAISE",,1,
18,SERIALIZABLE,B,0,1,"CheckViolation: KNDB precedence: NEW outranked by fact_id=89f9563f-0602-4aea-a653-44708924a84e, reason=kind_outranked -- payload={""value"": ""INFERRED_iter18"", ""writer"": ""kndb_native"", ""fact_id"": ""654620f6-b024-40ce-91e2-7866d353fbb2"", ""provsql"": ""c93df0a9-c228-4ac2-85bb-26a0d8b276a6"", ""sources"": [], ""sys_time"": ""[\""2026-07-09 02:38:27.293984-05\"",infinity)"", ""attribute"": ""s2_slot"", ""entity_id"": 32000018, ""confidence"": 0.97000, ""valid_time"": ""[\""2025-12-31 18:00:00-06\"",\""2026-06-29 19:00:00-05\"")"", ""specificity"": 100, ""epistemic_kind"": ""INFERRED""}
HINT:  Incoming fact lost the precedence lattice against an existing overlapping fact.
CONTEXT:  PL/pgSQL function kndb.resolve_conflict() line 91 at RAISE",,1,
19,SERIALIZABLE,A,1,0,,"SerializationFailure: could not serialize access due to read/write dependencies among transactions
DETAIL:  Reason code: Canceled on identification as a pivot, during write.
HINT:  The transaction might succeed if retried.",0,"live kind for entity_id=32000019 attribute='s2_slot' is INFERRED, expected MEASURED"
20,SERIALIZABLE,B,0,1,"SerializationFailure: could not serialize access due to read/write dependencies among transactions
DETAIL:  Reason code: Canceled on identification as a pivot, during write.
HINT:  The transaction might succeed if retried.",,1,
21,SERIALIZABLE,B,0,1,"CheckViolation: KNDB precedence: NEW outranked by fact_id=03957d85-a48f-4f43-926b-cd7c5b666da4, reason=kind_outranked -- payload={""value"": ""INFERRED_iter21"", ""writer"": ""kndb_native"", ""fact_id"": ""defaf128-87e4-4b55-a4ef-a66f912ae3fc"", ""provsql"": ""46fc3c23-97ee-4aca-a30d-caf20a77460b"", ""sources"": [], ""sys_time"": ""[\""2026-07-09 02:38:27.318183-05\"",infinity)"", ""attribute"": ""s2_slot"", ""entity_id"": 32000021, ""confidence"": 0.97000, ""valid_time"": ""[\""2025-12-31 18:00:00-06\"",\""2026-06-29 19:00:00-05\"")"", ""specificity"": 100, ""epistemic_kind"": ""INFERRED""}
HINT:  Incoming fact lost the precedence lattice against an existing overlapping fact.
CONTEXT:  PL/pgSQL function kndb.resolve_conflict() line 91 at RAISE",,1,
22,SERIALIZABLE,A,1,1,,,1,
23,SERIALIZABLE,A,1,0,,"SerializationFailure: could not serialize access due to read/write dependencies among transactions
DETAIL:  Reason code: Canceled on identification as a pivot, during write.
HINT:  The transaction might succeed if retried.",0,"live kind for entity_id=32000023 attribute='s2_slot' is INFERRED, expected MEASURED"
24,SERIALIZABLE,B,0,1,"CheckViolation: KNDB precedence: NEW outranked by fact_id=27ff72bc-62c8-42e2-9a1f-4dd272e31bc4, reason=kind_outranked -- payload={""value"": ""INFERRED_iter24"", ""writer"": ""kndb_native"", ""fact_id"": ""dedb28a2-68f8-4eab-8f04-1334b4d6f440"", ""provsql"": ""5e64b489-12d1-4795-95ec-57331b33b12f"", ""sources"": [], ""sys_time"": ""[\""2026-07-09 02:38:27.342996-05\"",infinity)"", ""attribute"": ""s2_slot"", ""entity_id"": 32000024, ""confidence"": 0.97000, ""valid_time"": ""[\""2025-12-31 18:00:00-06\"",\""2026-06-29 19:00:00-05\"")"", ""specificity"": 100, ""epistemic_kind"": ""INFERRED""}
HINT:  Incoming fact lost the precedence lattice against an existing overlapping fact.
CONTEXT:  PL/pgSQL function kndb.resolve_conflict() line 91 at RAISE",,1,
25,SERIALIZABLE,A,1,0,,"SerializationFailure: could not serialize access due to read/write dependencies among transactions
DETAIL:  Reason code: Canceled on identification as a pivot, during write.
HINT:  The transaction might succeed if retried.",0,"live kind for entity_id=32000025 attribute='s2_slot' is INFERRED, expected MEASURED"
26,SERIALIZABLE,A,1,1,,,1,
27,SERIALIZABLE,A,1,1,,,1,
28,SERIALIZABLE,B,0,1,"CheckViolation: KNDB precedence: NEW outranked by fact_id=ce9f159a-f80e-493c-bd14-e247bfdeb5a0, reason=kind_outranked -- payload={""value"": ""INFERRED_iter28"", ""writer"": ""kndb_native"", ""fact_id"": ""4f546b3a-862b-415b-b70b-7cddbb0398df"", ""provsql"": ""002b1b34-d05a-47e8-bf70-e8b03ac4e1b1"", ""sources"": [], ""sys_time"": ""[\""2026-07-09 02:38:27.375944-05\"",infinity)"", ""attribute"": ""s2_slot"", ""entity_id"": 32000028, ""confidence"": 0.97000, ""valid_time"": ""[\""2025-12-31 18:00:00-06\"",\""2026-06-29 19:00:00-05\"")"", ""specificity"": 100, ""epistemic_kind"": ""INFERRED""}
HINT:  Incoming fact lost the precedence lattice against an existing overlapping fact.
CONTEXT:  PL/pgSQL function kndb.resolve_conflict() line 91 at RAISE",,1,
29,SERIALIZABLE,B,0,1,"CheckViolation: KNDB precedence: NEW outranked by fact_id=30639c45-30bb-4636-a896-0bd23443ae67, reason=kind_outranked -- payload={""value"": ""INFERRED_iter29"", ""writer"": ""kndb_native"", ""fact_id"": ""3851fcea-8ec5-45ca-a1ff-663566a0136c"", ""provsql"": ""e0e81453-0881-4fa8-bf09-39f22c2d19c9"", ""sources"": [], ""sys_time"": ""[\""2026-07-09 02:38:27.383881-05\"",infinity)"", ""attribute"": ""s2_slot"", ""entity_id"": 32000029, ""confidence"": 0.97000, ""valid_time"": ""[\""2025-12-31 18:00:00-06\"",\""2026-06-29 19:00:00-05\"")"", ""specificity"": 100, ""epistemic_kind"": ""INFERRED""}
HINT:  Incoming fact lost the precedence lattice against an existing overlapping fact.
CONTEXT:  PL/pgSQL function kndb.resolve_conflict() line 91 at RAISE",,1,
30,SERIALIZABLE,B,0,1,"CheckViolation: KNDB precedence: NEW outranked by fact_id=e7130178-5e58-4521-b36a-0d43f80a75ae, reason=kind_outranked -- payload={""value"": ""INFERRED_iter30"", ""writer"": ""kndb_native"", ""fact_id"": ""48196740-d43d-4848-bfde-609c10fde7e0"", ""provsql"": ""1b105d54-e6d7-4191-bd06-6e3120da8861"", ""sources"": [], ""sys_time"": ""[\""2026-07-09 02:38:27.392565-05\"",infinity)"", ""attribute"": ""s2_slot"", ""entity_id"": 32000030, ""confidence"": 0.97000, ""valid_time"": ""[\""2025-12-31 18:00:00-06\"",\""2026-06-29 19:00:00-05\"")"", ""specificity"": 100, ""epistemic_kind"": ""INFERRED""}
HINT:  Incoming fact lost the precedence lattice against an existing overlapping fact.
CONTEXT:  PL/pgSQL function kndb.resolve_conflict() line 91 at RAISE",,1,
31,SERIALIZABLE,B,0,1,"CheckViolation: KNDB precedence: NEW outranked by fact_id=ee11cbb5-d14b-438a-a415-dc9c1cad74bb, reason=kind_outranked -- payload={""value"": ""INFERRED_iter31"", ""writer"": ""kndb_native"", ""fact_id"": ""ada7ce44-5d4f-4d12-a390-535cd41e1f94"", ""provsql"": ""a243824e-74e2-4e39-ac76-cdb0f55378a7"", ""sources"": [], ""sys_time"": ""[\""2026-07-09 02:38:27.400348-05\"",infinity)"", ""attribute"": ""s2_slot"", ""entity_id"": 32000031, ""confidence"": 0.97000, ""valid_time"": ""[\""2025-12-31 18:00:00-06\"",\""2026-06-29 19:00:00-05\"")"", ""specificity"": 100, ""epistemic_kind"": ""INFERRED""}
HINT:  Incoming fact lost the precedence lattice against an existing overlapping fact.
CONTEXT:  PL/pgSQL function kndb.resolve_conflict() line 91 at RAISE",,1,
32,SERIALIZABLE,B,0,1,"SerializationFailure: could not serialize access due to read/write dependencies among transactions
DETAIL:  Reason code: Canceled on identification as a pivot, during write.
HINT:  The transaction might succeed if retried.",,1,
33,SERIALIZABLE,B,0,1,"SerializationFailure: could not serialize access due to read/write dependencies among transactions
DETAIL:  Reason code: Canceled on identification as a pivot, during write.
HINT:  The transaction might succeed if retried.",,1,
34,SERIALIZABLE,A,1,1,,,1,
35,SERIALIZABLE,B,0,1,"CheckViolation: KNDB precedence: NEW outranked by fact_id=e3ec6689-c30f-4e42-b705-54a416134b57, reason=kind_outranked -- payload={""value"": ""INFERRED_iter35"", ""writer"": ""kndb_native"", ""fact_id"": ""9fb727a6-5c39-4968-b831-97982644f5d7"", ""provsql"": ""bb0467ea-b2be-4d01-abfe-be642ed18343"", ""sources"": [], ""sys_time"": ""[\""2026-07-09 02:38:27.435258-05\"",infinity)"", ""attribute"": ""s2_slot"", ""entity_id"": 32000035, ""confidence"": 0.97000, ""valid_time"": ""[\""2025-12-31 18:00:00-06\"",\""2026-06-29 19:00:00-05\"")"", ""specificity"": 100, ""epistemic_kind"": ""INFERRED""}
HINT:  Incoming fact lost the precedence lattice against an existing overlapping fact.
CONTEXT:  PL/pgSQL function kndb.resolve_conflict() line 91 at RAISE",,1,
36,SERIALIZABLE,B,0,1,"CheckViolation: KNDB precedence: NEW outranked by fact_id=f4645b02-f024-43ac-9fc9-dbac9a5312f0, reason=kind_outranked -- payload={""value"": ""INFERRED_iter36"", ""writer"": ""kndb_native"", ""fact_id"": ""627b23c8-534a-4de6-814b-b0c18f3c4968"", ""provsql"": ""30ecdd41-53ed-4b5b-9ab5-6f2c7e290f22"", ""sources"": [], ""sys_time"": ""[\""2026-07-09 02:38:27.442997-05\"",infinity)"", ""attribute"": ""s2_slot"", ""entity_id"": 32000036, ""confidence"": 0.97000, ""valid_time"": ""[\""2025-12-31 18:00:00-06\"",\""2026-06-29 19:00:00-05\"")"", ""specificity"": 100, ""epistemic_kind"": ""INFERRED""}
HINT:  Incoming fact lost the precedence lattice against an existing overlapping fact.
CONTEXT:  PL/pgSQL function kndb.resolve_conflict() line 91 at RAISE",,1,
37,SERIALIZABLE,B,0,1,"SerializationFailure: could not serialize access due to read/write dependencies among transactions
DETAIL:  Reason code: Canceled on identification as a pivot, during write.
HINT:  The transaction might succeed if retried.",,1,
38,SERIALIZABLE,B,0,1,"CheckViolation: KNDB precedence: NEW outranked by fact_id=20f9d6c3-b628-4317-8824-2723b00f2f27, reason=kind_outranked -- payload={""value"": ""INFERRED_iter38"", ""writer"": ""kndb_native"", ""fact_id"": ""5d5372f9-45a1-496f-9239-f4e7360d5fbb"", ""provsql"": ""455326bd-e169-40b4-b34b-c0b82ad1b915"", ""sources"": [], ""sys_time"": ""[\""2026-07-09 02:38:27.458334-05\"",infinity)"", ""attribute"": ""s2_slot"", ""entity_id"": 32000038, ""confidence"": 0.97000, ""valid_time"": ""[\""2025-12-31 18:00:00-06\"",\""2026-06-29 19:00:00-05\"")"", ""specificity"": 100, ""epistemic_kind"": ""INFERRED""}
HINT:  Incoming fact lost the precedence lattice against an existing overlapping fact.
CONTEXT:  PL/pgSQL function kndb.resolve_conflict() line 91 at RAISE",,1,
39,SERIALIZABLE,B,0,1,"SerializationFailure: could not serialize access due to read/write dependencies among transactions
DETAIL:  Reason code: Canceled on identification as a pivot, during write.
HINT:  The transaction might succeed if retried.",,1,
40,SERIALIZABLE,B,0,1,"CheckViolation: KNDB precedence: NEW outranked by fact_id=7630fa7b-aa4c-4dd0-a3cc-16dadae324f4, reason=kind_outranked -- payload={""value"": ""INFERRED_iter40"", ""writer"": ""kndb_native"", ""fact_id"": ""ffa878bd-2ed2-44a6-b6a5-2869c0732184"", ""provsql"": ""acbeee17-4b9d-43b3-9dd9-e85fdd94c260"", ""sources"": [], ""sys_time"": ""[\""2026-07-09 02:38:27.474321-05\"",infinity)"", ""attribute"": ""s2_slot"", ""entity_id"": 32000040, ""confidence"": 0.97000, ""valid_time"": ""[\""2025-12-31 18:00:00-06\"",\""2026-06-29 19:00:00-05\"")"", ""specificity"": 100, ""epistemic_kind"": ""INFERRED""}
HINT:  Incoming fact lost the precedence lattice against an existing overlapping fact.
CONTEXT:  PL/pgSQL function kndb.resolve_conflict() line 91 at RAISE",,1,
41,SERIALIZABLE,A,1,1,,,1,
42,SERIALIZABLE,A,1,0,,"SerializationFailure: could not serialize access due to read/write dependencies among transactions
DETAIL:  Reason code: Canceled on identification as a pivot, during write.
HINT:  The transaction might succeed if retried.",0,"live kind for entity_id=32000042 attribute='s2_slot' is INFERRED, expected MEASURED"
43,SERIALIZABLE,A,1,0,,"SerializationFailure: could not serialize access due to read/write dependencies among transactions
DETAIL:  Reason code: Canceled on identification as a pivot, during write.
HINT:  The transaction might succeed if retried.",0,"live kind for entity_id=32000043 attribute='s2_slot' is INFERRED, expected MEASURED"
44,SERIALIZABLE,A,1,0,,"SerializationFailure: could not serialize access due to read/write dependencies among transactions
DETAIL:  Reason code: Canceled on identification as a pivot, during write.
HINT:  The transaction might succeed if retried.",0,"live kind for entity_id=32000044 attribute='s2_slot' is INFERRED, expected MEASURED"
45,SERIALIZABLE,A,1,1,,,1,
46,SERIALIZABLE,A,1,1,,,1,
47,SERIALIZABLE,A,1,0,,"SerializationFailure: could not serialize access due to read/write dependencies among transactions
DETAIL:  Reason code: Canceled on identification as a pivot, during write.
HINT:  The transaction might succeed if retried.",0,"live kind for entity_id=32000047 attribute='s2_slot' is INFERRED, expected MEASURED"
48,SERIALIZABLE,B,0,1,"SerializationFailure: could not serialize access due to read/write dependencies among transactions
DETAIL:  Reason code: Canceled on identification as a pivot, during write.
HINT:  The transaction might succeed if retried.",,1,
49,SERIALIZABLE,A,1,0,,"SerializationFailure: could not serialize access due to read/write dependencies among transactions
DETAIL:  Reason code: Canceled on identification as a pivot, during write.
HINT:  The transaction might succeed if retried.",0,"live kind for entity_id=32000049 attribute='s2_slot' is INFERRED, expected MEASURED"
50,SERIALIZABLE,A,1,0,,"SerializationFailure: could not serialize access due to read/write dependencies among transactions
DETAIL:  Reason code: Canceled on identification as a pivot, during write.
HINT:  The transaction might succeed if retried.",0,"live kind for entity_id=32000050 attribute='s2_slot' is INFERRED, expected MEASURED"
51,SERIALIZABLE,A,1,0,,"SerializationFailure: could not serialize access due to read/write dependencies among transactions
DETAIL:  Reason code: Canceled on identification as a pivot, during write.
HINT:  The transaction might succeed if retried.",0,"live kind for entity_id=32000051 attribute='s2_slot' is INFERRED, expected MEASURED"
52,SERIALIZABLE,A,1,0,,"SerializationFailure: could not serialize access due to read/write dependencies among transactions
DETAIL:  Reason code: Canceled on identification as a pivot, during write.
HINT:  The transaction might succeed if retried.",0,"live kind for entity_id=32000052 attribute='s2_slot' is INFERRED, expected MEASURED"
53,SERIALIZABLE,B,0,1,"SerializationFailure: could not serialize access due to read/write dependencies among transactions
DETAIL:  Reason code: Canceled on identification as a pivot, during write.
HINT:  The transaction might succeed if retried.",,1,
54,SERIALIZABLE,B,0,1,"CheckViolation: KNDB precedence: NEW outranked by fact_id=eb3e594d-4cde-4297-9509-09413f6a6a2a, reason=kind_outranked -- payload={""value"": ""INFERRED_iter54"", ""writer"": ""kndb_native"", ""fact_id"": ""54b3261f-bd57-4ac0-aa79-3d4dccaa1a0a"", ""provsql"": ""550b1afa-1ea1-4e32-b757-41bb7c22798b"", ""sources"": [], ""sys_time"": ""[\""2026-07-09 02:38:27.588717-05\"",infinity)"", ""attribute"": ""s2_slot"", ""entity_id"": 32000054, ""confidence"": 0.97000, ""valid_time"": ""[\""2025-12-31 18:00:00-06\"",\""2026-06-29 19:00:00-05\"")"", ""specificity"": 100, ""epistemic_kind"": ""INFERRED""}
HINT:  Incoming fact lost the precedence lattice against an existing overlapping fact.
CONTEXT:  PL/pgSQL function kndb.resolve_conflict() line 91 at RAISE",,1,
55,SERIALIZABLE,B,0,1,"SerializationFailure: could not serialize access due to read/write dependencies among transactions
DETAIL:  Reason code: Canceled on identification as a pivot, during write.
HINT:  The transaction might succeed if retried.",,1,
56,SERIALIZABLE,A,1,0,,"SerializationFailure: could not serialize access due to read/write dependencies among transactions
DETAIL:  Reason code: Canceled on identification as a pivot, during write.
HINT:  The transaction might succeed if retried.",0,"live kind for entity_id=32000056 attribute='s2_slot' is INFERRED, expected MEASURED"
57,SERIALIZABLE,B,0,1,"CheckViolation: KNDB precedence: NEW outranked by fact_id=7f275bab-cb70-4843-b5cc-d3d2e662bb49, reason=kind_outranked -- payload={""value"": ""INFERRED_iter57"", ""writer"": ""kndb_native"", ""fact_id"": ""8a7ca3ac-01c7-41df-ba26-5bffa520c93a"", ""provsql"": ""39c6038a-6a63-49f3-ab92-6ecf681bbb2d"", ""sources"": [], ""sys_time"": ""[\""2026-07-09 02:38:27.61312-05\"",infinity)"", ""attribute"": ""s2_slot"", ""entity_id"": 32000057, ""confidence"": 0.97000, ""valid_time"": ""[\""2025-12-31 18:00:00-06\"",\""2026-06-29 19:00:00-05\"")"", ""specificity"": 100, ""epistemic_kind"": ""INFERRED""}
HINT:  Incoming fact lost the precedence lattice against an existing overlapping fact.
CONTEXT:  PL/pgSQL function kndb.resolve_conflict() line 91 at RAISE",,1,
58,SERIALIZABLE,A,1,0,,"SerializationFailure: could not serialize access due to read/write dependencies among transactions
DETAIL:  Reason code: Canceled on identification as a pivot, during write.
HINT:  The transaction might succeed if retried.",0,"live kind for entity_id=32000058 attribute='s2_slot' is INFERRED, expected MEASURED"
59,SERIALIZABLE,A,1,1,,,1,
60,SERIALIZABLE,B,0,1,"CheckViolation: KNDB precedence: NEW outranked by fact_id=188e7cbf-dcf9-4391-989e-cf8a01489b85, reason=kind_outranked -- payload={""value"": ""INFERRED_iter60"", ""writer"": ""kndb_native"", ""fact_id"": ""1ef7a638-70c4-4540-8b28-7f7245f02abd"", ""provsql"": ""c16e0829-4cbc-4e2c-8160-d71809dfdda2"", ""sources"": [], ""sys_time"": ""[\""2026-07-09 02:38:27.637615-05\"",infinity)"", ""attribute"": ""s2_slot"", ""entity_id"": 32000060, ""confidence"": 0.97000, ""valid_time"": ""[\""2025-12-31 18:00:00-06\"",\""2026-06-29 19:00:00-05\"")"", ""specificity"": 100, ""epistemic_kind"": ""INFERRED""}
HINT:  Incoming fact lost the precedence lattice against an existing overlapping fact.
CONTEXT:  PL/pgSQL function kndb.resolve_conflict() line 91 at RAISE",,1,
61,SERIALIZABLE,B,0,1,"SerializationFailure: could not serialize access due to read/write dependencies among transactions
DETAIL:  Reason code: Canceled on identification as a pivot, during write.
HINT:  The transaction might succeed if retried.",,1,
62,SERIALIZABLE,B,0,1,"SerializationFailure: could not serialize access due to read/write dependencies among transactions
DETAIL:  Reason code: Canceled on identification as a pivot, during write.
HINT:  The transaction might succeed if retried.",,1,
63,SERIALIZABLE,B,0,1,"CheckViolation: KNDB precedence: NEW outranked by fact_id=f3c00b26-d5bd-4230-90ba-c1574c42cb22, reason=kind_outranked -- payload={""value"": ""INFERRED_iter63"", ""writer"": ""kndb_native"", ""fact_id"": ""787e45bb-d3cb-4877-8ec0-0f475c202edc"", ""provsql"": ""3d953617-efc8-4e35-a580-af8d42900a21"", ""sources"": [], ""sys_time"": ""[\""2026-07-09 02:38:27.660817-05\"",infinity)"", ""attribute"": ""s2_slot"", ""entity_id"": 32000063, ""confidence"": 0.97000, ""valid_time"": ""[\""2025-12-31 18:00:00-06\"",\""2026-06-29 19:00:00-05\"")"", ""specificity"": 100, ""epistemic_kind"": ""INFERRED""}
HINT:  Incoming fact lost the precedence lattice against an existing overlapping fact.
CONTEXT:  PL/pgSQL function kndb.resolve_conflict() line 91 at RAISE",,1,
64,SERIALIZABLE,B,0,1,"CheckViolation: KNDB precedence: NEW outranked by fact_id=baff68ec-0537-4cab-8aae-a9cd4fd25d38, reason=kind_outranked -- payload={""value"": ""INFERRED_iter64"", ""writer"": ""kndb_native"", ""fact_id"": ""5ee9c399-f7ae-4ca9-889d-0fa1b6a89225"", ""provsql"": ""7050fc59-b3b7-42b1-bd66-1f422d8ada82"", ""sources"": [], ""sys_time"": ""[\""2026-07-09 02:38:27.668112-05\"",infinity)"", ""attribute"": ""s2_slot"", ""entity_id"": 32000064, ""confidence"": 0.97000, ""valid_time"": ""[\""2025-12-31 18:00:00-06\"",\""2026-06-29 19:00:00-05\"")"", ""specificity"": 100, ""epistemic_kind"": ""INFERRED""}
HINT:  Incoming fact lost the precedence lattice against an existing overlapping fact.
CONTEXT:  PL/pgSQL function kndb.resolve_conflict() line 91 at RAISE",,1,
65,SERIALIZABLE,B,0,1,"CheckViolation: KNDB precedence: NEW outranked by fact_id=6cce8126-77b2-454d-8646-a3313fd39b8d, reason=kind_outranked -- payload={""value"": ""INFERRED_iter65"", ""writer"": ""kndb_native"", ""fact_id"": ""764b8b9e-cabb-4952-8c71-66077169c2f8"", ""provsql"": ""64eef622-f792-4926-ad9e-875088e273b0"", ""sources"": [], ""sys_time"": ""[\""2026-07-09 02:38:27.6767-05\"",infinity)"", ""attribute"": ""s2_slot"", ""entity_id"": 32000065, ""confidence"": 0.97000, ""valid_time"": ""[\""2025-12-31 18:00:00-06\"",\""2026-06-29 19:00:00-05\"")"", ""specificity"": 100, ""epistemic_kind"": ""INFERRED""}
HINT:  Incoming fact lost the precedence lattice against an existing overlapping fact.
CONTEXT:  PL/pgSQL function kndb.resolve_conflict() line 91 at RAISE",,1,
66,SERIALIZABLE,A,1,0,,"SerializationFailure: could not serialize access due to read/write dependencies among transactions
DETAIL:  Reason code: Canceled on identification as a pivot, during write.
HINT:  The transaction might succeed if retried.",0,"live kind for entity_id=32000066 attribute='s2_slot' is INFERRED, expected MEASURED"
67,SERIALIZABLE,A,1,0,,"SerializationFailure: could not serialize access due to read/write dependencies among transactions
DETAIL:  Reason code: Canceled on identification as a pivot, during write.
HINT:  The transaction might succeed if retried.",0,"live kind for entity_id=32000067 attribute='s2_slot' is INFERRED, expected MEASURED"
68,SERIALIZABLE,A,1,1,,,1,
69,SERIALIZABLE,A,1,0,,"SerializationFailure: could not serialize access due to read/write dependencies among transactions
DETAIL:  Reason code: Canceled on identification as a pivot, during write.
HINT:  The transaction might succeed if retried.",0,"live kind for entity_id=32000069 attribute='s2_slot' is INFERRED, expected MEASURED"
70,SERIALIZABLE,A,1,1,,,1,
71,SERIALIZABLE,B,0,1,"SerializationFailure: could not serialize access due to read/write dependencies among transactions
DETAIL:  Reason code: Canceled on identification as a pivot, during write.
HINT:  The transaction might succeed if retried.",,1,
72,SERIALIZABLE,B,0,1,"CheckViolation: KNDB precedence: NEW outranked by fact_id=e6285f7a-771c-468f-bf20-b8404cbc6d33, reason=kind_outranked -- payload={""value"": ""INFERRED_iter72"", ""writer"": ""kndb_native"", ""fact_id"": ""a7773125-853d-4290-907c-af24cf51e525"", ""provsql"": ""6157bcf1-49de-4f12-a6c9-3174b6fb1d8e"", ""sources"": [], ""sys_time"": ""[\""2026-07-09 02:38:27.736072-05\"",infinity)"", ""attribute"": ""s2_slot"", ""entity_id"": 32000072, ""confidence"": 0.97000, ""valid_time"": ""[\""2025-12-31 18:00:00-06\"",\""2026-06-29 19:00:00-05\"")"", ""specificity"": 100, ""epistemic_kind"": ""INFERRED""}
HINT:  Incoming fact lost the precedence lattice against an existing overlapping fact.
CONTEXT:  PL/pgSQL function kndb.resolve_conflict() line 91 at RAISE",,1,
73,SERIALIZABLE,A,1,0,,"SerializationFailure: could not serialize access due to read/write dependencies among transactions
DETAIL:  Reason code: Canceled on identification as a pivot, during write.
HINT:  The transaction might succeed if retried.",0,"live kind for entity_id=32000073 attribute='s2_slot' is INFERRED, expected MEASURED"
74,SERIALIZABLE,B,0,1,"SerializationFailure: could not serialize access due to read/write dependencies among transactions
DETAIL:  Reason code: Canceled on identification as a pivot, during write.
HINT:  The transaction might succeed if retried.",,1,
75,SERIALIZABLE,A,1,0,,"SerializationFailure: could not serialize access due to read/write dependencies among transactions
DETAIL:  Reason code: Canceled on identification as a pivot, during write.
HINT:  The transaction might succeed if retried.",0,"live kind for entity_id=32000075 attribute='s2_slot' is INFERRED, expected MEASURED"
76,SERIALIZABLE,B,0,1,"SerializationFailure: could not serialize access due to read/write dependencies among transactions
DETAIL:  Reason code: Canceled on identification as a pivot, during write.
HINT:  The transaction might succeed if retried.",,1,
77,SERIALIZABLE,A,1,0,,"SerializationFailure: could not serialize access due to read/write dependencies among transactions
DETAIL:  Reason code: Canceled on identification as a pivot, during write.
HINT:  The transaction might succeed if retried.",0,"live kind for entity_id=32000077 attribute='s2_slot' is INFERRED, expected MEASURED"
78,SERIALIZABLE,A,1,0,,"SerializationFailure: could not serialize access due to read/write dependencies among transactions
DETAIL:  Reason code: Canceled on identification as a pivot, during write.
HINT:  The transaction might succeed if retried.",0,"live kind for entity_id=32000078 attribute='s2_slot' is INFERRED, expected MEASURED"
79,SERIALIZABLE,A,1,0,,"SerializationFailure: could not serialize access due to read/write dependencies among transactions
DETAIL:  Reason code: Canceled on identification as a pivot, during write.
HINT:  The transaction might succeed if retried.",0,"live kind for entity_id=32000079 attribute='s2_slot' is INFERRED, expected MEASURED"
80,SERIALIZABLE,B,0,1,"SerializationFailure: could not serialize access due to read/write dependencies among transactions
DETAIL:  Reason code: Canceled on identification as a pivot, during write.
HINT:  The transaction might succeed if retried.",,1,
81,SERIALIZABLE,A,1,1,,,1,
82,SERIALIZABLE,B,0,1,"SerializationFailure: could not serialize access due to read/write dependencies among transactions
DETAIL:  Reason code: Canceled on identification as a pivot, during write.
HINT:  The transaction might succeed if retried.",,1,
83,SERIALIZABLE,B,0,1,"SerializationFailure: could not serialize access due to read/write dependencies among transactions
DETAIL:  Reason code: Canceled on identification as a pivot, during write.
HINT:  The transaction might succeed if retried.",,1,
84,SERIALIZABLE,A,1,0,,"SerializationFailure: could not serialize access due to read/write dependencies among transactions
DETAIL:  Reason code: Canceled on identification as a pivot, during write.
HINT:  The transaction might succeed if retried.",0,"live kind for entity_id=32000084 attribute='s2_slot' is INFERRED, expected MEASURED"
85,SERIALIZABLE,A,1,1,,,1,
86,SERIALIZABLE,B,0,1,"SerializationFailure: could not serialize access due to read/write dependencies among transactions
DETAIL:  Reason code: Canceled on identification as a pivot, during write.
HINT:  The transaction might succeed if retried.",,1,
87,SERIALIZABLE,B,0,1,"SerializationFailure: could not serialize access due to read/write dependencies among transactions
DETAIL:  Reason code: Canceled on identification as a pivot, during write.
HINT:  The transaction might succeed if retried.",,1,
88,SERIALIZABLE,A,1,0,,"SerializationFailure: could not serialize access due to read/write dependencies among transactions
DETAIL:  Reason code: Canceled on identification as a pivot, during write.
HINT:  The transaction might succeed if retried.",0,"live kind for entity_id=32000088 attribute='s2_slot' is INFERRED, expected MEASURED"
89,SERIALIZABLE,A,1,0,,"SerializationFailure: could not serialize access due to read/write dependencies among transactions
DETAIL:  Reason code: Canceled on identification as a pivot, during write.
HINT:  The transaction might succeed if retried.",0,"live kind for entity_id=32000089 attribute='s2_slot' is INFERRED, expected MEASURED"
90,SERIALIZABLE,A,1,1,,,1,
91,SERIALIZABLE,B,0,1,"SerializationFailure: could not serialize access due to read/write dependencies among transactions
DETAIL:  Reason code: Canceled on identification as a pivot, during write.
HINT:  The transaction might succeed if retried.",,1,
92,SERIALIZABLE,B,0,1,"SerializationFailure: could not serialize access due to read/write dependencies among transactions
DETAIL:  Reason code: Canceled on identification as a pivot, during write.
HINT:  The transaction might succeed if retried.",,1,
93,SERIALIZABLE,A,1,0,,"SerializationFailure: could not serialize access due to read/write dependencies among transactions
DETAIL:  Reason code: Canceled on identification as a pivot, during write.
HINT:  The transaction might succeed if retried.",0,"live kind for entity_id=32000093 attribute='s2_slot' is INFERRED, expected MEASURED"
94,SERIALIZABLE,A,1,0,,"SerializationFailure: could not serialize access due to read/write dependencies among transactions
DETAIL:  Reason code: Canceled on identification as a pivot, during write.
HINT:  The transaction might succeed if retried.",0,"live kind for entity_id=32000094 attribute='s2_slot' is INFERRED, expected MEASURED"
95,SERIALIZABLE,A,1,0,,"SerializationFailure: could not serialize access due to read/write dependencies among transactions
DETAIL:  Reason code: Canceled on identification as a pivot, during write.
HINT:  The transaction might succeed if retried.",0,"live kind for entity_id=32000095 attribute='s2_slot' is INFERRED, expected MEASURED"
96,SERIALIZABLE,B,0,1,"SerializationFailure: could not serialize access due to read/write dependencies among transactions
DETAIL:  Reason code: Canceled on identification as a pivot, during write.
HINT:  The transaction might succeed if retried.",,1,
97,SERIALIZABLE,B,0,1,"SerializationFailure: could not serialize access due to read/write dependencies among transactions
DETAIL:  Reason code: Canceled on identification as a pivot, during write.
HINT:  The transaction might succeed if retried.",,1,
98,SERIALIZABLE,B,0,1,"CheckViolation: KNDB precedence: NEW outranked by fact_id=58256d7b-cb65-4cea-96b4-6663c4c4ed76, reason=kind_outranked -- payload={""value"": ""INFERRED_iter98"", ""writer"": ""kndb_native"", ""fact_id"": ""9116c187-9e0d-4a58-9a66-65c6e416e204"", ""provsql"": ""b213ee65-b446-4d85-8eb8-6de60cfef798"", ""sources"": [], ""sys_time"": ""[\""2026-07-09 02:38:27.953033-05\"",infinity)"", ""attribute"": ""s2_slot"", ""entity_id"": 32000098, ""confidence"": 0.97000, ""valid_time"": ""[\""2025-12-31 18:00:00-06\"",\""2026-06-29 19:00:00-05\"")"", ""specificity"": 100, ""epistemic_kind"": ""INFERRED""}
HINT:  Incoming fact lost the precedence lattice against an existing overlapping fact.
CONTEXT:  PL/pgSQL function kndb.resolve_conflict() line 91 at RAISE",,1,
99,SERIALIZABLE,B,0,1,"SerializationFailure: could not serialize access due to read/write dependencies among transactions
DETAIL:  Reason code: Canceled on identification as a pivot, during write.
HINT:  The transaction might succeed if retried.",,1,
100,SERIALIZABLE,A,1,1,,,1,
101,SERIALIZABLE,B,0,1,"SerializationFailure: could not serialize access due to read/write dependencies among transactions
DETAIL:  Reason code: Canceled on identification as a pivot, during write.
HINT:  The transaction might succeed if retried.",,1,
102,SERIALIZABLE,B,0,1,"SerializationFailure: could not serialize access due to read/write dependencies among transactions
DETAIL:  Reason code: Canceled on identification as a pivot, during write.
HINT:  The transaction might succeed if retried.",,1,
103,SERIALIZABLE,B,0,1,"SerializationFailure: could not serialize access due to read/write dependencies among transactions
DETAIL:  Reason code: Canceled on identification as a pivot, during write.
HINT:  The transaction might succeed if retried.",,1,
104,SERIALIZABLE,A,1,1,,,1,
105,SERIALIZABLE,B,0,1,"CheckViolation: KNDB precedence: NEW outranked by fact_id=67dbae6d-6beb-49d5-acd2-ec826ca28900, reason=kind_outranked -- payload={""value"": ""INFERRED_iter105"", ""writer"": ""kndb_native"", ""fact_id"": ""5aab63e1-0ced-4b56-b979-19c9df02e076"", ""provsql"": ""b6cb144e-9318-4189-981e-19785607b552"", ""sources"": [], ""sys_time"": ""[\""2026-07-09 02:38:28.01174-05\"",infinity)"", ""attribute"": ""s2_slot"", ""entity_id"": 32000105, ""confidence"": 0.97000, ""valid_time"": ""[\""2025-12-31 18:00:00-06\"",\""2026-06-29 19:00:00-05\"")"", ""specificity"": 100, ""epistemic_kind"": ""INFERRED""}
HINT:  Incoming fact lost the precedence lattice against an existing overlapping fact.
CONTEXT:  PL/pgSQL function kndb.resolve_conflict() line 91 at RAISE",,1,
106,SERIALIZABLE,A,1,0,,"SerializationFailure: could not serialize access due to read/write dependencies among transactions
DETAIL:  Reason code: Canceled on identification as a pivot, during write.
HINT:  The transaction might succeed if retried.",0,"live kind for entity_id=32000106 attribute='s2_slot' is INFERRED, expected MEASURED"
107,SERIALIZABLE,A,1,0,,"SerializationFailure: could not serialize access due to read/write dependencies among transactions
DETAIL:  Reason code: Canceled on identification as a pivot, during write.
HINT:  The transaction might succeed if retried.",0,"live kind for entity_id=32000107 attribute='s2_slot' is INFERRED, expected MEASURED"
108,SERIALIZABLE,A,1,0,,"SerializationFailure: could not serialize access due to read/write dependencies among transactions
DETAIL:  Reason code: Canceled on identification as a pivot, during write.
HINT:  The transaction might succeed if retried.",0,"live kind for entity_id=32000108 attribute='s2_slot' is INFERRED, expected MEASURED"
109,SERIALIZABLE,B,0,1,"CheckViolation: KNDB precedence: NEW outranked by fact_id=1609465d-9f5d-4adf-86c6-159e45080b8d, reason=kind_outranked -- payload={""value"": ""INFERRED_iter109"", ""writer"": ""kndb_native"", ""fact_id"": ""a67278e3-9926-445e-9b48-11a209f96c9c"", ""provsql"": ""1da81e2a-8bfe-439c-8407-4a51920e466e"", ""sources"": [], ""sys_time"": ""[\""2026-07-09 02:38:28.044394-05\"",infinity)"", ""attribute"": ""s2_slot"", ""entity_id"": 32000109, ""confidence"": 0.97000, ""valid_time"": ""[\""2025-12-31 18:00:00-06\"",\""2026-06-29 19:00:00-05\"")"", ""specificity"": 100, ""epistemic_kind"": ""INFERRED""}
HINT:  Incoming fact lost the precedence lattice against an existing overlapping fact.
CONTEXT:  PL/pgSQL function kndb.resolve_conflict() line 91 at RAISE",,1,
110,SERIALIZABLE,B,0,1,"CheckViolation: KNDB precedence: NEW outranked by fact_id=5de14def-4bd7-4e4e-b1fb-2b93cb04ec79, reason=kind_outranked -- payload={""value"": ""INFERRED_iter110"", ""writer"": ""kndb_native"", ""fact_id"": ""46839a51-dc12-4fed-b05b-f64316878ac9"", ""provsql"": ""21452a52-c8da-4c33-96ca-db57826997b1"", ""sources"": [], ""sys_time"": ""[\""2026-07-09 02:38:28.052158-05\"",infinity)"", ""attribute"": ""s2_slot"", ""entity_id"": 32000110, ""confidence"": 0.97000, ""valid_time"": ""[\""2025-12-31 18:00:00-06\"",\""2026-06-29 19:00:00-05\"")"", ""specificity"": 100, ""epistemic_kind"": ""INFERRED""}
HINT:  Incoming fact lost the precedence lattice against an existing overlapping fact.
CONTEXT:  PL/pgSQL function kndb.resolve_conflict() line 91 at RAISE",,1,
111,SERIALIZABLE,A,1,0,,"SerializationFailure: could not serialize access due to read/write dependencies among transactions
DETAIL:  Reason code: Canceled on identification as a pivot, during write.
HINT:  The transaction might succeed if retried.",0,"live kind for entity_id=32000111 attribute='s2_slot' is INFERRED, expected MEASURED"
112,SERIALIZABLE,B,0,1,"CheckViolation: KNDB precedence: NEW outranked by fact_id=e54de86b-7436-4604-989d-ea0cc25bbf27, reason=kind_outranked -- payload={""value"": ""INFERRED_iter112"", ""writer"": ""kndb_native"", ""fact_id"": ""c450bb82-54b5-47bc-ae9c-9c25c5e78a60"", ""provsql"": ""be058ccd-7d97-498e-b1ff-c7c1cfe457d6"", ""sources"": [], ""sys_time"": ""[\""2026-07-09 02:38:28.068725-05\"",infinity)"", ""attribute"": ""s2_slot"", ""entity_id"": 32000112, ""confidence"": 0.97000, ""valid_time"": ""[\""2025-12-31 18:00:00-06\"",\""2026-06-29 19:00:00-05\"")"", ""specificity"": 100, ""epistemic_kind"": ""INFERRED""}
HINT:  Incoming fact lost the precedence lattice against an existing overlapping fact.
CONTEXT:  PL/pgSQL function kndb.resolve_conflict() line 91 at RAISE",,1,
113,SERIALIZABLE,A,1,0,,"SerializationFailure: could not serialize access due to read/write dependencies among transactions
DETAIL:  Reason code: Canceled on identification as a pivot, during write.
HINT:  The transaction might succeed if retried.",0,"live kind for entity_id=32000113 attribute='s2_slot' is INFERRED, expected MEASURED"
114,SERIALIZABLE,B,0,1,"SerializationFailure: could not serialize access due to read/write dependencies among transactions
DETAIL:  Reason code: Canceled on identification as a pivot, during write.
HINT:  The transaction might succeed if retried.",,1,
115,SERIALIZABLE,B,0,1,"SerializationFailure: could not serialize access due to read/write dependencies among transactions
DETAIL:  Reason code: Canceled on identification as a pivot, during write.
HINT:  The transaction might succeed if retried.",,1,
116,SERIALIZABLE,A,1,0,,"SerializationFailure: could not serialize access due to read/write dependencies among transactions
DETAIL:  Reason code: Canceled on identification as a pivot, during write.
HINT:  The transaction might succeed if retried.",0,"live kind for entity_id=32000116 attribute='s2_slot' is INFERRED, expected MEASURED"
117,SERIALIZABLE,B,0,1,"SerializationFailure: could not serialize access due to read/write dependencies among transactions
DETAIL:  Reason code: Canceled on identification as a pivot, during write.
HINT:  The transaction might succeed if retried.",,1,
118,SERIALIZABLE,B,0,1,"SerializationFailure: could not serialize access due to read/write dependencies among transactions
DETAIL:  Reason code: Canceled on identification as a pivot, during write.
HINT:  The transaction might succeed if retried.",,1,
119,SERIALIZABLE,A,1,0,,"SerializationFailure: could not serialize access due to read/write dependencies among transactions
DETAIL:  Reason code: Canceled on identification as a pivot, during write.
HINT:  The transaction might succeed if retried.",0,"live kind for entity_id=32000119 attribute='s2_slot' is INFERRED, expected MEASURED"
120,SERIALIZABLE,B,0,1,"SerializationFailure: could not serialize access due to read/write dependencies among transactions
DETAIL:  Reason code: Canceled on identification as a pivot, during write.
HINT:  The transaction might succeed if retried.",,1,
121,SERIALIZABLE,B,0,1,"CheckViolation: KNDB precedence: NEW outranked by fact_id=9303da7b-c8cd-41c5-996d-4c07db262567, reason=kind_outranked -- payload={""value"": ""INFERRED_iter121"", ""writer"": ""kndb_native"", ""fact_id"": ""de01e52a-d89c-4b1e-a542-574cb27b9b27"", ""provsql"": ""2b69dd56-cab7-4805-8ec2-0ec780a1c6ce"", ""sources"": [], ""sys_time"": ""[\""2026-07-09 02:38:28.144788-05\"",infinity)"", ""attribute"": ""s2_slot"", ""entity_id"": 32000121, ""confidence"": 0.97000, ""valid_time"": ""[\""2025-12-31 18:00:00-06\"",\""2026-06-29 19:00:00-05\"")"", ""specificity"": 100, ""epistemic_kind"": ""INFERRED""}
HINT:  Incoming fact lost the precedence lattice against an existing overlapping fact.
CONTEXT:  PL/pgSQL function kndb.resolve_conflict() line 91 at RAISE",,1,
122,SERIALIZABLE,B,0,1,"CheckViolation: KNDB precedence: NEW outranked by fact_id=9fe275f8-2489-47d1-9310-526ea24a4d85, reason=kind_outranked -- payload={""value"": ""INFERRED_iter122"", ""writer"": ""kndb_native"", ""fact_id"": ""37acb75d-684b-46d8-8820-9b2bed059ed5"", ""provsql"": ""b3195b1e-5c50-4069-9a75-042651d458a2"", ""sources"": [], ""sys_time"": ""[\""2026-07-09 02:38:28.152534-05\"",infinity)"", ""attribute"": ""s2_slot"", ""entity_id"": 32000122, ""confidence"": 0.97000, ""valid_time"": ""[\""2025-12-31 18:00:00-06\"",\""2026-06-29 19:00:00-05\"")"", ""specificity"": 100, ""epistemic_kind"": ""INFERRED""}
HINT:  Incoming fact lost the precedence lattice against an existing overlapping fact.
CONTEXT:  PL/pgSQL function kndb.resolve_conflict() line 91 at RAISE",,1,
123,SERIALIZABLE,B,0,1,"SerializationFailure: could not serialize access due to read/write dependencies among transactions
DETAIL:  Reason code: Canceled on identification as a pivot, during write.
HINT:  The transaction might succeed if retried.",,1,
124,SERIALIZABLE,A,1,0,,"SerializationFailure: could not serialize access due to read/write dependencies among transactions
DETAIL:  Reason code: Canceled on identification as a pivot, during write.
HINT:  The transaction might succeed if retried.",0,"live kind for entity_id=32000124 attribute='s2_slot' is INFERRED, expected MEASURED"
125,SERIALIZABLE,A,1,0,,"SerializationFailure: could not serialize access due to read/write dependencies among transactions
DETAIL:  Reason code: Canceled on identification as a pivot, during write.
HINT:  The transaction might succeed if retried.",0,"live kind for entity_id=32000125 attribute='s2_slot' is INFERRED, expected MEASURED"
126,SERIALIZABLE,A,1,0,,"SerializationFailure: could not serialize access due to read/write dependencies among transactions
DETAIL:  Reason code: Canceled on identification as a pivot, during write.
HINT:  The transaction might succeed if retried.",0,"live kind for entity_id=32000126 attribute='s2_slot' is INFERRED, expected MEASURED"
127,SERIALIZABLE,B,0,1,"CheckViolation: KNDB precedence: NEW outranked by fact_id=fcf7df8b-ea3e-467c-aa87-44516b494e93, reason=kind_outranked -- payload={""value"": ""INFERRED_iter127"", ""writer"": ""kndb_native"", ""fact_id"": ""2fb40789-adbc-4630-9802-02644ae6a5a5"", ""provsql"": ""dcf52648-0155-4b98-b807-6b700724996d"", ""sources"": [], ""sys_time"": ""[\""2026-07-09 02:38:28.194023-05\"",infinity)"", ""attribute"": ""s2_slot"", ""entity_id"": 32000127, ""confidence"": 0.97000, ""valid_time"": ""[\""2025-12-31 18:00:00-06\"",\""2026-06-29 19:00:00-05\"")"", ""specificity"": 100, ""epistemic_kind"": ""INFERRED""}
HINT:  Incoming fact lost the precedence lattice against an existing overlapping fact.
CONTEXT:  PL/pgSQL function kndb.resolve_conflict() line 91 at RAISE",,1,
128,SERIALIZABLE,B,0,1,"SerializationFailure: could not serialize access due to read/write dependencies among transactions
DETAIL:  Reason code: Canceled on identification as a pivot, during write.
HINT:  The transaction might succeed if retried.",,1,
129,SERIALIZABLE,B,0,1,"SerializationFailure: could not serialize access due to read/write dependencies among transactions
DETAIL:  Reason code: Canceled on identification as a pivot, during write.
HINT:  The transaction might succeed if retried.",,1,
130,SERIALIZABLE,A,1,1,,,1,
131,SERIALIZABLE,A,1,0,,"SerializationFailure: could not serialize access due to read/write dependencies among transactions
DETAIL:  Reason code: Canceled on identification as a pivot, during write.
HINT:  The transaction might succeed if retried.",0,"live kind for entity_id=32000131 attribute='s2_slot' is INFERRED, expected MEASURED"
132,SERIALIZABLE,B,0,1,"SerializationFailure: could not serialize access due to read/write dependencies among transactions
DETAIL:  Reason code: Canceled on identification as a pivot, during write.
HINT:  The transaction might succeed if retried.",,1,
133,SERIALIZABLE,B,0,1,"CheckViolation: KNDB precedence: NEW outranked by fact_id=aee95011-87b9-4bc0-ab8c-7a312af52c40, reason=kind_outranked -- payload={""value"": ""INFERRED_iter133"", ""writer"": ""kndb_native"", ""fact_id"": ""34f51feb-2e56-43a3-a33a-9886d4658ed3"", ""provsql"": ""58dd7dea-454b-448e-8ef9-bf54a3661db8"", ""sources"": [], ""sys_time"": ""[\""2026-07-09 02:38:28.243752-05\"",infinity)"", ""attribute"": ""s2_slot"", ""entity_id"": 32000133, ""confidence"": 0.97000, ""valid_time"": ""[\""2025-12-31 18:00:00-06\"",\""2026-06-29 19:00:00-05\"")"", ""specificity"": 100, ""epistemic_kind"": ""INFERRED""}
HINT:  Incoming fact lost the precedence lattice against an existing overlapping fact.
CONTEXT:  PL/pgSQL function kndb.resolve_conflict() line 91 at RAISE",,1,
134,SERIALIZABLE,A,1,0,,"SerializationFailure: could not serialize access due to read/write dependencies among transactions
DETAIL:  Reason code: Canceled on identification as a pivot, during write.
HINT:  The transaction might succeed if retried.",0,"live kind for entity_id=32000134 attribute='s2_slot' is INFERRED, expected MEASURED"
135,SERIALIZABLE,A,1,1,,,1,
136,SERIALIZABLE,A,1,1,,,1,
137,SERIALIZABLE,B,0,1,"SerializationFailure: could not serialize access due to read/write dependencies among transactions
DETAIL:  Reason code: Canceled on identification as a pivot, during write.
HINT:  The transaction might succeed if retried.",,1,
138,SERIALIZABLE,B,0,1,"SerializationFailure: could not serialize access due to read/write dependencies among transactions
DETAIL:  Reason code: Canceled on identification as a pivot, during write.
HINT:  The transaction might succeed if retried.",,1,
139,SERIALIZABLE,A,1,0,,"SerializationFailure: could not serialize access due to read/write dependencies among transactions
DETAIL:  Reason code: Canceled on identification as a pivot, during write.
HINT:  The transaction might succeed if retried.",0,"live kind for entity_id=32000139 attribute='s2_slot' is INFERRED, expected MEASURED"
140,SERIALIZABLE,A,1,1,,,1,
141,SERIALIZABLE,B,0,1,"SerializationFailure: could not serialize access due to read/write dependencies among transactions
DETAIL:  Reason code: Canceled on identification as a pivot, during write.
HINT:  The transaction might succeed if retried.",,1,
142,SERIALIZABLE,A,1,1,,,1,
143,SERIALIZABLE,B,0,1,"SerializationFailure: could not serialize access due to read/write dependencies among transactions
DETAIL:  Reason code: Canceled on identification as a pivot, during write.
HINT:  The transaction might succeed if retried.",,1,
144,SERIALIZABLE,A,1,1,,,1,
145,SERIALIZABLE,A,1,1,,,1,
146,SERIALIZABLE,B,0,1,"SerializationFailure: could not serialize access due to read/write dependencies among transactions
DETAIL:  Reason code: Canceled on identification as a pivot, during write.
HINT:  The transaction might succeed if retried.",,1,
147,SERIALIZABLE,B,0,1,"SerializationFailure: could not serialize access due to read/write dependencies among transactions
DETAIL:  Reason code: Canceled on identification as a pivot, during write.
HINT:  The transaction might succeed if retried.",,1,
148,SERIALIZABLE,A,1,1,,,1,
149,SERIALIZABLE,A,1,1,,,1,
150,SERIALIZABLE,B,0,1,"SerializationFailure: could not serialize access due to read/write dependencies among transactions
DETAIL:  Reason code: Canceled on identification as a pivot, during write.
HINT:  The transaction might succeed if retried.",,1,
151,SERIALIZABLE,B,0,1,"SerializationFailure: could not serialize access due to read/write dependencies among transactions
DETAIL:  Reason code: Canceled on identification as a pivot, during write.
HINT:  The transaction might succeed if retried.",,1,
152,SERIALIZABLE,A,1,0,,"SerializationFailure: could not serialize access due to read/write dependencies among transactions
DETAIL:  Reason code: Canceled on identification as a pivot, during write.
HINT:  The transaction might succeed if retried.",0,"live kind for entity_id=32000152 attribute='s2_slot' is INFERRED, expected MEASURED"
153,SERIALIZABLE,B,0,1,"CheckViolation: KNDB precedence: NEW outranked by fact_id=20dadbc5-de05-40b4-bda5-0ded0fabedfe, reason=kind_outranked -- payload={""value"": ""INFERRED_iter153"", ""writer"": ""kndb_native"", ""fact_id"": ""44cb9f8c-8be8-43c3-b68b-eb82a2cfe5c1"", ""provsql"": ""ddc0e630-495e-467b-aaf9-00f5c4d18556"", ""sources"": [], ""sys_time"": ""[\""2026-07-09 02:38:28.413468-05\"",infinity)"", ""attribute"": ""s2_slot"", ""entity_id"": 32000153, ""confidence"": 0.97000, ""valid_time"": ""[\""2025-12-31 18:00:00-06\"",\""2026-06-29 19:00:00-05\"")"", ""specificity"": 100, ""epistemic_kind"": ""INFERRED""}
HINT:  Incoming fact lost the precedence lattice against an existing overlapping fact.
CONTEXT:  PL/pgSQL function kndb.resolve_conflict() line 91 at RAISE",,1,
154,SERIALIZABLE,A,1,1,,,1,
155,SERIALIZABLE,A,1,0,,"SerializationFailure: could not serialize access due to read/write dependencies among transactions
DETAIL:  Reason code: Canceled on identification as a pivot, during write.
HINT:  The transaction might succeed if retried.",0,"live kind for entity_id=32000155 attribute='s2_slot' is INFERRED, expected MEASURED"
156,SERIALIZABLE,A,1,1,,,1,
157,SERIALIZABLE,B,0,1,"CheckViolation: KNDB precedence: NEW outranked by fact_id=838f511c-33ec-40e5-91aa-c9c556f042ea, reason=kind_outranked -- payload={""value"": ""INFERRED_iter157"", ""writer"": ""kndb_native"", ""fact_id"": ""1af1a8aa-e835-4755-8216-d66640794e29"", ""provsql"": ""5406b879-a26e-40ef-a759-e112a391c04c"", ""sources"": [], ""sys_time"": ""[\""2026-07-09 02:38:28.449305-05\"",infinity)"", ""attribute"": ""s2_slot"", ""entity_id"": 32000157, ""confidence"": 0.97000, ""valid_time"": ""[\""2025-12-31 18:00:00-06\"",\""2026-06-29 19:00:00-05\"")"", ""specificity"": 100, ""epistemic_kind"": ""INFERRED""}
HINT:  Incoming fact lost the precedence lattice against an existing overlapping fact.
CONTEXT:  PL/pgSQL function kndb.resolve_conflict() line 91 at RAISE",,1,
158,SERIALIZABLE,A,1,1,,,1,
159,SERIALIZABLE,A,1,0,,"SerializationFailure: could not serialize access due to read/write dependencies among transactions
DETAIL:  Reason code: Canceled on identification as a pivot, during write.
HINT:  The transaction might succeed if retried.",0,"live kind for entity_id=32000159 attribute='s2_slot' is INFERRED, expected MEASURED"
160,SERIALIZABLE,A,1,1,,,1,
161,SERIALIZABLE,B,0,1,"SerializationFailure: could not serialize access due to read/write dependencies among transactions
DETAIL:  Reason code: Canceled on identification as a pivot, during write.
HINT:  The transaction might succeed if retried.",,1,
162,SERIALIZABLE,A,1,1,,,1,
163,SERIALIZABLE,B,0,1,"CheckViolation: KNDB precedence: NEW outranked by fact_id=9fe444e4-b36c-42c1-a167-4c3affe21b7b, reason=kind_outranked -- payload={""value"": ""INFERRED_iter163"", ""writer"": ""kndb_native"", ""fact_id"": ""6ad4877d-eaf9-4a34-8e0c-d124a98c6a83"", ""provsql"": ""bb328c7b-a673-4da3-8842-2a6af280907e"", ""sources"": [], ""sys_time"": ""[\""2026-07-09 02:38:28.499596-05\"",infinity)"", ""attribute"": ""s2_slot"", ""entity_id"": 32000163, ""confidence"": 0.97000, ""valid_time"": ""[\""2025-12-31 18:00:00-06\"",\""2026-06-29 19:00:00-05\"")"", ""specificity"": 100, ""epistemic_kind"": ""INFERRED""}
HINT:  Incoming fact lost the precedence lattice against an existing overlapping fact.
CONTEXT:  PL/pgSQL function kndb.resolve_conflict() line 91 at RAISE",,1,
164,SERIALIZABLE,B,0,1,"SerializationFailure: could not serialize access due to read/write dependencies among transactions
DETAIL:  Reason code: Canceled on identification as a pivot, during write.
HINT:  The transaction might succeed if retried.",,1,
165,SERIALIZABLE,A,1,0,,"SerializationFailure: could not serialize access due to read/write dependencies among transactions
DETAIL:  Reason code: Canceled on identification as a pivot, during write.
HINT:  The transaction might succeed if retried.",0,"live kind for entity_id=32000165 attribute='s2_slot' is INFERRED, expected MEASURED"
166,SERIALIZABLE,A,1,1,,,1,
167,SERIALIZABLE,B,0,1,"CheckViolation: KNDB precedence: NEW outranked by fact_id=99457b7f-6139-4438-b8e0-b24b1cd6a093, reason=kind_outranked -- payload={""value"": ""INFERRED_iter167"", ""writer"": ""kndb_native"", ""fact_id"": ""cc23d500-e573-4e50-8aa6-f61648016923"", ""provsql"": ""efa60242-4a7e-448a-b23b-784980144b59"", ""sources"": [], ""sys_time"": ""[\""2026-07-09 02:38:28.532282-05\"",infinity)"", ""attribute"": ""s2_slot"", ""entity_id"": 32000167, ""confidence"": 0.97000, ""valid_time"": ""[\""2025-12-31 18:00:00-06\"",\""2026-06-29 19:00:00-05\"")"", ""specificity"": 100, ""epistemic_kind"": ""INFERRED""}
HINT:  Incoming fact lost the precedence lattice against an existing overlapping fact.
CONTEXT:  PL/pgSQL function kndb.resolve_conflict() line 91 at RAISE",,1,
168,SERIALIZABLE,A,1,0,,"SerializationFailure: could not serialize access due to read/write dependencies among transactions
DETAIL:  Reason code: Canceled on identification as a pivot, during write.
HINT:  The transaction might succeed if retried.",0,"live kind for entity_id=32000168 attribute='s2_slot' is INFERRED, expected MEASURED"
169,SERIALIZABLE,A,1,1,,,1,
170,SERIALIZABLE,B,0,1,"SerializationFailure: could not serialize access due to read/write dependencies among transactions
DETAIL:  Reason code: Canceled on identification as a pivot, during write.
HINT:  The transaction might succeed if retried.",,1,
171,SERIALIZABLE,B,0,1,"CheckViolation: KNDB precedence: NEW outranked by fact_id=f3ce9e52-5641-4270-8e17-335c4feadeb7, reason=kind_outranked -- payload={""value"": ""INFERRED_iter171"", ""writer"": ""kndb_native"", ""fact_id"": ""811a2167-91ce-45b0-a80c-79b8d1bf9856"", ""provsql"": ""73c0f24a-c3af-4a8f-a2d3-b41380bdbe80"", ""sources"": [], ""sys_time"": ""[\""2026-07-09 02:38:28.566836-05\"",infinity)"", ""attribute"": ""s2_slot"", ""entity_id"": 32000171, ""confidence"": 0.97000, ""valid_time"": ""[\""2025-12-31 18:00:00-06\"",\""2026-06-29 19:00:00-05\"")"", ""specificity"": 100, ""epistemic_kind"": ""INFERRED""}
HINT:  Incoming fact lost the precedence lattice against an existing overlapping fact.
CONTEXT:  PL/pgSQL function kndb.resolve_conflict() line 91 at RAISE",,1,
172,SERIALIZABLE,A,1,0,,"SerializationFailure: could not serialize access due to read/write dependencies among transactions
DETAIL:  Reason code: Canceled on identification as a pivot, during write.
HINT:  The transaction might succeed if retried.",0,"live kind for entity_id=32000172 attribute='s2_slot' is INFERRED, expected MEASURED"
173,SERIALIZABLE,B,0,1,"SerializationFailure: could not serialize access due to read/write dependencies among transactions
DETAIL:  Reason code: Canceled on identification as a pivot, during write.
HINT:  The transaction might succeed if retried.",,1,
174,SERIALIZABLE,B,0,1,"SerializationFailure: could not serialize access due to read/write dependencies among transactions
DETAIL:  Reason code: Canceled on identification as a pivot, during write.
HINT:  The transaction might succeed if retried.",,1,
175,SERIALIZABLE,A,1,1,,,1,
176,SERIALIZABLE,A,1,1,,,1,
177,SERIALIZABLE,A,1,1,,,1,
178,SERIALIZABLE,A,1,0,,"SerializationFailure: could not serialize access due to read/write dependencies among transactions
DETAIL:  Reason code: Canceled on identification as a pivot, during write.
HINT:  The transaction might succeed if retried.",0,"live kind for entity_id=32000178 attribute='s2_slot' is INFERRED, expected MEASURED"
179,SERIALIZABLE,A,1,1,,,1,
180,SERIALIZABLE,B,0,1,"SerializationFailure: could not serialize access due to read/write dependencies among transactions
DETAIL:  Reason code: Canceled on identification as a pivot, during write.
HINT:  The transaction might succeed if retried.",,1,
181,SERIALIZABLE,B,0,1,"SerializationFailure: could not serialize access due to read/write dependencies among transactions
DETAIL:  Reason code: Canceled on identification as a pivot, during write.
HINT:  The transaction might succeed if retried.",,1,
182,SERIALIZABLE,B,0,1,"CheckViolation: KNDB precedence: NEW outranked by fact_id=57c16fd7-ea5b-48ee-a052-25857b15200d, reason=kind_outranked -- payload={""value"": ""INFERRED_iter182"", ""writer"": ""kndb_native"", ""fact_id"": ""1bbb47cf-52e9-46df-a54b-bc5afd10b37a"", ""provsql"": ""d13f4b64-eaed-49ad-9a29-684f5b38db91"", ""sources"": [], ""sys_time"": ""[\""2026-07-09 02:38:28.655227-05\"",infinity)"", ""attribute"": ""s2_slot"", ""entity_id"": 32000182, ""confidence"": 0.97000, ""valid_time"": ""[\""2025-12-31 18:00:00-06\"",\""2026-06-29 19:00:00-05\"")"", ""specificity"": 100, ""epistemic_kind"": ""INFERRED""}
HINT:  Incoming fact lost the precedence lattice against an existing overlapping fact.
CONTEXT:  PL/pgSQL function kndb.resolve_conflict() line 91 at RAISE",,1,
183,SERIALIZABLE,A,1,0,,"SerializationFailure: could not serialize access due to read/write dependencies among transactions
DETAIL:  Reason code: Canceled on identification as a pivot, during write.
HINT:  The transaction might succeed if retried.",0,"live kind for entity_id=32000183 attribute='s2_slot' is INFERRED, expected MEASURED"
184,SERIALIZABLE,A,1,0,,"SerializationFailure: could not serialize access due to read/write dependencies among transactions
DETAIL:  Reason code: Canceled on identification as a pivot, during write.
HINT:  The transaction might succeed if retried.",0,"live kind for entity_id=32000184 attribute='s2_slot' is INFERRED, expected MEASURED"
185,SERIALIZABLE,A,1,0,,"SerializationFailure: could not serialize access due to read/write dependencies among transactions
DETAIL:  Reason code: Canceled on identification as a pivot, during write.
HINT:  The transaction might succeed if retried.",0,"live kind for entity_id=32000185 attribute='s2_slot' is INFERRED, expected MEASURED"
186,SERIALIZABLE,B,0,1,"CheckViolation: KNDB precedence: NEW outranked by fact_id=686b07b9-c12a-4da6-902c-b2603182c3e5, reason=kind_outranked -- payload={""value"": ""INFERRED_iter186"", ""writer"": ""kndb_native"", ""fact_id"": ""a5f7a9d6-45b2-4b7f-811f-00ae1cc59117"", ""provsql"": ""a0a1ed36-e375-461c-92f7-946d05485443"", ""sources"": [], ""sys_time"": ""[\""2026-07-09 02:38:28.687245-05\"",infinity)"", ""attribute"": ""s2_slot"", ""entity_id"": 32000186, ""confidence"": 0.97000, ""valid_time"": ""[\""2025-12-31 18:00:00-06\"",\""2026-06-29 19:00:00-05\"")"", ""specificity"": 100, ""epistemic_kind"": ""INFERRED""}
HINT:  Incoming fact lost the precedence lattice against an existing overlapping fact.
CONTEXT:  PL/pgSQL function kndb.resolve_conflict() line 91 at RAISE",,1,
187,SERIALIZABLE,A,1,0,,"SerializationFailure: could not serialize access due to read/write dependencies among transactions
DETAIL:  Reason code: Canceled on identification as a pivot, during write.
HINT:  The transaction might succeed if retried.",0,"live kind for entity_id=32000187 attribute='s2_slot' is INFERRED, expected MEASURED"
188,SERIALIZABLE,A,1,0,,"SerializationFailure: could not serialize access due to read/write dependencies among transactions
DETAIL:  Reason code: Canceled on identification as a pivot, during write.
HINT:  The transaction might succeed if retried.",0,"live kind for entity_id=32000188 attribute='s2_slot' is INFERRED, expected MEASURED"
189,SERIALIZABLE,A,1,0,,"SerializationFailure: could not serialize access due to read/write dependencies among transactions
DETAIL:  Reason code: Canceled on identification as a pivot, during write.
HINT:  The transaction might succeed if retried.",0,"live kind for entity_id=32000189 attribute='s2_slot' is INFERRED, expected MEASURED"
190,SERIALIZABLE,A,1,0,,"SerializationFailure: could not serialize access due to read/write dependencies among transactions
DETAIL:  Reason code: Canceled on identification as a pivot, during write.
HINT:  The transaction might succeed if retried.",0,"live kind for entity_id=32000190 attribute='s2_slot' is INFERRED, expected MEASURED"
191,SERIALIZABLE,A,1,0,,"SerializationFailure: could not serialize access due to read/write dependencies among transactions
DETAIL:  Reason code: Canceled on identification as a pivot, during write.
HINT:  The transaction might succeed if retried.",0,"live kind for entity_id=32000191 attribute='s2_slot' is INFERRED, expected MEASURED"
192,SERIALIZABLE,A,1,0,,"SerializationFailure: could not serialize access due to read/write dependencies among transactions
DETAIL:  Reason code: Canceled on identification as a pivot, during write.
HINT:  The transaction might succeed if retried.",0,"live kind for entity_id=32000192 attribute='s2_slot' is INFERRED, expected MEASURED"
193,SERIALIZABLE,B,0,1,"CheckViolation: KNDB precedence: NEW outranked by fact_id=ee421f7f-11ea-4d79-a299-36bb794279f6, reason=kind_outranked -- payload={""value"": ""INFERRED_iter193"", ""writer"": ""kndb_native"", ""fact_id"": ""1d6978b6-4faa-4af5-b0f6-b93c5bd092c8"", ""provsql"": ""7e05f9d8-14a0-4904-a37a-3c8ce7515ae9"", ""sources"": [], ""sys_time"": ""[\""2026-07-09 02:38:28.747286-05\"",infinity)"", ""attribute"": ""s2_slot"", ""entity_id"": 32000193, ""confidence"": 0.97000, ""valid_time"": ""[\""2025-12-31 18:00:00-06\"",\""2026-06-29 19:00:00-05\"")"", ""specificity"": 100, ""epistemic_kind"": ""INFERRED""}
HINT:  Incoming fact lost the precedence lattice against an existing overlapping fact.
CONTEXT:  PL/pgSQL function kndb.resolve_conflict() line 91 at RAISE",,1,
194,SERIALIZABLE,A,1,0,,"SerializationFailure: could not serialize access due to read/write dependencies among transactions
DETAIL:  Reason code: Canceled on identification as a pivot, during write.
HINT:  The transaction might succeed if retried.",0,"live kind for entity_id=32000194 attribute='s2_slot' is INFERRED, expected MEASURED"
195,SERIALIZABLE,B,0,1,"SerializationFailure: could not serialize access due to read/write dependencies among transactions
DETAIL:  Reason code: Canceled on identification as a pivot, during write.
HINT:  The transaction might succeed if retried.",,1,
196,SERIALIZABLE,B,0,1,"SerializationFailure: could not serialize access due to read/write dependencies among transactions
DETAIL:  Reason code: Canceled on identification as a pivot, during write.
HINT:  The transaction might succeed if retried.",,1,
197,SERIALIZABLE,A,1,1,,,1,
198,SERIALIZABLE,B,0,1,"CheckViolation: KNDB precedence: NEW outranked by fact_id=7821631e-6c70-4901-aad4-adcbca36ded2, reason=kind_outranked -- payload={""value"": ""INFERRED_iter198"", ""writer"": ""kndb_native"", ""fact_id"": ""bc7865b3-9ad2-4b4e-8efc-3731ce5e3a81"", ""provsql"": ""03d22b10-5888-4eac-854c-ddbd90a35d44"", ""sources"": [], ""sys_time"": ""[\""2026-07-09 02:38:28.789661-05\"",infinity)"", ""attribute"": ""s2_slot"", ""entity_id"": 32000198, ""confidence"": 0.97000, ""valid_time"": ""[\""2025-12-31 18:00:00-06\"",\""2026-06-29 19:00:00-05\"")"", ""specificity"": 100, ""epistemic_kind"": ""INFERRED""}
HINT:  Incoming fact lost the precedence lattice against an existing overlapping fact.
CONTEXT:  PL/pgSQL function kndb.resolve_conflict() line 91 at RAISE",,1,
199,SERIALIZABLE,B,0,1,"SerializationFailure: could not serialize access due to read/write dependencies among transactions
DETAIL:  Reason code: Canceled on identification as a pivot, during write.
HINT:  The transaction might succeed if retried.",,1,
200,SERIALIZABLE,B,0,1,"SerializationFailure: could not serialize access due to read/write dependencies among transactions
DETAIL:  Reason code: Canceled on identification as a pivot, during write.
HINT:  The transaction might succeed if retried.",,1,
201,SERIALIZABLE,B,0,1,"SerializationFailure: could not serialize access due to read/write dependencies among transactions
DETAIL:  Reason code: Canceled on identification as a pivot, during write.
HINT:  The transaction might succeed if retried.",,1,
202,SERIALIZABLE,B,0,1,"CheckViolation: KNDB precedence: NEW outranked by fact_id=b917d867-1f47-405f-aee5-aa8a7b867d4b, reason=kind_outranked -- payload={""value"": ""INFERRED_iter202"", ""writer"": ""kndb_native"", ""fact_id"": ""b640f739-f462-4c16-a41a-7627d491c4c9"", ""provsql"": ""f9f8f659-f876-4022-ac26-73c4bdf39f4d"", ""sources"": [], ""sys_time"": ""[\""2026-07-09 02:38:28.823349-05\"",infinity)"", ""attribute"": ""s2_slot"", ""entity_id"": 32000202, ""confidence"": 0.97000, ""valid_time"": ""[\""2025-12-31 18:00:00-06\"",\""2026-06-29 19:00:00-05\"")"", ""specificity"": 100, ""epistemic_kind"": ""INFERRED""}
HINT:  Incoming fact lost the precedence lattice against an existing overlapping fact.
CONTEXT:  PL/pgSQL function kndb.resolve_conflict() line 91 at RAISE",,1,
203,SERIALIZABLE,A,1,1,,,1,
204,SERIALIZABLE,A,1,0,,"SerializationFailure: could not serialize access due to read/write dependencies among transactions
DETAIL:  Reason code: Canceled on identification as a pivot, during write.
HINT:  The transaction might succeed if retried.",0,"live kind for entity_id=32000204 attribute='s2_slot' is INFERRED, expected MEASURED"
205,SERIALIZABLE,A,1,0,,"SerializationFailure: could not serialize access due to read/write dependencies among transactions
DETAIL:  Reason code: Canceled on identification as a pivot, during write.
HINT:  The transaction might succeed if retried.",0,"live kind for entity_id=32000205 attribute='s2_slot' is INFERRED, expected MEASURED"
206,SERIALIZABLE,A,1,0,,"SerializationFailure: could not serialize access due to read/write dependencies among transactions
DETAIL:  Reason code: Canceled on identification as a pivot, during write.
HINT:  The transaction might succeed if retried.",0,"live kind for entity_id=32000206 attribute='s2_slot' is INFERRED, expected MEASURED"
207,SERIALIZABLE,A,1,0,,"SerializationFailure: could not serialize access due to read/write dependencies among transactions
DETAIL:  Reason code: Canceled on identification as a pivot, during write.
HINT:  The transaction might succeed if retried.",0,"live kind for entity_id=32000207 attribute='s2_slot' is INFERRED, expected MEASURED"
208,SERIALIZABLE,A,1,1,,,1,
209,SERIALIZABLE,B,0,1,"SerializationFailure: could not serialize access due to read/write dependencies among transactions
DETAIL:  Reason code: Canceled on identification as a pivot, during write.
HINT:  The transaction might succeed if retried.",,1,
210,SERIALIZABLE,A,1,0,,"SerializationFailure: could not serialize access due to read/write dependencies among transactions
DETAIL:  Reason code: Canceled on identification as a pivot, during write.
HINT:  The transaction might succeed if retried.",0,"live kind for entity_id=32000210 attribute='s2_slot' is INFERRED, expected MEASURED"
211,SERIALIZABLE,B,0,1,"SerializationFailure: could not serialize access due to read/write dependencies among transactions
DETAIL:  Reason code: Canceled on identification as a pivot, during write.
HINT:  The transaction might succeed if retried.",,1,
212,SERIALIZABLE,A,1,0,,"SerializationFailure: could not serialize access due to read/write dependencies among transactions
DETAIL:  Reason code: Canceled on identification as a pivot, during write.
HINT:  The transaction might succeed if retried.",0,"live kind for entity_id=32000212 attribute='s2_slot' is INFERRED, expected MEASURED"
213,SERIALIZABLE,A,1,0,,"SerializationFailure: could not serialize access due to read/write dependencies among transactions
DETAIL:  Reason code: Canceled on identification as a pivot, during write.
HINT:  The transaction might succeed if retried.",0,"live kind for entity_id=32000213 attribute='s2_slot' is INFERRED, expected MEASURED"
214,SERIALIZABLE,B,0,1,"SerializationFailure: could not serialize access due to read/write dependencies among transactions
DETAIL:  Reason code: Canceled on identification as a pivot, during write.
HINT:  The transaction might succeed if retried.",,1,
215,SERIALIZABLE,B,0,1,"CheckViolation: KNDB precedence: NEW outranked by fact_id=bc3ad240-6965-4188-b0df-4d1b0f66595e, reason=kind_outranked -- payload={""value"": ""INFERRED_iter215"", ""writer"": ""kndb_native"", ""fact_id"": ""829d5a6b-703d-468d-9b9f-6f3ad32e276a"", ""provsql"": ""945b42ed-09a6-406e-9195-678adbab4c1f"", ""sources"": [], ""sys_time"": ""[\""2026-07-09 02:38:28.931059-05\"",infinity)"", ""attribute"": ""s2_slot"", ""entity_id"": 32000215, ""confidence"": 0.97000, ""valid_time"": ""[\""2025-12-31 18:00:00-06\"",\""2026-06-29 19:00:00-05\"")"", ""specificity"": 100, ""epistemic_kind"": ""INFERRED""}
HINT:  Incoming fact lost the precedence lattice against an existing overlapping fact.
CONTEXT:  PL/pgSQL function kndb.resolve_conflict() line 91 at RAISE",,1,
216,SERIALIZABLE,B,0,1,"SerializationFailure: could not serialize access due to read/write dependencies among transactions
DETAIL:  Reason code: Canceled on identification as a pivot, during write.
HINT:  The transaction might succeed if retried.",,1,
217,SERIALIZABLE,B,0,1,"SerializationFailure: could not serialize access due to read/write dependencies among transactions
DETAIL:  Reason code: Canceled on identification as a pivot, during write.
HINT:  The transaction might succeed if retried.",,1,
218,SERIALIZABLE,A,1,0,,"SerializationFailure: could not serialize access due to read/write dependencies among transactions
DETAIL:  Reason code: Canceled on identification as a pivot, during write.
HINT:  The transaction might succeed if retried.",0,"live kind for entity_id=32000218 attribute='s2_slot' is INFERRED, expected MEASURED"
219,SERIALIZABLE,A,1,0,,"SerializationFailure: could not serialize access due to read/write dependencies among transactions
DETAIL:  Reason code: Canceled on identification as a pivot, during write.
HINT:  The transaction might succeed if retried.",0,"live kind for entity_id=32000219 attribute='s2_slot' is INFERRED, expected MEASURED"
220,SERIALIZABLE,B,0,1,"SerializationFailure: could not serialize access due to read/write dependencies among transactions
DETAIL:  Reason code: Canceled on identification as a pivot, during write.
HINT:  The transaction might succeed if retried.",,1,
221,SERIALIZABLE,B,0,1,"SerializationFailure: could not serialize access due to read/write dependencies among transactions
DETAIL:  Reason code: Canceled on identification as a pivot, during write.
HINT:  The transaction might succeed if retried.",,1,
222,SERIALIZABLE,B,0,1,"SerializationFailure: could not serialize access due to read/write dependencies among transactions
DETAIL:  Reason code: Canceled on identification as a pivot, during write.
HINT:  The transaction might succeed if retried.",,1,
223,SERIALIZABLE,B,0,1,"SerializationFailure: could not serialize access due to read/write dependencies among transactions
DETAIL:  Reason code: Canceled on identification as a pivot, during write.
HINT:  The transaction might succeed if retried.",,1,
224,SERIALIZABLE,A,1,0,,"SerializationFailure: could not serialize access due to read/write dependencies among transactions
DETAIL:  Reason code: Canceled on identification as a pivot, during write.
HINT:  The transaction might succeed if retried.",0,"live kind for entity_id=32000224 attribute='s2_slot' is INFERRED, expected MEASURED"
225,SERIALIZABLE,B,0,1,"CheckViolation: KNDB precedence: NEW outranked by fact_id=eb7658e3-e24b-47e1-9bb2-6fbf3d9c5496, reason=kind_outranked -- payload={""value"": ""INFERRED_iter225"", ""writer"": ""kndb_native"", ""fact_id"": ""1b47b954-4742-4b04-b5ab-4e3ae21391fa"", ""provsql"": ""44a73613-99e2-4060-9f71-ac629a5c01f0"", ""sources"": [], ""sys_time"": ""[\""2026-07-09 02:38:29.014786-05\"",infinity)"", ""attribute"": ""s2_slot"", ""entity_id"": 32000225, ""confidence"": 0.97000, ""valid_time"": ""[\""2025-12-31 18:00:00-06\"",\""2026-06-29 19:00:00-05\"")"", ""specificity"": 100, ""epistemic_kind"": ""INFERRED""}
HINT:  Incoming fact lost the precedence lattice against an existing overlapping fact.
CONTEXT:  PL/pgSQL function kndb.resolve_conflict() line 91 at RAISE",,1,
226,SERIALIZABLE,B,0,1,"SerializationFailure: could not serialize access due to read/write dependencies among transactions
DETAIL:  Reason code: Canceled on identification as a pivot, during write.
HINT:  The transaction might succeed if retried.",,1,
227,SERIALIZABLE,B,0,1,"SerializationFailure: could not serialize access due to read/write dependencies among transactions
DETAIL:  Reason code: Canceled on identification as a pivot, during write.
HINT:  The transaction might succeed if retried.",,1,
228,SERIALIZABLE,A,1,0,,"SerializationFailure: could not serialize access due to read/write dependencies among transactions
DETAIL:  Reason code: Canceled on identification as a pivot, during write.
HINT:  The transaction might succeed if retried.",0,"live kind for entity_id=32000228 attribute='s2_slot' is INFERRED, expected MEASURED"
229,SERIALIZABLE,B,0,1,"SerializationFailure: could not serialize access due to read/write dependencies among transactions
DETAIL:  Reason code: Canceled on identification as a pivot, during write.
HINT:  The transaction might succeed if retried.",,1,
230,SERIALIZABLE,A,1,0,,"SerializationFailure: could not serialize access due to read/write dependencies among transactions
DETAIL:  Reason code: Canceled on identification as a pivot, during write.
HINT:  The transaction might succeed if retried.",0,"live kind for entity_id=32000230 attribute='s2_slot' is INFERRED, expected MEASURED"
231,SERIALIZABLE,A,1,1,,,1,
232,SERIALIZABLE,B,0,1,"SerializationFailure: could not serialize access due to read/write dependencies among transactions
DETAIL:  Reason code: Canceled on identification as a pivot, during write.
HINT:  The transaction might succeed if retried.",,1,
233,SERIALIZABLE,B,0,1,"SerializationFailure: could not serialize access due to read/write dependencies among transactions
DETAIL:  Reason code: Canceled on identification as a pivot, during write.
HINT:  The transaction might succeed if retried.",,1,
234,SERIALIZABLE,A,1,0,,"SerializationFailure: could not serialize access due to read/write dependencies among transactions
DETAIL:  Reason code: Canceled on identification as a pivot, during write.
HINT:  The transaction might succeed if retried.",0,"live kind for entity_id=32000234 attribute='s2_slot' is INFERRED, expected MEASURED"
235,SERIALIZABLE,A,1,1,,,1,
236,SERIALIZABLE,B,0,1,"CheckViolation: KNDB precedence: NEW outranked by fact_id=0edb1dda-57a0-4280-a66a-9eaf0979052a, reason=kind_outranked -- payload={""value"": ""INFERRED_iter236"", ""writer"": ""kndb_native"", ""fact_id"": ""6e977b0c-eda1-4000-ab02-90d0dcc27987"", ""provsql"": ""8f14d12f-d711-4cb3-a40b-09404d02ac5e"", ""sources"": [], ""sys_time"": ""[\""2026-07-09 02:38:29.107298-05\"",infinity)"", ""attribute"": ""s2_slot"", ""entity_id"": 32000236, ""confidence"": 0.97000, ""valid_time"": ""[\""2025-12-31 18:00:00-06\"",\""2026-06-29 19:00:00-05\"")"", ""specificity"": 100, ""epistemic_kind"": ""INFERRED""}
HINT:  Incoming fact lost the precedence lattice against an existing overlapping fact.
CONTEXT:  PL/pgSQL function kndb.resolve_conflict() line 91 at RAISE",,1,
237,SERIALIZABLE,A,1,0,,"SerializationFailure: could not serialize access due to read/write dependencies among transactions
DETAIL:  Reason code: Canceled on identification as a pivot, during write.
HINT:  The transaction might succeed if retried.",0,"live kind for entity_id=32000237 attribute='s2_slot' is INFERRED, expected MEASURED"
238,SERIALIZABLE,B,0,1,"CheckViolation: KNDB precedence: NEW outranked by fact_id=4214d3a9-7932-42f3-8bf4-65c424bb27ed, reason=kind_outranked -- payload={""value"": ""INFERRED_iter238"", ""writer"": ""kndb_native"", ""fact_id"": ""774fb49a-2d4d-436c-ae2c-a845f63da842"", ""provsql"": ""051d2e48-a6cd-48fc-bf0d-507ed8e7099b"", ""sources"": [], ""sys_time"": ""[\""2026-07-09 02:38:29.12392-05\"",infinity)"", ""attribute"": ""s2_slot"", ""entity_id"": 32000238, ""confidence"": 0.97000, ""valid_time"": ""[\""2025-12-31 18:00:00-06\"",\""2026-06-29 19:00:00-05\"")"", ""specificity"": 100, ""epistemic_kind"": ""INFERRED""}
HINT:  Incoming fact lost the precedence lattice against an existing overlapping fact.
CONTEXT:  PL/pgSQL function kndb.resolve_conflict() line 91 at RAISE",,1,
239,SERIALIZABLE,B,0,1,"CheckViolation: KNDB precedence: NEW outranked by fact_id=36a8c2d3-c6e3-40ea-993b-6fd1f80c1f99, reason=kind_outranked -- payload={""value"": ""INFERRED_iter239"", ""writer"": ""kndb_native"", ""fact_id"": ""9d20ad96-a4eb-4a35-8913-9de41b735f9a"", ""provsql"": ""44753ad7-8ff0-43b3-8d20-7e5cad646ffd"", ""sources"": [], ""sys_time"": ""[\""2026-07-09 02:38:29.131421-05\"",infinity)"", ""attribute"": ""s2_slot"", ""entity_id"": 32000239, ""confidence"": 0.97000, ""valid_time"": ""[\""2025-12-31 18:00:00-06\"",\""2026-06-29 19:00:00-05\"")"", ""specificity"": 100, ""epistemic_kind"": ""INFERRED""}
HINT:  Incoming fact lost the precedence lattice against an existing overlapping fact.
CONTEXT:  PL/pgSQL function kndb.resolve_conflict() line 91 at RAISE",,1,
240,SERIALIZABLE,A,1,0,,"SerializationFailure: could not serialize access due to read/write dependencies among transactions
DETAIL:  Reason code: Canceled on identification as a pivot, during write.
HINT:  The transaction might succeed if retried.",0,"live kind for entity_id=32000240 attribute='s2_slot' is INFERRED, expected MEASURED"
241,SERIALIZABLE,B,0,1,"SerializationFailure: could not serialize access due to read/write dependencies among transactions
DETAIL:  Reason code: Canceled on identification as a pivot, during write.
HINT:  The transaction might succeed if retried.",,1,
242,SERIALIZABLE,B,0,1,"SerializationFailure: could not serialize access due to read/write dependencies among transactions
DETAIL:  Reason code: Canceled on identification as a pivot, during write.
HINT:  The transaction might succeed if retried.",,1,
243,SERIALIZABLE,B,0,1,"CheckViolation: KNDB precedence: NEW outranked by fact_id=d8219f13-2580-4256-9fc1-2a12dad8329c, reason=kind_outranked -- payload={""value"": ""INFERRED_iter243"", ""writer"": ""kndb_native"", ""fact_id"": ""28505531-b466-4d83-af42-de13eb1d9852"", ""provsql"": ""d7458935-69e5-4b35-ba5f-da3138e42d7b"", ""sources"": [], ""sys_time"": ""[\""2026-07-09 02:38:29.164514-05\"",infinity)"", ""attribute"": ""s2_slot"", ""entity_id"": 32000243, ""confidence"": 0.97000, ""valid_time"": ""[\""2025-12-31 18:00:00-06\"",\""2026-06-29 19:00:00-05\"")"", ""specificity"": 100, ""epistemic_kind"": ""INFERRED""}
HINT:  Incoming fact lost the precedence lattice against an existing overlapping fact.
CONTEXT:  PL/pgSQL function kndb.resolve_conflict() line 91 at RAISE",,1,
244,SERIALIZABLE,A,1,0,,"SerializationFailure: could not serialize access due to read/write dependencies among transactions
DETAIL:  Reason code: Canceled on identification as a pivot, during write.
HINT:  The transaction might succeed if retried.",0,"live kind for entity_id=32000244 attribute='s2_slot' is INFERRED, expected MEASURED"
245,SERIALIZABLE,B,0,1,"SerializationFailure: could not serialize access due to read/write dependencies among transactions
DETAIL:  Reason code: Canceled on identification as a pivot, during write.
HINT:  The transaction might succeed if retried.",,1,
246,SERIALIZABLE,A,1,0,,"SerializationFailure: could not serialize access due to read/write dependencies among transactions
DETAIL:  Reason code: Canceled on identification as a pivot, during write.
HINT:  The transaction might succeed if retried.",0,"live kind for entity_id=32000246 attribute='s2_slot' is INFERRED, expected MEASURED"
247,SERIALIZABLE,A,1,0,,"SerializationFailure: could not serialize access due to read/write dependencies among transactions
DETAIL:  Reason code: Canceled on identification as a pivot, during write.
HINT:  The transaction might succeed if retried.",0,"live kind for entity_id=32000247 attribute='s2_slot' is INFERRED, expected MEASURED"
248,SERIALIZABLE,B,0,1,"CheckViolation: KNDB precedence: NEW outranked by fact_id=b68ba047-9ded-4636-9bcc-6845063cfa7c, reason=kind_outranked -- payload={""value"": ""INFERRED_iter248"", ""writer"": ""kndb_native"", ""fact_id"": ""d4678360-f0f8-45b4-8991-62bc4303ce9f"", ""provsql"": ""c9c02fa6-0fbf-4ba0-9c68-d7eecb109ed9"", ""sources"": [], ""sys_time"": ""[\""2026-07-09 02:38:29.206684-05\"",infinity)"", ""attribute"": ""s2_slot"", ""entity_id"": 32000248, ""confidence"": 0.97000, ""valid_time"": ""[\""2025-12-31 18:00:00-06\"",\""2026-06-29 19:00:00-05\"")"", ""specificity"": 100, ""epistemic_kind"": ""INFERRED""}
HINT:  Incoming fact lost the precedence lattice against an existing overlapping fact.
CONTEXT:  PL/pgSQL function kndb.resolve_conflict() line 91 at RAISE",,1,
249,SERIALIZABLE,A,1,1,,,1,
250,SERIALIZABLE,A,1,0,,"SerializationFailure: could not serialize access due to read/write dependencies among transactions
DETAIL:  Reason code: Canceled on identification as a pivot, during write.
HINT:  The transaction might succeed if retried.",0,"live kind for entity_id=32000250 attribute='s2_slot' is INFERRED, expected MEASURED"
251,SERIALIZABLE,B,0,1,"SerializationFailure: could not serialize access due to read/write dependencies among transactions
DETAIL:  Reason code: Canceled on identification as a pivot, during write.
HINT:  The transaction might succeed if retried.",,1,
252,SERIALIZABLE,A,1,1,,,1,
253,SERIALIZABLE,A,1,0,,"SerializationFailure: could not serialize access due to read/write dependencies among transactions
DETAIL:  Reason code: Canceled on identification as a pivot, during write.
HINT:  The transaction might succeed if retried.",0,"live kind for entity_id=32000253 attribute='s2_slot' is INFERRED, expected MEASURED"
254,SERIALIZABLE,B,0,1,"CheckViolation: KNDB precedence: NEW outranked by fact_id=85841b62-4ecc-405f-b25c-f3ac20e6e3f5, reason=kind_outranked -- payload={""value"": ""INFERRED_iter254"", ""writer"": ""kndb_native"", ""fact_id"": ""9f862e81-2f53-4c93-b926-3debb1c1092c"", ""provsql"": ""9569a596-f25c-47c8-a98f-bda8e34b4a94"", ""sources"": [], ""sys_time"": ""[\""2026-07-09 02:38:29.256265-05\"",infinity)"", ""attribute"": ""s2_slot"", ""entity_id"": 32000254, ""confidence"": 0.97000, ""valid_time"": ""[\""2025-12-31 18:00:00-06\"",\""2026-06-29 19:00:00-05\"")"", ""specificity"": 100, ""epistemic_kind"": ""INFERRED""}
HINT:  Incoming fact lost the precedence lattice against an existing overlapping fact.
CONTEXT:  PL/pgSQL function kndb.resolve_conflict() line 91 at RAISE",,1,
255,SERIALIZABLE,B,0,1,"SerializationFailure: could not serialize access due to read/write dependencies among transactions
DETAIL:  Reason code: Canceled on identification as a pivot, during write.
HINT:  The transaction might succeed if retried.",,1,
256,SERIALIZABLE,A,1,0,,"SerializationFailure: could not serialize access due to read/write dependencies among transactions
DETAIL:  Reason code: Canceled on identification as a pivot, during write.
HINT:  The transaction might succeed if retried.",0,"live kind for entity_id=32000256 attribute='s2_slot' is INFERRED, expected MEASURED"
257,SERIALIZABLE,A,1,1,,,1,
258,SERIALIZABLE,A,1,1,,,1,
259,SERIALIZABLE,B,0,1,"SerializationFailure: could not serialize access due to read/write dependencies among transactions
DETAIL:  Reason code: Canceled on identification as a pivot, during write.
HINT:  The transaction might succeed if retried.",,1,
260,SERIALIZABLE,B,0,1,"CheckViolation: KNDB precedence: NEW outranked by fact_id=9c4b8963-dda5-4a48-b227-2e46a4f9ce85, reason=kind_outranked -- payload={""value"": ""INFERRED_iter260"", ""writer"": ""kndb_native"", ""fact_id"": ""0dc7e5e7-3ec3-4b7f-b856-accbfc43fe56"", ""provsql"": ""4801ef61-5e21-4ef9-a76d-02158e98e223"", ""sources"": [], ""sys_time"": ""[\""2026-07-09 02:38:29.306265-05\"",infinity)"", ""attribute"": ""s2_slot"", ""entity_id"": 32000260, ""confidence"": 0.97000, ""valid_time"": ""[\""2025-12-31 18:00:00-06\"",\""2026-06-29 19:00:00-05\"")"", ""specificity"": 100, ""epistemic_kind"": ""INFERRED""}
HINT:  Incoming fact lost the precedence lattice against an existing overlapping fact.
CONTEXT:  PL/pgSQL function kndb.resolve_conflict() line 91 at RAISE",,1,
261,SERIALIZABLE,B,0,1,"SerializationFailure: could not serialize access due to read/write dependencies among transactions
DETAIL:  Reason code: Canceled on identification as a pivot, during write.
HINT:  The transaction might succeed if retried.",,1,
262,SERIALIZABLE,A,1,1,,,1,
263,SERIALIZABLE,A,1,1,,,1,
264,SERIALIZABLE,B,0,1,"CheckViolation: KNDB precedence: NEW outranked by fact_id=d57b28cf-147f-4f46-a48d-4fdbc94ef07c, reason=kind_outranked -- payload={""value"": ""INFERRED_iter264"", ""writer"": ""kndb_native"", ""fact_id"": ""324d3a01-ccd9-4978-8e1e-aa0a91e90896"", ""provsql"": ""efd5c4e2-5712-4caa-9145-a290616c7d8e"", ""sources"": [], ""sys_time"": ""[\""2026-07-09 02:38:29.338277-05\"",infinity)"", ""attribute"": ""s2_slot"", ""entity_id"": 32000264, ""confidence"": 0.97000, ""valid_time"": ""[\""2025-12-31 18:00:00-06\"",\""2026-06-29 19:00:00-05\"")"", ""specificity"": 100, ""epistemic_kind"": ""INFERRED""}
HINT:  Incoming fact lost the precedence lattice against an existing overlapping fact.
CONTEXT:  PL/pgSQL function kndb.resolve_conflict() line 91 at RAISE",,1,
265,SERIALIZABLE,B,0,1,"SerializationFailure: could not serialize access due to read/write dependencies among transactions
DETAIL:  Reason code: Canceled on identification as a pivot, during write.
HINT:  The transaction might succeed if retried.",,1,
266,SERIALIZABLE,B,0,1,"CheckViolation: KNDB precedence: NEW outranked by fact_id=8ef0ba95-3b14-43a4-af93-ed71d4de67e2, reason=kind_outranked -- payload={""value"": ""INFERRED_iter266"", ""writer"": ""kndb_native"", ""fact_id"": ""a7be0025-7cd0-4fc6-88bb-b02c00acfaed"", ""provsql"": ""d3467e65-6848-4eef-96d1-6d32e689e4d8"", ""sources"": [], ""sys_time"": ""[\""2026-07-09 02:38:29.354236-05\"",infinity)"", ""attribute"": ""s2_slot"", ""entity_id"": 32000266, ""confidence"": 0.97000, ""valid_time"": ""[\""2025-12-31 18:00:00-06\"",\""2026-06-29 19:00:00-05\"")"", ""specificity"": 100, ""epistemic_kind"": ""INFERRED""}
HINT:  Incoming fact lost the precedence lattice against an existing overlapping fact.
CONTEXT:  PL/pgSQL function kndb.resolve_conflict() line 91 at RAISE",,1,
267,SERIALIZABLE,B,0,1,"CheckViolation: KNDB precedence: NEW outranked by fact_id=40390551-9dc3-4675-b8ef-e9f5c5ee9bbc, reason=kind_outranked -- payload={""value"": ""INFERRED_iter267"", ""writer"": ""kndb_native"", ""fact_id"": ""0a7c1e1f-8a1d-4346-a9ec-4394027ccdf4"", ""provsql"": ""bd668014-b336-4ec1-847b-3baeb555d499"", ""sources"": [], ""sys_time"": ""[\""2026-07-09 02:38:29.36245-05\"",infinity)"", ""attribute"": ""s2_slot"", ""entity_id"": 32000267, ""confidence"": 0.97000, ""valid_time"": ""[\""2025-12-31 18:00:00-06\"",\""2026-06-29 19:00:00-05\"")"", ""specificity"": 100, ""epistemic_kind"": ""INFERRED""}
HINT:  Incoming fact lost the precedence lattice against an existing overlapping fact.
CONTEXT:  PL/pgSQL function kndb.resolve_conflict() line 91 at RAISE",,1,
268,SERIALIZABLE,B,0,1,"CheckViolation: KNDB precedence: NEW outranked by fact_id=e3b0b3ca-89d4-4fbf-9f96-aa468b1c5269, reason=kind_outranked -- payload={""value"": ""INFERRED_iter268"", ""writer"": ""kndb_native"", ""fact_id"": ""ae976cfa-7c69-4535-8aad-97a1664ed485"", ""provsql"": ""79bfe736-ee56-463c-b7fc-06c825f88ef1"", ""sources"": [], ""sys_time"": ""[\""2026-07-09 02:38:29.370732-05\"",infinity)"", ""attribute"": ""s2_slot"", ""entity_id"": 32000268, ""confidence"": 0.97000, ""valid_time"": ""[\""2025-12-31 18:00:00-06\"",\""2026-06-29 19:00:00-05\"")"", ""specificity"": 100, ""epistemic_kind"": ""INFERRED""}
HINT:  Incoming fact lost the precedence lattice against an existing overlapping fact.
CONTEXT:  PL/pgSQL function kndb.resolve_conflict() line 91 at RAISE",,1,
269,SERIALIZABLE,A,1,1,,,1,
270,SERIALIZABLE,B,0,1,"SerializationFailure: could not serialize access due to read/write dependencies among transactions
DETAIL:  Reason code: Canceled on identification as a pivot, during write.
HINT:  The transaction might succeed if retried.",,1,
271,SERIALIZABLE,A,1,1,,,1,
272,SERIALIZABLE,B,0,1,"CheckViolation: KNDB precedence: NEW outranked by fact_id=1880e8b6-773c-4c1e-a298-a2ebfc01c13a, reason=kind_outranked -- payload={""value"": ""INFERRED_iter272"", ""writer"": ""kndb_native"", ""fact_id"": ""11b2d39d-1337-4209-924c-3172dd55cad1"", ""provsql"": ""f4ea679f-5244-4885-a0f7-a5c60816b5c7"", ""sources"": [], ""sys_time"": ""[\""2026-07-09 02:38:29.404373-05\"",infinity)"", ""attribute"": ""s2_slot"", ""entity_id"": 32000272, ""confidence"": 0.97000, ""valid_time"": ""[\""2025-12-31 18:00:00-06\"",\""2026-06-29 19:00:00-05\"")"", ""specificity"": 100, ""epistemic_kind"": ""INFERRED""}
HINT:  Incoming fact lost the precedence lattice against an existing overlapping fact.
CONTEXT:  PL/pgSQL function kndb.resolve_conflict() line 91 at RAISE",,1,
273,SERIALIZABLE,B,0,1,"SerializationFailure: could not serialize access due to read/write dependencies among transactions
DETAIL:  Reason code: Canceled on identification as a pivot, during write.
HINT:  The transaction might succeed if retried.",,1,
274,SERIALIZABLE,A,1,0,,"SerializationFailure: could not serialize access due to read/write dependencies among transactions
DETAIL:  Reason code: Canceled on identification as a pivot, during write.
HINT:  The transaction might succeed if retried.",0,"live kind for entity_id=32000274 attribute='s2_slot' is INFERRED, expected MEASURED"
275,SERIALIZABLE,A,1,1,,,1,
276,SERIALIZABLE,A,1,1,,,1,
277,SERIALIZABLE,B,0,1,"SerializationFailure: could not serialize access due to read/write dependencies among transactions
DETAIL:  Reason code: Canceled on identification as a pivot, during write.
HINT:  The transaction might succeed if retried.",,1,
278,SERIALIZABLE,A,1,0,,"SerializationFailure: could not serialize access due to read/write dependencies among transactions
DETAIL:  Reason code: Canceled on identification as a pivot, during write.
HINT:  The transaction might succeed if retried.",0,"live kind for entity_id=32000278 attribute='s2_slot' is INFERRED, expected MEASURED"
279,SERIALIZABLE,B,0,1,"SerializationFailure: could not serialize access due to read/write dependencies among transactions
DETAIL:  Reason code: Canceled on identification as a pivot, during write.
HINT:  The transaction might succeed if retried.",,1,
280,SERIALIZABLE,B,0,1,"CheckViolation: KNDB precedence: NEW outranked by fact_id=bbfe2e62-cc00-47d9-82f8-eacde88970be, reason=kind_outranked -- payload={""value"": ""INFERRED_iter280"", ""writer"": ""kndb_native"", ""fact_id"": ""e84a3956-ace2-4b39-a68e-1efb5991c984"", ""provsql"": ""deaa0ffc-4f5a-4fe4-a472-3d721bcebbc3"", ""sources"": [], ""sys_time"": ""[\""2026-07-09 02:38:29.470005-05\"",infinity)"", ""attribute"": ""s2_slot"", ""entity_id"": 32000280, ""confidence"": 0.97000, ""valid_time"": ""[\""2025-12-31 18:00:00-06\"",\""2026-06-29 19:00:00-05\"")"", ""specificity"": 100, ""epistemic_kind"": ""INFERRED""}
HINT:  Incoming fact lost the precedence lattice against an existing overlapping fact.
CONTEXT:  PL/pgSQL function kndb.resolve_conflict() line 91 at RAISE",,1,
281,SERIALIZABLE,A,1,1,,,1,
282,SERIALIZABLE,B,0,1,"SerializationFailure: could not serialize access due to read/write dependencies among transactions
DETAIL:  Reason code: Canceled on identification as a pivot, during write.
HINT:  The transaction might succeed if retried.",,1,
283,SERIALIZABLE,A,1,0,,"SerializationFailure: could not serialize access due to read/write dependencies among transactions
DETAIL:  Reason code: Canceled on identification as a pivot, during write.
HINT:  The transaction might succeed if retried.",0,"live kind for entity_id=32000283 attribute='s2_slot' is INFERRED, expected MEASURED"
284,SERIALIZABLE,A,1,1,,,1,
285,SERIALIZABLE,B,0,1,"CheckViolation: KNDB precedence: NEW outranked by fact_id=12bcd405-12c8-48bc-a065-cba6b623187b, reason=kind_outranked -- payload={""value"": ""INFERRED_iter285"", ""writer"": ""kndb_native"", ""fact_id"": ""9e37f541-cf00-4454-aea4-c1a569ec687c"", ""provsql"": ""5471ad2e-cad0-4358-b563-2cf562886c92"", ""sources"": [], ""sys_time"": ""[\""2026-07-09 02:38:29.510736-05\"",infinity)"", ""attribute"": ""s2_slot"", ""entity_id"": 32000285, ""confidence"": 0.97000, ""valid_time"": ""[\""2025-12-31 18:00:00-06\"",\""2026-06-29 19:00:00-05\"")"", ""specificity"": 100, ""epistemic_kind"": ""INFERRED""}
HINT:  Incoming fact lost the precedence lattice against an existing overlapping fact.
CONTEXT:  PL/pgSQL function kndb.resolve_conflict() line 91 at RAISE",,1,
286,SERIALIZABLE,B,0,1,"SerializationFailure: could not serialize access due to read/write dependencies among transactions
DETAIL:  Reason code: Canceled on identification as a pivot, during write.
HINT:  The transaction might succeed if retried.",,1,
287,SERIALIZABLE,A,1,0,,"SerializationFailure: could not serialize access due to read/write dependencies among transactions
DETAIL:  Reason code: Canceled on identification as a pivot, during write.
HINT:  The transaction might succeed if retried.",0,"live kind for entity_id=32000287 attribute='s2_slot' is INFERRED, expected MEASURED"
288,SERIALIZABLE,A,1,0,,"SerializationFailure: could not serialize access due to read/write dependencies among transactions
DETAIL:  Reason code: Canceled on identification as a pivot, during write.
HINT:  The transaction might succeed if retried.",0,"live kind for entity_id=32000288 attribute='s2_slot' is INFERRED, expected MEASURED"
289,SERIALIZABLE,A,1,1,,,1,
290,SERIALIZABLE,A,1,1,,,1,
291,SERIALIZABLE,B,0,1,"SerializationFailure: could not serialize access due to read/write dependencies among transactions
DETAIL:  Reason code: Canceled on identification as a pivot, during write.
HINT:  The transaction might succeed if retried.",,1,
292,SERIALIZABLE,B,0,1,"CheckViolation: KNDB precedence: NEW outranked by fact_id=c34cfb5a-fc8a-4873-998f-a85247d1893e, reason=kind_outranked -- payload={""value"": ""INFERRED_iter292"", ""writer"": ""kndb_native"", ""fact_id"": ""3c59aee0-508a-4dc2-98cf-32ec83ceff91"", ""provsql"": ""0c0e9f8d-dfb5-4f40-9fe2-3888bf50870e"", ""sources"": [], ""sys_time"": ""[\""2026-07-09 02:38:29.568176-05\"",infinity)"", ""attribute"": ""s2_slot"", ""entity_id"": 32000292, ""confidence"": 0.97000, ""valid_time"": ""[\""2025-12-31 18:00:00-06\"",\""2026-06-29 19:00:00-05\"")"", ""specificity"": 100, ""epistemic_kind"": ""INFERRED""}
HINT:  Incoming fact lost the precedence lattice against an existing overlapping fact.
CONTEXT:  PL/pgSQL function kndb.resolve_conflict() line 91 at RAISE",,1,
293,SERIALIZABLE,A,1,0,,"SerializationFailure: could not serialize access due to read/write dependencies among transactions
DETAIL:  Reason code: Canceled on identification as a pivot, during write.
HINT:  The transaction might succeed if retried.",0,"live kind for entity_id=32000293 attribute='s2_slot' is INFERRED, expected MEASURED"
294,SERIALIZABLE,B,0,1,"CheckViolation: KNDB precedence: NEW outranked by fact_id=c7480700-b7c6-4b0e-ae23-c8a79575bd00, reason=kind_outranked -- payload={""value"": ""INFERRED_iter294"", ""writer"": ""kndb_native"", ""fact_id"": ""10273a41-529b-4e24-af5e-2308ef366ff7"", ""provsql"": ""e23c427f-76bd-483e-ae68-7274a7412516"", ""sources"": [], ""sys_time"": ""[\""2026-07-09 02:38:29.584423-05\"",infinity)"", ""attribute"": ""s2_slot"", ""entity_id"": 32000294, ""confidence"": 0.97000, ""valid_time"": ""[\""2025-12-31 18:00:00-06\"",\""2026-06-29 19:00:00-05\"")"", ""specificity"": 100, ""epistemic_kind"": ""INFERRED""}
HINT:  Incoming fact lost the precedence lattice against an existing overlapping fact.
CONTEXT:  PL/pgSQL function kndb.resolve_conflict() line 91 at RAISE",,1,
295,SERIALIZABLE,B,0,1,"CheckViolation: KNDB precedence: NEW outranked by fact_id=104873e6-5729-47e1-b959-47ce3f86220b, reason=kind_outranked -- payload={""value"": ""INFERRED_iter295"", ""writer"": ""kndb_native"", ""fact_id"": ""c6dad379-7f1b-4836-b183-9a393c7a9831"", ""provsql"": ""eec4ee15-961d-43ad-ad1d-7f23905e3be3"", ""sources"": [], ""sys_time"": ""[\""2026-07-09 02:38:29.592243-05\"",infinity)"", ""attribute"": ""s2_slot"", ""entity_id"": 32000295, ""confidence"": 0.97000, ""valid_time"": ""[\""2025-12-31 18:00:00-06\"",\""2026-06-29 19:00:00-05\"")"", ""specificity"": 100, ""epistemic_kind"": ""INFERRED""}
HINT:  Incoming fact lost the precedence lattice against an existing overlapping fact.
CONTEXT:  PL/pgSQL function kndb.resolve_conflict() line 91 at RAISE",,1,
296,SERIALIZABLE,A,1,0,,"SerializationFailure: could not serialize access due to read/write dependencies among transactions
DETAIL:  Reason code: Canceled on identification as a pivot, during write.
HINT:  The transaction might succeed if retried.",0,"live kind for entity_id=32000296 attribute='s2_slot' is INFERRED, expected MEASURED"
297,SERIALIZABLE,A,1,1,,,1,
298,SERIALIZABLE,A,1,1,,,1,
299,SERIALIZABLE,B,0,1,"SerializationFailure: could not serialize access due to read/write dependencies among transactions
DETAIL:  Reason code: Canceled on identification as a pivot, during write.
HINT:  The transaction might succeed if retried.",,1,
300,SERIALIZABLE,B,0,1,"CheckViolation: KNDB precedence: NEW outranked by fact_id=1c326804-3b8e-4f46-a3ec-1f922a601cfd, reason=kind_outranked -- payload={""value"": ""INFERRED_iter300"", ""writer"": ""kndb_native"", ""fact_id"": ""7467ae58-8c2b-404d-8829-2807e47b3987"", ""provsql"": ""e04a22e3-bdbb-4c0c-a1be-2d5e82824c78"", ""sources"": [], ""sys_time"": ""[\""2026-07-09 02:38:29.632728-05\"",infinity)"", ""attribute"": ""s2_slot"", ""entity_id"": 32000300, ""confidence"": 0.97000, ""valid_time"": ""[\""2025-12-31 18:00:00-06\"",\""2026-06-29 19:00:00-05\"")"", ""specificity"": 100, ""epistemic_kind"": ""INFERRED""}
HINT:  Incoming fact lost the precedence lattice against an existing overlapping fact.
CONTEXT:  PL/pgSQL function kndb.resolve_conflict() line 91 at RAISE",,1,
301,SERIALIZABLE,B,0,1,"CheckViolation: KNDB precedence: NEW outranked by fact_id=f1cd7aa4-9ba8-4fc4-b30f-aa06b508a5cb, reason=kind_outranked -- payload={""value"": ""INFERRED_iter301"", ""writer"": ""kndb_native"", ""fact_id"": ""d1a43768-5ceb-4167-89df-5cba69a33c8c"", ""provsql"": ""087f7295-f5d5-4b76-9738-3eb1f9651e85"", ""sources"": [], ""sys_time"": ""[\""2026-07-09 02:38:29.640651-05\"",infinity)"", ""attribute"": ""s2_slot"", ""entity_id"": 32000301, ""confidence"": 0.97000, ""valid_time"": ""[\""2025-12-31 18:00:00-06\"",\""2026-06-29 19:00:00-05\"")"", ""specificity"": 100, ""epistemic_kind"": ""INFERRED""}
HINT:  Incoming fact lost the precedence lattice against an existing overlapping fact.
CONTEXT:  PL/pgSQL function kndb.resolve_conflict() line 91 at RAISE",,1,
302,SERIALIZABLE,B,0,1,"SerializationFailure: could not serialize access due to read/write dependencies among transactions
DETAIL:  Reason code: Canceled on identification as a pivot, during write.
HINT:  The transaction might succeed if retried.",,1,
303,SERIALIZABLE,B,0,1,"CheckViolation: KNDB precedence: NEW outranked by fact_id=df929990-52cc-4558-a879-01b52217daa9, reason=kind_outranked -- payload={""value"": ""INFERRED_iter303"", ""writer"": ""kndb_native"", ""fact_id"": ""a6fd0e58-2af6-4e03-87f6-899f7b4793db"", ""provsql"": ""3b69e00a-e6b6-43d0-9b41-c6830f29bbad"", ""sources"": [], ""sys_time"": ""[\""2026-07-09 02:38:29.656614-05\"",infinity)"", ""attribute"": ""s2_slot"", ""entity_id"": 32000303, ""confidence"": 0.97000, ""valid_time"": ""[\""2025-12-31 18:00:00-06\"",\""2026-06-29 19:00:00-05\"")"", ""specificity"": 100, ""epistemic_kind"": ""INFERRED""}
HINT:  Incoming fact lost the precedence lattice against an existing overlapping fact.
CONTEXT:  PL/pgSQL function kndb.resolve_conflict() line 91 at RAISE",,1,
304,SERIALIZABLE,A,1,1,,,1,
305,SERIALIZABLE,A,1,1,,,1,
306,SERIALIZABLE,A,1,0,,"SerializationFailure: could not serialize access due to read/write dependencies among transactions
DETAIL:  Reason code: Canceled on identification as a pivot, during write.
HINT:  The transaction might succeed if retried.",0,"live kind for entity_id=32000306 attribute='s2_slot' is INFERRED, expected MEASURED"
307,SERIALIZABLE,B,0,1,"CheckViolation: KNDB precedence: NEW outranked by fact_id=88d788bc-61e1-4b58-b1b1-1506c65d6c03, reason=kind_outranked -- payload={""value"": ""INFERRED_iter307"", ""writer"": ""kndb_native"", ""fact_id"": ""3abb42bf-68e2-4c03-8d9d-17a63c244c65"", ""provsql"": ""b2f4ea8d-1781-458c-a4ac-5dd07a21230e"", ""sources"": [], ""sys_time"": ""[\""2026-07-09 02:38:29.689384-05\"",infinity)"", ""attribute"": ""s2_slot"", ""entity_id"": 32000307, ""confidence"": 0.97000, ""valid_time"": ""[\""2025-12-31 18:00:00-06\"",\""2026-06-29 19:00:00-05\"")"", ""specificity"": 100, ""epistemic_kind"": ""INFERRED""}
HINT:  Incoming fact lost the precedence lattice against an existing overlapping fact.
CONTEXT:  PL/pgSQL function kndb.resolve_conflict() line 91 at RAISE",,1,
308,SERIALIZABLE,B,0,1,"SerializationFailure: could not serialize access due to read/write dependencies among transactions
DETAIL:  Reason code: Canceled on identification as a pivot, during write.
HINT:  The transaction might succeed if retried.",,1,
309,SERIALIZABLE,B,0,1,"CheckViolation: KNDB precedence: NEW outranked by fact_id=148dc16b-f41b-4d4a-a488-0968a743114f, reason=kind_outranked -- payload={""value"": ""INFERRED_iter309"", ""writer"": ""kndb_native"", ""fact_id"": ""91a8f27f-65d9-4c33-84b2-58b84e77e553"", ""provsql"": ""b330a600-303c-41f8-ba0b-c48767188365"", ""sources"": [], ""sys_time"": ""[\""2026-07-09 02:38:29.705381-05\"",infinity)"", ""attribute"": ""s2_slot"", ""entity_id"": 32000309, ""confidence"": 0.97000, ""valid_time"": ""[\""2025-12-31 18:00:00-06\"",\""2026-06-29 19:00:00-05\"")"", ""specificity"": 100, ""epistemic_kind"": ""INFERRED""}
HINT:  Incoming fact lost the precedence lattice against an existing overlapping fact.
CONTEXT:  PL/pgSQL function kndb.resolve_conflict() line 91 at RAISE",,1,
310,SERIALIZABLE,B,0,1,"CheckViolation: KNDB precedence: NEW outranked by fact_id=89ef16ae-c158-47b8-a019-b463d3e951a3, reason=kind_outranked -- payload={""value"": ""INFERRED_iter310"", ""writer"": ""kndb_native"", ""fact_id"": ""b128bcc7-6da4-4447-8507-fe65b87fb04f"", ""provsql"": ""f4bf95bc-2465-47df-8da4-ba12fa3d5633"", ""sources"": [], ""sys_time"": ""[\""2026-07-09 02:38:29.713305-05\"",infinity)"", ""attribute"": ""s2_slot"", ""entity_id"": 32000310, ""confidence"": 0.97000, ""valid_time"": ""[\""2025-12-31 18:00:00-06\"",\""2026-06-29 19:00:00-05\"")"", ""specificity"": 100, ""epistemic_kind"": ""INFERRED""}
HINT:  Incoming fact lost the precedence lattice against an existing overlapping fact.
CONTEXT:  PL/pgSQL function kndb.resolve_conflict() line 91 at RAISE",,1,
311,SERIALIZABLE,A,1,0,,"SerializationFailure: could not serialize access due to read/write dependencies among transactions
DETAIL:  Reason code: Canceled on identification as a pivot, during write.
HINT:  The transaction might succeed if retried.",0,"live kind for entity_id=32000311 attribute='s2_slot' is INFERRED, expected MEASURED"
312,SERIALIZABLE,A,1,0,,"SerializationFailure: could not serialize access due to read/write dependencies among transactions
DETAIL:  Reason code: Canceled on identification as a pivot, during write.
HINT:  The transaction might succeed if retried.",0,"live kind for entity_id=32000312 attribute='s2_slot' is INFERRED, expected MEASURED"
313,SERIALIZABLE,A,1,1,,,1,
314,SERIALIZABLE,B,0,1,"SerializationFailure: could not serialize access due to read/write dependencies among transactions
DETAIL:  Reason code: Canceled on identification as a pivot, during write.
HINT:  The transaction might succeed if retried.",,1,
315,SERIALIZABLE,B,0,1,"CheckViolation: KNDB precedence: NEW outranked by fact_id=5023fa74-9a0f-43aa-802d-5a1c0b46f1ae, reason=kind_outranked -- payload={""value"": ""INFERRED_iter315"", ""writer"": ""kndb_native"", ""fact_id"": ""a34f853f-fd8f-40cc-b7e5-264f198177fa"", ""provsql"": ""8a4b8e9a-ceca-4290-bad6-81a9dda79000"", ""sources"": [], ""sys_time"": ""[\""2026-07-09 02:38:29.755645-05\"",infinity)"", ""attribute"": ""s2_slot"", ""entity_id"": 32000315, ""confidence"": 0.97000, ""valid_time"": ""[\""2025-12-31 18:00:00-06\"",\""2026-06-29 19:00:00-05\"")"", ""specificity"": 100, ""epistemic_kind"": ""INFERRED""}
HINT:  Incoming fact lost the precedence lattice against an existing overlapping fact.
CONTEXT:  PL/pgSQL function kndb.resolve_conflict() line 91 at RAISE",,1,
316,SERIALIZABLE,A,1,0,,"SerializationFailure: could not serialize access due to read/write dependencies among transactions
DETAIL:  Reason code: Canceled on identification as a pivot, during write.
HINT:  The transaction might succeed if retried.",0,"live kind for entity_id=32000316 attribute='s2_slot' is INFERRED, expected MEASURED"
317,SERIALIZABLE,B,0,1,"SerializationFailure: could not serialize access due to read/write dependencies among transactions
DETAIL:  Reason code: Canceled on identification as a pivot, during write.
HINT:  The transaction might succeed if retried.",,1,
318,SERIALIZABLE,A,1,0,,"SerializationFailure: could not serialize access due to read/write dependencies among transactions
DETAIL:  Reason code: Canceled on identification as a pivot, during write.
HINT:  The transaction might succeed if retried.",0,"live kind for entity_id=32000318 attribute='s2_slot' is INFERRED, expected MEASURED"
319,SERIALIZABLE,B,0,1,"SerializationFailure: could not serialize access due to read/write dependencies among transactions
DETAIL:  Reason code: Canceled on identification as a pivot, during write.
HINT:  The transaction might succeed if retried.",,1,
320,SERIALIZABLE,B,0,1,"SerializationFailure: could not serialize access due to read/write dependencies among transactions
DETAIL:  Reason code: Canceled on identification as a pivot, during write.
HINT:  The transaction might succeed if retried.",,1,
321,SERIALIZABLE,B,0,1,"SerializationFailure: could not serialize access due to read/write dependencies among transactions
DETAIL:  Reason code: Canceled on identification as a pivot, during write.
HINT:  The transaction might succeed if retried.",,1,
322,SERIALIZABLE,B,0,1,"CheckViolation: KNDB precedence: NEW outranked by fact_id=754db563-782e-4c64-abed-36a9df848758, reason=kind_outranked -- payload={""value"": ""INFERRED_iter322"", ""writer"": ""kndb_native"", ""fact_id"": ""807af54f-0c88-4340-b4da-f612a63f1963"", ""provsql"": ""e326ddb1-e4ed-4c95-9885-b231d79e4450"", ""sources"": [], ""sys_time"": ""[\""2026-07-09 02:38:29.811803-05\"",infinity)"", ""attribute"": ""s2_slot"", ""entity_id"": 32000322, ""confidence"": 0.97000, ""valid_time"": ""[\""2025-12-31 18:00:00-06\"",\""2026-06-29 19:00:00-05\"")"", ""specificity"": 100, ""epistemic_kind"": ""INFERRED""}
HINT:  Incoming fact lost the precedence lattice against an existing overlapping fact.
CONTEXT:  PL/pgSQL function kndb.resolve_conflict() line 91 at RAISE",,1,
323,SERIALIZABLE,B,0,1,"SerializationFailure: could not serialize access due to read/write dependencies among transactions
DETAIL:  Reason code: Canceled on identification as a pivot, during write.
HINT:  The transaction might succeed if retried.",,1,
324,SERIALIZABLE,A,1,0,,"SerializationFailure: could not serialize access due to read/write dependencies among transactions
DETAIL:  Reason code: Canceled on identification as a pivot, during write.
HINT:  The transaction might succeed if retried.",0,"live kind for entity_id=32000324 attribute='s2_slot' is INFERRED, expected MEASURED"
325,SERIALIZABLE,B,0,1,"SerializationFailure: could not serialize access due to read/write dependencies among transactions
DETAIL:  Reason code: Canceled on identification as a pivot, during write.
HINT:  The transaction might succeed if retried.",,1,
326,SERIALIZABLE,A,1,0,,"SerializationFailure: could not serialize access due to read/write dependencies among transactions
DETAIL:  Reason code: Canceled on identification as a pivot, during write.
HINT:  The transaction might succeed if retried.",0,"live kind for entity_id=32000326 attribute='s2_slot' is INFERRED, expected MEASURED"
327,SERIALIZABLE,B,0,1,"SerializationFailure: could not serialize access due to read/write dependencies among transactions
DETAIL:  Reason code: Canceled on identification as a pivot, during write.
HINT:  The transaction might succeed if retried.",,1,
328,SERIALIZABLE,B,0,1,"SerializationFailure: could not serialize access due to read/write dependencies among transactions
DETAIL:  Reason code: Canceled on identification as a pivot, during write.
HINT:  The transaction might succeed if retried.",,1,
329,SERIALIZABLE,B,0,1,"CheckViolation: KNDB precedence: NEW outranked by fact_id=a380fb9b-0607-49ca-9e06-a323e9c13731, reason=kind_outranked -- payload={""value"": ""INFERRED_iter329"", ""writer"": ""kndb_native"", ""fact_id"": ""7ce9a5da-ba2a-4891-b6a4-8e624281782e"", ""provsql"": ""6c39ab43-6c0a-472e-902b-d7889560b006"", ""sources"": [], ""sys_time"": ""[\""2026-07-09 02:38:29.869448-05\"",infinity)"", ""attribute"": ""s2_slot"", ""entity_id"": 32000329, ""confidence"": 0.97000, ""valid_time"": ""[\""2025-12-31 18:00:00-06\"",\""2026-06-29 19:00:00-05\"")"", ""specificity"": 100, ""epistemic_kind"": ""INFERRED""}
HINT:  Incoming fact lost the precedence lattice against an existing overlapping fact.
CONTEXT:  PL/pgSQL function kndb.resolve_conflict() line 91 at RAISE",,1,
330,SERIALIZABLE,B,0,1,"SerializationFailure: could not serialize access due to read/write dependencies among transactions
DETAIL:  Reason code: Canceled on identification as a pivot, during write.
HINT:  The transaction might succeed if retried.",,1,
331,SERIALIZABLE,A,1,1,,,1,
332,SERIALIZABLE,B,0,1,"CheckViolation: KNDB precedence: NEW outranked by fact_id=d4cdcd94-0901-4b63-a5dd-ba4fb1c3e8b9, reason=kind_outranked -- payload={""value"": ""INFERRED_iter332"", ""writer"": ""kndb_native"", ""fact_id"": ""77977dd2-72f1-435d-8091-2d1e7453ef75"", ""provsql"": ""7ed457ea-e191-494d-8ea1-d849feb3974e"", ""sources"": [], ""sys_time"": ""[\""2026-07-09 02:38:29.893818-05\"",infinity)"", ""attribute"": ""s2_slot"", ""entity_id"": 32000332, ""confidence"": 0.97000, ""valid_time"": ""[\""2025-12-31 18:00:00-06\"",\""2026-06-29 19:00:00-05\"")"", ""specificity"": 100, ""epistemic_kind"": ""INFERRED""}
HINT:  Incoming fact lost the precedence lattice against an existing overlapping fact.
CONTEXT:  PL/pgSQL function kndb.resolve_conflict() line 91 at RAISE",,1,
333,SERIALIZABLE,A,1,0,,"SerializationFailure: could not serialize access due to read/write dependencies among transactions
DETAIL:  Reason code: Canceled on identification as a pivot, during write.
HINT:  The transaction might succeed if retried.",0,"live kind for entity_id=32000333 attribute='s2_slot' is INFERRED, expected MEASURED"
334,SERIALIZABLE,B,0,1,"SerializationFailure: could not serialize access due to read/write dependencies among transactions
DETAIL:  Reason code: Canceled on identification as a pivot, during write.
HINT:  The transaction might succeed if retried.",,1,
335,SERIALIZABLE,B,0,1,"SerializationFailure: could not serialize access due to read/write dependencies among transactions
DETAIL:  Reason code: Canceled on identification as a pivot, during write.
HINT:  The transaction might succeed if retried.",,1,
336,SERIALIZABLE,A,1,0,,"SerializationFailure: could not serialize access due to read/write dependencies among transactions
DETAIL:  Reason code: Canceled on identification as a pivot, during write.
HINT:  The transaction might succeed if retried.",0,"live kind for entity_id=32000336 attribute='s2_slot' is INFERRED, expected MEASURED"
337,SERIALIZABLE,B,0,1,"SerializationFailure: could not serialize access due to read/write dependencies among transactions
DETAIL:  Reason code: Canceled on identification as a pivot, during write.
HINT:  The transaction might succeed if retried.",,1,
338,SERIALIZABLE,A,1,1,,,1,
339,SERIALIZABLE,A,1,1,,,1,
340,SERIALIZABLE,B,0,1,"SerializationFailure: could not serialize access due to read/write dependencies among transactions
DETAIL:  Reason code: Canceled on identification as a pivot, during write.
HINT:  The transaction might succeed if retried.",,1,
341,SERIALIZABLE,A,1,1,,,1,
342,SERIALIZABLE,A,1,0,,"SerializationFailure: could not serialize access due to read/write dependencies among transactions
DETAIL:  Reason code: Canceled on identification as a pivot, during write.
HINT:  The transaction might succeed if retried.",0,"live kind for entity_id=32000342 attribute='s2_slot' is INFERRED, expected MEASURED"
343,SERIALIZABLE,A,1,0,,"SerializationFailure: could not serialize access due to read/write dependencies among transactions
DETAIL:  Reason code: Canceled on identification as a pivot, during write.
HINT:  The transaction might succeed if retried.",0,"live kind for entity_id=32000343 attribute='s2_slot' is INFERRED, expected MEASURED"
344,SERIALIZABLE,A,1,0,,"SerializationFailure: could not serialize access due to read/write dependencies among transactions
DETAIL:  Reason code: Canceled on identification as a pivot, during write.
HINT:  The transaction might succeed if retried.",0,"live kind for entity_id=32000344 attribute='s2_slot' is INFERRED, expected MEASURED"
345,SERIALIZABLE,B,0,1,"CheckViolation: KNDB precedence: NEW outranked by fact_id=7b87377a-aef3-4695-b95a-b6a81f52e11b, reason=kind_outranked -- payload={""value"": ""INFERRED_iter345"", ""writer"": ""kndb_native"", ""fact_id"": ""3b1251d2-2734-4471-bdac-9271e6594283"", ""provsql"": ""16adab81-84c7-405e-8b60-2dbfa3b1abcb"", ""sources"": [], ""sys_time"": ""[\""2026-07-09 02:38:30.002398-05\"",infinity)"", ""attribute"": ""s2_slot"", ""entity_id"": 32000345, ""confidence"": 0.97000, ""valid_time"": ""[\""2025-12-31 18:00:00-06\"",\""2026-06-29 19:00:00-05\"")"", ""specificity"": 100, ""epistemic_kind"": ""INFERRED""}
HINT:  Incoming fact lost the precedence lattice against an existing overlapping fact.
CONTEXT:  PL/pgSQL function kndb.resolve_conflict() line 91 at RAISE",,1,
346,SERIALIZABLE,B,0,1,"CheckViolation: KNDB precedence: NEW outranked by fact_id=280ae3fc-61e9-4436-ad13-48942e9ef9e1, reason=kind_outranked -- payload={""value"": ""INFERRED_iter346"", ""writer"": ""kndb_native"", ""fact_id"": ""7480f6ed-c5cc-4f25-ba5e-264e03099961"", ""provsql"": ""7930832b-ffd8-41fd-b5e1-5ffbf4c1ac7b"", ""sources"": [], ""sys_time"": ""[\""2026-07-09 02:38:30.009975-05\"",infinity)"", ""attribute"": ""s2_slot"", ""entity_id"": 32000346, ""confidence"": 0.97000, ""valid_time"": ""[\""2025-12-31 18:00:00-06\"",\""2026-06-29 19:00:00-05\"")"", ""specificity"": 100, ""epistemic_kind"": ""INFERRED""}
HINT:  Incoming fact lost the precedence lattice against an existing overlapping fact.
CONTEXT:  PL/pgSQL function kndb.resolve_conflict() line 91 at RAISE",,1,
347,SERIALIZABLE,A,1,1,,,1,
348,SERIALIZABLE,B,0,1,"SerializationFailure: could not serialize access due to read/write dependencies among transactions
DETAIL:  Reason code: Canceled on identification as a pivot, during write.
HINT:  The transaction might succeed if retried.",,1,
349,SERIALIZABLE,A,1,1,,,1,
350,SERIALIZABLE,B,0,1,"SerializationFailure: could not serialize access due to read/write dependencies among transactions
DETAIL:  Reason code: Canceled on identification as a pivot, during write.
HINT:  The transaction might succeed if retried.",,1,
351,SERIALIZABLE,B,0,1,"CheckViolation: KNDB precedence: NEW outranked by fact_id=e45777a9-ecca-457f-877b-a80a207188ca, reason=kind_outranked -- payload={""value"": ""INFERRED_iter351"", ""writer"": ""kndb_native"", ""fact_id"": ""51ffce63-13c2-49cb-a771-8d6888216275"", ""provsql"": ""1dd2fd8b-27c0-4dae-adef-2046d5743a7c"", ""sources"": [], ""sys_time"": ""[\""2026-07-09 02:38:30.052235-05\"",infinity)"", ""attribute"": ""s2_slot"", ""entity_id"": 32000351, ""confidence"": 0.97000, ""valid_time"": ""[\""2025-12-31 18:00:00-06\"",\""2026-06-29 19:00:00-05\"")"", ""specificity"": 100, ""epistemic_kind"": ""INFERRED""}
HINT:  Incoming fact lost the precedence lattice against an existing overlapping fact.
CONTEXT:  PL/pgSQL function kndb.resolve_conflict() line 91 at RAISE",,1,
352,SERIALIZABLE,B,0,1,"SerializationFailure: could not serialize access due to read/write dependencies among transactions
DETAIL:  Reason code: Canceled on identification as a pivot, during write.
HINT:  The transaction might succeed if retried.",,1,
353,SERIALIZABLE,A,1,0,,"SerializationFailure: could not serialize access due to read/write dependencies among transactions
DETAIL:  Reason code: Canceled on identification as a pivot, during write.
HINT:  The transaction might succeed if retried.",0,"live kind for entity_id=32000353 attribute='s2_slot' is INFERRED, expected MEASURED"
354,SERIALIZABLE,B,0,1,"SerializationFailure: could not serialize access due to read/write dependencies among transactions
DETAIL:  Reason code: Canceled on identification as a pivot, during write.
HINT:  The transaction might succeed if retried.",,1,
355,SERIALIZABLE,A,1,1,,,1,
356,SERIALIZABLE,B,0,1,"SerializationFailure: could not serialize access due to read/write dependencies among transactions
DETAIL:  Reason code: Canceled on identification as a pivot, during write.
HINT:  The transaction might succeed if retried.",,1,
357,SERIALIZABLE,A,1,0,,"SerializationFailure: could not serialize access due to read/write dependencies among transactions
DETAIL:  Reason code: Canceled on identification as a pivot, during write.
HINT:  The transaction might succeed if retried.",0,"live kind for entity_id=32000357 attribute='s2_slot' is INFERRED, expected MEASURED"
358,SERIALIZABLE,A,1,1,,,1,
359,SERIALIZABLE,A,1,0,,"SerializationFailure: could not serialize access due to read/write dependencies among transactions
DETAIL:  Reason code: Canceled on identification as a pivot, during write.
HINT:  The transaction might succeed if retried.",0,"live kind for entity_id=32000359 attribute='s2_slot' is INFERRED, expected MEASURED"
360,SERIALIZABLE,B,0,1,"SerializationFailure: could not serialize access due to read/write dependencies among transactions
DETAIL:  Reason code: Canceled on identification as a pivot, during write.
HINT:  The transaction might succeed if retried.",,1,
361,SERIALIZABLE,A,1,0,,"SerializationFailure: could not serialize access due to read/write dependencies among transactions
DETAIL:  Reason code: Canceled on identification as a pivot, during write.
HINT:  The transaction might succeed if retried.",0,"live kind for entity_id=32000361 attribute='s2_slot' is INFERRED, expected MEASURED"
362,SERIALIZABLE,B,0,1,"SerializationFailure: could not serialize access due to read/write dependencies among transactions
DETAIL:  Reason code: Canceled on identification as a pivot, during write.
HINT:  The transaction might succeed if retried.",,1,
363,SERIALIZABLE,B,0,1,"CheckViolation: KNDB precedence: NEW outranked by fact_id=3a18e583-fd83-4f84-b268-1775b749f4f6, reason=kind_outranked -- payload={""value"": ""INFERRED_iter363"", ""writer"": ""kndb_native"", ""fact_id"": ""2f5cb7c2-ca95-460c-a64d-c3ed6ed7487e"", ""provsql"": ""e3747b40-07b8-4138-ba64-a543e858cd55"", ""sources"": [], ""sys_time"": ""[\""2026-07-09 02:38:30.150406-05\"",infinity)"", ""attribute"": ""s2_slot"", ""entity_id"": 32000363, ""confidence"": 0.97000, ""valid_time"": ""[\""2025-12-31 18:00:00-06\"",\""2026-06-29 19:00:00-05\"")"", ""specificity"": 100, ""epistemic_kind"": ""INFERRED""}
HINT:  Incoming fact lost the precedence lattice against an existing overlapping fact.
CONTEXT:  PL/pgSQL function kndb.resolve_conflict() line 91 at RAISE",,1,
364,SERIALIZABLE,A,1,0,,"SerializationFailure: could not serialize access due to read/write dependencies among transactions
DETAIL:  Reason code: Canceled on identification as a pivot, during write.
HINT:  The transaction might succeed if retried.",0,"live kind for entity_id=32000364 attribute='s2_slot' is INFERRED, expected MEASURED"
365,SERIALIZABLE,B,0,1,"SerializationFailure: could not serialize access due to read/write dependencies among transactions
DETAIL:  Reason code: Canceled on identification as a pivot, during write.
HINT:  The transaction might succeed if retried.",,1,
366,SERIALIZABLE,A,1,0,,"SerializationFailure: could not serialize access due to read/write dependencies among transactions
DETAIL:  Reason code: Canceled on identification as a pivot, during write.
HINT:  The transaction might succeed if retried.",0,"live kind for entity_id=32000366 attribute='s2_slot' is INFERRED, expected MEASURED"
367,SERIALIZABLE,B,0,1,"SerializationFailure: could not serialize access due to read/write dependencies among transactions
DETAIL:  Reason code: Canceled on identification as a pivot, during write.
HINT:  The transaction might succeed if retried.",,1,
368,SERIALIZABLE,A,1,0,,"SerializationFailure: could not serialize access due to read/write dependencies among transactions
DETAIL:  Reason code: Canceled on identification as a pivot, during write.
HINT:  The transaction might succeed if retried.",0,"live kind for entity_id=32000368 attribute='s2_slot' is INFERRED, expected MEASURED"
369,SERIALIZABLE,B,0,1,"CheckViolation: KNDB precedence: NEW outranked by fact_id=932ba756-b64d-4695-b720-5b93032729d6, reason=kind_outranked -- payload={""value"": ""INFERRED_iter369"", ""writer"": ""kndb_native"", ""fact_id"": ""382d3c67-d6a8-4b62-8843-3ceb150f035e"", ""provsql"": ""601914be-3b89-4e1b-98d3-8672372f70c1"", ""sources"": [], ""sys_time"": ""[\""2026-07-09 02:38:30.201437-05\"",infinity)"", ""attribute"": ""s2_slot"", ""entity_id"": 32000369, ""confidence"": 0.97000, ""valid_time"": ""[\""2025-12-31 18:00:00-06\"",\""2026-06-29 19:00:00-05\"")"", ""specificity"": 100, ""epistemic_kind"": ""INFERRED""}
HINT:  Incoming fact lost the precedence lattice against an existing overlapping fact.
CONTEXT:  PL/pgSQL function kndb.resolve_conflict() line 91 at RAISE",,1,
370,SERIALIZABLE,B,0,1,"CheckViolation: KNDB precedence: NEW outranked by fact_id=5ffcb372-da30-473a-b62e-54e25f24221d, reason=kind_outranked -- payload={""value"": ""INFERRED_iter370"", ""writer"": ""kndb_native"", ""fact_id"": ""a1994d1d-2f02-4e92-905d-2e2be6ada4fe"", ""provsql"": ""1b10ac9f-30a9-4138-858a-0ab6cb00a642"", ""sources"": [], ""sys_time"": ""[\""2026-07-09 02:38:30.209534-05\"",infinity)"", ""attribute"": ""s2_slot"", ""entity_id"": 32000370, ""confidence"": 0.97000, ""valid_time"": ""[\""2025-12-31 18:00:00-06\"",\""2026-06-29 19:00:00-05\"")"", ""specificity"": 100, ""epistemic_kind"": ""INFERRED""}
HINT:  Incoming fact lost the precedence lattice against an existing overlapping fact.
CONTEXT:  PL/pgSQL function kndb.resolve_conflict() line 91 at RAISE",,1,
371,SERIALIZABLE,B,0,1,"SerializationFailure: could not serialize access due to read/write dependencies among transactions
DETAIL:  Reason code: Canceled on identification as a pivot, during write.
HINT:  The transaction might succeed if retried.",,1,
372,SERIALIZABLE,B,0,1,"SerializationFailure: could not serialize access due to read/write dependencies among transactions
DETAIL:  Reason code: Canceled on identification as a pivot, during write.
HINT:  The transaction might succeed if retried.",,1,
373,SERIALIZABLE,B,0,1,"SerializationFailure: could not serialize access due to read/write dependencies among transactions
DETAIL:  Reason code: Canceled on identification as a pivot, during write.
HINT:  The transaction might succeed if retried.",,1,
374,SERIALIZABLE,A,1,0,,"SerializationFailure: could not serialize access due to read/write dependencies among transactions
DETAIL:  Reason code: Canceled on identification as a pivot, during write.
HINT:  The transaction might succeed if retried.",0,"live kind for entity_id=32000374 attribute='s2_slot' is INFERRED, expected MEASURED"
375,SERIALIZABLE,A,1,0,,"SerializationFailure: could not serialize access due to read/write dependencies among transactions
DETAIL:  Reason code: Canceled on identification as a pivot, during write.
HINT:  The transaction might succeed if retried.",0,"live kind for entity_id=32000375 attribute='s2_slot' is INFERRED, expected MEASURED"
376,SERIALIZABLE,B,0,1,"SerializationFailure: could not serialize access due to read/write dependencies among transactions
DETAIL:  Reason code: Canceled on identification as a pivot, during write.
HINT:  The transaction might succeed if retried.",,1,
377,SERIALIZABLE,A,1,0,,"SerializationFailure: could not serialize access due to read/write dependencies among transactions
DETAIL:  Reason code: Canceled on identification as a pivot, during write.
HINT:  The transaction might succeed if retried.",0,"live kind for entity_id=32000377 attribute='s2_slot' is INFERRED, expected MEASURED"
378,SERIALIZABLE,A,1,0,,"SerializationFailure: could not serialize access due to read/write dependencies among transactions
DETAIL:  Reason code: Canceled on identification as a pivot, during write.
HINT:  The transaction might succeed if retried.",0,"live kind for entity_id=32000378 attribute='s2_slot' is INFERRED, expected MEASURED"
379,SERIALIZABLE,B,0,1,"CheckViolation: KNDB precedence: NEW outranked by fact_id=b6df89da-01b6-4474-9aa8-bc4bd144e33a, reason=kind_outranked -- payload={""value"": ""INFERRED_iter379"", ""writer"": ""kndb_native"", ""fact_id"": ""c6ceaa4f-d6f9-414d-9190-6312264952b0"", ""provsql"": ""4c36f7cc-4419-4436-9e31-6d29e60fb56e"", ""sources"": [], ""sys_time"": ""[\""2026-07-09 02:38:30.284481-05\"",infinity)"", ""attribute"": ""s2_slot"", ""entity_id"": 32000379, ""confidence"": 0.97000, ""valid_time"": ""[\""2025-12-31 18:00:00-06\"",\""2026-06-29 19:00:00-05\"")"", ""specificity"": 100, ""epistemic_kind"": ""INFERRED""}
HINT:  Incoming fact lost the precedence lattice against an existing overlapping fact.
CONTEXT:  PL/pgSQL function kndb.resolve_conflict() line 91 at RAISE",,1,
380,SERIALIZABLE,B,0,1,"SerializationFailure: could not serialize access due to read/write dependencies among transactions
DETAIL:  Reason code: Canceled on identification as a pivot, during write.
HINT:  The transaction might succeed if retried.",,1,
381,SERIALIZABLE,A,1,1,,,1,
382,SERIALIZABLE,A,1,1,,,1,
383,SERIALIZABLE,A,1,0,,"SerializationFailure: could not serialize access due to read/write dependencies among transactions
DETAIL:  Reason code: Canceled on identification as a pivot, during write.
HINT:  The transaction might succeed if retried.",0,"live kind for entity_id=32000383 attribute='s2_slot' is INFERRED, expected MEASURED"
384,SERIALIZABLE,A,1,0,,"SerializationFailure: could not serialize access due to read/write dependencies among transactions
DETAIL:  Reason code: Canceled on identification as a pivot, during write.
HINT:  The transaction might succeed if retried.",0,"live kind for entity_id=32000384 attribute='s2_slot' is INFERRED, expected MEASURED"
385,SERIALIZABLE,A,1,0,,"SerializationFailure: could not serialize access due to read/write dependencies among transactions
DETAIL:  Reason code: Canceled on identification as a pivot, during write.
HINT:  The transaction might succeed if retried.",0,"live kind for entity_id=32000385 attribute='s2_slot' is INFERRED, expected MEASURED"
386,SERIALIZABLE,A,1,1,,,1,
387,SERIALIZABLE,A,1,0,,"SerializationFailure: could not serialize access due to read/write dependencies among transactions
DETAIL:  Reason code: Canceled on identification as a pivot, during write.
HINT:  The transaction might succeed if retried.",0,"live kind for entity_id=32000387 attribute='s2_slot' is INFERRED, expected MEASURED"
388,SERIALIZABLE,B,0,1,"CheckViolation: KNDB precedence: NEW outranked by fact_id=a622edb9-a18c-4496-968d-f451f5d3f283, reason=kind_outranked -- payload={""value"": ""INFERRED_iter388"", ""writer"": ""kndb_native"", ""fact_id"": ""3251cbe8-8504-4048-8076-74b31862b6ad"", ""provsql"": ""732ad241-8417-447a-8998-cdc73da8bfeb"", ""sources"": [], ""sys_time"": ""[\""2026-07-09 02:38:30.362813-05\"",infinity)"", ""attribute"": ""s2_slot"", ""entity_id"": 32000388, ""confidence"": 0.97000, ""valid_time"": ""[\""2025-12-31 18:00:00-06\"",\""2026-06-29 19:00:00-05\"")"", ""specificity"": 100, ""epistemic_kind"": ""INFERRED""}
HINT:  Incoming fact lost the precedence lattice against an existing overlapping fact.
CONTEXT:  PL/pgSQL function kndb.resolve_conflict() line 91 at RAISE",,1,
389,SERIALIZABLE,B,0,1,"SerializationFailure: could not serialize access due to read/write dependencies among transactions
DETAIL:  Reason code: Canceled on identification as a pivot, during write.
HINT:  The transaction might succeed if retried.",,1,
390,SERIALIZABLE,B,0,1,"CheckViolation: KNDB precedence: NEW outranked by fact_id=5a55e589-ad57-4612-b89e-471417d31062, reason=kind_outranked -- payload={""value"": ""INFERRED_iter390"", ""writer"": ""kndb_native"", ""fact_id"": ""59cae76f-59ee-4fa6-8597-d9b8125b0c0d"", ""provsql"": ""30c2b6c6-4115-4ac5-b42c-9aa243e831a1"", ""sources"": [], ""sys_time"": ""[\""2026-07-09 02:38:30.379498-05\"",infinity)"", ""attribute"": ""s2_slot"", ""entity_id"": 32000390, ""confidence"": 0.97000, ""valid_time"": ""[\""2025-12-31 18:00:00-06\"",\""2026-06-29 19:00:00-05\"")"", ""specificity"": 100, ""epistemic_kind"": ""INFERRED""}
HINT:  Incoming fact lost the precedence lattice against an existing overlapping fact.
CONTEXT:  PL/pgSQL function kndb.resolve_conflict() line 91 at RAISE",,1,
391,SERIALIZABLE,B,0,1,"SerializationFailure: could not serialize access due to read/write dependencies among transactions
DETAIL:  Reason code: Canceled on identification as a pivot, during write.
HINT:  The transaction might succeed if retried.",,1,
392,SERIALIZABLE,A,1,0,,"SerializationFailure: could not serialize access due to read/write dependencies among transactions
DETAIL:  Reason code: Canceled on identification as a pivot, during write.
HINT:  The transaction might succeed if retried.",0,"live kind for entity_id=32000392 attribute='s2_slot' is INFERRED, expected MEASURED"
393,SERIALIZABLE,B,0,1,"SerializationFailure: could not serialize access due to read/write dependencies among transactions
DETAIL:  Reason code: Canceled on identification as a pivot, during write.
HINT:  The transaction might succeed if retried.",,1,
394,SERIALIZABLE,A,1,0,,"SerializationFailure: could not serialize access due to read/write dependencies among transactions
DETAIL:  Reason code: Canceled on identification as a pivot, during write.
HINT:  The transaction might succeed if retried.",0,"live kind for entity_id=32000394 attribute='s2_slot' is INFERRED, expected MEASURED"
395,SERIALIZABLE,A,1,0,,"SerializationFailure: could not serialize access due to read/write dependencies among transactions
DETAIL:  Reason code: Canceled on identification as a pivot, during write.
HINT:  The transaction might succeed if retried.",0,"live kind for entity_id=32000395 attribute='s2_slot' is INFERRED, expected MEASURED"
396,SERIALIZABLE,A,1,0,,"SerializationFailure: could not serialize access due to read/write dependencies among transactions
DETAIL:  Reason code: Canceled on identification as a pivot, during write.
HINT:  The transaction might succeed if retried.",0,"live kind for entity_id=32000396 attribute='s2_slot' is INFERRED, expected MEASURED"
397,SERIALIZABLE,B,0,1,"SerializationFailure: could not serialize access due to read/write dependencies among transactions
DETAIL:  Reason code: Canceled on identification as a pivot, during write.
HINT:  The transaction might succeed if retried.",,1,
398,SERIALIZABLE,B,0,1,"SerializationFailure: could not serialize access due to read/write dependencies among transactions
DETAIL:  Reason code: Canceled on identification as a pivot, during write.
HINT:  The transaction might succeed if retried.",,1,
399,SERIALIZABLE,A,1,1,,,1,
400,SERIALIZABLE,A,1,1,,,1,
401,SERIALIZABLE,A,1,0,,"SerializationFailure: could not serialize access due to read/write dependencies among transactions
DETAIL:  Reason code: Canceled on identification as a pivot, during write.
HINT:  The transaction might succeed if retried.",0,"live kind for entity_id=32000401 attribute='s2_slot' is INFERRED, expected MEASURED"
402,SERIALIZABLE,A,1,0,,"SerializationFailure: could not serialize access due to read/write dependencies among transactions
DETAIL:  Reason code: Canceled on identification as a pivot, during write.
HINT:  The transaction might succeed if retried.",0,"live kind for entity_id=32000402 attribute='s2_slot' is INFERRED, expected MEASURED"
403,SERIALIZABLE,B,0,1,"CheckViolation: KNDB precedence: NEW outranked by fact_id=494e1a44-39fd-4880-ae47-18e138dd5802, reason=kind_outranked -- payload={""value"": ""INFERRED_iter403"", ""writer"": ""kndb_native"", ""fact_id"": ""2db9fc1b-2d42-4a37-b51c-e4b58886a76c"", ""provsql"": ""9d3c0dc2-2a9d-4f56-bcba-279aaa9f6d5e"", ""sources"": [], ""sys_time"": ""[\""2026-07-09 02:38:30.490388-05\"",infinity)"", ""attribute"": ""s2_slot"", ""entity_id"": 32000403, ""confidence"": 0.97000, ""valid_time"": ""[\""2025-12-31 18:00:00-06\"",\""2026-06-29 19:00:00-05\"")"", ""specificity"": 100, ""epistemic_kind"": ""INFERRED""}
HINT:  Incoming fact lost the precedence lattice against an existing overlapping fact.
CONTEXT:  PL/pgSQL function kndb.resolve_conflict() line 91 at RAISE",,1,
404,SERIALIZABLE,B,0,1,"CheckViolation: KNDB precedence: NEW outranked by fact_id=57e49905-95ff-416f-8c5f-ab1f860c3776, reason=kind_outranked -- payload={""value"": ""INFERRED_iter404"", ""writer"": ""kndb_native"", ""fact_id"": ""d5f2aa46-3b52-4b3a-ad3a-22a8362c47b8"", ""provsql"": ""3fca6aea-2567-4d50-8b9c-2b0ea8268c33"", ""sources"": [], ""sys_time"": ""[\""2026-07-09 02:38:30.498341-05\"",infinity)"", ""attribute"": ""s2_slot"", ""entity_id"": 32000404, ""confidence"": 0.97000, ""valid_time"": ""[\""2025-12-31 18:00:00-06\"",\""2026-06-29 19:00:00-05\"")"", ""specificity"": 100, ""epistemic_kind"": ""INFERRED""}
HINT:  Incoming fact lost the precedence lattice against an existing overlapping fact.
CONTEXT:  PL/pgSQL function kndb.resolve_conflict() line 91 at RAISE",,1,
405,SERIALIZABLE,A,1,0,,"SerializationFailure: could not serialize access due to read/write dependencies among transactions
DETAIL:  Reason code: Canceled on identification as a pivot, during write.
HINT:  The transaction might succeed if retried.",0,"live kind for entity_id=32000405 attribute='s2_slot' is INFERRED, expected MEASURED"
406,SERIALIZABLE,A,1,0,,"SerializationFailure: could not serialize access due to read/write dependencies among transactions
DETAIL:  Reason code: Canceled on identification as a pivot, during write.
HINT:  The transaction might succeed if retried.",0,"live kind for entity_id=32000406 attribute='s2_slot' is INFERRED, expected MEASURED"
407,SERIALIZABLE,B,0,1,"SerializationFailure: could not serialize access due to read/write dependencies among transactions
DETAIL:  Reason code: Canceled on identification as a pivot, during write.
HINT:  The transaction might succeed if retried.",,1,
408,SERIALIZABLE,B,0,1,"SerializationFailure: could not serialize access due to read/write dependencies among transactions
DETAIL:  Reason code: Canceled on identification as a pivot, during write.
HINT:  The transaction might succeed if retried.",,1,
409,SERIALIZABLE,A,1,0,,"SerializationFailure: could not serialize access due to read/write dependencies among transactions
DETAIL:  Reason code: Canceled on identification as a pivot, during write.
HINT:  The transaction might succeed if retried.",0,"live kind for entity_id=32000409 attribute='s2_slot' is INFERRED, expected MEASURED"
410,SERIALIZABLE,B,0,1,"SerializationFailure: could not serialize access due to read/write dependencies among transactions
DETAIL:  Reason code: Canceled on identification as a pivot, during write.
HINT:  The transaction might succeed if retried.",,1,
411,SERIALIZABLE,B,0,1,"SerializationFailure: could not serialize access due to read/write dependencies among transactions
DETAIL:  Reason code: Canceled on identification as a pivot, during write.
HINT:  The transaction might succeed if retried.",,1,
412,SERIALIZABLE,B,0,1,"SerializationFailure: could not serialize access due to read/write dependencies among transactions
DETAIL:  Reason code: Canceled on identification as a pivot, during write.
HINT:  The transaction might succeed if retried.",,1,
413,SERIALIZABLE,A,1,1,,,1,
414,SERIALIZABLE,A,1,0,,"SerializationFailure: could not serialize access due to read/write dependencies among transactions
DETAIL:  Reason code: Canceled on identification as a pivot, during write.
HINT:  The transaction might succeed if retried.",0,"live kind for entity_id=32000414 attribute='s2_slot' is INFERRED, expected MEASURED"
415,SERIALIZABLE,A,1,1,,,1,
416,SERIALIZABLE,A,1,0,,"SerializationFailure: could not serialize access due to read/write dependencies among transactions
DETAIL:  Reason code: Canceled on identification as a pivot, during write.
HINT:  The transaction might succeed if retried.",0,"live kind for entity_id=32000416 attribute='s2_slot' is INFERRED, expected MEASURED"
417,SERIALIZABLE,A,1,1,,,1,
418,SERIALIZABLE,B,0,1,"SerializationFailure: could not serialize access due to read/write dependencies among transactions
DETAIL:  Reason code: Canceled on identification as a pivot, during write.
HINT:  The transaction might succeed if retried.",,1,
419,SERIALIZABLE,A,1,0,,"SerializationFailure: could not serialize access due to read/write dependencies among transactions
DETAIL:  Reason code: Canceled on identification as a pivot, during write.
HINT:  The transaction might succeed if retried.",0,"live kind for entity_id=32000419 attribute='s2_slot' is INFERRED, expected MEASURED"
420,SERIALIZABLE,A,1,0,,"SerializationFailure: could not serialize access due to read/write dependencies among transactions
DETAIL:  Reason code: Canceled on identification as a pivot, during write.
HINT:  The transaction might succeed if retried.",0,"live kind for entity_id=32000420 attribute='s2_slot' is INFERRED, expected MEASURED"
421,SERIALIZABLE,B,0,1,"CheckViolation: KNDB precedence: NEW outranked by fact_id=c1d4bb2f-52c8-4d54-b566-c4bd68328f83, reason=kind_outranked -- payload={""value"": ""INFERRED_iter421"", ""writer"": ""kndb_native"", ""fact_id"": ""7a86a295-e0a6-4028-afaf-c269ce409001"", ""provsql"": ""41620587-86de-427e-bb4f-6195191842b3"", ""sources"": [], ""sys_time"": ""[\""2026-07-09 02:38:30.638607-05\"",infinity)"", ""attribute"": ""s2_slot"", ""entity_id"": 32000421, ""confidence"": 0.97000, ""valid_time"": ""[\""2025-12-31 18:00:00-06\"",\""2026-06-29 19:00:00-05\"")"", ""specificity"": 100, ""epistemic_kind"": ""INFERRED""}
HINT:  Incoming fact lost the precedence lattice against an existing overlapping fact.
CONTEXT:  PL/pgSQL function kndb.resolve_conflict() line 91 at RAISE",,1,
422,SERIALIZABLE,A,1,0,,"SerializationFailure: could not serialize access due to read/write dependencies among transactions
DETAIL:  Reason code: Canceled on identification as a pivot, during write.
HINT:  The transaction might succeed if retried.",0,"live kind for entity_id=32000422 attribute='s2_slot' is INFERRED, expected MEASURED"
423,SERIALIZABLE,B,0,1,"SerializationFailure: could not serialize access due to read/write dependencies among transactions
DETAIL:  Reason code: Canceled on identification as a pivot, during write.
HINT:  The transaction might succeed if retried.",,1,
424,SERIALIZABLE,A,1,0,,"SerializationFailure: could not serialize access due to read/write dependencies among transactions
DETAIL:  Reason code: Canceled on identification as a pivot, during write.
HINT:  The transaction might succeed if retried.",0,"live kind for entity_id=32000424 attribute='s2_slot' is INFERRED, expected MEASURED"
425,SERIALIZABLE,A,1,0,,"SerializationFailure: could not serialize access due to read/write dependencies among transactions
DETAIL:  Reason code: Canceled on identification as a pivot, during write.
HINT:  The transaction might succeed if retried.",0,"live kind for entity_id=32000425 attribute='s2_slot' is INFERRED, expected MEASURED"
426,SERIALIZABLE,B,0,1,"SerializationFailure: could not serialize access due to read/write dependencies among transactions
DETAIL:  Reason code: Canceled on identification as a pivot, during write.
HINT:  The transaction might succeed if retried.",,1,
427,SERIALIZABLE,A,1,1,,,1,
428,SERIALIZABLE,B,0,1,"SerializationFailure: could not serialize access due to read/write dependencies among transactions
DETAIL:  Reason code: Canceled on identification as a pivot, during write.
HINT:  The transaction might succeed if retried.",,1,
429,SERIALIZABLE,B,0,1,"SerializationFailure: could not serialize access due to read/write dependencies among transactions
DETAIL:  Reason code: Canceled on identification as a pivot, during write.
HINT:  The transaction might succeed if retried.",,1,
430,SERIALIZABLE,A,1,1,,,1,
431,SERIALIZABLE,A,1,0,,"SerializationFailure: could not serialize access due to read/write dependencies among transactions
DETAIL:  Reason code: Canceled on identification as a pivot, during write.
HINT:  The transaction might succeed if retried.",0,"live kind for entity_id=32000431 attribute='s2_slot' is INFERRED, expected MEASURED"
432,SERIALIZABLE,A,1,0,,"SerializationFailure: could not serialize access due to read/write dependencies among transactions
DETAIL:  Reason code: Canceled on identification as a pivot, during write.
HINT:  The transaction might succeed if retried.",0,"live kind for entity_id=32000432 attribute='s2_slot' is INFERRED, expected MEASURED"
433,SERIALIZABLE,B,0,1,"SerializationFailure: could not serialize access due to read/write dependencies among transactions
DETAIL:  Reason code: Canceled on identification as a pivot, during write.
HINT:  The transaction might succeed if retried.",,1,
434,SERIALIZABLE,B,0,1,"SerializationFailure: could not serialize access due to read/write dependencies among transactions
DETAIL:  Reason code: Canceled on identification as a pivot, during write.
HINT:  The transaction might succeed if retried.",,1,
435,SERIALIZABLE,A,1,0,,"SerializationFailure: could not serialize access due to read/write dependencies among transactions
DETAIL:  Reason code: Canceled on identification as a pivot, during write.
HINT:  The transaction might succeed if retried.",0,"live kind for entity_id=32000435 attribute='s2_slot' is INFERRED, expected MEASURED"
436,SERIALIZABLE,A,1,0,,"SerializationFailure: could not serialize access due to read/write dependencies among transactions
DETAIL:  Reason code: Canceled on identification as a pivot, during write.
HINT:  The transaction might succeed if retried.",0,"live kind for entity_id=32000436 attribute='s2_slot' is INFERRED, expected MEASURED"
437,SERIALIZABLE,B,0,1,"SerializationFailure: could not serialize access due to read/write dependencies among transactions
DETAIL:  Reason code: Canceled on identification as a pivot, during write.
HINT:  The transaction might succeed if retried.",,1,
438,SERIALIZABLE,A,1,0,,"SerializationFailure: could not serialize access due to read/write dependencies among transactions
DETAIL:  Reason code: Canceled on identification as a pivot, during write.
HINT:  The transaction might succeed if retried.",0,"live kind for entity_id=32000438 attribute='s2_slot' is INFERRED, expected MEASURED"
439,SERIALIZABLE,B,0,1,"SerializationFailure: could not serialize access due to read/write dependencies among transactions
DETAIL:  Reason code: Canceled on identification as a pivot, during write.
HINT:  The transaction might succeed if retried.",,1,
440,SERIALIZABLE,B,0,1,"CheckViolation: KNDB precedence: NEW outranked by fact_id=2eb1913a-e845-4fc4-8f3e-679b09ab98df, reason=kind_outranked -- payload={""value"": ""INFERRED_iter440"", ""writer"": ""kndb_native"", ""fact_id"": ""22620b70-1ef6-4a6b-be14-de9fbcda5572"", ""provsql"": ""1d722c15-7be8-4339-abd5-7332dba02314"", ""sources"": [], ""sys_time"": ""[\""2026-07-09 02:38:30.798852-05\"",infinity)"", ""attribute"": ""s2_slot"", ""entity_id"": 32000440, ""confidence"": 0.97000, ""valid_time"": ""[\""2025-12-31 18:00:00-06\"",\""2026-06-29 19:00:00-05\"")"", ""specificity"": 100, ""epistemic_kind"": ""INFERRED""}
HINT:  Incoming fact lost the precedence lattice against an existing overlapping fact.
CONTEXT:  PL/pgSQL function kndb.resolve_conflict() line 91 at RAISE",,1,
441,SERIALIZABLE,B,0,1,"CheckViolation: KNDB precedence: NEW outranked by fact_id=6e7f4f10-25b7-48e4-a262-99a3a83eb25d, reason=kind_outranked -- payload={""value"": ""INFERRED_iter441"", ""writer"": ""kndb_native"", ""fact_id"": ""316f46c9-6ba3-43b3-a87b-d7c7c3643cf0"", ""provsql"": ""689da779-60d0-4789-b3b7-b7873dc0d388"", ""sources"": [], ""sys_time"": ""[\""2026-07-09 02:38:30.807252-05\"",infinity)"", ""attribute"": ""s2_slot"", ""entity_id"": 32000441, ""confidence"": 0.97000, ""valid_time"": ""[\""2025-12-31 18:00:00-06\"",\""2026-06-29 19:00:00-05\"")"", ""specificity"": 100, ""epistemic_kind"": ""INFERRED""}
HINT:  Incoming fact lost the precedence lattice against an existing overlapping fact.
CONTEXT:  PL/pgSQL function kndb.resolve_conflict() line 91 at RAISE",,1,
442,SERIALIZABLE,B,0,1,"SerializationFailure: could not serialize access due to read/write dependencies among transactions
DETAIL:  Reason code: Canceled on identification as a pivot, during write.
HINT:  The transaction might succeed if retried.",,1,
443,SERIALIZABLE,B,0,1,"CheckViolation: KNDB precedence: NEW outranked by fact_id=0a3d00dd-9f9d-4599-aa05-db01994cb1e9, reason=kind_outranked -- payload={""value"": ""INFERRED_iter443"", ""writer"": ""kndb_native"", ""fact_id"": ""3d282024-a07d-487e-b013-8e30fe291024"", ""provsql"": ""1d4a244b-f8b6-44a0-bd32-5bcb1b2bd736"", ""sources"": [], ""sys_time"": ""[\""2026-07-09 02:38:30.824075-05\"",infinity)"", ""attribute"": ""s2_slot"", ""entity_id"": 32000443, ""confidence"": 0.97000, ""valid_time"": ""[\""2025-12-31 18:00:00-06\"",\""2026-06-29 19:00:00-05\"")"", ""specificity"": 100, ""epistemic_kind"": ""INFERRED""}
HINT:  Incoming fact lost the precedence lattice against an existing overlapping fact.
CONTEXT:  PL/pgSQL function kndb.resolve_conflict() line 91 at RAISE",,1,
444,SERIALIZABLE,B,0,1,"CheckViolation: KNDB precedence: NEW outranked by fact_id=321a3075-86b3-4af0-b8ed-a4f38704da50, reason=kind_outranked -- payload={""value"": ""INFERRED_iter444"", ""writer"": ""kndb_native"", ""fact_id"": ""1f99f99f-53cf-41c6-ae5b-1cecec4b184b"", ""provsql"": ""d51e822d-da99-4080-92af-d6c8f4f08af8"", ""sources"": [], ""sys_time"": ""[\""2026-07-09 02:38:30.831864-05\"",infinity)"", ""attribute"": ""s2_slot"", ""entity_id"": 32000444, ""confidence"": 0.97000, ""valid_time"": ""[\""2025-12-31 18:00:00-06\"",\""2026-06-29 19:00:00-05\"")"", ""specificity"": 100, ""epistemic_kind"": ""INFERRED""}
HINT:  Incoming fact lost the precedence lattice against an existing overlapping fact.
CONTEXT:  PL/pgSQL function kndb.resolve_conflict() line 91 at RAISE",,1,
445,SERIALIZABLE,B,0,1,"CheckViolation: KNDB precedence: NEW outranked by fact_id=1b6f401d-c78e-423f-8406-cd11674a9827, reason=kind_outranked -- payload={""value"": ""INFERRED_iter445"", ""writer"": ""kndb_native"", ""fact_id"": ""04043ff4-87ad-45d5-b4b5-eece030e1b91"", ""provsql"": ""d159a82d-3ea6-4d8b-b449-c96db5c46ee2"", ""sources"": [], ""sys_time"": ""[\""2026-07-09 02:38:30.839554-05\"",infinity)"", ""attribute"": ""s2_slot"", ""entity_id"": 32000445, ""confidence"": 0.97000, ""valid_time"": ""[\""2025-12-31 18:00:00-06\"",\""2026-06-29 19:00:00-05\"")"", ""specificity"": 100, ""epistemic_kind"": ""INFERRED""}
HINT:  Incoming fact lost the precedence lattice against an existing overlapping fact.
CONTEXT:  PL/pgSQL function kndb.resolve_conflict() line 91 at RAISE",,1,
446,SERIALIZABLE,B,0,1,"CheckViolation: KNDB precedence: NEW outranked by fact_id=95d349e0-cc88-403f-b303-e535926894ff, reason=kind_outranked -- payload={""value"": ""INFERRED_iter446"", ""writer"": ""kndb_native"", ""fact_id"": ""f1a736cc-5c9d-4cf7-bfbd-964ad2eee555"", ""provsql"": ""21eda265-5e40-4433-9fcf-3d99ec022157"", ""sources"": [], ""sys_time"": ""[\""2026-07-09 02:38:30.847862-05\"",infinity)"", ""attribute"": ""s2_slot"", ""entity_id"": 32000446, ""confidence"": 0.97000, ""valid_time"": ""[\""2025-12-31 18:00:00-06\"",\""2026-06-29 19:00:00-05\"")"", ""specificity"": 100, ""epistemic_kind"": ""INFERRED""}
HINT:  Incoming fact lost the precedence lattice against an existing overlapping fact.
CONTEXT:  PL/pgSQL function kndb.resolve_conflict() line 91 at RAISE",,1,
447,SERIALIZABLE,B,0,1,"SerializationFailure: could not serialize access due to read/write dependencies among transactions
DETAIL:  Reason code: Canceled on identification as a pivot, during write.
HINT:  The transaction might succeed if retried.",,1,
448,SERIALIZABLE,B,0,1,"CheckViolation: KNDB precedence: NEW outranked by fact_id=3a54229c-77e8-458d-955a-accc3910f65f, reason=kind_outranked -- payload={""value"": ""INFERRED_iter448"", ""writer"": ""kndb_native"", ""fact_id"": ""73a2864b-a8b6-493a-b342-32833f77ff88"", ""provsql"": ""2c025e0e-d17e-4afd-87e4-a02284a129d3"", ""sources"": [], ""sys_time"": ""[\""2026-07-09 02:38:30.864466-05\"",infinity)"", ""attribute"": ""s2_slot"", ""entity_id"": 32000448, ""confidence"": 0.97000, ""valid_time"": ""[\""2025-12-31 18:00:00-06\"",\""2026-06-29 19:00:00-05\"")"", ""specificity"": 100, ""epistemic_kind"": ""INFERRED""}
HINT:  Incoming fact lost the precedence lattice against an existing overlapping fact.
CONTEXT:  PL/pgSQL function kndb.resolve_conflict() line 91 at RAISE",,1,
449,SERIALIZABLE,B,0,1,"CheckViolation: KNDB precedence: NEW outranked by fact_id=47f028fb-51a5-4412-8687-d179a208a85e, reason=kind_outranked -- payload={""value"": ""INFERRED_iter449"", ""writer"": ""kndb_native"", ""fact_id"": ""075d32d9-29e4-4d6a-8a0c-09b6494ee317"", ""provsql"": ""6b4cdb43-4d3c-4d84-a92d-ac91819a6a7f"", ""sources"": [], ""sys_time"": ""[\""2026-07-09 02:38:30.872493-05\"",infinity)"", ""attribute"": ""s2_slot"", ""entity_id"": 32000449, ""confidence"": 0.97000, ""valid_time"": ""[\""2025-12-31 18:00:00-06\"",\""2026-06-29 19:00:00-05\"")"", ""specificity"": 100, ""epistemic_kind"": ""INFERRED""}
HINT:  Incoming fact lost the precedence lattice against an existing overlapping fact.
CONTEXT:  PL/pgSQL function kndb.resolve_conflict() line 91 at RAISE",,1,
450,SERIALIZABLE,B,0,1,"SerializationFailure: could not serialize access due to read/write dependencies among transactions
DETAIL:  Reason code: Canceled on identification as a pivot, during write.
HINT:  The transaction might succeed if retried.",,1,
451,SERIALIZABLE,B,0,1,"CheckViolation: KNDB precedence: NEW outranked by fact_id=aa96a3c9-e77d-484c-9127-1e2d50307962, reason=kind_outranked -- payload={""value"": ""INFERRED_iter451"", ""writer"": ""kndb_native"", ""fact_id"": ""57e1a140-6fb0-4f73-afe2-eb0c00797d36"", ""provsql"": ""54d82f1a-faa8-4568-b1b9-f45f735c905d"", ""sources"": [], ""sys_time"": ""[\""2026-07-09 02:38:30.888775-05\"",infinity)"", ""attribute"": ""s2_slot"", ""entity_id"": 32000451, ""confidence"": 0.97000, ""valid_time"": ""[\""2025-12-31 18:00:00-06\"",\""2026-06-29 19:00:00-05\"")"", ""specificity"": 100, ""epistemic_kind"": ""INFERRED""}
HINT:  Incoming fact lost the precedence lattice against an existing overlapping fact.
CONTEXT:  PL/pgSQL function kndb.resolve_conflict() line 91 at RAISE",,1,
452,SERIALIZABLE,A,1,0,,"SerializationFailure: could not serialize access due to read/write dependencies among transactions
DETAIL:  Reason code: Canceled on identification as a pivot, during write.
HINT:  The transaction might succeed if retried.",0,"live kind for entity_id=32000452 attribute='s2_slot' is INFERRED, expected MEASURED"
453,SERIALIZABLE,A,1,0,,"SerializationFailure: could not serialize access due to read/write dependencies among transactions
DETAIL:  Reason code: Canceled on identification as a pivot, during write.
HINT:  The transaction might succeed if retried.",0,"live kind for entity_id=32000453 attribute='s2_slot' is INFERRED, expected MEASURED"
454,SERIALIZABLE,A,1,0,,"SerializationFailure: could not serialize access due to read/write dependencies among transactions
DETAIL:  Reason code: Canceled on identification as a pivot, during write.
HINT:  The transaction might succeed if retried.",0,"live kind for entity_id=32000454 attribute='s2_slot' is INFERRED, expected MEASURED"
455,SERIALIZABLE,B,0,1,"SerializationFailure: could not serialize access due to read/write dependencies among transactions
DETAIL:  Reason code: Canceled on identification as a pivot, during write.
HINT:  The transaction might succeed if retried.",,1,
456,SERIALIZABLE,B,0,1,"SerializationFailure: could not serialize access due to read/write dependencies among transactions
DETAIL:  Reason code: Canceled on identification as a pivot, during write.
HINT:  The transaction might succeed if retried.",,1,
457,SERIALIZABLE,B,0,1,"SerializationFailure: could not serialize access due to read/write dependencies among transactions
DETAIL:  Reason code: Canceled on identification as a pivot, during write.
HINT:  The transaction might succeed if retried.",,1,
458,SERIALIZABLE,B,0,1,"SerializationFailure: could not serialize access due to read/write dependencies among transactions
DETAIL:  Reason code: Canceled on identification as a pivot, during write.
HINT:  The transaction might succeed if retried.",,1,
459,SERIALIZABLE,A,1,0,,"SerializationFailure: could not serialize access due to read/write dependencies among transactions
DETAIL:  Reason code: Canceled on identification as a pivot, during write.
HINT:  The transaction might succeed if retried.",0,"live kind for entity_id=32000459 attribute='s2_slot' is INFERRED, expected MEASURED"
460,SERIALIZABLE,A,1,0,,"SerializationFailure: could not serialize access due to read/write dependencies among transactions
DETAIL:  Reason code: Canceled on identification as a pivot, during write.
HINT:  The transaction might succeed if retried.",0,"live kind for entity_id=32000460 attribute='s2_slot' is INFERRED, expected MEASURED"
461,SERIALIZABLE,A,1,0,,"SerializationFailure: could not serialize access due to read/write dependencies among transactions
DETAIL:  Reason code: Canceled on identification as a pivot, during write.
HINT:  The transaction might succeed if retried.",0,"live kind for entity_id=32000461 attribute='s2_slot' is INFERRED, expected MEASURED"
462,SERIALIZABLE,A,1,0,,"SerializationFailure: could not serialize access due to read/write dependencies among transactions
DETAIL:  Reason code: Canceled on identification as a pivot, during write.
HINT:  The transaction might succeed if retried.",0,"live kind for entity_id=32000462 attribute='s2_slot' is INFERRED, expected MEASURED"
463,SERIALIZABLE,A,1,0,,"SerializationFailure: could not serialize access due to read/write dependencies among transactions
DETAIL:  Reason code: Canceled on identification as a pivot, during write.
HINT:  The transaction might succeed if retried.",0,"live kind for entity_id=32000463 attribute='s2_slot' is INFERRED, expected MEASURED"
464,SERIALIZABLE,B,0,1,"SerializationFailure: could not serialize access due to read/write dependencies among transactions
DETAIL:  Reason code: Canceled on identification as a pivot, during write.
HINT:  The transaction might succeed if retried.",,1,
465,SERIALIZABLE,A,1,0,,"SerializationFailure: could not serialize access due to read/write dependencies among transactions
DETAIL:  Reason code: Canceled on identification as a pivot, during write.
HINT:  The transaction might succeed if retried.",0,"live kind for entity_id=32000465 attribute='s2_slot' is INFERRED, expected MEASURED"
466,SERIALIZABLE,A,1,0,,"SerializationFailure: could not serialize access due to read/write dependencies among transactions
DETAIL:  Reason code: Canceled on identification as a pivot, during write.
HINT:  The transaction might succeed if retried.",0,"live kind for entity_id=32000466 attribute='s2_slot' is INFERRED, expected MEASURED"
467,SERIALIZABLE,B,0,1,"SerializationFailure: could not serialize access due to read/write dependencies among transactions
DETAIL:  Reason code: Canceled on identification as a pivot, during write.
HINT:  The transaction might succeed if retried.",,1,
468,SERIALIZABLE,B,0,1,"SerializationFailure: could not serialize access due to read/write dependencies among transactions
DETAIL:  Reason code: Canceled on identification as a pivot, during write.
HINT:  The transaction might succeed if retried.",,1,
469,SERIALIZABLE,A,1,1,,,1,
470,SERIALIZABLE,A,1,0,,"SerializationFailure: could not serialize access due to read/write dependencies among transactions
DETAIL:  Reason code: Canceled on identification as a pivot, during write.
HINT:  The transaction might succeed if retried.",0,"live kind for entity_id=32000470 attribute='s2_slot' is INFERRED, expected MEASURED"
471,SERIALIZABLE,B,0,1,"CheckViolation: KNDB precedence: NEW outranked by fact_id=eca85496-3b64-4616-af25-9691dfe0cf6e, reason=kind_outranked -- payload={""value"": ""INFERRED_iter471"", ""writer"": ""kndb_native"", ""fact_id"": ""960b7f1d-7c89-4e65-983a-a1ef8716f9dd"", ""provsql"": ""abf3bf3d-acc2-4f66-aa52-e90ae2bebcca"", ""sources"": [], ""sys_time"": ""[\""2026-07-09 02:38:31.053699-05\"",infinity)"", ""attribute"": ""s2_slot"", ""entity_id"": 32000471, ""confidence"": 0.97000, ""valid_time"": ""[\""2025-12-31 18:00:00-06\"",\""2026-06-29 19:00:00-05\"")"", ""specificity"": 100, ""epistemic_kind"": ""INFERRED""}
HINT:  Incoming fact lost the precedence lattice against an existing overlapping fact.
CONTEXT:  PL/pgSQL function kndb.resolve_conflict() line 91 at RAISE",,1,
472,SERIALIZABLE,A,1,1,,,1,
473,SERIALIZABLE,A,1,0,,"SerializationFailure: could not serialize access due to read/write dependencies among transactions
DETAIL:  Reason code: Canceled on identification as a pivot, during write.
HINT:  The transaction might succeed if retried.",0,"live kind for entity_id=32000473 attribute='s2_slot' is INFERRED, expected MEASURED"
474,SERIALIZABLE,A,1,0,,"SerializationFailure: could not serialize access due to read/write dependencies among transactions
DETAIL:  Reason code: Canceled on identification as a pivot, during write.
HINT:  The transaction might succeed if retried.",0,"live kind for entity_id=32000474 attribute='s2_slot' is INFERRED, expected MEASURED"
475,SERIALIZABLE,B,0,1,"CheckViolation: KNDB precedence: NEW outranked by fact_id=0c671423-625f-4916-824d-d6b89d92cf61, reason=kind_outranked -- payload={""value"": ""INFERRED_iter475"", ""writer"": ""kndb_native"", ""fact_id"": ""62f22f63-a0e8-47a8-9b22-e4f98271b1b8"", ""provsql"": ""0149dc12-8eac-4b95-8f36-f7037dee1796"", ""sources"": [], ""sys_time"": ""[\""2026-07-09 02:38:31.087137-05\"",infinity)"", ""attribute"": ""s2_slot"", ""entity_id"": 32000475, ""confidence"": 0.97000, ""valid_time"": ""[\""2025-12-31 18:00:00-06\"",\""2026-06-29 19:00:00-05\"")"", ""specificity"": 100, ""epistemic_kind"": ""INFERRED""}
HINT:  Incoming fact lost the precedence lattice against an existing overlapping fact.
CONTEXT:  PL/pgSQL function kndb.resolve_conflict() line 91 at RAISE",,1,
476,SERIALIZABLE,B,0,1,"SerializationFailure: could not serialize access due to read/write dependencies among transactions
DETAIL:  Reason code: Canceled on identification as a pivot, during write.
HINT:  The transaction might succeed if retried.",,1,
477,SERIALIZABLE,B,0,1,"SerializationFailure: could not serialize access due to read/write dependencies among transactions
DETAIL:  Reason code: Canceled on identification as a pivot, during write.
HINT:  The transaction might succeed if retried.",,1,
478,SERIALIZABLE,B,0,1,"SerializationFailure: could not serialize access due to read/write dependencies among transactions
DETAIL:  Reason code: Canceled on identification as a pivot, during write.
HINT:  The transaction might succeed if retried.",,1,
479,SERIALIZABLE,B,0,1,"SerializationFailure: could not serialize access due to read/write dependencies among transactions
DETAIL:  Reason code: Canceled on identification as a pivot, during write.
HINT:  The transaction might succeed if retried.",,1,
480,SERIALIZABLE,A,1,1,,,1,
481,SERIALIZABLE,A,1,1,,,1,
482,SERIALIZABLE,A,1,0,,"SerializationFailure: could not serialize access due to read/write dependencies among transactions
DETAIL:  Reason code: Canceled on identification as a pivot, during write.
HINT:  The transaction might succeed if retried.",0,"live kind for entity_id=32000482 attribute='s2_slot' is INFERRED, expected MEASURED"
483,SERIALIZABLE,B,0,1,"SerializationFailure: could not serialize access due to read/write dependencies among transactions
DETAIL:  Reason code: Canceled on identification as a pivot, during write.
HINT:  The transaction might succeed if retried.",,1,
484,SERIALIZABLE,B,0,1,"SerializationFailure: could not serialize access due to read/write dependencies among transactions
DETAIL:  Reason code: Canceled on identification as a pivot, during write.
HINT:  The transaction might succeed if retried.",,1,
485,SERIALIZABLE,B,0,1,"CheckViolation: KNDB precedence: NEW outranked by fact_id=b9b21d0c-ebdf-48e9-a29b-a86094c2c1d2, reason=kind_outranked -- payload={""value"": ""INFERRED_iter485"", ""writer"": ""kndb_native"", ""fact_id"": ""82f48c67-4fb5-4893-b0ba-93daaaca9ac7"", ""provsql"": ""d0da8e8a-1a58-4654-bade-5cec2a4ca414"", ""sources"": [], ""sys_time"": ""[\""2026-07-09 02:38:31.171568-05\"",infinity)"", ""attribute"": ""s2_slot"", ""entity_id"": 32000485, ""confidence"": 0.97000, ""valid_time"": ""[\""2025-12-31 18:00:00-06\"",\""2026-06-29 19:00:00-05\"")"", ""specificity"": 100, ""epistemic_kind"": ""INFERRED""}
HINT:  Incoming fact lost the precedence lattice against an existing overlapping fact.
CONTEXT:  PL/pgSQL function kndb.resolve_conflict() line 91 at RAISE",,1,
486,SERIALIZABLE,A,1,0,,"SerializationFailure: could not serialize access due to read/write dependencies among transactions
DETAIL:  Reason code: Canceled on identification as a pivot, during write.
HINT:  The transaction might succeed if retried.",0,"live kind for entity_id=32000486 attribute='s2_slot' is INFERRED, expected MEASURED"
487,SERIALIZABLE,B,0,1,"SerializationFailure: could not serialize access due to read/write dependencies among transactions
DETAIL:  Reason code: Canceled on identification as a pivot, during write.
HINT:  The transaction might succeed if retried.",,1,
488,SERIALIZABLE,B,0,1,"SerializationFailure: could not serialize access due to read/write dependencies among transactions
DETAIL:  Reason code: Canceled on identification as a pivot, during write.
HINT:  The transaction might succeed if retried.",,1,
489,SERIALIZABLE,B,0,1,"CheckViolation: KNDB precedence: NEW outranked by fact_id=ca3fd329-da72-479f-8fa0-a39f42cd5e23, reason=kind_outranked -- payload={""value"": ""INFERRED_iter489"", ""writer"": ""kndb_native"", ""fact_id"": ""62c4e4d6-47c4-4191-945e-7846b91d1ebd"", ""provsql"": ""7125ae6a-070f-4f01-bb00-a81f367e729f"", ""sources"": [], ""sys_time"": ""[\""2026-07-09 02:38:31.204368-05\"",infinity)"", ""attribute"": ""s2_slot"", ""entity_id"": 32000489, ""confidence"": 0.97000, ""valid_time"": ""[\""2025-12-31 18:00:00-06\"",\""2026-06-29 19:00:00-05\"")"", ""specificity"": 100, ""epistemic_kind"": ""INFERRED""}
HINT:  Incoming fact lost the precedence lattice against an existing overlapping fact.
CONTEXT:  PL/pgSQL function kndb.resolve_conflict() line 91 at RAISE",,1,
490,SERIALIZABLE,A,1,0,,"SerializationFailure: could not serialize access due to read/write dependencies among transactions
DETAIL:  Reason code: Canceled on identification as a pivot, during write.
HINT:  The transaction might succeed if retried.",0,"live kind for entity_id=32000490 attribute='s2_slot' is INFERRED, expected MEASURED"
491,SERIALIZABLE,A,1,0,,"SerializationFailure: could not serialize access due to read/write dependencies among transactions
DETAIL:  Reason code: Canceled on identification as a pivot, during write.
HINT:  The transaction might succeed if retried.",0,"live kind for entity_id=32000491 attribute='s2_slot' is INFERRED, expected MEASURED"
492,SERIALIZABLE,A,1,0,,"SerializationFailure: could not serialize access due to read/write dependencies among transactions
DETAIL:  Reason code: Canceled on identification as a pivot, during write.
HINT:  The transaction might succeed if retried.",0,"live kind for entity_id=32000492 attribute='s2_slot' is INFERRED, expected MEASURED"
493,SERIALIZABLE,A,1,1,,,1,
494,SERIALIZABLE,A,1,0,,"SerializationFailure: could not serialize access due to read/write dependencies among transactions
DETAIL:  Reason code: Canceled on identification as a pivot, during write.
HINT:  The transaction might succeed if retried.",0,"live kind for entity_id=32000494 attribute='s2_slot' is INFERRED, expected MEASURED"
495,SERIALIZABLE,B,0,1,"SerializationFailure: could not serialize access due to read/write dependencies among transactions
DETAIL:  Reason code: Canceled on identification as a pivot, during write.
HINT:  The transaction might succeed if retried.",,1,
496,SERIALIZABLE,A,1,0,,"SerializationFailure: could not serialize access due to read/write dependencies among transactions
DETAIL:  Reason code: Canceled on identification as a pivot, during write.
HINT:  The transaction might succeed if retried.",0,"live kind for entity_id=32000496 attribute='s2_slot' is INFERRED, expected MEASURED"
497,SERIALIZABLE,A,1,0,,"SerializationFailure: could not serialize access due to read/write dependencies among transactions
DETAIL:  Reason code: Canceled on identification as a pivot, during write.
HINT:  The transaction might succeed if retried.",0,"live kind for entity_id=32000497 attribute='s2_slot' is INFERRED, expected MEASURED"
498,SERIALIZABLE,A,1,1,,,1,
499,SERIALIZABLE,A,1,1,,,1,
500,SERIALIZABLE,B,0,1,"CheckViolation: KNDB precedence: NEW outranked by fact_id=6629d2b7-c3df-4ddf-a7cb-70d1956ed368, reason=kind_outranked -- payload={""value"": ""INFERRED_iter500"", ""writer"": ""kndb_native"", ""fact_id"": ""6cb26696-da1d-4117-bfe3-b4cd64f97895"", ""provsql"": ""51259132-0af6-4aa4-ad5f-3e96ee060e47"", ""sources"": [], ""sys_time"": ""[\""2026-07-09 02:38:31.29639-05\"",infinity)"", ""attribute"": ""s2_slot"", ""entity_id"": 32000500, ""confidence"": 0.97000, ""valid_time"": ""[\""2025-12-31 18:00:00-06\"",\""2026-06-29 19:00:00-05\"")"", ""specificity"": 100, ""epistemic_kind"": ""INFERRED""}
HINT:  Incoming fact lost the precedence lattice against an existing overlapping fact.
CONTEXT:  PL/pgSQL function kndb.resolve_conflict() line 91 at RAISE",,1,
501,SERIALIZABLE,A,1,1,,,1,
502,SERIALIZABLE,A,1,1,,,1,
503,SERIALIZABLE,B,0,1,"SerializationFailure: could not serialize access due to read/write dependencies among transactions
DETAIL:  Reason code: Canceled on identification as a pivot, during write.
HINT:  The transaction might succeed if retried.",,1,
504,SERIALIZABLE,A,1,1,,,1,
505,SERIALIZABLE,B,0,1,"CheckViolation: KNDB precedence: NEW outranked by fact_id=6242e3ae-dee6-4440-8058-e0cec0e71124, reason=kind_outranked -- payload={""value"": ""INFERRED_iter505"", ""writer"": ""kndb_native"", ""fact_id"": ""cd0970af-1036-4a23-b012-9091238cbc17"", ""provsql"": ""e30f122c-ab25-4295-97fd-a0a18ff16086"", ""sources"": [], ""sys_time"": ""[\""2026-07-09 02:38:31.339109-05\"",infinity)"", ""attribute"": ""s2_slot"", ""entity_id"": 32000505, ""confidence"": 0.97000, ""valid_time"": ""[\""2025-12-31 18:00:00-06\"",\""2026-06-29 19:00:00-05\"")"", ""specificity"": 100, ""epistemic_kind"": ""INFERRED""}
HINT:  Incoming fact lost the precedence lattice against an existing overlapping fact.
CONTEXT:  PL/pgSQL function kndb.resolve_conflict() line 91 at RAISE",,1,
506,SERIALIZABLE,A,1,0,,"SerializationFailure: could not serialize access due to read/write dependencies among transactions
DETAIL:  Reason code: Canceled on identification as a pivot, during write.
HINT:  The transaction might succeed if retried.",0,"live kind for entity_id=32000506 attribute='s2_slot' is INFERRED, expected MEASURED"
507,SERIALIZABLE,A,1,0,,"SerializationFailure: could not serialize access due to read/write dependencies among transactions
DETAIL:  Reason code: Canceled on identification as a pivot, during write.
HINT:  The transaction might succeed if retried.",0,"live kind for entity_id=32000507 attribute='s2_slot' is INFERRED, expected MEASURED"
508,SERIALIZABLE,A,1,1,,,1,
509,SERIALIZABLE,A,1,0,,"SerializationFailure: could not serialize access due to read/write dependencies among transactions
DETAIL:  Reason code: Canceled on identification as a pivot, during write.
HINT:  The transaction might succeed if retried.",0,"live kind for entity_id=32000509 attribute='s2_slot' is INFERRED, expected MEASURED"
510,SERIALIZABLE,A,1,1,,,1,
511,SERIALIZABLE,A,1,0,,"SerializationFailure: could not serialize access due to read/write dependencies among transactions
DETAIL:  Reason code: Canceled on identification as a pivot, during write.
HINT:  The transaction might succeed if retried.",0,"live kind for entity_id=32000511 attribute='s2_slot' is INFERRED, expected MEASURED"
512,SERIALIZABLE,B,0,1,"SerializationFailure: could not serialize access due to read/write dependencies among transactions
DETAIL:  Reason code: Canceled on identification as a pivot, during write.
HINT:  The transaction might succeed if retried.",,1,
513,SERIALIZABLE,A,1,1,,,1,
514,SERIALIZABLE,B,0,1,"SerializationFailure: could not serialize access due to read/write dependencies among transactions
DETAIL:  Reason code: Canceled on identification as a pivot, during write.
HINT:  The transaction might succeed if retried.",,1,
515,SERIALIZABLE,B,0,1,"SerializationFailure: could not serialize access due to read/write dependencies among transactions
DETAIL:  Reason code: Canceled on identification as a pivot, during write.
HINT:  The transaction might succeed if retried.",,1,
516,SERIALIZABLE,A,1,1,,,1,
517,SERIALIZABLE,A,1,1,,,1,
518,SERIALIZABLE,A,1,0,,"SerializationFailure: could not serialize access due to read/write dependencies among transactions
DETAIL:  Reason code: Canceled on identification as a pivot, during write.
HINT:  The transaction might succeed if retried.",0,"live kind for entity_id=32000518 attribute='s2_slot' is INFERRED, expected MEASURED"
519,SERIALIZABLE,B,0,1,"SerializationFailure: could not serialize access due to read/write dependencies among transactions
DETAIL:  Reason code: Canceled on identification as a pivot, during write.
HINT:  The transaction might succeed if retried.",,1,
520,SERIALIZABLE,B,0,1,"SerializationFailure: could not serialize access due to read/write dependencies among transactions
DETAIL:  Reason code: Canceled on identification as a pivot, during write.
HINT:  The transaction might succeed if retried.",,1,
521,SERIALIZABLE,A,1,1,,,1,
522,SERIALIZABLE,B,0,1,"SerializationFailure: could not serialize access due to read/write dependencies among transactions
DETAIL:  Reason code: Canceled on identification as a pivot, during write.
HINT:  The transaction might succeed if retried.",,1,
523,SERIALIZABLE,B,0,1,"SerializationFailure: could not serialize access due to read/write dependencies among transactions
DETAIL:  Reason code: Canceled on identification as a pivot, during write.
HINT:  The transaction might succeed if retried.",,1,
524,SERIALIZABLE,B,0,1,"SerializationFailure: could not serialize access due to read/write dependencies among transactions
DETAIL:  Reason code: Canceled on identification as a pivot, during write.
HINT:  The transaction might succeed if retried.",,1,
525,SERIALIZABLE,B,0,1,"CheckViolation: KNDB precedence: NEW outranked by fact_id=f9b7b69d-9dd8-4575-bab8-72d74ff02efd, reason=kind_outranked -- payload={""value"": ""INFERRED_iter525"", ""writer"": ""kndb_native"", ""fact_id"": ""f638e30c-dff5-4655-bb30-7d268ed06edd"", ""provsql"": ""ed92a58c-6cea-4992-9228-770755515a99"", ""sources"": [], ""sys_time"": ""[\""2026-07-09 02:38:31.508715-05\"",infinity)"", ""attribute"": ""s2_slot"", ""entity_id"": 32000525, ""confidence"": 0.97000, ""valid_time"": ""[\""2025-12-31 18:00:00-06\"",\""2026-06-29 19:00:00-05\"")"", ""specificity"": 100, ""epistemic_kind"": ""INFERRED""}
HINT:  Incoming fact lost the precedence lattice against an existing overlapping fact.
CONTEXT:  PL/pgSQL function kndb.resolve_conflict() line 91 at RAISE",,1,
526,SERIALIZABLE,B,0,1,"CheckViolation: KNDB precedence: NEW outranked by fact_id=b08913cc-cc53-4ac7-8222-0c1e2e22d935, reason=kind_outranked -- payload={""value"": ""INFERRED_iter526"", ""writer"": ""kndb_native"", ""fact_id"": ""4db1ef87-84b5-43e8-86c7-cf7b887cf4f7"", ""provsql"": ""e8cec672-06c1-4dec-b646-28cdc3ec2c55"", ""sources"": [], ""sys_time"": ""[\""2026-07-09 02:38:31.516589-05\"",infinity)"", ""attribute"": ""s2_slot"", ""entity_id"": 32000526, ""confidence"": 0.97000, ""valid_time"": ""[\""2025-12-31 18:00:00-06\"",\""2026-06-29 19:00:00-05\"")"", ""specificity"": 100, ""epistemic_kind"": ""INFERRED""}
HINT:  Incoming fact lost the precedence lattice against an existing overlapping fact.
CONTEXT:  PL/pgSQL function kndb.resolve_conflict() line 91 at RAISE",,1,
527,SERIALIZABLE,A,1,0,,"SerializationFailure: could not serialize access due to read/write dependencies among transactions
DETAIL:  Reason code: Canceled on identification as a pivot, during write.
HINT:  The transaction might succeed if retried.",0,"live kind for entity_id=32000527 attribute='s2_slot' is INFERRED, expected MEASURED"
528,SERIALIZABLE,A,1,0,,"SerializationFailure: could not serialize access due to read/write dependencies among transactions
DETAIL:  Reason code: Canceled on identification as a pivot, during write.
HINT:  The transaction might succeed if retried.",0,"live kind for entity_id=32000528 attribute='s2_slot' is INFERRED, expected MEASURED"
529,SERIALIZABLE,A,1,1,,,1,
530,SERIALIZABLE,A,1,0,,"SerializationFailure: could not serialize access due to read/write dependencies among transactions
DETAIL:  Reason code: Canceled on identification as a pivot, during write.
HINT:  The transaction might succeed if retried.",0,"live kind for entity_id=32000530 attribute='s2_slot' is INFERRED, expected MEASURED"
531,SERIALIZABLE,B,0,1,"SerializationFailure: could not serialize access due to read/write dependencies among transactions
DETAIL:  Reason code: Canceled on identification as a pivot, during write.
HINT:  The transaction might succeed if retried.",,1,
532,SERIALIZABLE,B,0,1,"SerializationFailure: could not serialize access due to read/write dependencies among transactions
DETAIL:  Reason code: Canceled on identification as a pivot, during write.
HINT:  The transaction might succeed if retried.",,1,
533,SERIALIZABLE,A,1,1,,,1,
534,SERIALIZABLE,B,0,1,"SerializationFailure: could not serialize access due to read/write dependencies among transactions
DETAIL:  Reason code: Canceled on identification as a pivot, during write.
HINT:  The transaction might succeed if retried.",,1,
535,SERIALIZABLE,B,0,1,"SerializationFailure: could not serialize access due to read/write dependencies among transactions
DETAIL:  Reason code: Canceled on identification as a pivot, during write.
HINT:  The transaction might succeed if retried.",,1,
536,SERIALIZABLE,A,1,0,,"SerializationFailure: could not serialize access due to read/write dependencies among transactions
DETAIL:  Reason code: Canceled on identification as a pivot, during write.
HINT:  The transaction might succeed if retried.",0,"live kind for entity_id=32000536 attribute='s2_slot' is INFERRED, expected MEASURED"
537,SERIALIZABLE,B,0,1,"SerializationFailure: could not serialize access due to read/write dependencies among transactions
DETAIL:  Reason code: Canceled on identification as a pivot, during write.
HINT:  The transaction might succeed if retried.",,1,
538,SERIALIZABLE,B,0,1,"SerializationFailure: could not serialize access due to read/write dependencies among transactions
DETAIL:  Reason code: Canceled on identification as a pivot, during write.
HINT:  The transaction might succeed if retried.",,1,
539,SERIALIZABLE,A,1,1,,,1,
540,SERIALIZABLE,B,0,1,"CheckViolation: KNDB precedence: NEW outranked by fact_id=58bca809-c6a9-43f1-8315-69fcd09a3b30, reason=kind_outranked -- payload={""value"": ""INFERRED_iter540"", ""writer"": ""kndb_native"", ""fact_id"": ""60ae5021-1f5a-47be-a6a4-89490a52add5"", ""provsql"": ""a30a40b0-db3c-4ff3-901b-d5be5f7f0838"", ""sources"": [], ""sys_time"": ""[\""2026-07-09 02:38:31.631993-05\"",infinity)"", ""attribute"": ""s2_slot"", ""entity_id"": 32000540, ""confidence"": 0.97000, ""valid_time"": ""[\""2025-12-31 18:00:00-06\"",\""2026-06-29 19:00:00-05\"")"", ""specificity"": 100, ""epistemic_kind"": ""INFERRED""}
HINT:  Incoming fact lost the precedence lattice against an existing overlapping fact.
CONTEXT:  PL/pgSQL function kndb.resolve_conflict() line 91 at RAISE",,1,
541,SERIALIZABLE,B,0,1,"CheckViolation: KNDB precedence: NEW outranked by fact_id=2731d210-6867-450d-8faf-6b0546139135, reason=kind_outranked -- payload={""value"": ""INFERRED_iter541"", ""writer"": ""kndb_native"", ""fact_id"": ""26c01570-0c45-4e70-aca3-6ea4d76399c6"", ""provsql"": ""90eda20f-f6ab-47b1-889b-b2b62b186a15"", ""sources"": [], ""sys_time"": ""[\""2026-07-09 02:38:31.639929-05\"",infinity)"", ""attribute"": ""s2_slot"", ""entity_id"": 32000541, ""confidence"": 0.97000, ""valid_time"": ""[\""2025-12-31 18:00:00-06\"",\""2026-06-29 19:00:00-05\"")"", ""specificity"": 100, ""epistemic_kind"": ""INFERRED""}
HINT:  Incoming fact lost the precedence lattice against an existing overlapping fact.
CONTEXT:  PL/pgSQL function kndb.resolve_conflict() line 91 at RAISE",,1,
542,SERIALIZABLE,A,1,0,,"SerializationFailure: could not serialize access due to read/write dependencies among transactions
DETAIL:  Reason code: Canceled on identification as a pivot, during write.
HINT:  The transaction might succeed if retried.",0,"live kind for entity_id=32000542 attribute='s2_slot' is INFERRED, expected MEASURED"
543,SERIALIZABLE,A,1,0,,"SerializationFailure: could not serialize access due to read/write dependencies among transactions
DETAIL:  Reason code: Canceled on identification as a pivot, during write.
HINT:  The transaction might succeed if retried.",0,"live kind for entity_id=32000543 attribute='s2_slot' is INFERRED, expected MEASURED"
544,SERIALIZABLE,A,1,1,,,1,
545,SERIALIZABLE,B,0,1,"SerializationFailure: could not serialize access due to read/write dependencies among transactions
DETAIL:  Reason code: Canceled on identification as a pivot, during write.
HINT:  The transaction might succeed if retried.",,1,
546,SERIALIZABLE,B,0,1,"SerializationFailure: could not serialize access due to read/write dependencies among transactions
DETAIL:  Reason code: Canceled on identification as a pivot, during write.
HINT:  The transaction might succeed if retried.",,1,
547,SERIALIZABLE,A,1,1,,,1,
548,SERIALIZABLE,B,0,1,"CheckViolation: KNDB precedence: NEW outranked by fact_id=427b2128-371f-48f3-b722-f45ea5d15ba6, reason=kind_outranked -- payload={""value"": ""INFERRED_iter548"", ""writer"": ""kndb_native"", ""fact_id"": ""e026af2d-af48-412f-9a07-6aa243fa176b"", ""provsql"": ""cd33f89e-1b6c-4706-baa9-8e340302e0bd"", ""sources"": [], ""sys_time"": ""[\""2026-07-09 02:38:31.697143-05\"",infinity)"", ""attribute"": ""s2_slot"", ""entity_id"": 32000548, ""confidence"": 0.97000, ""valid_time"": ""[\""2025-12-31 18:00:00-06\"",\""2026-06-29 19:00:00-05\"")"", ""specificity"": 100, ""epistemic_kind"": ""INFERRED""}
HINT:  Incoming fact lost the precedence lattice against an existing overlapping fact.
CONTEXT:  PL/pgSQL function kndb.resolve_conflict() line 91 at RAISE",,1,
549,SERIALIZABLE,A,1,0,,"SerializationFailure: could not serialize access due to read/write dependencies among transactions
DETAIL:  Reason code: Canceled on identification as a pivot, during write.
HINT:  The transaction might succeed if retried.",0,"live kind for entity_id=32000549 attribute='s2_slot' is INFERRED, expected MEASURED"
550,SERIALIZABLE,B,0,1,"SerializationFailure: could not serialize access due to read/write dependencies among transactions
DETAIL:  Reason code: Canceled on identification as a pivot, during write.
HINT:  The transaction might succeed if retried.",,1,
551,SERIALIZABLE,B,0,1,"SerializationFailure: could not serialize access due to read/write dependencies among transactions
DETAIL:  Reason code: Canceled on identification as a pivot, during write.
HINT:  The transaction might succeed if retried.",,1,
552,SERIALIZABLE,A,1,0,,"SerializationFailure: could not serialize access due to read/write dependencies among transactions
DETAIL:  Reason code: Canceled on identification as a pivot, during write.
HINT:  The transaction might succeed if retried.",0,"live kind for entity_id=32000552 attribute='s2_slot' is INFERRED, expected MEASURED"
553,SERIALIZABLE,B,0,1,"CheckViolation: KNDB precedence: NEW outranked by fact_id=f6ee8135-75a8-442c-a952-b035e076ded7, reason=kind_outranked -- payload={""value"": ""INFERRED_iter553"", ""writer"": ""kndb_native"", ""fact_id"": ""0eadda8c-ebc4-4f0a-9fd1-23ed279cbc51"", ""provsql"": ""c55f5910-2302-435c-9a82-bfb3b1acc0dd"", ""sources"": [], ""sys_time"": ""[\""2026-07-09 02:38:31.736863-05\"",infinity)"", ""attribute"": ""s2_slot"", ""entity_id"": 32000553, ""confidence"": 0.97000, ""valid_time"": ""[\""2025-12-31 18:00:00-06\"",\""2026-06-29 19:00:00-05\"")"", ""specificity"": 100, ""epistemic_kind"": ""INFERRED""}
HINT:  Incoming fact lost the precedence lattice against an existing overlapping fact.
CONTEXT:  PL/pgSQL function kndb.resolve_conflict() line 91 at RAISE",,1,
554,SERIALIZABLE,B,0,1,"SerializationFailure: could not serialize access due to read/write dependencies among transactions
DETAIL:  Reason code: Canceled on identification as a pivot, during write.
HINT:  The transaction might succeed if retried.",,1,
555,SERIALIZABLE,B,0,1,"CheckViolation: KNDB precedence: NEW outranked by fact_id=275da377-edfa-40a3-a162-5acec186e54c, reason=kind_outranked -- payload={""value"": ""INFERRED_iter555"", ""writer"": ""kndb_native"", ""fact_id"": ""3f51d90b-e177-4b3a-b293-4e38c3c82a82"", ""provsql"": ""5644aedd-876c-4985-bb7a-02d53bec5574"", ""sources"": [], ""sys_time"": ""[\""2026-07-09 02:38:31.753331-05\"",infinity)"", ""attribute"": ""s2_slot"", ""entity_id"": 32000555, ""confidence"": 0.97000, ""valid_time"": ""[\""2025-12-31 18:00:00-06\"",\""2026-06-29 19:00:00-05\"")"", ""specificity"": 100, ""epistemic_kind"": ""INFERRED""}
HINT:  Incoming fact lost the precedence lattice against an existing overlapping fact.
CONTEXT:  PL/pgSQL function kndb.resolve_conflict() line 91 at RAISE",,1,
556,SERIALIZABLE,A,1,0,,"SerializationFailure: could not serialize access due to read/write dependencies among transactions
DETAIL:  Reason code: Canceled on identification as a pivot, during write.
HINT:  The transaction might succeed if retried.",0,"live kind for entity_id=32000556 attribute='s2_slot' is INFERRED, expected MEASURED"
557,SERIALIZABLE,B,0,1,"CheckViolation: KNDB precedence: NEW outranked by fact_id=f8572396-b8fb-4a5c-8978-c2e5894721ab, reason=kind_outranked -- payload={""value"": ""INFERRED_iter557"", ""writer"": ""kndb_native"", ""fact_id"": ""52409fff-81f3-42d3-9d52-b0607f090f4a"", ""provsql"": ""588f512c-da99-43db-ad92-4010a67abd9a"", ""sources"": [], ""sys_time"": ""[\""2026-07-09 02:38:31.770035-05\"",infinity)"", ""attribute"": ""s2_slot"", ""entity_id"": 32000557, ""confidence"": 0.97000, ""valid_time"": ""[\""2025-12-31 18:00:00-06\"",\""2026-06-29 19:00:00-05\"")"", ""specificity"": 100, ""epistemic_kind"": ""INFERRED""}
HINT:  Incoming fact lost the precedence lattice against an existing overlapping fact.
CONTEXT:  PL/pgSQL function kndb.resolve_conflict() line 91 at RAISE",,1,
558,SERIALIZABLE,B,0,1,"CheckViolation: KNDB precedence: NEW outranked by fact_id=4af5453f-6f24-4630-bcf9-8be467b4003c, reason=kind_outranked -- payload={""value"": ""INFERRED_iter558"", ""writer"": ""kndb_native"", ""fact_id"": ""a4d718b8-61a1-47b7-8657-99817c67d7f1"", ""provsql"": ""c9182e3f-e4b5-44b8-bc76-bc6f1e00a90e"", ""sources"": [], ""sys_time"": ""[\""2026-07-09 02:38:31.778548-05\"",infinity)"", ""attribute"": ""s2_slot"", ""entity_id"": 32000558, ""confidence"": 0.97000, ""valid_time"": ""[\""2025-12-31 18:00:00-06\"",\""2026-06-29 19:00:00-05\"")"", ""specificity"": 100, ""epistemic_kind"": ""INFERRED""}
HINT:  Incoming fact lost the precedence lattice against an existing overlapping fact.
CONTEXT:  PL/pgSQL function kndb.resolve_conflict() line 91 at RAISE",,1,
559,SERIALIZABLE,A,1,0,,"SerializationFailure: could not serialize access due to read/write dependencies among transactions
DETAIL:  Reason code: Canceled on identification as a pivot, during write.
HINT:  The transaction might succeed if retried.",0,"live kind for entity_id=32000559 attribute='s2_slot' is INFERRED, expected MEASURED"
560,SERIALIZABLE,A,1,0,,"SerializationFailure: could not serialize access due to read/write dependencies among transactions
DETAIL:  Reason code: Canceled on identification as a pivot, during write.
HINT:  The transaction might succeed if retried.",0,"live kind for entity_id=32000560 attribute='s2_slot' is INFERRED, expected MEASURED"
561,SERIALIZABLE,A,1,0,,"SerializationFailure: could not serialize access due to read/write dependencies among transactions
DETAIL:  Reason code: Canceled on identification as a pivot, during write.
HINT:  The transaction might succeed if retried.",0,"live kind for entity_id=32000561 attribute='s2_slot' is INFERRED, expected MEASURED"
562,SERIALIZABLE,B,0,1,"SerializationFailure: could not serialize access due to read/write dependencies among transactions
DETAIL:  Reason code: Canceled on identification as a pivot, during write.
HINT:  The transaction might succeed if retried.",,1,
563,SERIALIZABLE,A,1,0,,"SerializationFailure: could not serialize access due to read/write dependencies among transactions
DETAIL:  Reason code: Canceled on identification as a pivot, during write.
HINT:  The transaction might succeed if retried.",0,"live kind for entity_id=32000563 attribute='s2_slot' is INFERRED, expected MEASURED"
564,SERIALIZABLE,B,0,1,"CheckViolation: KNDB precedence: NEW outranked by fact_id=3eb62b1f-b730-46b8-a67e-11408bd5841d, reason=kind_outranked -- payload={""value"": ""INFERRED_iter564"", ""writer"": ""kndb_native"", ""fact_id"": ""ecfd8ff6-a913-4d67-9088-b10aaada21aa"", ""provsql"": ""44af5c33-04f6-47f2-8472-975ec13fc2e1"", ""sources"": [], ""sys_time"": ""[\""2026-07-09 02:38:31.827575-05\"",infinity)"", ""attribute"": ""s2_slot"", ""entity_id"": 32000564, ""confidence"": 0.97000, ""valid_time"": ""[\""2025-12-31 18:00:00-06\"",\""2026-06-29 19:00:00-05\"")"", ""specificity"": 100, ""epistemic_kind"": ""INFERRED""}
HINT:  Incoming fact lost the precedence lattice against an existing overlapping fact.
CONTEXT:  PL/pgSQL function kndb.resolve_conflict() line 91 at RAISE",,1,
565,SERIALIZABLE,B,0,1,"SerializationFailure: could not serialize access due to read/write dependencies among transactions
DETAIL:  Reason code: Canceled on identification as a pivot, during write.
HINT:  The transaction might succeed if retried.",,1,
566,SERIALIZABLE,A,1,1,,,1,
567,SERIALIZABLE,B,0,1,"SerializationFailure: could not serialize access due to read/write dependencies among transactions
DETAIL:  Reason code: Canceled on identification as a pivot, during write.
HINT:  The transaction might succeed if retried.",,1,
568,SERIALIZABLE,B,0,1,"SerializationFailure: could not serialize access due to read/write dependencies among transactions
DETAIL:  Reason code: Canceled on identification as a pivot, during write.
HINT:  The transaction might succeed if retried.",,1,
569,SERIALIZABLE,B,0,1,"SerializationFailure: could not serialize access due to read/write dependencies among transactions
DETAIL:  Reason code: Canceled on identification as a pivot, during write.
HINT:  The transaction might succeed if retried.",,1,
570,SERIALIZABLE,B,0,1,"SerializationFailure: could not serialize access due to read/write dependencies among transactions
DETAIL:  Reason code: Canceled on identification as a pivot, during write.
HINT:  The transaction might succeed if retried.",,1,
571,SERIALIZABLE,A,1,0,,"SerializationFailure: could not serialize access due to read/write dependencies among transactions
DETAIL:  Reason code: Canceled on identification as a pivot, during write.
HINT:  The transaction might succeed if retried.",0,"live kind for entity_id=32000571 attribute='s2_slot' is INFERRED, expected MEASURED"
572,SERIALIZABLE,B,0,1,"SerializationFailure: could not serialize access due to read/write dependencies among transactions
DETAIL:  Reason code: Canceled on identification as a pivot, during write.
HINT:  The transaction might succeed if retried.",,1,
573,SERIALIZABLE,B,0,1,"CheckViolation: KNDB precedence: NEW outranked by fact_id=e872f2ba-6661-45ea-bc0b-7f3f326c6c5a, reason=kind_outranked -- payload={""value"": ""INFERRED_iter573"", ""writer"": ""kndb_native"", ""fact_id"": ""e6fcab38-ad4b-40f3-8394-425f6fe21259"", ""provsql"": ""14b73619-2793-416b-bac5-f9890ddfac39"", ""sources"": [], ""sys_time"": ""[\""2026-07-09 02:38:31.902439-05\"",infinity)"", ""attribute"": ""s2_slot"", ""entity_id"": 32000573, ""confidence"": 0.97000, ""valid_time"": ""[\""2025-12-31 18:00:00-06\"",\""2026-06-29 19:00:00-05\"")"", ""specificity"": 100, ""epistemic_kind"": ""INFERRED""}
HINT:  Incoming fact lost the precedence lattice against an existing overlapping fact.
CONTEXT:  PL/pgSQL function kndb.resolve_conflict() line 91 at RAISE",,1,
574,SERIALIZABLE,A,1,0,,"SerializationFailure: could not serialize access due to read/write dependencies among transactions
DETAIL:  Reason code: Canceled on identification as a pivot, during write.
HINT:  The transaction might succeed if retried.",0,"live kind for entity_id=32000574 attribute='s2_slot' is INFERRED, expected MEASURED"
575,SERIALIZABLE,B,0,1,"SerializationFailure: could not serialize access due to read/write dependencies among transactions
DETAIL:  Reason code: Canceled on identification as a pivot, during write.
HINT:  The transaction might succeed if retried.",,1,
576,SERIALIZABLE,B,0,1,"SerializationFailure: could not serialize access due to read/write dependencies among transactions
DETAIL:  Reason code: Canceled on identification as a pivot, during write.
HINT:  The transaction might succeed if retried.",,1,
577,SERIALIZABLE,A,1,0,,"SerializationFailure: could not serialize access due to read/write dependencies among transactions
DETAIL:  Reason code: Canceled on identification as a pivot, during write.
HINT:  The transaction might succeed if retried.",0,"live kind for entity_id=32000577 attribute='s2_slot' is INFERRED, expected MEASURED"
578,SERIALIZABLE,A,1,0,,"SerializationFailure: could not serialize access due to read/write dependencies among transactions
DETAIL:  Reason code: Canceled on identification as a pivot, during write.
HINT:  The transaction might succeed if retried.",0,"live kind for entity_id=32000578 attribute='s2_slot' is INFERRED, expected MEASURED"
579,SERIALIZABLE,B,0,1,"SerializationFailure: could not serialize access due to read/write dependencies among transactions
DETAIL:  Reason code: Canceled on identification as a pivot, during write.
HINT:  The transaction might succeed if retried.",,1,
580,SERIALIZABLE,A,1,0,,"SerializationFailure: could not serialize access due to read/write dependencies among transactions
DETAIL:  Reason code: Canceled on identification as a pivot, during write.
HINT:  The transaction might succeed if retried.",0,"live kind for entity_id=32000580 attribute='s2_slot' is INFERRED, expected MEASURED"
581,SERIALIZABLE,B,0,1,"CheckViolation: KNDB precedence: NEW outranked by fact_id=61edeeac-ad0d-449b-8ae9-b11685c23d61, reason=kind_outranked -- payload={""value"": ""INFERRED_iter581"", ""writer"": ""kndb_native"", ""fact_id"": ""6ff16b6f-b75b-43cb-bf99-67911dc552a3"", ""provsql"": ""5e822628-a13e-4a66-8903-192c3b4acf25"", ""sources"": [], ""sys_time"": ""[\""2026-07-09 02:38:31.971266-05\"",infinity)"", ""attribute"": ""s2_slot"", ""entity_id"": 32000581, ""confidence"": 0.97000, ""valid_time"": ""[\""2025-12-31 18:00:00-06\"",\""2026-06-29 19:00:00-05\"")"", ""specificity"": 100, ""epistemic_kind"": ""INFERRED""}
HINT:  Incoming fact lost the precedence lattice against an existing overlapping fact.
CONTEXT:  PL/pgSQL function kndb.resolve_conflict() line 91 at RAISE",,1,
582,SERIALIZABLE,B,0,1,"SerializationFailure: could not serialize access due to read/write dependencies among transactions
DETAIL:  Reason code: Canceled on identification as a pivot, during write.
HINT:  The transaction might succeed if retried.",,1,
583,SERIALIZABLE,A,1,0,,"SerializationFailure: could not serialize access due to read/write dependencies among transactions
DETAIL:  Reason code: Canceled on identification as a pivot, during write.
HINT:  The transaction might succeed if retried.",0,"live kind for entity_id=32000583 attribute='s2_slot' is INFERRED, expected MEASURED"
584,SERIALIZABLE,B,0,1,"SerializationFailure: could not serialize access due to read/write dependencies among transactions
DETAIL:  Reason code: Canceled on identification as a pivot, during write.
HINT:  The transaction might succeed if retried.",,1,
585,SERIALIZABLE,A,1,1,,,1,
586,SERIALIZABLE,A,1,0,,"SerializationFailure: could not serialize access due to read/write dependencies among transactions
DETAIL:  Reason code: Canceled on identification as a pivot, during write.
HINT:  The transaction might succeed if retried.",0,"live kind for entity_id=32000586 attribute='s2_slot' is INFERRED, expected MEASURED"
587,SERIALIZABLE,B,0,1,"SerializationFailure: could not serialize access due to read/write dependencies among transactions
DETAIL:  Reason code: Canceled on identification as a pivot, during write.
HINT:  The transaction might succeed if retried.",,1,
588,SERIALIZABLE,A,1,0,,"SerializationFailure: could not serialize access due to read/write dependencies among transactions
DETAIL:  Reason code: Canceled on identification as a pivot, during write.
HINT:  The transaction might succeed if retried.",0,"live kind for entity_id=32000588 attribute='s2_slot' is INFERRED, expected MEASURED"
589,SERIALIZABLE,A,1,0,,"SerializationFailure: could not serialize access due to read/write dependencies among transactions
DETAIL:  Reason code: Canceled on identification as a pivot, during write.
HINT:  The transaction might succeed if retried.",0,"live kind for entity_id=32000589 attribute='s2_slot' is INFERRED, expected MEASURED"
590,SERIALIZABLE,B,0,1,"CheckViolation: KNDB precedence: NEW outranked by fact_id=7366a235-ed48-4df2-90a2-93f53867b4d7, reason=kind_outranked -- payload={""value"": ""INFERRED_iter590"", ""writer"": ""kndb_native"", ""fact_id"": ""6b1da120-d8c7-42b1-90a1-d58a2e572853"", ""provsql"": ""cb4a86d2-bf07-4f64-945e-03bda8d7247b"", ""sources"": [], ""sys_time"": ""[\""2026-07-09 02:38:32.04496-05\"",infinity)"", ""attribute"": ""s2_slot"", ""entity_id"": 32000590, ""confidence"": 0.97000, ""valid_time"": ""[\""2025-12-31 18:00:00-06\"",\""2026-06-29 19:00:00-05\"")"", ""specificity"": 100, ""epistemic_kind"": ""INFERRED""}
HINT:  Incoming fact lost the precedence lattice against an existing overlapping fact.
CONTEXT:  PL/pgSQL function kndb.resolve_conflict() line 91 at RAISE",,1,
591,SERIALIZABLE,A,1,1,,,1,
592,SERIALIZABLE,A,1,1,,,1,
593,SERIALIZABLE,B,0,1,"SerializationFailure: could not serialize access due to read/write dependencies among transactions
DETAIL:  Reason code: Canceled on identification as a pivot, during write.
HINT:  The transaction might succeed if retried.",,1,
594,SERIALIZABLE,A,1,0,,"SerializationFailure: could not serialize access due to read/write dependencies among transactions
DETAIL:  Reason code: Canceled on identification as a pivot, during write.
HINT:  The transaction might succeed if retried.",0,"live kind for entity_id=32000594 attribute='s2_slot' is INFERRED, expected MEASURED"
595,SERIALIZABLE,B,0,1,"CheckViolation: KNDB precedence: NEW outranked by fact_id=c64c6956-9d98-42e1-a27f-752406b11328, reason=kind_outranked -- payload={""value"": ""INFERRED_iter595"", ""writer"": ""kndb_native"", ""fact_id"": ""ce447e48-f21b-42a4-88e8-43bafac84c69"", ""provsql"": ""879b89ab-3255-4ceb-89b7-34d98b90c661"", ""sources"": [], ""sys_time"": ""[\""2026-07-09 02:38:32.086668-05\"",infinity)"", ""attribute"": ""s2_slot"", ""entity_id"": 32000595, ""confidence"": 0.97000, ""valid_time"": ""[\""2025-12-31 18:00:00-06\"",\""2026-06-29 19:00:00-05\"")"", ""specificity"": 100, ""epistemic_kind"": ""INFERRED""}
HINT:  Incoming fact lost the precedence lattice against an existing overlapping fact.
CONTEXT:  PL/pgSQL function kndb.resolve_conflict() line 91 at RAISE",,1,
596,SERIALIZABLE,B,0,1,"SerializationFailure: could not serialize access due to read/write dependencies among transactions
DETAIL:  Reason code: Canceled on identification as a pivot, during write.
HINT:  The transaction might succeed if retried.",,1,
597,SERIALIZABLE,A,1,1,,,1,
598,SERIALIZABLE,A,1,0,,"SerializationFailure: could not serialize access due to read/write dependencies among transactions
DETAIL:  Reason code: Canceled on identification as a pivot, during write.
HINT:  The transaction might succeed if retried.",0,"live kind for entity_id=32000598 attribute='s2_slot' is INFERRED, expected MEASURED"
599,SERIALIZABLE,B,0,1,"CheckViolation: KNDB precedence: NEW outranked by fact_id=3c2280b9-95a4-47e6-9d3d-ad46f9ab85bf, reason=kind_outranked -- payload={""value"": ""INFERRED_iter599"", ""writer"": ""kndb_native"", ""fact_id"": ""7de96f25-a0ed-43d0-928c-23a592928a0f"", ""provsql"": ""cc6408db-dee3-4788-a731-0006e1a59267"", ""sources"": [], ""sys_time"": ""[\""2026-07-09 02:38:32.120722-05\"",infinity)"", ""attribute"": ""s2_slot"", ""entity_id"": 32000599, ""confidence"": 0.97000, ""valid_time"": ""[\""2025-12-31 18:00:00-06\"",\""2026-06-29 19:00:00-05\"")"", ""specificity"": 100, ""epistemic_kind"": ""INFERRED""}
HINT:  Incoming fact lost the precedence lattice against an existing overlapping fact.
CONTEXT:  PL/pgSQL function kndb.resolve_conflict() line 91 at RAISE",,1,
600,SERIALIZABLE,A,1,0,,"SerializationFailure: could not serialize access due to read/write dependencies among transactions
DETAIL:  Reason code: Canceled on identification as a pivot, during write.
HINT:  The transaction might succeed if retried.",0,"live kind for entity_id=32000600 attribute='s2_slot' is INFERRED, expected MEASURED"
601,SERIALIZABLE,B,0,1,"SerializationFailure: could not serialize access due to read/write dependencies among transactions
DETAIL:  Reason code: Canceled on identification as a pivot, during write.
HINT:  The transaction might succeed if retried.",,1,
602,SERIALIZABLE,A,1,0,,"SerializationFailure: could not serialize access due to read/write dependencies among transactions
DETAIL:  Reason code: Canceled on identification as a pivot, during write.
HINT:  The transaction might succeed if retried.",0,"live kind for entity_id=32000602 attribute='s2_slot' is INFERRED, expected MEASURED"
603,SERIALIZABLE,B,0,1,"CheckViolation: KNDB precedence: NEW outranked by fact_id=1ecbe7af-313e-4280-a904-72c93fadc8b8, reason=kind_outranked -- payload={""value"": ""INFERRED_iter603"", ""writer"": ""kndb_native"", ""fact_id"": ""e99af180-4692-4cc4-acf4-facb7a9657b0"", ""provsql"": ""7592c88a-45c7-42fe-b71d-2734c3f133db"", ""sources"": [], ""sys_time"": ""[\""2026-07-09 02:38:32.153163-05\"",infinity)"", ""attribute"": ""s2_slot"", ""entity_id"": 32000603, ""confidence"": 0.97000, ""valid_time"": ""[\""2025-12-31 18:00:00-06\"",\""2026-06-29 19:00:00-05\"")"", ""specificity"": 100, ""epistemic_kind"": ""INFERRED""}
HINT:  Incoming fact lost the precedence lattice against an existing overlapping fact.
CONTEXT:  PL/pgSQL function kndb.resolve_conflict() line 91 at RAISE",,1,
604,SERIALIZABLE,B,0,1,"CheckViolation: KNDB precedence: NEW outranked by fact_id=7567d70d-4323-4bcd-9f18-8399bef363aa, reason=kind_outranked -- payload={""value"": ""INFERRED_iter604"", ""writer"": ""kndb_native"", ""fact_id"": ""df89f0aa-cb9a-4219-b71b-6064e230f1e9"", ""provsql"": ""d1cd415d-ca3d-4111-bdb7-fb3eca8d7a38"", ""sources"": [], ""sys_time"": ""[\""2026-07-09 02:38:32.161608-05\"",infinity)"", ""attribute"": ""s2_slot"", ""entity_id"": 32000604, ""confidence"": 0.97000, ""valid_time"": ""[\""2025-12-31 18:00:00-06\"",\""2026-06-29 19:00:00-05\"")"", ""specificity"": 100, ""epistemic_kind"": ""INFERRED""}
HINT:  Incoming fact lost the precedence lattice against an existing overlapping fact.
CONTEXT:  PL/pgSQL function kndb.resolve_conflict() line 91 at RAISE",,1,
605,SERIALIZABLE,B,0,1,"SerializationFailure: could not serialize access due to read/write dependencies among transactions
DETAIL:  Reason code: Canceled on identification as a pivot, during write.
HINT:  The transaction might succeed if retried.",,1,
606,SERIALIZABLE,A,1,0,,"SerializationFailure: could not serialize access due to read/write dependencies among transactions
DETAIL:  Reason code: Canceled on identification as a pivot, during write.
HINT:  The transaction might succeed if retried.",0,"live kind for entity_id=32000606 attribute='s2_slot' is INFERRED, expected MEASURED"
607,SERIALIZABLE,B,0,1,"SerializationFailure: could not serialize access due to read/write dependencies among transactions
DETAIL:  Reason code: Canceled on identification as a pivot, during write.
HINT:  The transaction might succeed if retried.",,1,
608,SERIALIZABLE,A,1,1,,,1,
609,SERIALIZABLE,A,1,0,,"SerializationFailure: could not serialize access due to read/write dependencies among transactions
DETAIL:  Reason code: Canceled on identification as a pivot, during write.
HINT:  The transaction might succeed if retried.",0,"live kind for entity_id=32000609 attribute='s2_slot' is INFERRED, expected MEASURED"
610,SERIALIZABLE,B,0,1,"SerializationFailure: could not serialize access due to read/write dependencies among transactions
DETAIL:  Reason code: Canceled on identification as a pivot, during write.
HINT:  The transaction might succeed if retried.",,1,
611,SERIALIZABLE,A,1,0,,"SerializationFailure: could not serialize access due to read/write dependencies among transactions
DETAIL:  Reason code: Canceled on identification as a pivot, during write.
HINT:  The transaction might succeed if retried.",0,"live kind for entity_id=32000611 attribute='s2_slot' is INFERRED, expected MEASURED"
612,SERIALIZABLE,B,0,1,"SerializationFailure: could not serialize access due to read/write dependencies among transactions
DETAIL:  Reason code: Canceled on identification as a pivot, during write.
HINT:  The transaction might succeed if retried.",,1,
613,SERIALIZABLE,A,1,0,,"SerializationFailure: could not serialize access due to read/write dependencies among transactions
DETAIL:  Reason code: Canceled on identification as a pivot, during write.
HINT:  The transaction might succeed if retried.",0,"live kind for entity_id=32000613 attribute='s2_slot' is INFERRED, expected MEASURED"
614,SERIALIZABLE,B,0,1,"SerializationFailure: could not serialize access due to read/write dependencies among transactions
DETAIL:  Reason code: Canceled on identification as a pivot, during write.
HINT:  The transaction might succeed if retried.",,1,
615,SERIALIZABLE,A,1,0,,"SerializationFailure: could not serialize access due to read/write dependencies among transactions
DETAIL:  Reason code: Canceled on identification as a pivot, during write.
HINT:  The transaction might succeed if retried.",0,"live kind for entity_id=32000615 attribute='s2_slot' is INFERRED, expected MEASURED"
616,SERIALIZABLE,B,0,1,"SerializationFailure: could not serialize access due to read/write dependencies among transactions
DETAIL:  Reason code: Canceled on identification as a pivot, during write.
HINT:  The transaction might succeed if retried.",,1,
617,SERIALIZABLE,A,1,0,,"SerializationFailure: could not serialize access due to read/write dependencies among transactions
DETAIL:  Reason code: Canceled on identification as a pivot, during write.
HINT:  The transaction might succeed if retried.",0,"live kind for entity_id=32000617 attribute='s2_slot' is INFERRED, expected MEASURED"
618,SERIALIZABLE,B,0,1,"CheckViolation: KNDB precedence: NEW outranked by fact_id=41baa66b-4bf3-4a1c-a164-8f5865381602, reason=kind_outranked -- payload={""value"": ""INFERRED_iter618"", ""writer"": ""kndb_native"", ""fact_id"": ""227af3be-741f-4e72-9f46-7292797871f2"", ""provsql"": ""89268247-ae79-4940-8a14-47263aca5c3f"", ""sources"": [], ""sys_time"": ""[\""2026-07-09 02:38:32.276173-05\"",infinity)"", ""attribute"": ""s2_slot"", ""entity_id"": 32000618, ""confidence"": 0.97000, ""valid_time"": ""[\""2025-12-31 18:00:00-06\"",\""2026-06-29 19:00:00-05\"")"", ""specificity"": 100, ""epistemic_kind"": ""INFERRED""}
HINT:  Incoming fact lost the precedence lattice against an existing overlapping fact.
CONTEXT:  PL/pgSQL function kndb.resolve_conflict() line 91 at RAISE",,1,
619,SERIALIZABLE,A,1,1,,,1,
620,SERIALIZABLE,A,1,0,,"SerializationFailure: could not serialize access due to read/write dependencies among transactions
DETAIL:  Reason code: Canceled on identification as a pivot, during write.
HINT:  The transaction might succeed if retried.",0,"live kind for entity_id=32000620 attribute='s2_slot' is INFERRED, expected MEASURED"
621,SERIALIZABLE,A,1,1,,,1,
622,SERIALIZABLE,A,1,1,,,1,
623,SERIALIZABLE,A,1,0,,"SerializationFailure: could not serialize access due to read/write dependencies among transactions
DETAIL:  Reason code: Canceled on identification as a pivot, during write.
HINT:  The transaction might succeed if retried.",0,"live kind for entity_id=32000623 attribute='s2_slot' is INFERRED, expected MEASURED"
624,SERIALIZABLE,B,0,1,"CheckViolation: KNDB precedence: NEW outranked by fact_id=1cc47973-1794-4a87-ade3-8a8796dfa482, reason=kind_outranked -- payload={""value"": ""INFERRED_iter624"", ""writer"": ""kndb_native"", ""fact_id"": ""6d2b96b8-ac07-4bc0-9293-91e2f9241eee"", ""provsql"": ""20e32642-ef1e-4f77-a6e3-2d04755d4c67"", ""sources"": [], ""sys_time"": ""[\""2026-07-09 02:38:32.327629-05\"",infinity)"", ""attribute"": ""s2_slot"", ""entity_id"": 32000624, ""confidence"": 0.97000, ""valid_time"": ""[\""2025-12-31 18:00:00-06\"",\""2026-06-29 19:00:00-05\"")"", ""specificity"": 100, ""epistemic_kind"": ""INFERRED""}
HINT:  Incoming fact lost the precedence lattice against an existing overlapping fact.
CONTEXT:  PL/pgSQL function kndb.resolve_conflict() line 91 at RAISE",,1,
625,SERIALIZABLE,B,0,1,"SerializationFailure: could not serialize access due to read/write dependencies among transactions
DETAIL:  Reason code: Canceled on identification as a pivot, during write.
HINT:  The transaction might succeed if retried.",,1,
626,SERIALIZABLE,A,1,0,,"SerializationFailure: could not serialize access due to read/write dependencies among transactions
DETAIL:  Reason code: Canceled on identification as a pivot, during write.
HINT:  The transaction might succeed if retried.",0,"live kind for entity_id=32000626 attribute='s2_slot' is INFERRED, expected MEASURED"
627,SERIALIZABLE,A,1,1,,,1,
628,SERIALIZABLE,A,1,0,,"SerializationFailure: could not serialize access due to read/write dependencies among transactions
DETAIL:  Reason code: Canceled on identification as a pivot, during write.
HINT:  The transaction might succeed if retried.",0,"live kind for entity_id=32000628 attribute='s2_slot' is INFERRED, expected MEASURED"
629,SERIALIZABLE,B,0,1,"SerializationFailure: could not serialize access due to read/write dependencies among transactions
DETAIL:  Reason code: Canceled on identification as a pivot, during write.
HINT:  The transaction might succeed if retried.",,1,
630,SERIALIZABLE,B,0,1,"SerializationFailure: could not serialize access due to read/write dependencies among transactions
DETAIL:  Reason code: Canceled on identification as a pivot, during write.
HINT:  The transaction might succeed if retried.",,1,
631,SERIALIZABLE,B,0,1,"CheckViolation: KNDB precedence: NEW outranked by fact_id=878ca704-8548-443b-bf62-1c0426075773, reason=kind_outranked -- payload={""value"": ""INFERRED_iter631"", ""writer"": ""kndb_native"", ""fact_id"": ""0d99fce4-89bc-4913-8c84-54a23aeb1561"", ""provsql"": ""1542ea02-584e-468e-9c85-86aae005d99d"", ""sources"": [], ""sys_time"": ""[\""2026-07-09 02:38:32.384602-05\"",infinity)"", ""attribute"": ""s2_slot"", ""entity_id"": 32000631, ""confidence"": 0.97000, ""valid_time"": ""[\""2025-12-31 18:00:00-06\"",\""2026-06-29 19:00:00-05\"")"", ""specificity"": 100, ""epistemic_kind"": ""INFERRED""}
HINT:  Incoming fact lost the precedence lattice against an existing overlapping fact.
CONTEXT:  PL/pgSQL function kndb.resolve_conflict() line 91 at RAISE",,1,
632,SERIALIZABLE,A,1,0,,"SerializationFailure: could not serialize access due to read/write dependencies among transactions
DETAIL:  Reason code: Canceled on identification as a pivot, during write.
HINT:  The transaction might succeed if retried.",0,"live kind for entity_id=32000632 attribute='s2_slot' is INFERRED, expected MEASURED"
633,SERIALIZABLE,A,1,0,,"SerializationFailure: could not serialize access due to read/write dependencies among transactions
DETAIL:  Reason code: Canceled on identification as a pivot, during write.
HINT:  The transaction might succeed if retried.",0,"live kind for entity_id=32000633 attribute='s2_slot' is INFERRED, expected MEASURED"
634,SERIALIZABLE,A,1,0,,"SerializationFailure: could not serialize access due to read/write dependencies among transactions
DETAIL:  Reason code: Canceled on identification as a pivot, during write.
HINT:  The transaction might succeed if retried.",0,"live kind for entity_id=32000634 attribute='s2_slot' is INFERRED, expected MEASURED"
635,SERIALIZABLE,A,1,0,,"SerializationFailure: could not serialize access due to read/write dependencies among transactions
DETAIL:  Reason code: Canceled on identification as a pivot, during write.
HINT:  The transaction might succeed if retried.",0,"live kind for entity_id=32000635 attribute='s2_slot' is INFERRED, expected MEASURED"
636,SERIALIZABLE,A,1,1,,,1,
637,SERIALIZABLE,A,1,0,,"SerializationFailure: could not serialize access due to read/write dependencies among transactions
DETAIL:  Reason code: Canceled on identification as a pivot, during write.
HINT:  The transaction might succeed if retried.",0,"live kind for entity_id=32000637 attribute='s2_slot' is INFERRED, expected MEASURED"
638,SERIALIZABLE,B,0,1,"CheckViolation: KNDB precedence: NEW outranked by fact_id=705c4bf2-1639-4203-8dfe-5934f57aada2, reason=kind_outranked -- payload={""value"": ""INFERRED_iter638"", ""writer"": ""kndb_native"", ""fact_id"": ""da66b628-fee0-477e-9898-75fa8695c69c"", ""provsql"": ""f990f7df-2c7f-4d18-9c55-42f1f27523a9"", ""sources"": [], ""sys_time"": ""[\""2026-07-09 02:38:32.440312-05\"",infinity)"", ""attribute"": ""s2_slot"", ""entity_id"": 32000638, ""confidence"": 0.97000, ""valid_time"": ""[\""2025-12-31 18:00:00-06\"",\""2026-06-29 19:00:00-05\"")"", ""specificity"": 100, ""epistemic_kind"": ""INFERRED""}
HINT:  Incoming fact lost the precedence lattice against an existing overlapping fact.
CONTEXT:  PL/pgSQL function kndb.resolve_conflict() line 91 at RAISE",,1,
639,SERIALIZABLE,A,1,1,,,1,
640,SERIALIZABLE,B,0,1,"CheckViolation: KNDB precedence: NEW outranked by fact_id=e38c3489-ba2f-4260-b42e-ba26a67d0d04, reason=kind_outranked -- payload={""value"": ""INFERRED_iter640"", ""writer"": ""kndb_native"", ""fact_id"": ""7306b87f-8725-479b-868f-342bb7684a86"", ""provsql"": ""a59f6bd3-9053-4064-8ab1-35a57def073b"", ""sources"": [], ""sys_time"": ""[\""2026-07-09 02:38:32.458449-05\"",infinity)"", ""attribute"": ""s2_slot"", ""entity_id"": 32000640, ""confidence"": 0.97000, ""valid_time"": ""[\""2025-12-31 18:00:00-06\"",\""2026-06-29 19:00:00-05\"")"", ""specificity"": 100, ""epistemic_kind"": ""INFERRED""}
HINT:  Incoming fact lost the precedence lattice against an existing overlapping fact.
CONTEXT:  PL/pgSQL function kndb.resolve_conflict() line 91 at RAISE",,1,
641,SERIALIZABLE,B,0,1,"SerializationFailure: could not serialize access due to read/write dependencies among transactions
DETAIL:  Reason code: Canceled on identification as a pivot, during write.
HINT:  The transaction might succeed if retried.",,1,
642,SERIALIZABLE,B,0,1,"SerializationFailure: could not serialize access due to read/write dependencies among transactions
DETAIL:  Reason code: Canceled on identification as a pivot, during write.
HINT:  The transaction might succeed if retried.",,1,
643,SERIALIZABLE,A,1,1,,,1,
644,SERIALIZABLE,B,0,1,"SerializationFailure: could not serialize access due to read/write dependencies among transactions
DETAIL:  Reason code: Canceled on identification as a pivot, during write.
HINT:  The transaction might succeed if retried.",,1,
645,SERIALIZABLE,A,1,1,,,1,
646,SERIALIZABLE,B,0,1,"CheckViolation: KNDB precedence: NEW outranked by fact_id=2e3f9d2b-dc02-45c8-a543-5e417d22b4ce, reason=kind_outranked -- payload={""value"": ""INFERRED_iter646"", ""writer"": ""kndb_native"", ""fact_id"": ""27b743d7-e3bb-44ee-94b9-040202386c41"", ""provsql"": ""6e5c9920-2c09-4a92-8418-d840087e557a"", ""sources"": [], ""sys_time"": ""[\""2026-07-09 02:38:32.507573-05\"",infinity)"", ""attribute"": ""s2_slot"", ""entity_id"": 32000646, ""confidence"": 0.97000, ""valid_time"": ""[\""2025-12-31 18:00:00-06\"",\""2026-06-29 19:00:00-05\"")"", ""specificity"": 100, ""epistemic_kind"": ""INFERRED""}
HINT:  Incoming fact lost the precedence lattice against an existing overlapping fact.
CONTEXT:  PL/pgSQL function kndb.resolve_conflict() line 91 at RAISE",,1,
647,SERIALIZABLE,B,0,1,"CheckViolation: KNDB precedence: NEW outranked by fact_id=a3191d4d-3a8f-48c4-8d78-e25766794c7a, reason=kind_outranked -- payload={""value"": ""INFERRED_iter647"", ""writer"": ""kndb_native"", ""fact_id"": ""972ded4a-312d-4d68-b141-b63462414329"", ""provsql"": ""7b85fd5e-86f6-4173-948e-6416f3efd3db"", ""sources"": [], ""sys_time"": ""[\""2026-07-09 02:38:32.515541-05\"",infinity)"", ""attribute"": ""s2_slot"", ""entity_id"": 32000647, ""confidence"": 0.97000, ""valid_time"": ""[\""2025-12-31 18:00:00-06\"",\""2026-06-29 19:00:00-05\"")"", ""specificity"": 100, ""epistemic_kind"": ""INFERRED""}
HINT:  Incoming fact lost the precedence lattice against an existing overlapping fact.
CONTEXT:  PL/pgSQL function kndb.resolve_conflict() line 91 at RAISE",,1,
648,SERIALIZABLE,A,1,0,,"SerializationFailure: could not serialize access due to read/write dependencies among transactions
DETAIL:  Reason code: Canceled on identification as a pivot, during write.
HINT:  The transaction might succeed if retried.",0,"live kind for entity_id=32000648 attribute='s2_slot' is INFERRED, expected MEASURED"
649,SERIALIZABLE,A,1,1,,,1,
650,SERIALIZABLE,A,1,1,,,1,
651,SERIALIZABLE,A,1,1,,,1,
652,SERIALIZABLE,B,0,1,"CheckViolation: KNDB precedence: NEW outranked by fact_id=f36e7ee3-2111-43b8-898a-6a3eaed7f717, reason=kind_outranked -- payload={""value"": ""INFERRED_iter652"", ""writer"": ""kndb_native"", ""fact_id"": ""a0e5da3e-a7b1-4b00-858f-82705accc362"", ""provsql"": ""8c25bd62-657b-48ee-9c7e-10d367d49745"", ""sources"": [], ""sys_time"": ""[\""2026-07-09 02:38:32.558124-05\"",infinity)"", ""attribute"": ""s2_slot"", ""entity_id"": 32000652, ""confidence"": 0.97000, ""valid_time"": ""[\""2025-12-31 18:00:00-06\"",\""2026-06-29 19:00:00-05\"")"", ""specificity"": 100, ""epistemic_kind"": ""INFERRED""}
HINT:  Incoming fact lost the precedence lattice against an existing overlapping fact.
CONTEXT:  PL/pgSQL function kndb.resolve_conflict() line 91 at RAISE",,1,
653,SERIALIZABLE,A,1,0,,"SerializationFailure: could not serialize access due to read/write dependencies among transactions
DETAIL:  Reason code: Canceled on identification as a pivot, during write.
HINT:  The transaction might succeed if retried.",0,"live kind for entity_id=32000653 attribute='s2_slot' is INFERRED, expected MEASURED"
654,SERIALIZABLE,B,0,1,"CheckViolation: KNDB precedence: NEW outranked by fact_id=9baea662-81df-412f-90e1-b1819e42cf88, reason=kind_outranked -- payload={""value"": ""INFERRED_iter654"", ""writer"": ""kndb_native"", ""fact_id"": ""b9a5ab62-d336-4d66-a352-ac7c69f70f5c"", ""provsql"": ""5eaab511-7811-42a5-a01d-4ea4ddb02b06"", ""sources"": [], ""sys_time"": ""[\""2026-07-09 02:38:32.57389-05\"",infinity)"", ""attribute"": ""s2_slot"", ""entity_id"": 32000654, ""confidence"": 0.97000, ""valid_time"": ""[\""2025-12-31 18:00:00-06\"",\""2026-06-29 19:00:00-05\"")"", ""specificity"": 100, ""epistemic_kind"": ""INFERRED""}
HINT:  Incoming fact lost the precedence lattice against an existing overlapping fact.
CONTEXT:  PL/pgSQL function kndb.resolve_conflict() line 91 at RAISE",,1,
655,SERIALIZABLE,A,1,1,,,1,
656,SERIALIZABLE,A,1,0,,"SerializationFailure: could not serialize access due to read/write dependencies among transactions
DETAIL:  Reason code: Canceled on identification as a pivot, during write.
HINT:  The transaction might succeed if retried.",0,"live kind for entity_id=32000656 attribute='s2_slot' is INFERRED, expected MEASURED"
657,SERIALIZABLE,B,0,1,"SerializationFailure: could not serialize access due to read/write dependencies among transactions
DETAIL:  Reason code: Canceled on identification as a pivot, during write.
HINT:  The transaction might succeed if retried.",,1,
658,SERIALIZABLE,A,1,0,,"SerializationFailure: could not serialize access due to read/write dependencies among transactions
DETAIL:  Reason code: Canceled on identification as a pivot, during write.
HINT:  The transaction might succeed if retried.",0,"live kind for entity_id=32000658 attribute='s2_slot' is INFERRED, expected MEASURED"
659,SERIALIZABLE,A,1,0,,"SerializationFailure: could not serialize access due to read/write dependencies among transactions
DETAIL:  Reason code: Canceled on identification as a pivot, during write.
HINT:  The transaction might succeed if retried.",0,"live kind for entity_id=32000659 attribute='s2_slot' is INFERRED, expected MEASURED"
660,SERIALIZABLE,B,0,1,"SerializationFailure: could not serialize access due to read/write dependencies among transactions
DETAIL:  Reason code: Canceled on identification as a pivot, during write.
HINT:  The transaction might succeed if retried.",,1,
661,SERIALIZABLE,A,1,0,,"SerializationFailure: could not serialize access due to read/write dependencies among transactions
DETAIL:  Reason code: Canceled on identification as a pivot, during write.
HINT:  The transaction might succeed if retried.",0,"live kind for entity_id=32000661 attribute='s2_slot' is INFERRED, expected MEASURED"
662,SERIALIZABLE,B,0,1,"SerializationFailure: could not serialize access due to read/write dependencies among transactions
DETAIL:  Reason code: Canceled on identification as a pivot, during write.
HINT:  The transaction might succeed if retried.",,1,
663,SERIALIZABLE,A,1,0,,"SerializationFailure: could not serialize access due to read/write dependencies among transactions
DETAIL:  Reason code: Canceled on identification as a pivot, during write.
HINT:  The transaction might succeed if retried.",0,"live kind for entity_id=32000663 attribute='s2_slot' is INFERRED, expected MEASURED"
664,SERIALIZABLE,B,0,1,"SerializationFailure: could not serialize access due to read/write dependencies among transactions
DETAIL:  Reason code: Canceled on identification as a pivot, during write.
HINT:  The transaction might succeed if retried.",,1,
665,SERIALIZABLE,B,0,1,"CheckViolation: KNDB precedence: NEW outranked by fact_id=a9c3c1a9-d786-42da-8dc0-5712f01e3ee2, reason=kind_outranked -- payload={""value"": ""INFERRED_iter665"", ""writer"": ""kndb_native"", ""fact_id"": ""1d7c7076-db2d-479f-adf0-8760ad900bed"", ""provsql"": ""6762cffc-49dc-4892-9e15-245c252bc620"", ""sources"": [], ""sys_time"": ""[\""2026-07-09 02:38:32.668932-05\"",infinity)"", ""attribute"": ""s2_slot"", ""entity_id"": 32000665, ""confidence"": 0.97000, ""valid_time"": ""[\""2025-12-31 18:00:00-06\"",\""2026-06-29 19:00:00-05\"")"", ""specificity"": 100, ""epistemic_kind"": ""INFERRED""}
HINT:  Incoming fact lost the precedence lattice against an existing overlapping fact.
CONTEXT:  PL/pgSQL function kndb.resolve_conflict() line 91 at RAISE",,1,
666,SERIALIZABLE,B,0,1,"SerializationFailure: could not serialize access due to read/write dependencies among transactions
DETAIL:  Reason code: Canceled on identification as a pivot, during write.
HINT:  The transaction might succeed if retried.",,1,
667,SERIALIZABLE,A,1,0,,"SerializationFailure: could not serialize access due to read/write dependencies among transactions
DETAIL:  Reason code: Canceled on identification as a pivot, during write.
HINT:  The transaction might succeed if retried.",0,"live kind for entity_id=32000667 attribute='s2_slot' is INFERRED, expected MEASURED"
668,SERIALIZABLE,B,0,1,"CheckViolation: KNDB precedence: NEW outranked by fact_id=20e12ca7-f9ce-4551-8fe4-03ef4b6d86b9, reason=kind_outranked -- payload={""value"": ""INFERRED_iter668"", ""writer"": ""kndb_native"", ""fact_id"": ""3ff25893-7e95-45cf-b8b9-6c632406a3fb"", ""provsql"": ""4ef9d3b5-d451-4965-b8ba-eeb2e5a48b80"", ""sources"": [], ""sys_time"": ""[\""2026-07-09 02:38:32.692954-05\"",infinity)"", ""attribute"": ""s2_slot"", ""entity_id"": 32000668, ""confidence"": 0.97000, ""valid_time"": ""[\""2025-12-31 18:00:00-06\"",\""2026-06-29 19:00:00-05\"")"", ""specificity"": 100, ""epistemic_kind"": ""INFERRED""}
HINT:  Incoming fact lost the precedence lattice against an existing overlapping fact.
CONTEXT:  PL/pgSQL function kndb.resolve_conflict() line 91 at RAISE",,1,
669,SERIALIZABLE,A,1,0,,"SerializationFailure: could not serialize access due to read/write dependencies among transactions
DETAIL:  Reason code: Canceled on identification as a pivot, during write.
HINT:  The transaction might succeed if retried.",0,"live kind for entity_id=32000669 attribute='s2_slot' is INFERRED, expected MEASURED"
670,SERIALIZABLE,A,1,0,,"SerializationFailure: could not serialize access due to read/write dependencies among transactions
DETAIL:  Reason code: Canceled on identification as a pivot, during write.
HINT:  The transaction might succeed if retried.",0,"live kind for entity_id=32000670 attribute='s2_slot' is INFERRED, expected MEASURED"
671,SERIALIZABLE,B,0,1,"CheckViolation: KNDB precedence: NEW outranked by fact_id=60dd5279-1365-42e2-a6d6-c7d993c2f933, reason=kind_outranked -- payload={""value"": ""INFERRED_iter671"", ""writer"": ""kndb_native"", ""fact_id"": ""e782ba03-fe52-4c43-9bc9-9a94461fa798"", ""provsql"": ""b667aca3-64a2-44c2-9712-60335298ab83"", ""sources"": [], ""sys_time"": ""[\""2026-07-09 02:38:32.718061-05\"",infinity)"", ""attribute"": ""s2_slot"", ""entity_id"": 32000671, ""confidence"": 0.97000, ""valid_time"": ""[\""2025-12-31 18:00:00-06\"",\""2026-06-29 19:00:00-05\"")"", ""specificity"": 100, ""epistemic_kind"": ""INFERRED""}
HINT:  Incoming fact lost the precedence lattice against an existing overlapping fact.
CONTEXT:  PL/pgSQL function kndb.resolve_conflict() line 91 at RAISE",,1,
672,SERIALIZABLE,B,0,1,"SerializationFailure: could not serialize access due to read/write dependencies among transactions
DETAIL:  Reason code: Canceled on identification as a pivot, during write.
HINT:  The transaction might succeed if retried.",,1,
673,SERIALIZABLE,A,1,1,,,1,
674,SERIALIZABLE,B,0,1,"CheckViolation: KNDB precedence: NEW outranked by fact_id=e46f56a3-3c52-4268-9d7b-4b1eb453e585, reason=kind_outranked -- payload={""value"": ""INFERRED_iter674"", ""writer"": ""kndb_native"", ""fact_id"": ""5327c2aa-d10e-4dae-9a8b-5c8ebb55ee19"", ""provsql"": ""86bb9e1a-bf76-4783-8e44-df7e1fede91f"", ""sources"": [], ""sys_time"": ""[\""2026-07-09 02:38:32.743038-05\"",infinity)"", ""attribute"": ""s2_slot"", ""entity_id"": 32000674, ""confidence"": 0.97000, ""valid_time"": ""[\""2025-12-31 18:00:00-06\"",\""2026-06-29 19:00:00-05\"")"", ""specificity"": 100, ""epistemic_kind"": ""INFERRED""}
HINT:  Incoming fact lost the precedence lattice against an existing overlapping fact.
CONTEXT:  PL/pgSQL function kndb.resolve_conflict() line 91 at RAISE",,1,
675,SERIALIZABLE,B,0,1,"SerializationFailure: could not serialize access due to read/write dependencies among transactions
DETAIL:  Reason code: Canceled on identification as a pivot, during write.
HINT:  The transaction might succeed if retried.",,1,
676,SERIALIZABLE,B,0,1,"SerializationFailure: could not serialize access due to read/write dependencies among transactions
DETAIL:  Reason code: Canceled on identification as a pivot, during write.
HINT:  The transaction might succeed if retried.",,1,
677,SERIALIZABLE,B,0,1,"SerializationFailure: could not serialize access due to read/write dependencies among transactions
DETAIL:  Reason code: Canceled on identification as a pivot, during write.
HINT:  The transaction might succeed if retried.",,1,
678,SERIALIZABLE,A,1,0,,"SerializationFailure: could not serialize access due to read/write dependencies among transactions
DETAIL:  Reason code: Canceled on identification as a pivot, during write.
HINT:  The transaction might succeed if retried.",0,"live kind for entity_id=32000678 attribute='s2_slot' is INFERRED, expected MEASURED"
679,SERIALIZABLE,A,1,0,,"SerializationFailure: could not serialize access due to read/write dependencies among transactions
DETAIL:  Reason code: Canceled on identification as a pivot, during write.
HINT:  The transaction might succeed if retried.",0,"live kind for entity_id=32000679 attribute='s2_slot' is INFERRED, expected MEASURED"
680,SERIALIZABLE,B,0,1,"SerializationFailure: could not serialize access due to read/write dependencies among transactions
DETAIL:  Reason code: Canceled on identification as a pivot, during write.
HINT:  The transaction might succeed if retried.",,1,
681,SERIALIZABLE,A,1,0,,"SerializationFailure: could not serialize access due to read/write dependencies among transactions
DETAIL:  Reason code: Canceled on identification as a pivot, during write.
HINT:  The transaction might succeed if retried.",0,"live kind for entity_id=32000681 attribute='s2_slot' is INFERRED, expected MEASURED"
682,SERIALIZABLE,A,1,1,,,1,
683,SERIALIZABLE,A,1,0,,"SerializationFailure: could not serialize access due to read/write dependencies among transactions
DETAIL:  Reason code: Canceled on identification as a pivot, during write.
HINT:  The transaction might succeed if retried.",0,"live kind for entity_id=32000683 attribute='s2_slot' is INFERRED, expected MEASURED"
684,SERIALIZABLE,A,1,1,,,1,
685,SERIALIZABLE,A,1,0,,"SerializationFailure: could not serialize access due to read/write dependencies among transactions
DETAIL:  Reason code: Canceled on identification as a pivot, during write.
HINT:  The transaction might succeed if retried.",0,"live kind for entity_id=32000685 attribute='s2_slot' is INFERRED, expected MEASURED"
686,SERIALIZABLE,B,0,1,"CheckViolation: KNDB precedence: NEW outranked by fact_id=6097cb8f-8922-4393-aa76-ff74588fc4a6, reason=kind_outranked -- payload={""value"": ""INFERRED_iter686"", ""writer"": ""kndb_native"", ""fact_id"": ""1f707b57-8602-432b-adae-6f0edbd12ad9"", ""provsql"": ""34cc527f-4624-4f65-ae44-8af2676c2a70"", ""sources"": [], ""sys_time"": ""[\""2026-07-09 02:38:32.843743-05\"",infinity)"", ""attribute"": ""s2_slot"", ""entity_id"": 32000686, ""confidence"": 0.97000, ""valid_time"": ""[\""2025-12-31 18:00:00-06\"",\""2026-06-29 19:00:00-05\"")"", ""specificity"": 100, ""epistemic_kind"": ""INFERRED""}
HINT:  Incoming fact lost the precedence lattice against an existing overlapping fact.
CONTEXT:  PL/pgSQL function kndb.resolve_conflict() line 91 at RAISE",,1,
687,SERIALIZABLE,A,1,1,,,1,
688,SERIALIZABLE,A,1,0,,"SerializationFailure: could not serialize access due to read/write dependencies among transactions
DETAIL:  Reason code: Canceled on identification as a pivot, during write.
HINT:  The transaction might succeed if retried.",0,"live kind for entity_id=32000688 attribute='s2_slot' is INFERRED, expected MEASURED"
689,SERIALIZABLE,B,0,1,"SerializationFailure: could not serialize access due to read/write dependencies among transactions
DETAIL:  Reason code: Canceled on identification as a pivot, during write.
HINT:  The transaction might succeed if retried.",,1,
690,SERIALIZABLE,B,0,1,"SerializationFailure: could not serialize access due to read/write dependencies among transactions
DETAIL:  Reason code: Canceled on identification as a pivot, during write.
HINT:  The transaction might succeed if retried.",,1,
691,SERIALIZABLE,A,1,0,,"SerializationFailure: could not serialize access due to read/write dependencies among transactions
DETAIL:  Reason code: Canceled on identification as a pivot, during write.
HINT:  The transaction might succeed if retried.",0,"live kind for entity_id=32000691 attribute='s2_slot' is INFERRED, expected MEASURED"
692,SERIALIZABLE,B,0,1,"SerializationFailure: could not serialize access due to read/write dependencies among transactions
DETAIL:  Reason code: Canceled on identification as a pivot, during write.
HINT:  The transaction might succeed if retried.",,1,
693,SERIALIZABLE,B,0,1,"SerializationFailure: could not serialize access due to read/write dependencies among transactions
DETAIL:  Reason code: Canceled on identification as a pivot, during write.
HINT:  The transaction might succeed if retried.",,1,
694,SERIALIZABLE,B,0,1,"SerializationFailure: could not serialize access due to read/write dependencies among transactions
DETAIL:  Reason code: Canceled on identification as a pivot, during write.
HINT:  The transaction might succeed if retried.",,1,
695,SERIALIZABLE,B,0,1,"SerializationFailure: could not serialize access due to read/write dependencies among transactions
DETAIL:  Reason code: Canceled on identification as a pivot, during write.
HINT:  The transaction might succeed if retried.",,1,
696,SERIALIZABLE,B,0,1,"SerializationFailure: could not serialize access due to read/write dependencies among transactions
DETAIL:  Reason code: Canceled on identification as a pivot, during write.
HINT:  The transaction might succeed if retried.",,1,
697,SERIALIZABLE,B,0,1,"SerializationFailure: could not serialize access due to read/write dependencies among transactions
DETAIL:  Reason code: Canceled on identification as a pivot, during write.
HINT:  The transaction might succeed if retried.",,1,
698,SERIALIZABLE,A,1,0,,"SerializationFailure: could not serialize access due to read/write dependencies among transactions
DETAIL:  Reason code: Canceled on identification as a pivot, during write.
HINT:  The transaction might succeed if retried.",0,"live kind for entity_id=32000698 attribute='s2_slot' is INFERRED, expected MEASURED"
699,SERIALIZABLE,B,0,1,"SerializationFailure: could not serialize access due to read/write dependencies among transactions
DETAIL:  Reason code: Canceled on identification as a pivot, during write.
HINT:  The transaction might succeed if retried.",,1,
700,SERIALIZABLE,B,0,1,"SerializationFailure: could not serialize access due to read/write dependencies among transactions
DETAIL:  Reason code: Canceled on identification as a pivot, during write.
HINT:  The transaction might succeed if retried.",,1,
701,SERIALIZABLE,B,0,1,"SerializationFailure: could not serialize access due to read/write dependencies among transactions
DETAIL:  Reason code: Canceled on identification as a pivot, during write.
HINT:  The transaction might succeed if retried.",,1,
702,SERIALIZABLE,B,0,1,"SerializationFailure: could not serialize access due to read/write dependencies among transactions
DETAIL:  Reason code: Canceled on identification as a pivot, during write.
HINT:  The transaction might succeed if retried.",,1,
703,SERIALIZABLE,A,1,0,,"SerializationFailure: could not serialize access due to read/write dependencies among transactions
DETAIL:  Reason code: Canceled on identification as a pivot, during write.
HINT:  The transaction might succeed if retried.",0,"live kind for entity_id=32000703 attribute='s2_slot' is INFERRED, expected MEASURED"
704,SERIALIZABLE,A,1,0,,"SerializationFailure: could not serialize access due to read/write dependencies among transactions
DETAIL:  Reason code: Canceled on identification as a pivot, during write.
HINT:  The transaction might succeed if retried.",0,"live kind for entity_id=32000704 attribute='s2_slot' is INFERRED, expected MEASURED"
705,SERIALIZABLE,A,1,0,,"SerializationFailure: could not serialize access due to read/write dependencies among transactions
DETAIL:  Reason code: Canceled on identification as a pivot, during write.
HINT:  The transaction might succeed if retried.",0,"live kind for entity_id=32000705 attribute='s2_slot' is INFERRED, expected MEASURED"
706,SERIALIZABLE,B,0,1,"SerializationFailure: could not serialize access due to read/write dependencies among transactions
DETAIL:  Reason code: Canceled on identification as a pivot, during write.
HINT:  The transaction might succeed if retried.",,1,
707,SERIALIZABLE,B,0,1,"CheckViolation: KNDB precedence: NEW outranked by fact_id=8a181d4f-c359-4e0e-91c4-ddec1577859e, reason=kind_outranked -- payload={""value"": ""INFERRED_iter707"", ""writer"": ""kndb_native"", ""fact_id"": ""f5993264-adee-4452-b0bd-af02d10f8cff"", ""provsql"": ""297b6644-f68d-4d6c-b444-96d383f32158"", ""sources"": [], ""sys_time"": ""[\""2026-07-09 02:38:33.019105-05\"",infinity)"", ""attribute"": ""s2_slot"", ""entity_id"": 32000707, ""confidence"": 0.97000, ""valid_time"": ""[\""2025-12-31 18:00:00-06\"",\""2026-06-29 19:00:00-05\"")"", ""specificity"": 100, ""epistemic_kind"": ""INFERRED""}
HINT:  Incoming fact lost the precedence lattice against an existing overlapping fact.
CONTEXT:  PL/pgSQL function kndb.resolve_conflict() line 91 at RAISE",,1,
708,SERIALIZABLE,A,1,0,,"SerializationFailure: could not serialize access due to read/write dependencies among transactions
DETAIL:  Reason code: Canceled on identification as a pivot, during write.
HINT:  The transaction might succeed if retried.",0,"live kind for entity_id=32000708 attribute='s2_slot' is INFERRED, expected MEASURED"
709,SERIALIZABLE,A,1,1,,,1,
710,SERIALIZABLE,B,0,1,"CheckViolation: KNDB precedence: NEW outranked by fact_id=0b78af73-ab7a-43ee-82b7-0265d755f635, reason=kind_outranked -- payload={""value"": ""INFERRED_iter710"", ""writer"": ""kndb_native"", ""fact_id"": ""e7fbef5e-7694-4221-9dd4-daa163d842de"", ""provsql"": ""c70e1d50-4dc2-4b5c-939a-a9d6e24a7a52"", ""sources"": [], ""sys_time"": ""[\""2026-07-09 02:38:33.043211-05\"",infinity)"", ""attribute"": ""s2_slot"", ""entity_id"": 32000710, ""confidence"": 0.97000, ""valid_time"": ""[\""2025-12-31 18:00:00-06\"",\""2026-06-29 19:00:00-05\"")"", ""specificity"": 100, ""epistemic_kind"": ""INFERRED""}
HINT:  Incoming fact lost the precedence lattice against an existing overlapping fact.
CONTEXT:  PL/pgSQL function kndb.resolve_conflict() line 91 at RAISE",,1,
711,SERIALIZABLE,B,0,1,"CheckViolation: KNDB precedence: NEW outranked by fact_id=6a734146-5565-4349-b00d-e709862a4f9d, reason=kind_outranked -- payload={""value"": ""INFERRED_iter711"", ""writer"": ""kndb_native"", ""fact_id"": ""b170d121-7d3f-4031-b80a-1a55650bccf6"", ""provsql"": ""ab3f8d05-73db-4a82-841e-c23a289b14cf"", ""sources"": [], ""sys_time"": ""[\""2026-07-09 02:38:33.051547-05\"",infinity)"", ""attribute"": ""s2_slot"", ""entity_id"": 32000711, ""confidence"": 0.97000, ""valid_time"": ""[\""2025-12-31 18:00:00-06\"",\""2026-06-29 19:00:00-05\"")"", ""specificity"": 100, ""epistemic_kind"": ""INFERRED""}
HINT:  Incoming fact lost the precedence lattice against an existing overlapping fact.
CONTEXT:  PL/pgSQL function kndb.resolve_conflict() line 91 at RAISE",,1,
712,SERIALIZABLE,B,0,1,"SerializationFailure: could not serialize access due to read/write dependencies among transactions
DETAIL:  Reason code: Canceled on identification as a pivot, during write.
HINT:  The transaction might succeed if retried.",,1,
713,SERIALIZABLE,B,0,1,"CheckViolation: KNDB precedence: NEW outranked by fact_id=a3f26808-3ea3-48ec-b5bb-fcbb35480559, reason=kind_outranked -- payload={""value"": ""INFERRED_iter713"", ""writer"": ""kndb_native"", ""fact_id"": ""43a11f99-39e7-4bf4-93f5-e387dea1c19e"", ""provsql"": ""bf1ca98e-8bd0-4a1b-871e-9fcc0c46b118"", ""sources"": [], ""sys_time"": ""[\""2026-07-09 02:38:33.06837-05\"",infinity)"", ""attribute"": ""s2_slot"", ""entity_id"": 32000713, ""confidence"": 0.97000, ""valid_time"": ""[\""2025-12-31 18:00:00-06\"",\""2026-06-29 19:00:00-05\"")"", ""specificity"": 100, ""epistemic_kind"": ""INFERRED""}
HINT:  Incoming fact lost the precedence lattice against an existing overlapping fact.
CONTEXT:  PL/pgSQL function kndb.resolve_conflict() line 91 at RAISE",,1,
714,SERIALIZABLE,A,1,1,,,1,
715,SERIALIZABLE,A,1,0,,"SerializationFailure: could not serialize access due to read/write dependencies among transactions
DETAIL:  Reason code: Canceled on identification as a pivot, during write.
HINT:  The transaction might succeed if retried.",0,"live kind for entity_id=32000715 attribute='s2_slot' is INFERRED, expected MEASURED"
716,SERIALIZABLE,A,1,1,,,1,
717,SERIALIZABLE,A,1,0,,"SerializationFailure: could not serialize access due to read/write dependencies among transactions
DETAIL:  Reason code: Canceled on identification as a pivot, during write.
HINT:  The transaction might succeed if retried.",0,"live kind for entity_id=32000717 attribute='s2_slot' is INFERRED, expected MEASURED"
718,SERIALIZABLE,A,1,1,,,1,
719,SERIALIZABLE,A,1,1,,,1,
720,SERIALIZABLE,A,1,0,,"SerializationFailure: could not serialize access due to read/write dependencies among transactions
DETAIL:  Reason code: Canceled on identification as a pivot, during write.
HINT:  The transaction might succeed if retried.",0,"live kind for entity_id=32000720 attribute='s2_slot' is INFERRED, expected MEASURED"
721,SERIALIZABLE,B,0,1,"SerializationFailure: could not serialize access due to read/write dependencies among transactions
DETAIL:  Reason code: Canceled on identification as a pivot, during write.
HINT:  The transaction might succeed if retried.",,1,
722,SERIALIZABLE,B,0,1,"CheckViolation: KNDB precedence: NEW outranked by fact_id=c1a4898f-531e-4437-a3ec-8729112b7ce2, reason=kind_outranked -- payload={""value"": ""INFERRED_iter722"", ""writer"": ""kndb_native"", ""fact_id"": ""47b11c17-fe6c-4f90-b28a-907d33884eaa"", ""provsql"": ""cc1c393c-3c29-4ee3-95f5-e6f61312da26"", ""sources"": [], ""sys_time"": ""[\""2026-07-09 02:38:33.143775-05\"",infinity)"", ""attribute"": ""s2_slot"", ""entity_id"": 32000722, ""confidence"": 0.97000, ""valid_time"": ""[\""2025-12-31 18:00:00-06\"",\""2026-06-29 19:00:00-05\"")"", ""specificity"": 100, ""epistemic_kind"": ""INFERRED""}
HINT:  Incoming fact lost the precedence lattice against an existing overlapping fact.
CONTEXT:  PL/pgSQL function kndb.resolve_conflict() line 91 at RAISE",,1,
723,SERIALIZABLE,B,0,1,"CheckViolation: KNDB precedence: NEW outranked by fact_id=95b04799-c424-48c4-b0df-783278e06b49, reason=kind_outranked -- payload={""value"": ""INFERRED_iter723"", ""writer"": ""kndb_native"", ""fact_id"": ""6cbda3af-ebb1-4bc5-87ec-17d70cb27eb4"", ""provsql"": ""f15c4ea0-e014-4eb0-ba45-47c597747524"", ""sources"": [], ""sys_time"": ""[\""2026-07-09 02:38:33.152014-05\"",infinity)"", ""attribute"": ""s2_slot"", ""entity_id"": 32000723, ""confidence"": 0.97000, ""valid_time"": ""[\""2025-12-31 18:00:00-06\"",\""2026-06-29 19:00:00-05\"")"", ""specificity"": 100, ""epistemic_kind"": ""INFERRED""}
HINT:  Incoming fact lost the precedence lattice against an existing overlapping fact.
CONTEXT:  PL/pgSQL function kndb.resolve_conflict() line 91 at RAISE",,1,
724,SERIALIZABLE,B,0,1,"SerializationFailure: could not serialize access due to read/write dependencies among transactions
DETAIL:  Reason code: Canceled on identification as a pivot, during write.
HINT:  The transaction might succeed if retried.",,1,
725,SERIALIZABLE,B,0,1,"SerializationFailure: could not serialize access due to read/write dependencies among transactions
DETAIL:  Reason code: Canceled on identification as a pivot, during write.
HINT:  The transaction might succeed if retried.",,1,
726,SERIALIZABLE,B,0,1,"SerializationFailure: could not serialize access due to read/write dependencies among transactions
DETAIL:  Reason code: Canceled on identification as a pivot, during write.
HINT:  The transaction might succeed if retried.",,1,
727,SERIALIZABLE,A,1,1,,,1,
728,SERIALIZABLE,A,1,1,,,1,
729,SERIALIZABLE,B,0,1,"SerializationFailure: could not serialize access due to read/write dependencies among transactions
DETAIL:  Reason code: Canceled on identification as a pivot, during write.
HINT:  The transaction might succeed if retried.",,1,
730,SERIALIZABLE,A,1,0,,"SerializationFailure: could not serialize access due to read/write dependencies among transactions
DETAIL:  Reason code: Canceled on identification as a pivot, during write.
HINT:  The transaction might succeed if retried.",0,"live kind for entity_id=32000730 attribute='s2_slot' is INFERRED, expected MEASURED"
731,SERIALIZABLE,B,0,1,"SerializationFailure: could not serialize access due to read/write dependencies among transactions
DETAIL:  Reason code: Canceled on identification as a pivot, during write.
HINT:  The transaction might succeed if retried.",,1,
732,SERIALIZABLE,B,0,1,"SerializationFailure: could not serialize access due to read/write dependencies among transactions
DETAIL:  Reason code: Canceled on identification as a pivot, during write.
HINT:  The transaction might succeed if retried.",,1,
733,SERIALIZABLE,A,1,0,,"SerializationFailure: could not serialize access due to read/write dependencies among transactions
DETAIL:  Reason code: Canceled on identification as a pivot, during write.
HINT:  The transaction might succeed if retried.",0,"live kind for entity_id=32000733 attribute='s2_slot' is INFERRED, expected MEASURED"
734,SERIALIZABLE,B,0,1,"CheckViolation: KNDB precedence: NEW outranked by fact_id=9620066b-caf0-4f25-9699-65a36cee0418, reason=kind_outranked -- payload={""value"": ""INFERRED_iter734"", ""writer"": ""kndb_native"", ""fact_id"": ""7d9c1e9b-e170-4a62-a121-9cbcd73d7fb3"", ""provsql"": ""6d607a76-551a-405e-9acc-94657f6ef186"", ""sources"": [], ""sys_time"": ""[\""2026-07-09 02:38:33.246791-05\"",infinity)"", ""attribute"": ""s2_slot"", ""entity_id"": 32000734, ""confidence"": 0.97000, ""valid_time"": ""[\""2025-12-31 18:00:00-06\"",\""2026-06-29 19:00:00-05\"")"", ""specificity"": 100, ""epistemic_kind"": ""INFERRED""}
HINT:  Incoming fact lost the precedence lattice against an existing overlapping fact.
CONTEXT:  PL/pgSQL function kndb.resolve_conflict() line 91 at RAISE",,1,
735,SERIALIZABLE,B,0,1,"SerializationFailure: could not serialize access due to read/write dependencies among transactions
DETAIL:  Reason code: Canceled on identification as a pivot, during write.
HINT:  The transaction might succeed if retried.",,1,
736,SERIALIZABLE,A,1,0,,"SerializationFailure: could not serialize access due to read/write dependencies among transactions
DETAIL:  Reason code: Canceled on identification as a pivot, during write.
HINT:  The transaction might succeed if retried.",0,"live kind for entity_id=32000736 attribute='s2_slot' is INFERRED, expected MEASURED"
737,SERIALIZABLE,A,1,1,,,1,
738,SERIALIZABLE,A,1,0,,"SerializationFailure: could not serialize access due to read/write dependencies among transactions
DETAIL:  Reason code: Canceled on identification as a pivot, during write.
HINT:  The transaction might succeed if retried.",0,"live kind for entity_id=32000738 attribute='s2_slot' is INFERRED, expected MEASURED"
739,SERIALIZABLE,A,1,1,,,1,
740,SERIALIZABLE,B,0,1,"CheckViolation: KNDB precedence: NEW outranked by fact_id=9650df96-e51e-4395-9b8a-612932a031e4, reason=kind_outranked -- payload={""value"": ""INFERRED_iter740"", ""writer"": ""kndb_native"", ""fact_id"": ""edadd8f6-3c7f-4082-a832-539b28c276d3"", ""provsql"": ""1324340f-51f8-43f5-a568-edfb1b10a660"", ""sources"": [], ""sys_time"": ""[\""2026-07-09 02:38:33.297278-05\"",infinity)"", ""attribute"": ""s2_slot"", ""entity_id"": 32000740, ""confidence"": 0.97000, ""valid_time"": ""[\""2025-12-31 18:00:00-06\"",\""2026-06-29 19:00:00-05\"")"", ""specificity"": 100, ""epistemic_kind"": ""INFERRED""}
HINT:  Incoming fact lost the precedence lattice against an existing overlapping fact.
CONTEXT:  PL/pgSQL function kndb.resolve_conflict() line 91 at RAISE",,1,
741,SERIALIZABLE,B,0,1,"CheckViolation: KNDB precedence: NEW outranked by fact_id=a6c0d847-ac6d-4f4f-acfd-882ec4234c5f, reason=kind_outranked -- payload={""value"": ""INFERRED_iter741"", ""writer"": ""kndb_native"", ""fact_id"": ""2b9d280c-76a0-4333-8973-152f96685fc6"", ""provsql"": ""610e55e4-0f97-449b-b7d0-6e59de9ab670"", ""sources"": [], ""sys_time"": ""[\""2026-07-09 02:38:33.304482-05\"",infinity)"", ""attribute"": ""s2_slot"", ""entity_id"": 32000741, ""confidence"": 0.97000, ""valid_time"": ""[\""2025-12-31 18:00:00-06\"",\""2026-06-29 19:00:00-05\"")"", ""specificity"": 100, ""epistemic_kind"": ""INFERRED""}
HINT:  Incoming fact lost the precedence lattice against an existing overlapping fact.
CONTEXT:  PL/pgSQL function kndb.resolve_conflict() line 91 at RAISE",,1,
742,SERIALIZABLE,A,1,0,,"SerializationFailure: could not serialize access due to read/write dependencies among transactions
DETAIL:  Reason code: Canceled on identification as a pivot, during write.
HINT:  The transaction might succeed if retried.",0,"live kind for entity_id=32000742 attribute='s2_slot' is INFERRED, expected MEASURED"
743,SERIALIZABLE,B,0,1,"SerializationFailure: could not serialize access due to read/write dependencies among transactions
DETAIL:  Reason code: Canceled on identification as a pivot, during write.
HINT:  The transaction might succeed if retried.",,1,
744,SERIALIZABLE,A,1,0,,"SerializationFailure: could not serialize access due to read/write dependencies among transactions
DETAIL:  Reason code: Canceled on identification as a pivot, during write.
HINT:  The transaction might succeed if retried.",0,"live kind for entity_id=32000744 attribute='s2_slot' is INFERRED, expected MEASURED"
745,SERIALIZABLE,B,0,1,"SerializationFailure: could not serialize access due to read/write dependencies among transactions
DETAIL:  Reason code: Canceled on identification as a pivot, during write.
HINT:  The transaction might succeed if retried.",,1,
746,SERIALIZABLE,B,0,1,"CheckViolation: KNDB precedence: NEW outranked by fact_id=57380181-ffa8-4b7e-a22e-2ebad250094a, reason=kind_outranked -- payload={""value"": ""INFERRED_iter746"", ""writer"": ""kndb_native"", ""fact_id"": ""f9e56f18-9d30-42a9-970e-b1baf0484577"", ""provsql"": ""d95d2bdc-ce73-4a88-9f45-5b82b97bc46d"", ""sources"": [], ""sys_time"": ""[\""2026-07-09 02:38:33.346821-05\"",infinity)"", ""attribute"": ""s2_slot"", ""entity_id"": 32000746, ""confidence"": 0.97000, ""valid_time"": ""[\""2025-12-31 18:00:00-06\"",\""2026-06-29 19:00:00-05\"")"", ""specificity"": 100, ""epistemic_kind"": ""INFERRED""}
HINT:  Incoming fact lost the precedence lattice against an existing overlapping fact.
CONTEXT:  PL/pgSQL function kndb.resolve_conflict() line 91 at RAISE",,1,
747,SERIALIZABLE,B,0,1,"SerializationFailure: could not serialize access due to read/write dependencies among transactions
DETAIL:  Reason code: Canceled on identification as a pivot, during write.
HINT:  The transaction might succeed if retried.",,1,
748,SERIALIZABLE,A,1,0,,"SerializationFailure: could not serialize access due to read/write dependencies among transactions
DETAIL:  Reason code: Canceled on identification as a pivot, during write.
HINT:  The transaction might succeed if retried.",0,"live kind for entity_id=32000748 attribute='s2_slot' is INFERRED, expected MEASURED"
749,SERIALIZABLE,A,1,0,,"SerializationFailure: could not serialize access due to read/write dependencies among transactions
DETAIL:  Reason code: Canceled on identification as a pivot, during write.
HINT:  The transaction might succeed if retried.",0,"live kind for entity_id=32000749 attribute='s2_slot' is INFERRED, expected MEASURED"
750,SERIALIZABLE,A,1,0,,"SerializationFailure: could not serialize access due to read/write dependencies among transactions
DETAIL:  Reason code: Canceled on identification as a pivot, during write.
HINT:  The transaction might succeed if retried.",0,"live kind for entity_id=32000750 attribute='s2_slot' is INFERRED, expected MEASURED"
751,SERIALIZABLE,B,0,1,"SerializationFailure: could not serialize access due to read/write dependencies among transactions
DETAIL:  Reason code: Canceled on identification as a pivot, during write.
HINT:  The transaction might succeed if retried.",,1,
752,SERIALIZABLE,A,1,0,,"SerializationFailure: could not serialize access due to read/write dependencies among transactions
DETAIL:  Reason code: Canceled on identification as a pivot, during write.
HINT:  The transaction might succeed if retried.",0,"live kind for entity_id=32000752 attribute='s2_slot' is INFERRED, expected MEASURED"
753,SERIALIZABLE,B,0,1,"SerializationFailure: could not serialize access due to read/write dependencies among transactions
DETAIL:  Reason code: Canceled on identification as a pivot, during write.
HINT:  The transaction might succeed if retried.",,1,
754,SERIALIZABLE,B,0,1,"CheckViolation: KNDB precedence: NEW outranked by fact_id=b10f5185-3b68-47d4-ab74-661efdd1f399, reason=kind_outranked -- payload={""value"": ""INFERRED_iter754"", ""writer"": ""kndb_native"", ""fact_id"": ""abffb852-b33f-4acc-8502-cc94b5cf228c"", ""provsql"": ""b5baf6ab-056f-4948-a8ec-0233e9ec10b9"", ""sources"": [], ""sys_time"": ""[\""2026-07-09 02:38:33.414339-05\"",infinity)"", ""attribute"": ""s2_slot"", ""entity_id"": 32000754, ""confidence"": 0.97000, ""valid_time"": ""[\""2025-12-31 18:00:00-06\"",\""2026-06-29 19:00:00-05\"")"", ""specificity"": 100, ""epistemic_kind"": ""INFERRED""}
HINT:  Incoming fact lost the precedence lattice against an existing overlapping fact.
CONTEXT:  PL/pgSQL function kndb.resolve_conflict() line 91 at RAISE",,1,
755,SERIALIZABLE,B,0,1,"CheckViolation: KNDB precedence: NEW outranked by fact_id=7f752839-d8e3-4114-a47e-39c46591e306, reason=kind_outranked -- payload={""value"": ""INFERRED_iter755"", ""writer"": ""kndb_native"", ""fact_id"": ""c30cf9f9-0891-4d05-9569-64bf82279205"", ""provsql"": ""8bb99d24-f0dc-44ad-85ec-19c63262b7ab"", ""sources"": [], ""sys_time"": ""[\""2026-07-09 02:38:33.42247-05\"",infinity)"", ""attribute"": ""s2_slot"", ""entity_id"": 32000755, ""confidence"": 0.97000, ""valid_time"": ""[\""2025-12-31 18:00:00-06\"",\""2026-06-29 19:00:00-05\"")"", ""specificity"": 100, ""epistemic_kind"": ""INFERRED""}
HINT:  Incoming fact lost the precedence lattice against an existing overlapping fact.
CONTEXT:  PL/pgSQL function kndb.resolve_conflict() line 91 at RAISE",,1,
756,SERIALIZABLE,B,0,1,"SerializationFailure: could not serialize access due to read/write dependencies among transactions
DETAIL:  Reason code: Canceled on identification as a pivot, during write.
HINT:  The transaction might succeed if retried.",,1,
757,SERIALIZABLE,A,1,0,,"SerializationFailure: could not serialize access due to read/write dependencies among transactions
DETAIL:  Reason code: Canceled on identification as a pivot, during write.
HINT:  The transaction might succeed if retried.",0,"live kind for entity_id=32000757 attribute='s2_slot' is INFERRED, expected MEASURED"
758,SERIALIZABLE,A,1,0,,"SerializationFailure: could not serialize access due to read/write dependencies among transactions
DETAIL:  Reason code: Canceled on identification as a pivot, during write.
HINT:  The transaction might succeed if retried.",0,"live kind for entity_id=32000758 attribute='s2_slot' is INFERRED, expected MEASURED"
759,SERIALIZABLE,A,1,0,,"SerializationFailure: could not serialize access due to read/write dependencies among transactions
DETAIL:  Reason code: Canceled on identification as a pivot, during write.
HINT:  The transaction might succeed if retried.",0,"live kind for entity_id=32000759 attribute='s2_slot' is INFERRED, expected MEASURED"
760,SERIALIZABLE,B,0,1,"SerializationFailure: could not serialize access due to read/write dependencies among transactions
DETAIL:  Reason code: Canceled on identification as a pivot, during write.
HINT:  The transaction might succeed if retried.",,1,
761,SERIALIZABLE,B,0,1,"SerializationFailure: could not serialize access due to read/write dependencies among transactions
DETAIL:  Reason code: Canceled on identification as a pivot, during write.
HINT:  The transaction might succeed if retried.",,1,
762,SERIALIZABLE,B,0,1,"CheckViolation: KNDB precedence: NEW outranked by fact_id=e7b5f28f-4d1c-464f-a655-dd2e14ceb023, reason=kind_outranked -- payload={""value"": ""INFERRED_iter762"", ""writer"": ""kndb_native"", ""fact_id"": ""5c49bab2-03df-4a47-9f89-15390571e820"", ""provsql"": ""ac1be183-40ac-4543-858d-4355f72533ed"", ""sources"": [], ""sys_time"": ""[\""2026-07-09 02:38:33.480886-05\"",infinity)"", ""attribute"": ""s2_slot"", ""entity_id"": 32000762, ""confidence"": 0.97000, ""valid_time"": ""[\""2025-12-31 18:00:00-06\"",\""2026-06-29 19:00:00-05\"")"", ""specificity"": 100, ""epistemic_kind"": ""INFERRED""}
HINT:  Incoming fact lost the precedence lattice against an existing overlapping fact.
CONTEXT:  PL/pgSQL function kndb.resolve_conflict() line 91 at RAISE",,1,
763,SERIALIZABLE,A,1,1,,,1,
764,SERIALIZABLE,B,0,1,"CheckViolation: KNDB precedence: NEW outranked by fact_id=c15c3cdc-f4ec-4826-b4f5-7e80c5f63105, reason=kind_outranked -- payload={""value"": ""INFERRED_iter764"", ""writer"": ""kndb_native"", ""fact_id"": ""239ab379-369c-40ab-9b43-2ed17f60cf47"", ""provsql"": ""ab8968d1-1b98-48bd-b5e3-b92b9a43b919"", ""sources"": [], ""sys_time"": ""[\""2026-07-09 02:38:33.499011-05\"",infinity)"", ""attribute"": ""s2_slot"", ""entity_id"": 32000764, ""confidence"": 0.97000, ""valid_time"": ""[\""2025-12-31 18:00:00-06\"",\""2026-06-29 19:00:00-05\"")"", ""specificity"": 100, ""epistemic_kind"": ""INFERRED""}
HINT:  Incoming fact lost the precedence lattice against an existing overlapping fact.
CONTEXT:  PL/pgSQL function kndb.resolve_conflict() line 91 at RAISE",,1,
765,SERIALIZABLE,B,0,1,"SerializationFailure: could not serialize access due to read/write dependencies among transactions
DETAIL:  Reason code: Canceled on identification as a pivot, during write.
HINT:  The transaction might succeed if retried.",,1,
766,SERIALIZABLE,A,1,1,,,1,
767,SERIALIZABLE,B,0,1,"CheckViolation: KNDB precedence: NEW outranked by fact_id=bd412283-6570-4d82-9c5e-68b4978a529c, reason=kind_outranked -- payload={""value"": ""INFERRED_iter767"", ""writer"": ""kndb_native"", ""fact_id"": ""3188ebf2-f82e-4963-8ecb-e0e87c8153a3"", ""provsql"": ""a89fd803-9f8c-4b48-b3a6-fa00945fbd4a"", ""sources"": [], ""sys_time"": ""[\""2026-07-09 02:38:33.523558-05\"",infinity)"", ""attribute"": ""s2_slot"", ""entity_id"": 32000767, ""confidence"": 0.97000, ""valid_time"": ""[\""2025-12-31 18:00:00-06\"",\""2026-06-29 19:00:00-05\"")"", ""specificity"": 100, ""epistemic_kind"": ""INFERRED""}
HINT:  Incoming fact lost the precedence lattice against an existing overlapping fact.
CONTEXT:  PL/pgSQL function kndb.resolve_conflict() line 91 at RAISE",,1,
768,SERIALIZABLE,A,1,0,,"SerializationFailure: could not serialize access due to read/write dependencies among transactions
DETAIL:  Reason code: Canceled on identification as a pivot, during write.
HINT:  The transaction might succeed if retried.",0,"live kind for entity_id=32000768 attribute='s2_slot' is INFERRED, expected MEASURED"
769,SERIALIZABLE,B,0,1,"SerializationFailure: could not serialize access due to read/write dependencies among transactions
DETAIL:  Reason code: Canceled on identification as a pivot, during write.
HINT:  The transaction might succeed if retried.",,1,
770,SERIALIZABLE,B,0,1,"SerializationFailure: could not serialize access due to read/write dependencies among transactions
DETAIL:  Reason code: Canceled on identification as a pivot, during write.
HINT:  The transaction might succeed if retried.",,1,
771,SERIALIZABLE,A,1,0,,"SerializationFailure: could not serialize access due to read/write dependencies among transactions
DETAIL:  Reason code: Canceled on identification as a pivot, during write.
HINT:  The transaction might succeed if retried.",0,"live kind for entity_id=32000771 attribute='s2_slot' is INFERRED, expected MEASURED"
772,SERIALIZABLE,A,1,1,,,1,
773,SERIALIZABLE,B,0,1,"SerializationFailure: could not serialize access due to read/write dependencies among transactions
DETAIL:  Reason code: Canceled on identification as a pivot, during write.
HINT:  The transaction might succeed if retried.",,1,
774,SERIALIZABLE,B,0,1,"CheckViolation: KNDB precedence: NEW outranked by fact_id=57e2db3e-597c-4a79-9567-f016e8b14e97, reason=kind_outranked -- payload={""value"": ""INFERRED_iter774"", ""writer"": ""kndb_native"", ""fact_id"": ""3fdeb74a-59cc-447b-a9fb-2cc494f6c7de"", ""provsql"": ""2649d62b-8e7a-4353-a749-050350e5245f"", ""sources"": [], ""sys_time"": ""[\""2026-07-09 02:38:33.581909-05\"",infinity)"", ""attribute"": ""s2_slot"", ""entity_id"": 32000774, ""confidence"": 0.97000, ""valid_time"": ""[\""2025-12-31 18:00:00-06\"",\""2026-06-29 19:00:00-05\"")"", ""specificity"": 100, ""epistemic_kind"": ""INFERRED""}
HINT:  Incoming fact lost the precedence lattice against an existing overlapping fact.
CONTEXT:  PL/pgSQL function kndb.resolve_conflict() line 91 at RAISE",,1,
775,SERIALIZABLE,A,1,1,,,1,
776,SERIALIZABLE,B,0,1,"CheckViolation: KNDB precedence: NEW outranked by fact_id=995d6a25-b9b0-454c-af3e-c467723239e2, reason=kind_outranked -- payload={""value"": ""INFERRED_iter776"", ""writer"": ""kndb_native"", ""fact_id"": ""2296d6f7-01a5-4bfc-acc8-caaaeb3a2d5e"", ""provsql"": ""89843255-0ce8-40c8-ab33-113fffe092c0"", ""sources"": [], ""sys_time"": ""[\""2026-07-09 02:38:33.598531-05\"",infinity)"", ""attribute"": ""s2_slot"", ""entity_id"": 32000776, ""confidence"": 0.97000, ""valid_time"": ""[\""2025-12-31 18:00:00-06\"",\""2026-06-29 19:00:00-05\"")"", ""specificity"": 100, ""epistemic_kind"": ""INFERRED""}
HINT:  Incoming fact lost the precedence lattice against an existing overlapping fact.
CONTEXT:  PL/pgSQL function kndb.resolve_conflict() line 91 at RAISE",,1,
777,SERIALIZABLE,B,0,1,"CheckViolation: KNDB precedence: NEW outranked by fact_id=93e8d7f9-512e-49e9-b00d-0e00c5ef4a6f, reason=kind_outranked -- payload={""value"": ""INFERRED_iter777"", ""writer"": ""kndb_native"", ""fact_id"": ""8eb16599-f9dd-4d44-8876-010e84908a4d"", ""provsql"": ""6a156602-9078-4fff-9e30-d164c774c068"", ""sources"": [], ""sys_time"": ""[\""2026-07-09 02:38:33.606492-05\"",infinity)"", ""attribute"": ""s2_slot"", ""entity_id"": 32000777, ""confidence"": 0.97000, ""valid_time"": ""[\""2025-12-31 18:00:00-06\"",\""2026-06-29 19:00:00-05\"")"", ""specificity"": 100, ""epistemic_kind"": ""INFERRED""}
HINT:  Incoming fact lost the precedence lattice against an existing overlapping fact.
CONTEXT:  PL/pgSQL function kndb.resolve_conflict() line 91 at RAISE",,1,
778,SERIALIZABLE,A,1,1,,,1,
779,SERIALIZABLE,A,1,0,,"SerializationFailure: could not serialize access due to read/write dependencies among transactions
DETAIL:  Reason code: Canceled on identification as a pivot, during write.
HINT:  The transaction might succeed if retried.",0,"live kind for entity_id=32000779 attribute='s2_slot' is INFERRED, expected MEASURED"
780,SERIALIZABLE,B,0,1,"CheckViolation: KNDB precedence: NEW outranked by fact_id=77674f21-da18-46f3-a9b9-60a8690a9bba, reason=kind_outranked -- payload={""value"": ""INFERRED_iter780"", ""writer"": ""kndb_native"", ""fact_id"": ""060f7acd-b675-402c-8b43-756bb515efe8"", ""provsql"": ""b6bcb919-8081-4096-96c7-b07b0a6a9aee"", ""sources"": [], ""sys_time"": ""[\""2026-07-09 02:38:33.630973-05\"",infinity)"", ""attribute"": ""s2_slot"", ""entity_id"": 32000780, ""confidence"": 0.97000, ""valid_time"": ""[\""2025-12-31 18:00:00-06\"",\""2026-06-29 19:00:00-05\"")"", ""specificity"": 100, ""epistemic_kind"": ""INFERRED""}
HINT:  Incoming fact lost the precedence lattice against an existing overlapping fact.
CONTEXT:  PL/pgSQL function kndb.resolve_conflict() line 91 at RAISE",,1,
781,SERIALIZABLE,A,1,1,,,1,
782,SERIALIZABLE,B,0,1,"CheckViolation: KNDB precedence: NEW outranked by fact_id=07bbb8d0-d599-4696-b9bb-ac6f2eab2f14, reason=kind_outranked -- payload={""value"": ""INFERRED_iter782"", ""writer"": ""kndb_native"", ""fact_id"": ""4830e297-5b5b-4fd9-ae99-307a9ee667fc"", ""provsql"": ""0a89b1cc-c221-4ce3-be28-e657d23578f4"", ""sources"": [], ""sys_time"": ""[\""2026-07-09 02:38:33.647364-05\"",infinity)"", ""attribute"": ""s2_slot"", ""entity_id"": 32000782, ""confidence"": 0.97000, ""valid_time"": ""[\""2025-12-31 18:00:00-06\"",\""2026-06-29 19:00:00-05\"")"", ""specificity"": 100, ""epistemic_kind"": ""INFERRED""}
HINT:  Incoming fact lost the precedence lattice against an existing overlapping fact.
CONTEXT:  PL/pgSQL function kndb.resolve_conflict() line 91 at RAISE",,1,
783,SERIALIZABLE,B,0,1,"SerializationFailure: could not serialize access due to read/write dependencies among transactions
DETAIL:  Reason code: Canceled on identification as a pivot, during write.
HINT:  The transaction might succeed if retried.",,1,
784,SERIALIZABLE,A,1,1,,,1,
785,SERIALIZABLE,B,0,1,"CheckViolation: KNDB precedence: NEW outranked by fact_id=a6f1c127-d549-4703-b12c-d076189e542d, reason=kind_outranked -- payload={""value"": ""INFERRED_iter785"", ""writer"": ""kndb_native"", ""fact_id"": ""fef813e9-3af7-4177-bf04-2a331409e21c"", ""provsql"": ""103c9034-c1f5-4b11-8a12-8a2618b04d6c"", ""sources"": [], ""sys_time"": ""[\""2026-07-09 02:38:33.671475-05\"",infinity)"", ""attribute"": ""s2_slot"", ""entity_id"": 32000785, ""confidence"": 0.97000, ""valid_time"": ""[\""2025-12-31 18:00:00-06\"",\""2026-06-29 19:00:00-05\"")"", ""specificity"": 100, ""epistemic_kind"": ""INFERRED""}
HINT:  Incoming fact lost the precedence lattice against an existing overlapping fact.
CONTEXT:  PL/pgSQL function kndb.resolve_conflict() line 91 at RAISE",,1,
786,SERIALIZABLE,B,0,1,"SerializationFailure: could not serialize access due to read/write dependencies among transactions
DETAIL:  Reason code: Canceled on identification as a pivot, during write.
HINT:  The transaction might succeed if retried.",,1,
787,SERIALIZABLE,A,1,0,,"SerializationFailure: could not serialize access due to read/write dependencies among transactions
DETAIL:  Reason code: Canceled on identification as a pivot, during write.
HINT:  The transaction might succeed if retried.",0,"live kind for entity_id=32000787 attribute='s2_slot' is INFERRED, expected MEASURED"
788,SERIALIZABLE,B,0,1,"SerializationFailure: could not serialize access due to read/write dependencies among transactions
DETAIL:  Reason code: Canceled on identification as a pivot, during write.
HINT:  The transaction might succeed if retried.",,1,
789,SERIALIZABLE,A,1,1,,,1,
790,SERIALIZABLE,B,0,1,"CheckViolation: KNDB precedence: NEW outranked by fact_id=bedc99aa-aa2d-4a3c-824a-d88638869102, reason=kind_outranked -- payload={""value"": ""INFERRED_iter790"", ""writer"": ""kndb_native"", ""fact_id"": ""ef8321a1-e2c2-4612-9548-b66dbf925d61"", ""provsql"": ""4d8312c0-c1a3-4370-a44a-f29728ac3875"", ""sources"": [], ""sys_time"": ""[\""2026-07-09 02:38:33.713057-05\"",infinity)"", ""attribute"": ""s2_slot"", ""entity_id"": 32000790, ""confidence"": 0.97000, ""valid_time"": ""[\""2025-12-31 18:00:00-06\"",\""2026-06-29 19:00:00-05\"")"", ""specificity"": 100, ""epistemic_kind"": ""INFERRED""}
HINT:  Incoming fact lost the precedence lattice against an existing overlapping fact.
CONTEXT:  PL/pgSQL function kndb.resolve_conflict() line 91 at RAISE",,1,
791,SERIALIZABLE,B,0,1,"SerializationFailure: could not serialize access due to read/write dependencies among transactions
DETAIL:  Reason code: Canceled on identification as a pivot, during write.
HINT:  The transaction might succeed if retried.",,1,
792,SERIALIZABLE,B,0,1,"SerializationFailure: could not serialize access due to read/write dependencies among transactions
DETAIL:  Reason code: Canceled on identification as a pivot, during write.
HINT:  The transaction might succeed if retried.",,1,
793,SERIALIZABLE,B,0,1,"SerializationFailure: could not serialize access due to read/write dependencies among transactions
DETAIL:  Reason code: Canceled on identification as a pivot, during write.
HINT:  The transaction might succeed if retried.",,1,
794,SERIALIZABLE,A,1,0,,"SerializationFailure: could not serialize access due to read/write dependencies among transactions
DETAIL:  Reason code: Canceled on identification as a pivot, during write.
HINT:  The transaction might succeed if retried.",0,"live kind for entity_id=32000794 attribute='s2_slot' is INFERRED, expected MEASURED"
795,SERIALIZABLE,B,0,1,"SerializationFailure: could not serialize access due to read/write dependencies among transactions
DETAIL:  Reason code: Canceled on identification as a pivot, during write.
HINT:  The transaction might succeed if retried.",,1,
796,SERIALIZABLE,A,1,0,,"SerializationFailure: could not serialize access due to read/write dependencies among transactions
DETAIL:  Reason code: Canceled on identification as a pivot, during write.
HINT:  The transaction might succeed if retried.",0,"live kind for entity_id=32000796 attribute='s2_slot' is INFERRED, expected MEASURED"
797,SERIALIZABLE,B,0,1,"SerializationFailure: could not serialize access due to read/write dependencies among transactions
DETAIL:  Reason code: Canceled on identification as a pivot, during write.
HINT:  The transaction might succeed if retried.",,1,
798,SERIALIZABLE,B,0,1,"CheckViolation: KNDB precedence: NEW outranked by fact_id=525560be-3a29-44c8-bb29-15d3e650cd5f, reason=kind_outranked -- payload={""value"": ""INFERRED_iter798"", ""writer"": ""kndb_native"", ""fact_id"": ""efec241b-de24-43f6-89a3-0e396b7b27d3"", ""provsql"": ""b12c687b-8d8b-49ec-891b-0d5af26735dd"", ""sources"": [], ""sys_time"": ""[\""2026-07-09 02:38:33.779186-05\"",infinity)"", ""attribute"": ""s2_slot"", ""entity_id"": 32000798, ""confidence"": 0.97000, ""valid_time"": ""[\""2025-12-31 18:00:00-06\"",\""2026-06-29 19:00:00-05\"")"", ""specificity"": 100, ""epistemic_kind"": ""INFERRED""}
HINT:  Incoming fact lost the precedence lattice against an existing overlapping fact.
CONTEXT:  PL/pgSQL function kndb.resolve_conflict() line 91 at RAISE",,1,
799,SERIALIZABLE,B,0,1,"CheckViolation: KNDB precedence: NEW outranked by fact_id=48c4a18e-a5e9-4322-aa03-3f6d708b88b7, reason=kind_outranked -- payload={""value"": ""INFERRED_iter799"", ""writer"": ""kndb_native"", ""fact_id"": ""865e6dd2-f3d7-4797-a2e9-a45d37ed0e39"", ""provsql"": ""1ddaf3d4-413f-4865-a226-981b4a5d4ca2"", ""sources"": [], ""sys_time"": ""[\""2026-07-09 02:38:33.787188-05\"",infinity)"", ""attribute"": ""s2_slot"", ""entity_id"": 32000799, ""confidence"": 0.97000, ""valid_time"": ""[\""2025-12-31 18:00:00-06\"",\""2026-06-29 19:00:00-05\"")"", ""specificity"": 100, ""epistemic_kind"": ""INFERRED""}
HINT:  Incoming fact lost the precedence lattice against an existing overlapping fact.
CONTEXT:  PL/pgSQL function kndb.resolve_conflict() line 91 at RAISE",,1,
800,SERIALIZABLE,A,1,0,,"SerializationFailure: could not serialize access due to read/write dependencies among transactions
DETAIL:  Reason code: Canceled on identification as a pivot, during write.
HINT:  The transaction might succeed if retried.",0,"live kind for entity_id=32000800 attribute='s2_slot' is INFERRED, expected MEASURED"
801,SERIALIZABLE,A,1,0,,"SerializationFailure: could not serialize access due to read/write dependencies among transactions
DETAIL:  Reason code: Canceled on identification as a pivot, during write.
HINT:  The transaction might succeed if retried.",0,"live kind for entity_id=32000801 attribute='s2_slot' is INFERRED, expected MEASURED"
802,SERIALIZABLE,B,0,1,"CheckViolation: KNDB precedence: NEW outranked by fact_id=159c0bc3-a976-43f9-87c5-829cd311ef45, reason=kind_outranked -- payload={""value"": ""INFERRED_iter802"", ""writer"": ""kndb_native"", ""fact_id"": ""4e5ca03f-ac65-4444-aa1b-534909cb40aa"", ""provsql"": ""0da033ae-afd6-47d8-b22f-a71db107e8b0"", ""sources"": [], ""sys_time"": ""[\""2026-07-09 02:38:33.811465-05\"",infinity)"", ""attribute"": ""s2_slot"", ""entity_id"": 32000802, ""confidence"": 0.97000, ""valid_time"": ""[\""2025-12-31 18:00:00-06\"",\""2026-06-29 19:00:00-05\"")"", ""specificity"": 100, ""epistemic_kind"": ""INFERRED""}
HINT:  Incoming fact lost the precedence lattice against an existing overlapping fact.
CONTEXT:  PL/pgSQL function kndb.resolve_conflict() line 91 at RAISE",,1,
803,SERIALIZABLE,B,0,1,"CheckViolation: KNDB precedence: NEW outranked by fact_id=5e2d8efd-2c8c-4ed3-874f-7ab1bc2a156a, reason=kind_outranked -- payload={""value"": ""INFERRED_iter803"", ""writer"": ""kndb_native"", ""fact_id"": ""a68dd9ed-3638-488e-989c-c68a711bfbf0"", ""provsql"": ""191ae768-d266-4b24-8b7a-476908fdb74b"", ""sources"": [], ""sys_time"": ""[\""2026-07-09 02:38:33.819456-05\"",infinity)"", ""attribute"": ""s2_slot"", ""entity_id"": 32000803, ""confidence"": 0.97000, ""valid_time"": ""[\""2025-12-31 18:00:00-06\"",\""2026-06-29 19:00:00-05\"")"", ""specificity"": 100, ""epistemic_kind"": ""INFERRED""}
HINT:  Incoming fact lost the precedence lattice against an existing overlapping fact.
CONTEXT:  PL/pgSQL function kndb.resolve_conflict() line 91 at RAISE",,1,
804,SERIALIZABLE,A,1,0,,"SerializationFailure: could not serialize access due to read/write dependencies among transactions
DETAIL:  Reason code: Canceled on identification as a pivot, during write.
HINT:  The transaction might succeed if retried.",0,"live kind for entity_id=32000804 attribute='s2_slot' is INFERRED, expected MEASURED"
805,SERIALIZABLE,A,1,0,,"SerializationFailure: could not serialize access due to read/write dependencies among transactions
DETAIL:  Reason code: Canceled on identification as a pivot, during write.
HINT:  The transaction might succeed if retried.",0,"live kind for entity_id=32000805 attribute='s2_slot' is INFERRED, expected MEASURED"
806,SERIALIZABLE,B,0,1,"SerializationFailure: could not serialize access due to read/write dependencies among transactions
DETAIL:  Reason code: Canceled on identification as a pivot, during write.
HINT:  The transaction might succeed if retried.",,1,
807,SERIALIZABLE,A,1,0,,"SerializationFailure: could not serialize access due to read/write dependencies among transactions
DETAIL:  Reason code: Canceled on identification as a pivot, during write.
HINT:  The transaction might succeed if retried.",0,"live kind for entity_id=32000807 attribute='s2_slot' is INFERRED, expected MEASURED"
808,SERIALIZABLE,B,0,1,"SerializationFailure: could not serialize access due to read/write dependencies among transactions
DETAIL:  Reason code: Canceled on identification as a pivot, during write.
HINT:  The transaction might succeed if retried.",,1,
809,SERIALIZABLE,B,0,1,"CheckViolation: KNDB precedence: NEW outranked by fact_id=1dd4ef5d-2f4b-4f2c-9f12-23f179798865, reason=kind_outranked -- payload={""value"": ""INFERRED_iter809"", ""writer"": ""kndb_native"", ""fact_id"": ""769d6c4b-9547-48da-b284-d807ea8d68c8"", ""provsql"": ""0d201f65-ee77-451f-b9a9-9561437b3272"", ""sources"": [], ""sys_time"": ""[\""2026-07-09 02:38:33.869118-05\"",infinity)"", ""attribute"": ""s2_slot"", ""entity_id"": 32000809, ""confidence"": 0.97000, ""valid_time"": ""[\""2025-12-31 18:00:00-06\"",\""2026-06-29 19:00:00-05\"")"", ""specificity"": 100, ""epistemic_kind"": ""INFERRED""}
HINT:  Incoming fact lost the precedence lattice against an existing overlapping fact.
CONTEXT:  PL/pgSQL function kndb.resolve_conflict() line 91 at RAISE",,1,
810,SERIALIZABLE,A,1,0,,"SerializationFailure: could not serialize access due to read/write dependencies among transactions
DETAIL:  Reason code: Canceled on identification as a pivot, during write.
HINT:  The transaction might succeed if retried.",0,"live kind for entity_id=32000810 attribute='s2_slot' is INFERRED, expected MEASURED"
811,SERIALIZABLE,A,1,0,,"SerializationFailure: could not serialize access due to read/write dependencies among transactions
DETAIL:  Reason code: Canceled on identification as a pivot, during write.
HINT:  The transaction might succeed if retried.",0,"live kind for entity_id=32000811 attribute='s2_slot' is INFERRED, expected MEASURED"
812,SERIALIZABLE,A,1,0,,"SerializationFailure: could not serialize access due to read/write dependencies among transactions
DETAIL:  Reason code: Canceled on identification as a pivot, during write.
HINT:  The transaction might succeed if retried.",0,"live kind for entity_id=32000812 attribute='s2_slot' is INFERRED, expected MEASURED"
813,SERIALIZABLE,B,0,1,"SerializationFailure: could not serialize access due to read/write dependencies among transactions
DETAIL:  Reason code: Canceled on identification as a pivot, during write.
HINT:  The transaction might succeed if retried.",,1,
814,SERIALIZABLE,B,0,1,"SerializationFailure: could not serialize access due to read/write dependencies among transactions
DETAIL:  Reason code: Canceled on identification as a pivot, during write.
HINT:  The transaction might succeed if retried.",,1,
815,SERIALIZABLE,A,1,0,,"SerializationFailure: could not serialize access due to read/write dependencies among transactions
DETAIL:  Reason code: Canceled on identification as a pivot, during write.
HINT:  The transaction might succeed if retried.",0,"live kind for entity_id=32000815 attribute='s2_slot' is INFERRED, expected MEASURED"
816,SERIALIZABLE,B,0,1,"SerializationFailure: could not serialize access due to read/write dependencies among transactions
DETAIL:  Reason code: Canceled on identification as a pivot, during write.
HINT:  The transaction might succeed if retried.",,1,
817,SERIALIZABLE,A,1,0,,"SerializationFailure: could not serialize access due to read/write dependencies among transactions
DETAIL:  Reason code: Canceled on identification as a pivot, during write.
HINT:  The transaction might succeed if retried.",0,"live kind for entity_id=32000817 attribute='s2_slot' is INFERRED, expected MEASURED"
818,SERIALIZABLE,B,0,1,"SerializationFailure: could not serialize access due to read/write dependencies among transactions
DETAIL:  Reason code: Canceled on identification as a pivot, during write.
HINT:  The transaction might succeed if retried.",,1,
819,SERIALIZABLE,B,0,1,"SerializationFailure: could not serialize access due to read/write dependencies among transactions
DETAIL:  Reason code: Canceled on identification as a pivot, during write.
HINT:  The transaction might succeed if retried.",,1,
820,SERIALIZABLE,B,0,1,"SerializationFailure: could not serialize access due to read/write dependencies among transactions
DETAIL:  Reason code: Canceled on identification as a pivot, during write.
HINT:  The transaction might succeed if retried.",,1,
821,SERIALIZABLE,A,1,1,,,1,
822,SERIALIZABLE,B,0,1,"SerializationFailure: could not serialize access due to read/write dependencies among transactions
DETAIL:  Reason code: Canceled on identification as a pivot, during write.
HINT:  The transaction might succeed if retried.",,1,
823,SERIALIZABLE,B,0,1,"SerializationFailure: could not serialize access due to read/write dependencies among transactions
DETAIL:  Reason code: Canceled on identification as a pivot, during write.
HINT:  The transaction might succeed if retried.",,1,
824,SERIALIZABLE,B,0,1,"SerializationFailure: could not serialize access due to read/write dependencies among transactions
DETAIL:  Reason code: Canceled on identification as a pivot, during write.
HINT:  The transaction might succeed if retried.",,1,
825,SERIALIZABLE,A,1,0,,"SerializationFailure: could not serialize access due to read/write dependencies among transactions
DETAIL:  Reason code: Canceled on identification as a pivot, during write.
HINT:  The transaction might succeed if retried.",0,"live kind for entity_id=32000825 attribute='s2_slot' is INFERRED, expected MEASURED"
826,SERIALIZABLE,A,1,0,,"SerializationFailure: could not serialize access due to read/write dependencies among transactions
DETAIL:  Reason code: Canceled on identification as a pivot, during write.
HINT:  The transaction might succeed if retried.",0,"live kind for entity_id=32000826 attribute='s2_slot' is INFERRED, expected MEASURED"
827,SERIALIZABLE,B,0,1,"CheckViolation: KNDB precedence: NEW outranked by fact_id=2f59fbca-da7e-4fbf-914f-ef65f8195351, reason=kind_outranked -- payload={""value"": ""INFERRED_iter827"", ""writer"": ""kndb_native"", ""fact_id"": ""71741cc6-087a-4a9a-8b75-841a1478e1be"", ""provsql"": ""22fdeac1-e45e-4bfe-85f0-f90c5873fe9f"", ""sources"": [], ""sys_time"": ""[\""2026-07-09 02:38:34.020187-05\"",infinity)"", ""attribute"": ""s2_slot"", ""entity_id"": 32000827, ""confidence"": 0.97000, ""valid_time"": ""[\""2025-12-31 18:00:00-06\"",\""2026-06-29 19:00:00-05\"")"", ""specificity"": 100, ""epistemic_kind"": ""INFERRED""}
HINT:  Incoming fact lost the precedence lattice against an existing overlapping fact.
CONTEXT:  PL/pgSQL function kndb.resolve_conflict() line 91 at RAISE",,1,
828,SERIALIZABLE,B,0,1,"SerializationFailure: could not serialize access due to read/write dependencies among transactions
DETAIL:  Reason code: Canceled on identification as a pivot, during write.
HINT:  The transaction might succeed if retried.",,1,
829,SERIALIZABLE,B,0,1,"SerializationFailure: could not serialize access due to read/write dependencies among transactions
DETAIL:  Reason code: Canceled on identification as a pivot, during write.
HINT:  The transaction might succeed if retried.",,1,
830,SERIALIZABLE,B,0,1,"SerializationFailure: could not serialize access due to read/write dependencies among transactions
DETAIL:  Reason code: Canceled on identification as a pivot, during write.
HINT:  The transaction might succeed if retried.",,1,
831,SERIALIZABLE,A,1,0,,"SerializationFailure: could not serialize access due to read/write dependencies among transactions
DETAIL:  Reason code: Canceled on identification as a pivot, during write.
HINT:  The transaction might succeed if retried.",0,"live kind for entity_id=32000831 attribute='s2_slot' is INFERRED, expected MEASURED"
832,SERIALIZABLE,B,0,1,"SerializationFailure: could not serialize access due to read/write dependencies among transactions
DETAIL:  Reason code: Canceled on identification as a pivot, during write.
HINT:  The transaction might succeed if retried.",,1,
833,SERIALIZABLE,A,1,1,,,1,
834,SERIALIZABLE,B,0,1,"SerializationFailure: could not serialize access due to read/write dependencies among transactions
DETAIL:  Reason code: Canceled on identification as a pivot, during write.
HINT:  The transaction might succeed if retried.",,1,
835,SERIALIZABLE,A,1,0,,"SerializationFailure: could not serialize access due to read/write dependencies among transactions
DETAIL:  Reason code: Canceled on identification as a pivot, during write.
HINT:  The transaction might succeed if retried.",0,"live kind for entity_id=32000835 attribute='s2_slot' is INFERRED, expected MEASURED"
836,SERIALIZABLE,B,0,1,"SerializationFailure: could not serialize access due to read/write dependencies among transactions
DETAIL:  Reason code: Canceled on identification as a pivot, during write.
HINT:  The transaction might succeed if retried.",,1,
837,SERIALIZABLE,A,1,0,,"SerializationFailure: could not serialize access due to read/write dependencies among transactions
DETAIL:  Reason code: Canceled on identification as a pivot, during write.
HINT:  The transaction might succeed if retried.",0,"live kind for entity_id=32000837 attribute='s2_slot' is INFERRED, expected MEASURED"
838,SERIALIZABLE,A,1,0,,"SerializationFailure: could not serialize access due to read/write dependencies among transactions
DETAIL:  Reason code: Canceled on identification as a pivot, during write.
HINT:  The transaction might succeed if retried.",0,"live kind for entity_id=32000838 attribute='s2_slot' is INFERRED, expected MEASURED"
839,SERIALIZABLE,B,0,1,"SerializationFailure: could not serialize access due to read/write dependencies among transactions
DETAIL:  Reason code: Canceled on identification as a pivot, during write.
HINT:  The transaction might succeed if retried.",,1,
840,SERIALIZABLE,A,1,1,,,1,
841,SERIALIZABLE,B,0,1,"CheckViolation: KNDB precedence: NEW outranked by fact_id=cbbe3284-f449-46a3-9b4e-0787c50018b2, reason=kind_outranked -- payload={""value"": ""INFERRED_iter841"", ""writer"": ""kndb_native"", ""fact_id"": ""ee4722ee-0b66-4ebb-b39e-5cb1c2f9ebc9"", ""provsql"": ""45840753-ce56-4dbe-8105-f2fc5b61b7eb"", ""sources"": [], ""sys_time"": ""[\""2026-07-09 02:38:34.136001-05\"",infinity)"", ""attribute"": ""s2_slot"", ""entity_id"": 32000841, ""confidence"": 0.97000, ""valid_time"": ""[\""2025-12-31 18:00:00-06\"",\""2026-06-29 19:00:00-05\"")"", ""specificity"": 100, ""epistemic_kind"": ""INFERRED""}
HINT:  Incoming fact lost the precedence lattice against an existing overlapping fact.
CONTEXT:  PL/pgSQL function kndb.resolve_conflict() line 91 at RAISE",,1,
842,SERIALIZABLE,B,0,1,"SerializationFailure: could not serialize access due to read/write dependencies among transactions
DETAIL:  Reason code: Canceled on identification as a pivot, during write.
HINT:  The transaction might succeed if retried.",,1,
843,SERIALIZABLE,B,0,1,"SerializationFailure: could not serialize access due to read/write dependencies among transactions
DETAIL:  Reason code: Canceled on identification as a pivot, during write.
HINT:  The transaction might succeed if retried.",,1,
844,SERIALIZABLE,B,0,1,"SerializationFailure: could not serialize access due to read/write dependencies among transactions
DETAIL:  Reason code: Canceled on identification as a pivot, during write.
HINT:  The transaction might succeed if retried.",,1,
845,SERIALIZABLE,B,0,1,"SerializationFailure: could not serialize access due to read/write dependencies among transactions
DETAIL:  Reason code: Canceled on identification as a pivot, during write.
HINT:  The transaction might succeed if retried.",,1,
846,SERIALIZABLE,A,1,1,,,1,
847,SERIALIZABLE,A,1,0,,"SerializationFailure: could not serialize access due to read/write dependencies among transactions
DETAIL:  Reason code: Canceled on identification as a pivot, during write.
HINT:  The transaction might succeed if retried.",0,"live kind for entity_id=32000847 attribute='s2_slot' is INFERRED, expected MEASURED"
848,SERIALIZABLE,B,0,1,"CheckViolation: KNDB precedence: NEW outranked by fact_id=9ba6756e-b4b9-45c4-9428-46bbeca9cf34, reason=kind_outranked -- payload={""value"": ""INFERRED_iter848"", ""writer"": ""kndb_native"", ""fact_id"": ""e33193c6-3f3c-4f1b-b173-74de1b97332d"", ""provsql"": ""0d64f202-0bce-4e2d-8483-bb20ba8d9f9c"", ""sources"": [], ""sys_time"": ""[\""2026-07-09 02:38:34.195244-05\"",infinity)"", ""attribute"": ""s2_slot"", ""entity_id"": 32000848, ""confidence"": 0.97000, ""valid_time"": ""[\""2025-12-31 18:00:00-06\"",\""2026-06-29 19:00:00-05\"")"", ""specificity"": 100, ""epistemic_kind"": ""INFERRED""}
HINT:  Incoming fact lost the precedence lattice against an existing overlapping fact.
CONTEXT:  PL/pgSQL function kndb.resolve_conflict() line 91 at RAISE",,1,
849,SERIALIZABLE,B,0,1,"CheckViolation: KNDB precedence: NEW outranked by fact_id=32b0b4bd-6189-463d-a4d5-2e4136fbfbd6, reason=kind_outranked -- payload={""value"": ""INFERRED_iter849"", ""writer"": ""kndb_native"", ""fact_id"": ""e7bb95d9-4179-42a4-b265-d1ef4bf8acaa"", ""provsql"": ""b80b08df-cfb3-40d6-9b5a-79a95b26d456"", ""sources"": [], ""sys_time"": ""[\""2026-07-09 02:38:34.203564-05\"",infinity)"", ""attribute"": ""s2_slot"", ""entity_id"": 32000849, ""confidence"": 0.97000, ""valid_time"": ""[\""2025-12-31 18:00:00-06\"",\""2026-06-29 19:00:00-05\"")"", ""specificity"": 100, ""epistemic_kind"": ""INFERRED""}
HINT:  Incoming fact lost the precedence lattice against an existing overlapping fact.
CONTEXT:  PL/pgSQL function kndb.resolve_conflict() line 91 at RAISE",,1,
850,SERIALIZABLE,B,0,1,"SerializationFailure: could not serialize access due to read/write dependencies among transactions
DETAIL:  Reason code: Canceled on identification as a pivot, during write.
HINT:  The transaction might succeed if retried.",,1,
851,SERIALIZABLE,A,1,0,,"SerializationFailure: could not serialize access due to read/write dependencies among transactions
DETAIL:  Reason code: Canceled on identification as a pivot, during write.
HINT:  The transaction might succeed if retried.",0,"live kind for entity_id=32000851 attribute='s2_slot' is INFERRED, expected MEASURED"
852,SERIALIZABLE,A,1,0,,"SerializationFailure: could not serialize access due to read/write dependencies among transactions
DETAIL:  Reason code: Canceled on identification as a pivot, during write.
HINT:  The transaction might succeed if retried.",0,"live kind for entity_id=32000852 attribute='s2_slot' is INFERRED, expected MEASURED"
853,SERIALIZABLE,B,0,1,"SerializationFailure: could not serialize access due to read/write dependencies among transactions
DETAIL:  Reason code: Canceled on identification as a pivot, during write.
HINT:  The transaction might succeed if retried.",,1,
854,SERIALIZABLE,B,0,1,"SerializationFailure: could not serialize access due to read/write dependencies among transactions
DETAIL:  Reason code: Canceled on identification as a pivot, during write.
HINT:  The transaction might succeed if retried.",,1,
855,SERIALIZABLE,B,0,1,"SerializationFailure: could not serialize access due to read/write dependencies among transactions
DETAIL:  Reason code: Canceled on identification as a pivot, during write.
HINT:  The transaction might succeed if retried.",,1,
856,SERIALIZABLE,B,0,1,"SerializationFailure: could not serialize access due to read/write dependencies among transactions
DETAIL:  Reason code: Canceled on identification as a pivot, during write.
HINT:  The transaction might succeed if retried.",,1,
857,SERIALIZABLE,A,1,1,,,1,
858,SERIALIZABLE,A,1,0,,"SerializationFailure: could not serialize access due to read/write dependencies among transactions
DETAIL:  Reason code: Canceled on identification as a pivot, during write.
HINT:  The transaction might succeed if retried.",0,"live kind for entity_id=32000858 attribute='s2_slot' is INFERRED, expected MEASURED"
859,SERIALIZABLE,B,0,1,"SerializationFailure: could not serialize access due to read/write dependencies among transactions
DETAIL:  Reason code: Canceled on identification as a pivot, during write.
HINT:  The transaction might succeed if retried.",,1,
860,SERIALIZABLE,B,0,1,"SerializationFailure: could not serialize access due to read/write dependencies among transactions
DETAIL:  Reason code: Canceled on identification as a pivot, during write.
HINT:  The transaction might succeed if retried.",,1,
861,SERIALIZABLE,A,1,0,,"SerializationFailure: could not serialize access due to read/write dependencies among transactions
DETAIL:  Reason code: Canceled on identification as a pivot, during write.
HINT:  The transaction might succeed if retried.",0,"live kind for entity_id=32000861 attribute='s2_slot' is INFERRED, expected MEASURED"
862,SERIALIZABLE,B,0,1,"CheckViolation: KNDB precedence: NEW outranked by fact_id=f322ca45-41fd-4f9b-aa82-e8bfd10e10df, reason=kind_outranked -- payload={""value"": ""INFERRED_iter862"", ""writer"": ""kndb_native"", ""fact_id"": ""f95a7c1b-ccc0-4f8a-b5e7-bf1450931234"", ""provsql"": ""bd0e04e3-103a-4712-a4de-5aa340647432"", ""sources"": [], ""sys_time"": ""[\""2026-07-09 02:38:34.314559-05\"",infinity)"", ""attribute"": ""s2_slot"", ""entity_id"": 32000862, ""confidence"": 0.97000, ""valid_time"": ""[\""2025-12-31 18:00:00-06\"",\""2026-06-29 19:00:00-05\"")"", ""specificity"": 100, ""epistemic_kind"": ""INFERRED""}
HINT:  Incoming fact lost the precedence lattice against an existing overlapping fact.
CONTEXT:  PL/pgSQL function kndb.resolve_conflict() line 91 at RAISE",,1,
863,SERIALIZABLE,B,0,1,"CheckViolation: KNDB precedence: NEW outranked by fact_id=f469f59d-40b1-4828-8c55-334eb2a75421, reason=kind_outranked -- payload={""value"": ""INFERRED_iter863"", ""writer"": ""kndb_native"", ""fact_id"": ""d6e29548-944f-47c2-b169-ee4dbb1a3ad3"", ""provsql"": ""b581fd6e-8da1-45e8-815b-223ac22577a7"", ""sources"": [], ""sys_time"": ""[\""2026-07-09 02:38:34.322262-05\"",infinity)"", ""attribute"": ""s2_slot"", ""entity_id"": 32000863, ""confidence"": 0.97000, ""valid_time"": ""[\""2025-12-31 18:00:00-06\"",\""2026-06-29 19:00:00-05\"")"", ""specificity"": 100, ""epistemic_kind"": ""INFERRED""}
HINT:  Incoming fact lost the precedence lattice against an existing overlapping fact.
CONTEXT:  PL/pgSQL function kndb.resolve_conflict() line 91 at RAISE",,1,
864,SERIALIZABLE,A,1,1,,,1,
865,SERIALIZABLE,B,0,1,"SerializationFailure: could not serialize access due to read/write dependencies among transactions
DETAIL:  Reason code: Canceled on identification as a pivot, during write.
HINT:  The transaction might succeed if retried.",,1,
866,SERIALIZABLE,A,1,0,,"SerializationFailure: could not serialize access due to read/write dependencies among transactions
DETAIL:  Reason code: Canceled on identification as a pivot, during write.
HINT:  The transaction might succeed if retried.",0,"live kind for entity_id=32000866 attribute='s2_slot' is INFERRED, expected MEASURED"
867,SERIALIZABLE,A,1,1,,,1,
868,SERIALIZABLE,A,1,0,,"SerializationFailure: could not serialize access due to read/write dependencies among transactions
DETAIL:  Reason code: Canceled on identification as a pivot, during write.
HINT:  The transaction might succeed if retried.",0,"live kind for entity_id=32000868 attribute='s2_slot' is INFERRED, expected MEASURED"
869,SERIALIZABLE,B,0,1,"SerializationFailure: could not serialize access due to read/write dependencies among transactions
DETAIL:  Reason code: Canceled on identification as a pivot, during write.
HINT:  The transaction might succeed if retried.",,1,
870,SERIALIZABLE,B,0,1,"SerializationFailure: could not serialize access due to read/write dependencies among transactions
DETAIL:  Reason code: Canceled on identification as a pivot, during write.
HINT:  The transaction might succeed if retried.",,1,
871,SERIALIZABLE,B,0,1,"CheckViolation: KNDB precedence: NEW outranked by fact_id=3d1b88a0-2c51-48a3-906c-c57f295bf662, reason=kind_outranked -- payload={""value"": ""INFERRED_iter871"", ""writer"": ""kndb_native"", ""fact_id"": ""9d78255f-0f85-48a8-95e9-689870fc7757"", ""provsql"": ""d5f9064d-72f2-49b1-8599-ab930568790b"", ""sources"": [], ""sys_time"": ""[\""2026-07-09 02:38:34.388354-05\"",infinity)"", ""attribute"": ""s2_slot"", ""entity_id"": 32000871, ""confidence"": 0.97000, ""valid_time"": ""[\""2025-12-31 18:00:00-06\"",\""2026-06-29 19:00:00-05\"")"", ""specificity"": 100, ""epistemic_kind"": ""INFERRED""}
HINT:  Incoming fact lost the precedence lattice against an existing overlapping fact.
CONTEXT:  PL/pgSQL function kndb.resolve_conflict() line 91 at RAISE",,1,
872,SERIALIZABLE,A,1,1,,,1,
873,SERIALIZABLE,A,1,0,,"SerializationFailure: could not serialize access due to read/write dependencies among transactions
DETAIL:  Reason code: Canceled on identification as a pivot, during write.
HINT:  The transaction might succeed if retried.",0,"live kind for entity_id=32000873 attribute='s2_slot' is INFERRED, expected MEASURED"
874,SERIALIZABLE,B,0,1,"SerializationFailure: could not serialize access due to read/write dependencies among transactions
DETAIL:  Reason code: Canceled on identification as a pivot, during write.
HINT:  The transaction might succeed if retried.",,1,
875,SERIALIZABLE,B,0,1,"CheckViolation: KNDB precedence: NEW outranked by fact_id=5309d803-585d-45c3-987e-0f3fcfa99995, reason=kind_outranked -- payload={""value"": ""INFERRED_iter875"", ""writer"": ""kndb_native"", ""fact_id"": ""251eeb98-2495-41ee-8988-ba0a358d7046"", ""provsql"": ""ca75e180-1ebf-42bb-abfa-35acb7d55510"", ""sources"": [], ""sys_time"": ""[\""2026-07-09 02:38:34.421579-05\"",infinity)"", ""attribute"": ""s2_slot"", ""entity_id"": 32000875, ""confidence"": 0.97000, ""valid_time"": ""[\""2025-12-31 18:00:00-06\"",\""2026-06-29 19:00:00-05\"")"", ""specificity"": 100, ""epistemic_kind"": ""INFERRED""}
HINT:  Incoming fact lost the precedence lattice against an existing overlapping fact.
CONTEXT:  PL/pgSQL function kndb.resolve_conflict() line 91 at RAISE",,1,
876,SERIALIZABLE,A,1,1,,,1,
877,SERIALIZABLE,B,0,1,"SerializationFailure: could not serialize access due to read/write dependencies among transactions
DETAIL:  Reason code: Canceled on identification as a pivot, during write.
HINT:  The transaction might succeed if retried.",,1,
878,SERIALIZABLE,A,1,0,,"SerializationFailure: could not serialize access due to read/write dependencies among transactions
DETAIL:  Reason code: Canceled on identification as a pivot, during write.
HINT:  The transaction might succeed if retried.",0,"live kind for entity_id=32000878 attribute='s2_slot' is INFERRED, expected MEASURED"
879,SERIALIZABLE,A,1,0,,"SerializationFailure: could not serialize access due to read/write dependencies among transactions
DETAIL:  Reason code: Canceled on identification as a pivot, during write.
HINT:  The transaction might succeed if retried.",0,"live kind for entity_id=32000879 attribute='s2_slot' is INFERRED, expected MEASURED"
880,SERIALIZABLE,A,1,0,,"SerializationFailure: could not serialize access due to read/write dependencies among transactions
DETAIL:  Reason code: Canceled on identification as a pivot, during write.
HINT:  The transaction might succeed if retried.",0,"live kind for entity_id=32000880 attribute='s2_slot' is INFERRED, expected MEASURED"
881,SERIALIZABLE,A,1,1,,,1,
882,SERIALIZABLE,A,1,0,,"SerializationFailure: could not serialize access due to read/write dependencies among transactions
DETAIL:  Reason code: Canceled on identification as a pivot, during write.
HINT:  The transaction might succeed if retried.",0,"live kind for entity_id=32000882 attribute='s2_slot' is INFERRED, expected MEASURED"
883,SERIALIZABLE,B,0,1,"SerializationFailure: could not serialize access due to read/write dependencies among transactions
DETAIL:  Reason code: Canceled on identification as a pivot, during write.
HINT:  The transaction might succeed if retried.",,1,
884,SERIALIZABLE,B,0,1,"SerializationFailure: could not serialize access due to read/write dependencies among transactions
DETAIL:  Reason code: Canceled on identification as a pivot, during write.
HINT:  The transaction might succeed if retried.",,1,
885,SERIALIZABLE,B,0,1,"SerializationFailure: could not serialize access due to read/write dependencies among transactions
DETAIL:  Reason code: Canceled on identification as a pivot, during write.
HINT:  The transaction might succeed if retried.",,1,
886,SERIALIZABLE,A,1,0,,"SerializationFailure: could not serialize access due to read/write dependencies among transactions
DETAIL:  Reason code: Canceled on identification as a pivot, during write.
HINT:  The transaction might succeed if retried.",0,"live kind for entity_id=32000886 attribute='s2_slot' is INFERRED, expected MEASURED"
887,SERIALIZABLE,A,1,0,,"SerializationFailure: could not serialize access due to read/write dependencies among transactions
DETAIL:  Reason code: Canceled on identification as a pivot, during write.
HINT:  The transaction might succeed if retried.",0,"live kind for entity_id=32000887 attribute='s2_slot' is INFERRED, expected MEASURED"
888,SERIALIZABLE,A,1,0,,"SerializationFailure: could not serialize access due to read/write dependencies among transactions
DETAIL:  Reason code: Canceled on identification as a pivot, during write.
HINT:  The transaction might succeed if retried.",0,"live kind for entity_id=32000888 attribute='s2_slot' is INFERRED, expected MEASURED"
889,SERIALIZABLE,B,0,1,"CheckViolation: KNDB precedence: NEW outranked by fact_id=8e7df928-5fcd-493f-bdaa-bcf006d541d8, reason=kind_outranked -- payload={""value"": ""INFERRED_iter889"", ""writer"": ""kndb_native"", ""fact_id"": ""e57353cd-ddb6-4256-bf6b-e846a487b618"", ""provsql"": ""2ff9d99d-4a7d-420b-97c5-a7a8ec0e9cda"", ""sources"": [], ""sys_time"": ""[\""2026-07-09 02:38:34.537593-05\"",infinity)"", ""attribute"": ""s2_slot"", ""entity_id"": 32000889, ""confidence"": 0.97000, ""valid_time"": ""[\""2025-12-31 18:00:00-06\"",\""2026-06-29 19:00:00-05\"")"", ""specificity"": 100, ""epistemic_kind"": ""INFERRED""}
HINT:  Incoming fact lost the precedence lattice against an existing overlapping fact.
CONTEXT:  PL/pgSQL function kndb.resolve_conflict() line 91 at RAISE",,1,
890,SERIALIZABLE,B,0,1,"SerializationFailure: could not serialize access due to read/write dependencies among transactions
DETAIL:  Reason code: Canceled on identification as a pivot, during write.
HINT:  The transaction might succeed if retried.",,1,
891,SERIALIZABLE,A,1,0,,"SerializationFailure: could not serialize access due to read/write dependencies among transactions
DETAIL:  Reason code: Canceled on identification as a pivot, during write.
HINT:  The transaction might succeed if retried.",0,"live kind for entity_id=32000891 attribute='s2_slot' is INFERRED, expected MEASURED"
892,SERIALIZABLE,A,1,0,,"SerializationFailure: could not serialize access due to read/write dependencies among transactions
DETAIL:  Reason code: Canceled on identification as a pivot, during write.
HINT:  The transaction might succeed if retried.",0,"live kind for entity_id=32000892 attribute='s2_slot' is INFERRED, expected MEASURED"
893,SERIALIZABLE,B,0,1,"CheckViolation: KNDB precedence: NEW outranked by fact_id=6bdfdd28-21a6-4603-a426-fbdefe80f6d2, reason=kind_outranked -- payload={""value"": ""INFERRED_iter893"", ""writer"": ""kndb_native"", ""fact_id"": ""77b689bd-748f-4801-8044-b10d247e26a3"", ""provsql"": ""1a37f33e-250c-42b3-bfc8-3ff0148c5798"", ""sources"": [], ""sys_time"": ""[\""2026-07-09 02:38:34.5705-05\"",infinity)"", ""attribute"": ""s2_slot"", ""entity_id"": 32000893, ""confidence"": 0.97000, ""valid_time"": ""[\""2025-12-31 18:00:00-06\"",\""2026-06-29 19:00:00-05\"")"", ""specificity"": 100, ""epistemic_kind"": ""INFERRED""}
HINT:  Incoming fact lost the precedence lattice against an existing overlapping fact.
CONTEXT:  PL/pgSQL function kndb.resolve_conflict() line 91 at RAISE",,1,
894,SERIALIZABLE,A,1,1,,,1,
895,SERIALIZABLE,A,1,0,,"SerializationFailure: could not serialize access due to read/write dependencies among transactions
DETAIL:  Reason code: Canceled on identification as a pivot, during write.
HINT:  The transaction might succeed if retried.",0,"live kind for entity_id=32000895 attribute='s2_slot' is INFERRED, expected MEASURED"
896,SERIALIZABLE,A,1,1,,,1,
897,SERIALIZABLE,A,1,0,,"SerializationFailure: could not serialize access due to read/write dependencies among transactions
DETAIL:  Reason code: Canceled on identification as a pivot, during write.
HINT:  The transaction might succeed if retried.",0,"live kind for entity_id=32000897 attribute='s2_slot' is INFERRED, expected MEASURED"
898,SERIALIZABLE,B,0,1,"SerializationFailure: could not serialize access due to read/write dependencies among transactions
DETAIL:  Reason code: Canceled on identification as a pivot, during write.
HINT:  The transaction might succeed if retried.",,1,
899,SERIALIZABLE,B,0,1,"SerializationFailure: could not serialize access due to read/write dependencies among transactions
DETAIL:  Reason code: Canceled on identification as a pivot, during write.
HINT:  The transaction might succeed if retried.",,1,
900,SERIALIZABLE,B,0,1,"SerializationFailure: could not serialize access due to read/write dependencies among transactions
DETAIL:  Reason code: Canceled on identification as a pivot, during write.
HINT:  The transaction might succeed if retried.",,1,
901,SERIALIZABLE,A,1,0,,"SerializationFailure: could not serialize access due to read/write dependencies among transactions
DETAIL:  Reason code: Canceled on identification as a pivot, during write.
HINT:  The transaction might succeed if retried.",0,"live kind for entity_id=32000901 attribute='s2_slot' is INFERRED, expected MEASURED"
902,SERIALIZABLE,B,0,1,"SerializationFailure: could not serialize access due to read/write dependencies among transactions
DETAIL:  Reason code: Canceled on identification as a pivot, during write.
HINT:  The transaction might succeed if retried.",,1,
903,SERIALIZABLE,B,0,1,"CheckViolation: KNDB precedence: NEW outranked by fact_id=dd931c42-78ef-445e-a4dc-237a170aeec2, reason=kind_outranked -- payload={""value"": ""INFERRED_iter903"", ""writer"": ""kndb_native"", ""fact_id"": ""19577eb8-1e75-40aa-8a3b-cbb8c01b7c5a"", ""provsql"": ""f2112539-c122-41c4-8409-e5c4fa7e9df9"", ""sources"": [], ""sys_time"": ""[\""2026-07-09 02:38:34.652902-05\"",infinity)"", ""attribute"": ""s2_slot"", ""entity_id"": 32000903, ""confidence"": 0.97000, ""valid_time"": ""[\""2025-12-31 18:00:00-06\"",\""2026-06-29 19:00:00-05\"")"", ""specificity"": 100, ""epistemic_kind"": ""INFERRED""}
HINT:  Incoming fact lost the precedence lattice against an existing overlapping fact.
CONTEXT:  PL/pgSQL function kndb.resolve_conflict() line 91 at RAISE",,1,
904,SERIALIZABLE,A,1,0,,"SerializationFailure: could not serialize access due to read/write dependencies among transactions
DETAIL:  Reason code: Canceled on identification as a pivot, during write.
HINT:  The transaction might succeed if retried.",0,"live kind for entity_id=32000904 attribute='s2_slot' is INFERRED, expected MEASURED"
905,SERIALIZABLE,B,0,1,"SerializationFailure: could not serialize access due to read/write dependencies among transactions
DETAIL:  Reason code: Canceled on identification as a pivot, during write.
HINT:  The transaction might succeed if retried.",,1,
906,SERIALIZABLE,B,0,1,"SerializationFailure: could not serialize access due to read/write dependencies among transactions
DETAIL:  Reason code: Canceled on identification as a pivot, during write.
HINT:  The transaction might succeed if retried.",,1,
907,SERIALIZABLE,B,0,1,"SerializationFailure: could not serialize access due to read/write dependencies among transactions
DETAIL:  Reason code: Canceled on identification as a pivot, during write.
HINT:  The transaction might succeed if retried.",,1,
908,SERIALIZABLE,A,1,1,,,1,
909,SERIALIZABLE,B,0,1,"CheckViolation: KNDB precedence: NEW outranked by fact_id=1a58deff-dc80-44e9-9895-792264886be6, reason=kind_outranked -- payload={""value"": ""INFERRED_iter909"", ""writer"": ""kndb_native"", ""fact_id"": ""70ae0c25-b6b9-4942-9ba2-dbcbfe9896df"", ""provsql"": ""08806f7a-3313-4e9d-a8dc-b8fb2e82e1c5"", ""sources"": [], ""sys_time"": ""[\""2026-07-09 02:38:34.701145-05\"",infinity)"", ""attribute"": ""s2_slot"", ""entity_id"": 32000909, ""confidence"": 0.97000, ""valid_time"": ""[\""2025-12-31 18:00:00-06\"",\""2026-06-29 19:00:00-05\"")"", ""specificity"": 100, ""epistemic_kind"": ""INFERRED""}
HINT:  Incoming fact lost the precedence lattice against an existing overlapping fact.
CONTEXT:  PL/pgSQL function kndb.resolve_conflict() line 91 at RAISE",,1,
910,SERIALIZABLE,A,1,0,,"SerializationFailure: could not serialize access due to read/write dependencies among transactions
DETAIL:  Reason code: Canceled on identification as a pivot, during write.
HINT:  The transaction might succeed if retried.",0,"live kind for entity_id=32000910 attribute='s2_slot' is INFERRED, expected MEASURED"
911,SERIALIZABLE,B,0,1,"SerializationFailure: could not serialize access due to read/write dependencies among transactions
DETAIL:  Reason code: Canceled on identification as a pivot, during write.
HINT:  The transaction might succeed if retried.",,1,
912,SERIALIZABLE,A,1,0,,"SerializationFailure: could not serialize access due to read/write dependencies among transactions
DETAIL:  Reason code: Canceled on identification as a pivot, during write.
HINT:  The transaction might succeed if retried.",0,"live kind for entity_id=32000912 attribute='s2_slot' is INFERRED, expected MEASURED"
913,SERIALIZABLE,B,0,1,"CheckViolation: KNDB precedence: NEW outranked by fact_id=cf6fd0fc-e207-47cc-a2ca-f1f64d9d30eb, reason=kind_outranked -- payload={""value"": ""INFERRED_iter913"", ""writer"": ""kndb_native"", ""fact_id"": ""fc893a32-d6b9-4e9e-b3fa-6b6a8b9bd107"", ""provsql"": ""7493b91a-aa9d-42bc-8189-e4c471b6c64b"", ""sources"": [], ""sys_time"": ""[\""2026-07-09 02:38:34.733582-05\"",infinity)"", ""attribute"": ""s2_slot"", ""entity_id"": 32000913, ""confidence"": 0.97000, ""valid_time"": ""[\""2025-12-31 18:00:00-06\"",\""2026-06-29 19:00:00-05\"")"", ""specificity"": 100, ""epistemic_kind"": ""INFERRED""}
HINT:  Incoming fact lost the precedence lattice against an existing overlapping fact.
CONTEXT:  PL/pgSQL function kndb.resolve_conflict() line 91 at RAISE",,1,
914,SERIALIZABLE,B,0,1,"SerializationFailure: could not serialize access due to read/write dependencies among transactions
DETAIL:  Reason code: Canceled on identification as a pivot, during write.
HINT:  The transaction might succeed if retried.",,1,
915,SERIALIZABLE,A,1,0,,"SerializationFailure: could not serialize access due to read/write dependencies among transactions
DETAIL:  Reason code: Canceled on identification as a pivot, during write.
HINT:  The transaction might succeed if retried.",0,"live kind for entity_id=32000915 attribute='s2_slot' is INFERRED, expected MEASURED"
916,SERIALIZABLE,B,0,1,"SerializationFailure: could not serialize access due to read/write dependencies among transactions
DETAIL:  Reason code: Canceled on identification as a pivot, during write.
HINT:  The transaction might succeed if retried.",,1,
917,SERIALIZABLE,B,0,1,"SerializationFailure: could not serialize access due to read/write dependencies among transactions
DETAIL:  Reason code: Canceled on identification as a pivot, during write.
HINT:  The transaction might succeed if retried.",,1,
918,SERIALIZABLE,B,0,1,"SerializationFailure: could not serialize access due to read/write dependencies among transactions
DETAIL:  Reason code: Canceled on identification as a pivot, during write.
HINT:  The transaction might succeed if retried.",,1,
919,SERIALIZABLE,B,0,1,"SerializationFailure: could not serialize access due to read/write dependencies among transactions
DETAIL:  Reason code: Canceled on identification as a pivot, during write.
HINT:  The transaction might succeed if retried.",,1,
920,SERIALIZABLE,B,0,1,"SerializationFailure: could not serialize access due to read/write dependencies among transactions
DETAIL:  Reason code: Canceled on identification as a pivot, during write.
HINT:  The transaction might succeed if retried.",,1,
921,SERIALIZABLE,B,0,1,"SerializationFailure: could not serialize access due to read/write dependencies among transactions
DETAIL:  Reason code: Canceled on identification as a pivot, during write.
HINT:  The transaction might succeed if retried.",,1,
922,SERIALIZABLE,B,0,1,"SerializationFailure: could not serialize access due to read/write dependencies among transactions
DETAIL:  Reason code: Canceled on identification as a pivot, during write.
HINT:  The transaction might succeed if retried.",,1,
923,SERIALIZABLE,B,0,1,"SerializationFailure: could not serialize access due to read/write dependencies among transactions
DETAIL:  Reason code: Canceled on identification as a pivot, during write.
HINT:  The transaction might succeed if retried.",,1,
924,SERIALIZABLE,B,0,1,"SerializationFailure: could not serialize access due to read/write dependencies among transactions
DETAIL:  Reason code: Canceled on identification as a pivot, during write.
HINT:  The transaction might succeed if retried.",,1,
925,SERIALIZABLE,A,1,0,,"SerializationFailure: could not serialize access due to read/write dependencies among transactions
DETAIL:  Reason code: Canceled on identification as a pivot, during write.
HINT:  The transaction might succeed if retried.",0,"live kind for entity_id=32000925 attribute='s2_slot' is INFERRED, expected MEASURED"
926,SERIALIZABLE,A,1,1,,,1,
927,SERIALIZABLE,B,0,1,"CheckViolation: KNDB precedence: NEW outranked by fact_id=f0db04c4-09b9-417d-95f6-3bd9fbf03e00, reason=kind_outranked -- payload={""value"": ""INFERRED_iter927"", ""writer"": ""kndb_native"", ""fact_id"": ""b3b7ce1c-a776-42ab-b3ac-5a23120aea16"", ""provsql"": ""7fc5a3ef-d854-4cff-a34c-3639d3788818"", ""sources"": [], ""sys_time"": ""[\""2026-07-09 02:38:34.850732-05\"",infinity)"", ""attribute"": ""s2_slot"", ""entity_id"": 32000927, ""confidence"": 0.97000, ""valid_time"": ""[\""2025-12-31 18:00:00-06\"",\""2026-06-29 19:00:00-05\"")"", ""specificity"": 100, ""epistemic_kind"": ""INFERRED""}
HINT:  Incoming fact lost the precedence lattice against an existing overlapping fact.
CONTEXT:  PL/pgSQL function kndb.resolve_conflict() line 91 at RAISE",,1,
928,SERIALIZABLE,B,0,1,"CheckViolation: KNDB precedence: NEW outranked by fact_id=cc57047f-c6a7-4ae4-8ab9-8ca73232fe6a, reason=kind_outranked -- payload={""value"": ""INFERRED_iter928"", ""writer"": ""kndb_native"", ""fact_id"": ""9fec2162-9f2f-4b14-ac69-97506b3a18bf"", ""provsql"": ""94223cee-21a0-4aba-a4ff-ccadd79e957f"", ""sources"": [], ""sys_time"": ""[\""2026-07-09 02:38:34.858908-05\"",infinity)"", ""attribute"": ""s2_slot"", ""entity_id"": 32000928, ""confidence"": 0.97000, ""valid_time"": ""[\""2025-12-31 18:00:00-06\"",\""2026-06-29 19:00:00-05\"")"", ""specificity"": 100, ""epistemic_kind"": ""INFERRED""}
HINT:  Incoming fact lost the precedence lattice against an existing overlapping fact.
CONTEXT:  PL/pgSQL function kndb.resolve_conflict() line 91 at RAISE",,1,
929,SERIALIZABLE,A,1,0,,"SerializationFailure: could not serialize access due to read/write dependencies among transactions
DETAIL:  Reason code: Canceled on identification as a pivot, during write.
HINT:  The transaction might succeed if retried.",0,"live kind for entity_id=32000929 attribute='s2_slot' is INFERRED, expected MEASURED"
930,SERIALIZABLE,A,1,0,,"SerializationFailure: could not serialize access due to read/write dependencies among transactions
DETAIL:  Reason code: Canceled on identification as a pivot, during write.
HINT:  The transaction might succeed if retried.",0,"live kind for entity_id=32000930 attribute='s2_slot' is INFERRED, expected MEASURED"
931,SERIALIZABLE,B,0,1,"SerializationFailure: could not serialize access due to read/write dependencies among transactions
DETAIL:  Reason code: Canceled on identification as a pivot, during write.
HINT:  The transaction might succeed if retried.",,1,
932,SERIALIZABLE,A,1,0,,"SerializationFailure: could not serialize access due to read/write dependencies among transactions
DETAIL:  Reason code: Canceled on identification as a pivot, during write.
HINT:  The transaction might succeed if retried.",0,"live kind for entity_id=32000932 attribute='s2_slot' is INFERRED, expected MEASURED"
933,SERIALIZABLE,A,1,0,,"SerializationFailure: could not serialize access due to read/write dependencies among transactions
DETAIL:  Reason code: Canceled on identification as a pivot, during write.
HINT:  The transaction might succeed if retried.",0,"live kind for entity_id=32000933 attribute='s2_slot' is INFERRED, expected MEASURED"
934,SERIALIZABLE,B,0,1,"SerializationFailure: could not serialize access due to read/write dependencies among transactions
DETAIL:  Reason code: Canceled on identification as a pivot, during write.
HINT:  The transaction might succeed if retried.",,1,
935,SERIALIZABLE,B,0,1,"SerializationFailure: could not serialize access due to read/write dependencies among transactions
DETAIL:  Reason code: Canceled on identification as a pivot, during write.
HINT:  The transaction might succeed if retried.",,1,
936,SERIALIZABLE,B,0,1,"SerializationFailure: could not serialize access due to read/write dependencies among transactions
DETAIL:  Reason code: Canceled on identification as a pivot, during write.
HINT:  The transaction might succeed if retried.",,1,
937,SERIALIZABLE,B,0,1,"SerializationFailure: could not serialize access due to read/write dependencies among transactions
DETAIL:  Reason code: Canceled on identification as a pivot, during write.
HINT:  The transaction might succeed if retried.",,1,
938,SERIALIZABLE,B,0,1,"SerializationFailure: could not serialize access due to read/write dependencies among transactions
DETAIL:  Reason code: Canceled on identification as a pivot, during write.
HINT:  The transaction might succeed if retried.",,1,
939,SERIALIZABLE,A,1,0,,"SerializationFailure: could not serialize access due to read/write dependencies among transactions
DETAIL:  Reason code: Canceled on identification as a pivot, during write.
HINT:  The transaction might succeed if retried.",0,"live kind for entity_id=32000939 attribute='s2_slot' is INFERRED, expected MEASURED"
940,SERIALIZABLE,B,0,1,"SerializationFailure: could not serialize access due to read/write dependencies among transactions
DETAIL:  Reason code: Canceled on identification as a pivot, during write.
HINT:  The transaction might succeed if retried.",,1,
941,SERIALIZABLE,A,1,0,,"SerializationFailure: could not serialize access due to read/write dependencies among transactions
DETAIL:  Reason code: Canceled on identification as a pivot, during write.
HINT:  The transaction might succeed if retried.",0,"live kind for entity_id=32000941 attribute='s2_slot' is INFERRED, expected MEASURED"
942,SERIALIZABLE,B,0,1,"SerializationFailure: could not serialize access due to read/write dependencies among transactions
DETAIL:  Reason code: Canceled on identification as a pivot, during write.
HINT:  The transaction might succeed if retried.",,1,
943,SERIALIZABLE,B,0,1,"SerializationFailure: could not serialize access due to read/write dependencies among transactions
DETAIL:  Reason code: Canceled on identification as a pivot, during write.
HINT:  The transaction might succeed if retried.",,1,
944,SERIALIZABLE,A,1,1,,,1,
945,SERIALIZABLE,A,1,0,,"SerializationFailure: could not serialize access due to read/write dependencies among transactions
DETAIL:  Reason code: Canceled on identification as a pivot, during write.
HINT:  The transaction might succeed if retried.",0,"live kind for entity_id=32000945 attribute='s2_slot' is INFERRED, expected MEASURED"
946,SERIALIZABLE,B,0,1,"SerializationFailure: could not serialize access due to read/write dependencies among transactions
DETAIL:  Reason code: Canceled on identification as a pivot, during write.
HINT:  The transaction might succeed if retried.",,1,
947,SERIALIZABLE,A,1,0,,"SerializationFailure: could not serialize access due to read/write dependencies among transactions
DETAIL:  Reason code: Canceled on identification as a pivot, during write.
HINT:  The transaction might succeed if retried.",0,"live kind for entity_id=32000947 attribute='s2_slot' is INFERRED, expected MEASURED"
948,SERIALIZABLE,B,0,1,"SerializationFailure: could not serialize access due to read/write dependencies among transactions
DETAIL:  Reason code: Canceled on identification as a pivot, during write.
HINT:  The transaction might succeed if retried.",,1,
949,SERIALIZABLE,B,0,1,"SerializationFailure: could not serialize access due to read/write dependencies among transactions
DETAIL:  Reason code: Canceled on identification as a pivot, during write.
HINT:  The transaction might succeed if retried.",,1,
950,SERIALIZABLE,B,0,1,"SerializationFailure: could not serialize access due to read/write dependencies among transactions
DETAIL:  Reason code: Canceled on identification as a pivot, during write.
HINT:  The transaction might succeed if retried.",,1,
951,SERIALIZABLE,B,0,1,"SerializationFailure: could not serialize access due to read/write dependencies among transactions
DETAIL:  Reason code: Canceled on identification as a pivot, during write.
HINT:  The transaction might succeed if retried.",,1,
952,SERIALIZABLE,B,0,1,"CheckViolation: KNDB precedence: NEW outranked by fact_id=eda5d3dc-68f6-405c-8bc7-0e6a0b546b14, reason=kind_outranked -- payload={""value"": ""INFERRED_iter952"", ""writer"": ""kndb_native"", ""fact_id"": ""f9540612-e23f-4cb0-b12a-e48cf27c1705"", ""provsql"": ""7628ffc7-d58e-458d-a6b2-544019cf2260"", ""sources"": [], ""sys_time"": ""[\""2026-07-09 02:38:35.066439-05\"",infinity)"", ""attribute"": ""s2_slot"", ""entity_id"": 32000952, ""confidence"": 0.97000, ""valid_time"": ""[\""2025-12-31 18:00:00-06\"",\""2026-06-29 19:00:00-05\"")"", ""specificity"": 100, ""epistemic_kind"": ""INFERRED""}
HINT:  Incoming fact lost the precedence lattice against an existing overlapping fact.
CONTEXT:  PL/pgSQL function kndb.resolve_conflict() line 91 at RAISE",,1,
953,SERIALIZABLE,B,0,1,"SerializationFailure: could not serialize access due to read/write dependencies among transactions
DETAIL:  Reason code: Canceled on identification as a pivot, during write.
HINT:  The transaction might succeed if retried.",,1,
954,SERIALIZABLE,A,1,0,,"SerializationFailure: could not serialize access due to read/write dependencies among transactions
DETAIL:  Reason code: Canceled on identification as a pivot, during write.
HINT:  The transaction might succeed if retried.",0,"live kind for entity_id=32000954 attribute='s2_slot' is INFERRED, expected MEASURED"
955,SERIALIZABLE,B,0,1,"SerializationFailure: could not serialize access due to read/write dependencies among transactions
DETAIL:  Reason code: Canceled on identification as a pivot, during write.
HINT:  The transaction might succeed if retried.",,1,
956,SERIALIZABLE,A,1,0,,"SerializationFailure: could not serialize access due to read/write dependencies among transactions
DETAIL:  Reason code: Canceled on identification as a pivot, during write.
HINT:  The transaction might succeed if retried.",0,"live kind for entity_id=32000956 attribute='s2_slot' is INFERRED, expected MEASURED"
957,SERIALIZABLE,B,0,1,"CheckViolation: KNDB precedence: NEW outranked by fact_id=eeb1b29a-d540-4e86-bed6-a32967e19fe7, reason=kind_outranked -- payload={""value"": ""INFERRED_iter957"", ""writer"": ""kndb_native"", ""fact_id"": ""a8dd0d8c-d590-403f-bc1f-abf84fb9ba6b"", ""provsql"": ""0545f97d-8591-4eca-872c-9a4a89e922ed"", ""sources"": [], ""sys_time"": ""[\""2026-07-09 02:38:35.107655-05\"",infinity)"", ""attribute"": ""s2_slot"", ""entity_id"": 32000957, ""confidence"": 0.97000, ""valid_time"": ""[\""2025-12-31 18:00:00-06\"",\""2026-06-29 19:00:00-05\"")"", ""specificity"": 100, ""epistemic_kind"": ""INFERRED""}
HINT:  Incoming fact lost the precedence lattice against an existing overlapping fact.
CONTEXT:  PL/pgSQL function kndb.resolve_conflict() line 91 at RAISE",,1,
958,SERIALIZABLE,A,1,0,,"SerializationFailure: could not serialize access due to read/write dependencies among transactions
DETAIL:  Reason code: Canceled on identification as a pivot, during write.
HINT:  The transaction might succeed if retried.",0,"live kind for entity_id=32000958 attribute='s2_slot' is INFERRED, expected MEASURED"
959,SERIALIZABLE,B,0,1,"SerializationFailure: could not serialize access due to read/write dependencies among transactions
DETAIL:  Reason code: Canceled on identification as a pivot, during write.
HINT:  The transaction might succeed if retried.",,1,
960,SERIALIZABLE,B,0,1,"SerializationFailure: could not serialize access due to read/write dependencies among transactions
DETAIL:  Reason code: Canceled on identification as a pivot, during write.
HINT:  The transaction might succeed if retried.",,1,
961,SERIALIZABLE,B,0,1,"SerializationFailure: could not serialize access due to read/write dependencies among transactions
DETAIL:  Reason code: Canceled on identification as a pivot, during write.
HINT:  The transaction might succeed if retried.",,1,
962,SERIALIZABLE,B,0,1,"SerializationFailure: could not serialize access due to read/write dependencies among transactions
DETAIL:  Reason code: Canceled on identification as a pivot, during write.
HINT:  The transaction might succeed if retried.",,1,
963,SERIALIZABLE,B,0,1,"SerializationFailure: could not serialize access due to read/write dependencies among transactions
DETAIL:  Reason code: Canceled on identification as a pivot, during write.
HINT:  The transaction might succeed if retried.",,1,
964,SERIALIZABLE,A,1,0,,"SerializationFailure: could not serialize access due to read/write dependencies among transactions
DETAIL:  Reason code: Canceled on identification as a pivot, during write.
HINT:  The transaction might succeed if retried.",0,"live kind for entity_id=32000964 attribute='s2_slot' is INFERRED, expected MEASURED"
965,SERIALIZABLE,A,1,0,,"SerializationFailure: could not serialize access due to read/write dependencies among transactions
DETAIL:  Reason code: Canceled on identification as a pivot, during write.
HINT:  The transaction might succeed if retried.",0,"live kind for entity_id=32000965 attribute='s2_slot' is INFERRED, expected MEASURED"
966,SERIALIZABLE,A,1,0,,"SerializationFailure: could not serialize access due to read/write dependencies among transactions
DETAIL:  Reason code: Canceled on identification as a pivot, during write.
HINT:  The transaction might succeed if retried.",0,"live kind for entity_id=32000966 attribute='s2_slot' is INFERRED, expected MEASURED"
967,SERIALIZABLE,B,0,1,"SerializationFailure: could not serialize access due to read/write dependencies among transactions
DETAIL:  Reason code: Canceled on identification as a pivot, during write.
HINT:  The transaction might succeed if retried.",,1,
968,SERIALIZABLE,B,0,1,"SerializationFailure: could not serialize access due to read/write dependencies among transactions
DETAIL:  Reason code: Canceled on identification as a pivot, during write.
HINT:  The transaction might succeed if retried.",,1,
969,SERIALIZABLE,B,0,1,"SerializationFailure: could not serialize access due to read/write dependencies among transactions
DETAIL:  Reason code: Canceled on identification as a pivot, during write.
HINT:  The transaction might succeed if retried.",,1,
970,SERIALIZABLE,A,1,0,,"SerializationFailure: could not serialize access due to read/write dependencies among transactions
DETAIL:  Reason code: Canceled on identification as a pivot, during write.
HINT:  The transaction might succeed if retried.",0,"live kind for entity_id=32000970 attribute='s2_slot' is INFERRED, expected MEASURED"
971,SERIALIZABLE,A,1,0,,"SerializationFailure: could not serialize access due to read/write dependencies among transactions
DETAIL:  Reason code: Canceled on identification as a pivot, during write.
HINT:  The transaction might succeed if retried.",0,"live kind for entity_id=32000971 attribute='s2_slot' is INFERRED, expected MEASURED"
972,SERIALIZABLE,B,0,1,"SerializationFailure: could not serialize access due to read/write dependencies among transactions
DETAIL:  Reason code: Canceled on identification as a pivot, during write.
HINT:  The transaction might succeed if retried.",,1,
973,SERIALIZABLE,B,0,1,"SerializationFailure: could not serialize access due to read/write dependencies among transactions
DETAIL:  Reason code: Canceled on identification as a pivot, during write.
HINT:  The transaction might succeed if retried.",,1,
974,SERIALIZABLE,A,1,0,,"SerializationFailure: could not serialize access due to read/write dependencies among transactions
DETAIL:  Reason code: Canceled on identification as a pivot, during write.
HINT:  The transaction might succeed if retried.",0,"live kind for entity_id=32000974 attribute='s2_slot' is INFERRED, expected MEASURED"
975,SERIALIZABLE,A,1,0,,"SerializationFailure: could not serialize access due to read/write dependencies among transactions
DETAIL:  Reason code: Canceled on identification as a pivot, during write.
HINT:  The transaction might succeed if retried.",0,"live kind for entity_id=32000975 attribute='s2_slot' is INFERRED, expected MEASURED"
976,SERIALIZABLE,A,1,0,,"SerializationFailure: could not serialize access due to read/write dependencies among transactions
DETAIL:  Reason code: Canceled on identification as a pivot, during write.
HINT:  The transaction might succeed if retried.",0,"live kind for entity_id=32000976 attribute='s2_slot' is INFERRED, expected MEASURED"
977,SERIALIZABLE,B,0,1,"SerializationFailure: could not serialize access due to read/write dependencies among transactions
DETAIL:  Reason code: Canceled on identification as a pivot, during write.
HINT:  The transaction might succeed if retried.",,1,
978,SERIALIZABLE,A,1,0,,"SerializationFailure: could not serialize access due to read/write dependencies among transactions
DETAIL:  Reason code: Canceled on identification as a pivot, during write.
HINT:  The transaction might succeed if retried.",0,"live kind for entity_id=32000978 attribute='s2_slot' is INFERRED, expected MEASURED"
979,SERIALIZABLE,A,1,0,,"SerializationFailure: could not serialize access due to read/write dependencies among transactions
DETAIL:  Reason code: Canceled on identification as a pivot, during write.
HINT:  The transaction might succeed if retried.",0,"live kind for entity_id=32000979 attribute='s2_slot' is INFERRED, expected MEASURED"
980,SERIALIZABLE,A,1,0,,"SerializationFailure: could not serialize access due to read/write dependencies among transactions
DETAIL:  Reason code: Canceled on identification as a pivot, during write.
HINT:  The transaction might succeed if retried.",0,"live kind for entity_id=32000980 attribute='s2_slot' is INFERRED, expected MEASURED"
981,SERIALIZABLE,B,0,1,"SerializationFailure: could not serialize access due to read/write dependencies among transactions
DETAIL:  Reason code: Canceled on identification as a pivot, during write.
HINT:  The transaction might succeed if retried.",,1,
982,SERIALIZABLE,A,1,0,,"SerializationFailure: could not serialize access due to read/write dependencies among transactions
DETAIL:  Reason code: Canceled on identification as a pivot, during write.
HINT:  The transaction might succeed if retried.",0,"live kind for entity_id=32000982 attribute='s2_slot' is INFERRED, expected MEASURED"
983,SERIALIZABLE,A,1,1,,,1,
984,SERIALIZABLE,B,0,1,"SerializationFailure: could not serialize access due to read/write dependencies among transactions
DETAIL:  Reason code: Canceled on identification as a pivot, during write.
HINT:  The transaction might succeed if retried.",,1,
985,SERIALIZABLE,B,0,1,"SerializationFailure: could not serialize access due to read/write dependencies among transactions
DETAIL:  Reason code: Canceled on identification as a pivot, during write.
HINT:  The transaction might succeed if retried.",,1,
986,SERIALIZABLE,B,0,1,"CheckViolation: KNDB precedence: NEW outranked by fact_id=7e57cd4a-cfd2-4a09-95b4-b17ffafcab12, reason=kind_outranked -- payload={""value"": ""INFERRED_iter986"", ""writer"": ""kndb_native"", ""fact_id"": ""08cee574-e815-4aa6-869b-5a18f5583cae"", ""provsql"": ""d07cb23b-9858-47ed-8096-e2e4db37a6df"", ""sources"": [], ""sys_time"": ""[\""2026-07-09 02:38:35.369779-05\"",infinity)"", ""attribute"": ""s2_slot"", ""entity_id"": 32000986, ""confidence"": 0.97000, ""valid_time"": ""[\""2025-12-31 18:00:00-06\"",\""2026-06-29 19:00:00-05\"")"", ""specificity"": 100, ""epistemic_kind"": ""INFERRED""}
HINT:  Incoming fact lost the precedence lattice against an existing overlapping fact.
CONTEXT:  PL/pgSQL function kndb.resolve_conflict() line 91 at RAISE",,1,
987,SERIALIZABLE,A,1,0,,"SerializationFailure: could not serialize access due to read/write dependencies among transactions
DETAIL:  Reason code: Canceled on identification as a pivot, during write.
HINT:  The transaction might succeed if retried.",0,"live kind for entity_id=32000987 attribute='s2_slot' is INFERRED, expected MEASURED"
988,SERIALIZABLE,B,0,1,"SerializationFailure: could not serialize access due to read/write dependencies among transactions
DETAIL:  Reason code: Canceled on identification as a pivot, during write.
HINT:  The transaction might succeed if retried.",,1,
989,SERIALIZABLE,A,1,0,,"SerializationFailure: could not serialize access due to read/write dependencies among transactions
DETAIL:  Reason code: Canceled on identification as a pivot, during write.
HINT:  The transaction might succeed if retried.",0,"live kind for entity_id=32000989 attribute='s2_slot' is INFERRED, expected MEASURED"
990,SERIALIZABLE,A,1,0,,"SerializationFailure: could not serialize access due to read/write dependencies among transactions
DETAIL:  Reason code: Canceled on identification as a pivot, during write.
HINT:  The transaction might succeed if retried.",0,"live kind for entity_id=32000990 attribute='s2_slot' is INFERRED, expected MEASURED"
991,SERIALIZABLE,A,1,0,,"SerializationFailure: could not serialize access due to read/write dependencies among transactions
DETAIL:  Reason code: Canceled on identification as a pivot, during write.
HINT:  The transaction might succeed if retried.",0,"live kind for entity_id=32000991 attribute='s2_slot' is INFERRED, expected MEASURED"
992,SERIALIZABLE,A,1,0,,"SerializationFailure: could not serialize access due to read/write dependencies among transactions
DETAIL:  Reason code: Canceled on identification as a pivot, during write.
HINT:  The transaction might succeed if retried.",0,"live kind for entity_id=32000992 attribute='s2_slot' is INFERRED, expected MEASURED"
993,SERIALIZABLE,A,1,0,,"SerializationFailure: could not serialize access due to read/write dependencies among transactions
DETAIL:  Reason code: Canceled on identification as a pivot, during write.
HINT:  The transaction might succeed if retried.",0,"live kind for entity_id=32000993 attribute='s2_slot' is INFERRED, expected MEASURED"
994,SERIALIZABLE,B,0,1,"SerializationFailure: could not serialize access due to read/write dependencies among transactions
DETAIL:  Reason code: Canceled on identification as a pivot, during write.
HINT:  The transaction might succeed if retried.",,1,
995,SERIALIZABLE,A,1,0,,"SerializationFailure: could not serialize access due to read/write dependencies among transactions
DETAIL:  Reason code: Canceled on identification as a pivot, during write.
HINT:  The transaction might succeed if retried.",0,"live kind for entity_id=32000995 attribute='s2_slot' is INFERRED, expected MEASURED"
996,SERIALIZABLE,A,1,0,,"SerializationFailure: could not serialize access due to read/write dependencies among transactions
DETAIL:  Reason code: Canceled on identification as a pivot, during write.
HINT:  The transaction might succeed if retried.",0,"live kind for entity_id=32000996 attribute='s2_slot' is INFERRED, expected MEASURED"
997,SERIALIZABLE,A,1,1,,,1,
998,SERIALIZABLE,B,0,1,"SerializationFailure: could not serialize access due to read/write dependencies among transactions
DETAIL:  Reason code: Canceled on identification as a pivot, during write.
HINT:  The transaction might succeed if retried.",,1,
999,SERIALIZABLE,B,0,1,"SerializationFailure: could not serialize access due to read/write dependencies among transactions
DETAIL:  Reason code: Canceled on identification as a pivot, during write.
HINT:  The transaction might succeed if retried.",,1,
