iteration,isolation,commit_hint_first,thread_a_committed,thread_b_committed,thread_a_error,thread_b_error,invariant_ok,invariant_detail
0,SERIALIZABLE,B,1,0,,"CheckViolation: KNDB R5: attribute hba1c is registered as MEASURED, got INFERRED
HINT:  This is the primary trust-boundary check the paper demonstrates.
CONTEXT:  PL/pgSQL function kndb.enforce_epistemic_kind() line 34 at RAISE",1,
1,SERIALIZABLE,A,1,0,,"CheckViolation: KNDB R5: attribute hba1c is registered as MEASURED, got INFERRED
HINT:  This is the primary trust-boundary check the paper demonstrates.
CONTEXT:  PL/pgSQL function kndb.enforce_epistemic_kind() line 34 at RAISE",1,
2,SERIALIZABLE,A,1,0,,"CheckViolation: KNDB R5: attribute hba1c is registered as MEASURED, got INFERRED
HINT:  This is the primary trust-boundary check the paper demonstrates.
CONTEXT:  PL/pgSQL function kndb.enforce_epistemic_kind() line 34 at RAISE",1,
3,SERIALIZABLE,A,1,0,,"CheckViolation: KNDB R5: attribute hba1c is registered as MEASURED, got INFERRED
HINT:  This is the primary trust-boundary check the paper demonstrates.
CONTEXT:  PL/pgSQL function kndb.enforce_epistemic_kind() line 34 at RAISE",1,
4,SERIALIZABLE,B,1,0,,"CheckViolation: KNDB R5: attribute hba1c is registered as MEASURED, got INFERRED
HINT:  This is the primary trust-boundary check the paper demonstrates.
CONTEXT:  PL/pgSQL function kndb.enforce_epistemic_kind() line 34 at RAISE",1,
5,SERIALIZABLE,B,1,0,,"CheckViolation: KNDB R5: attribute hba1c is registered as MEASURED, got INFERRED
HINT:  This is the primary trust-boundary check the paper demonstrates.
CONTEXT:  PL/pgSQL function kndb.enforce_epistemic_kind() line 34 at RAISE",1,
6,SERIALIZABLE,B,1,0,,"CheckViolation: KNDB R5: attribute hba1c is registered as MEASURED, got INFERRED
HINT:  This is the primary trust-boundary check the paper demonstrates.
CONTEXT:  PL/pgSQL function kndb.enforce_epistemic_kind() line 34 at RAISE",1,
7,SERIALIZABLE,A,1,0,,"CheckViolation: KNDB R5: attribute hba1c is registered as MEASURED, got INFERRED
HINT:  This is the primary trust-boundary check the paper demonstrates.
CONTEXT:  PL/pgSQL function kndb.enforce_epistemic_kind() line 34 at RAISE",1,
8,SERIALIZABLE,A,1,0,,"CheckViolation: KNDB R5: attribute hba1c is registered as MEASURED, got INFERRED
HINT:  This is the primary trust-boundary check the paper demonstrates.
CONTEXT:  PL/pgSQL function kndb.enforce_epistemic_kind() line 34 at RAISE",1,
9,SERIALIZABLE,A,1,0,,"CheckViolation: KNDB R5: attribute hba1c is registered as MEASURED, got INFERRED
HINT:  This is the primary trust-boundary check the paper demonstrates.
CONTEXT:  PL/pgSQL function kndb.enforce_epistemic_kind() line 34 at RAISE",1,
10,SERIALIZABLE,A,1,0,,"CheckViolation: KNDB R5: attribute hba1c is registered as MEASURED, got INFERRED
HINT:  This is the primary trust-boundary check the paper demonstrates.
CONTEXT:  PL/pgSQL function kndb.enforce_epistemic_kind() line 34 at RAISE",1,
11,SERIALIZABLE,B,1,0,,"CheckViolation: KNDB R5: attribute hba1c is registered as MEASURED, got INFERRED
HINT:  This is the primary trust-boundary check the paper demonstrates.
CONTEXT:  PL/pgSQL function kndb.enforce_epistemic_kind() line 34 at RAISE",1,
12,SERIALIZABLE,A,1,0,,"CheckViolation: KNDB R5: attribute hba1c is registered as MEASURED, got INFERRED
HINT:  This is the primary trust-boundary check the paper demonstrates.
CONTEXT:  PL/pgSQL function kndb.enforce_epistemic_kind() line 34 at RAISE",1,
13,SERIALIZABLE,A,1,0,,"CheckViolation: KNDB R5: attribute hba1c is registered as MEASURED, got INFERRED
HINT:  This is the primary trust-boundary check the paper demonstrates.
CONTEXT:  PL/pgSQL function kndb.enforce_epistemic_kind() line 34 at RAISE",1,
14,SERIALIZABLE,B,1,0,,"CheckViolation: KNDB R5: attribute hba1c is registered as MEASURED, got INFERRED
HINT:  This is the primary trust-boundary check the paper demonstrates.
CONTEXT:  PL/pgSQL function kndb.enforce_epistemic_kind() line 34 at RAISE",1,
15,SERIALIZABLE,B,1,0,,"CheckViolation: KNDB R5: attribute hba1c is registered as MEASURED, got INFERRED
HINT:  This is the primary trust-boundary check the paper demonstrates.
CONTEXT:  PL/pgSQL function kndb.enforce_epistemic_kind() line 34 at RAISE",1,
16,SERIALIZABLE,A,1,0,,"CheckViolation: KNDB R5: attribute hba1c is registered as MEASURED, got INFERRED
HINT:  This is the primary trust-boundary check the paper demonstrates.
CONTEXT:  PL/pgSQL function kndb.enforce_epistemic_kind() line 34 at RAISE",1,
17,SERIALIZABLE,B,1,0,,"CheckViolation: KNDB R5: attribute hba1c is registered as MEASURED, got INFERRED
HINT:  This is the primary trust-boundary check the paper demonstrates.
CONTEXT:  PL/pgSQL function kndb.enforce_epistemic_kind() line 34 at RAISE",1,
18,SERIALIZABLE,B,1,0,,"CheckViolation: KNDB R5: attribute hba1c is registered as MEASURED, got INFERRED
HINT:  This is the primary trust-boundary check the paper demonstrates.
CONTEXT:  PL/pgSQL function kndb.enforce_epistemic_kind() line 34 at RAISE",1,
19,SERIALIZABLE,A,1,0,,"CheckViolation: KNDB R5: attribute hba1c is registered as MEASURED, got INFERRED
HINT:  This is the primary trust-boundary check the paper demonstrates.
CONTEXT:  PL/pgSQL function kndb.enforce_epistemic_kind() line 34 at RAISE",1,
20,SERIALIZABLE,B,1,0,,"CheckViolation: KNDB R5: attribute hba1c is registered as MEASURED, got INFERRED
HINT:  This is the primary trust-boundary check the paper demonstrates.
CONTEXT:  PL/pgSQL function kndb.enforce_epistemic_kind() line 34 at RAISE",1,
21,SERIALIZABLE,B,1,0,,"CheckViolation: KNDB R5: attribute hba1c is registered as MEASURED, got INFERRED
HINT:  This is the primary trust-boundary check the paper demonstrates.
CONTEXT:  PL/pgSQL function kndb.enforce_epistemic_kind() line 34 at RAISE",1,
22,SERIALIZABLE,A,1,0,,"CheckViolation: KNDB R5: attribute hba1c is registered as MEASURED, got INFERRED
HINT:  This is the primary trust-boundary check the paper demonstrates.
CONTEXT:  PL/pgSQL function kndb.enforce_epistemic_kind() line 34 at RAISE",1,
23,SERIALIZABLE,A,1,0,,"CheckViolation: KNDB R5: attribute hba1c is registered as MEASURED, got INFERRED
HINT:  This is the primary trust-boundary check the paper demonstrates.
CONTEXT:  PL/pgSQL function kndb.enforce_epistemic_kind() line 34 at RAISE",1,
24,SERIALIZABLE,B,1,0,,"CheckViolation: KNDB R5: attribute hba1c is registered as MEASURED, got INFERRED
HINT:  This is the primary trust-boundary check the paper demonstrates.
CONTEXT:  PL/pgSQL function kndb.enforce_epistemic_kind() line 34 at RAISE",1,
25,SERIALIZABLE,A,1,0,,"CheckViolation: KNDB R5: attribute hba1c is registered as MEASURED, got INFERRED
HINT:  This is the primary trust-boundary check the paper demonstrates.
CONTEXT:  PL/pgSQL function kndb.enforce_epistemic_kind() line 34 at RAISE",1,
26,SERIALIZABLE,A,1,0,,"CheckViolation: KNDB R5: attribute hba1c is registered as MEASURED, got INFERRED
HINT:  This is the primary trust-boundary check the paper demonstrates.
CONTEXT:  PL/pgSQL function kndb.enforce_epistemic_kind() line 34 at RAISE",1,
27,SERIALIZABLE,A,1,0,,"CheckViolation: KNDB R5: attribute hba1c is registered as MEASURED, got INFERRED
HINT:  This is the primary trust-boundary check the paper demonstrates.
CONTEXT:  PL/pgSQL function kndb.enforce_epistemic_kind() line 34 at RAISE",1,
28,SERIALIZABLE,B,1,0,,"CheckViolation: KNDB R5: attribute hba1c is registered as MEASURED, got INFERRED
HINT:  This is the primary trust-boundary check the paper demonstrates.
CONTEXT:  PL/pgSQL function kndb.enforce_epistemic_kind() line 34 at RAISE",1,
29,SERIALIZABLE,B,1,0,,"CheckViolation: KNDB R5: attribute hba1c is registered as MEASURED, got INFERRED
HINT:  This is the primary trust-boundary check the paper demonstrates.
CONTEXT:  PL/pgSQL function kndb.enforce_epistemic_kind() line 34 at RAISE",1,
30,SERIALIZABLE,B,1,0,,"CheckViolation: KNDB R5: attribute hba1c is registered as MEASURED, got INFERRED
HINT:  This is the primary trust-boundary check the paper demonstrates.
CONTEXT:  PL/pgSQL function kndb.enforce_epistemic_kind() line 34 at RAISE",1,
31,SERIALIZABLE,B,1,0,,"CheckViolation: KNDB R5: attribute hba1c is registered as MEASURED, got INFERRED
HINT:  This is the primary trust-boundary check the paper demonstrates.
CONTEXT:  PL/pgSQL function kndb.enforce_epistemic_kind() line 34 at RAISE",1,
32,SERIALIZABLE,B,1,0,,"CheckViolation: KNDB R5: attribute hba1c is registered as MEASURED, got INFERRED
HINT:  This is the primary trust-boundary check the paper demonstrates.
CONTEXT:  PL/pgSQL function kndb.enforce_epistemic_kind() line 34 at RAISE",1,
33,SERIALIZABLE,B,1,0,,"CheckViolation: KNDB R5: attribute hba1c is registered as MEASURED, got INFERRED
HINT:  This is the primary trust-boundary check the paper demonstrates.
CONTEXT:  PL/pgSQL function kndb.enforce_epistemic_kind() line 34 at RAISE",1,
34,SERIALIZABLE,A,1,0,,"CheckViolation: KNDB R5: attribute hba1c is registered as MEASURED, got INFERRED
HINT:  This is the primary trust-boundary check the paper demonstrates.
CONTEXT:  PL/pgSQL function kndb.enforce_epistemic_kind() line 34 at RAISE",1,
35,SERIALIZABLE,B,1,0,,"CheckViolation: KNDB R5: attribute hba1c is registered as MEASURED, got INFERRED
HINT:  This is the primary trust-boundary check the paper demonstrates.
CONTEXT:  PL/pgSQL function kndb.enforce_epistemic_kind() line 34 at RAISE",1,
36,SERIALIZABLE,B,1,0,,"CheckViolation: KNDB R5: attribute hba1c is registered as MEASURED, got INFERRED
HINT:  This is the primary trust-boundary check the paper demonstrates.
CONTEXT:  PL/pgSQL function kndb.enforce_epistemic_kind() line 34 at RAISE",1,
37,SERIALIZABLE,B,1,0,,"CheckViolation: KNDB R5: attribute hba1c is registered as MEASURED, got INFERRED
HINT:  This is the primary trust-boundary check the paper demonstrates.
CONTEXT:  PL/pgSQL function kndb.enforce_epistemic_kind() line 34 at RAISE",1,
38,SERIALIZABLE,B,1,0,,"CheckViolation: KNDB R5: attribute hba1c is registered as MEASURED, got INFERRED
HINT:  This is the primary trust-boundary check the paper demonstrates.
CONTEXT:  PL/pgSQL function kndb.enforce_epistemic_kind() line 34 at RAISE",1,
39,SERIALIZABLE,B,1,0,,"CheckViolation: KNDB R5: attribute hba1c is registered as MEASURED, got INFERRED
HINT:  This is the primary trust-boundary check the paper demonstrates.
CONTEXT:  PL/pgSQL function kndb.enforce_epistemic_kind() line 34 at RAISE",1,
40,SERIALIZABLE,B,1,0,,"CheckViolation: KNDB R5: attribute hba1c is registered as MEASURED, got INFERRED
HINT:  This is the primary trust-boundary check the paper demonstrates.
CONTEXT:  PL/pgSQL function kndb.enforce_epistemic_kind() line 34 at RAISE",1,
41,SERIALIZABLE,A,1,0,,"CheckViolation: KNDB R5: attribute hba1c is registered as MEASURED, got INFERRED
HINT:  This is the primary trust-boundary check the paper demonstrates.
CONTEXT:  PL/pgSQL function kndb.enforce_epistemic_kind() line 34 at RAISE",1,
42,SERIALIZABLE,A,1,0,,"CheckViolation: KNDB R5: attribute hba1c is registered as MEASURED, got INFERRED
HINT:  This is the primary trust-boundary check the paper demonstrates.
CONTEXT:  PL/pgSQL function kndb.enforce_epistemic_kind() line 34 at RAISE",1,
43,SERIALIZABLE,A,1,0,,"CheckViolation: KNDB R5: attribute hba1c is registered as MEASURED, got INFERRED
HINT:  This is the primary trust-boundary check the paper demonstrates.
CONTEXT:  PL/pgSQL function kndb.enforce_epistemic_kind() line 34 at RAISE",1,
44,SERIALIZABLE,A,1,0,,"CheckViolation: KNDB R5: attribute hba1c is registered as MEASURED, got INFERRED
HINT:  This is the primary trust-boundary check the paper demonstrates.
CONTEXT:  PL/pgSQL function kndb.enforce_epistemic_kind() line 34 at RAISE",1,
45,SERIALIZABLE,A,1,0,,"CheckViolation: KNDB R5: attribute hba1c is registered as MEASURED, got INFERRED
HINT:  This is the primary trust-boundary check the paper demonstrates.
CONTEXT:  PL/pgSQL function kndb.enforce_epistemic_kind() line 34 at RAISE",1,
46,SERIALIZABLE,A,1,0,,"CheckViolation: KNDB R5: attribute hba1c is registered as MEASURED, got INFERRED
HINT:  This is the primary trust-boundary check the paper demonstrates.
CONTEXT:  PL/pgSQL function kndb.enforce_epistemic_kind() line 34 at RAISE",1,
47,SERIALIZABLE,A,1,0,,"CheckViolation: KNDB R5: attribute hba1c is registered as MEASURED, got INFERRED
HINT:  This is the primary trust-boundary check the paper demonstrates.
CONTEXT:  PL/pgSQL function kndb.enforce_epistemic_kind() line 34 at RAISE",1,
48,SERIALIZABLE,B,1,0,,"CheckViolation: KNDB R5: attribute hba1c is registered as MEASURED, got INFERRED
HINT:  This is the primary trust-boundary check the paper demonstrates.
CONTEXT:  PL/pgSQL function kndb.enforce_epistemic_kind() line 34 at RAISE",1,
49,SERIALIZABLE,A,1,0,,"CheckViolation: KNDB R5: attribute hba1c is registered as MEASURED, got INFERRED
HINT:  This is the primary trust-boundary check the paper demonstrates.
CONTEXT:  PL/pgSQL function kndb.enforce_epistemic_kind() line 34 at RAISE",1,
50,SERIALIZABLE,A,1,0,,"CheckViolation: KNDB R5: attribute hba1c is registered as MEASURED, got INFERRED
HINT:  This is the primary trust-boundary check the paper demonstrates.
CONTEXT:  PL/pgSQL function kndb.enforce_epistemic_kind() line 34 at RAISE",1,
51,SERIALIZABLE,A,1,0,,"CheckViolation: KNDB R5: attribute hba1c is registered as MEASURED, got INFERRED
HINT:  This is the primary trust-boundary check the paper demonstrates.
CONTEXT:  PL/pgSQL function kndb.enforce_epistemic_kind() line 34 at RAISE",1,
52,SERIALIZABLE,A,1,0,,"CheckViolation: KNDB R5: attribute hba1c is registered as MEASURED, got INFERRED
HINT:  This is the primary trust-boundary check the paper demonstrates.
CONTEXT:  PL/pgSQL function kndb.enforce_epistemic_kind() line 34 at RAISE",1,
53,SERIALIZABLE,B,1,0,,"CheckViolation: KNDB R5: attribute hba1c is registered as MEASURED, got INFERRED
HINT:  This is the primary trust-boundary check the paper demonstrates.
CONTEXT:  PL/pgSQL function kndb.enforce_epistemic_kind() line 34 at RAISE",1,
54,SERIALIZABLE,B,1,0,,"CheckViolation: KNDB R5: attribute hba1c is registered as MEASURED, got INFERRED
HINT:  This is the primary trust-boundary check the paper demonstrates.
CONTEXT:  PL/pgSQL function kndb.enforce_epistemic_kind() line 34 at RAISE",1,
55,SERIALIZABLE,B,1,0,,"CheckViolation: KNDB R5: attribute hba1c is registered as MEASURED, got INFERRED
HINT:  This is the primary trust-boundary check the paper demonstrates.
CONTEXT:  PL/pgSQL function kndb.enforce_epistemic_kind() line 34 at RAISE",1,
56,SERIALIZABLE,A,1,0,,"CheckViolation: KNDB R5: attribute hba1c is registered as MEASURED, got INFERRED
HINT:  This is the primary trust-boundary check the paper demonstrates.
CONTEXT:  PL/pgSQL function kndb.enforce_epistemic_kind() line 34 at RAISE",1,
57,SERIALIZABLE,B,1,0,,"CheckViolation: KNDB R5: attribute hba1c is registered as MEASURED, got INFERRED
HINT:  This is the primary trust-boundary check the paper demonstrates.
CONTEXT:  PL/pgSQL function kndb.enforce_epistemic_kind() line 34 at RAISE",1,
58,SERIALIZABLE,A,1,0,,"CheckViolation: KNDB R5: attribute hba1c is registered as MEASURED, got INFERRED
HINT:  This is the primary trust-boundary check the paper demonstrates.
CONTEXT:  PL/pgSQL function kndb.enforce_epistemic_kind() line 34 at RAISE",1,
59,SERIALIZABLE,A,1,0,,"CheckViolation: KNDB R5: attribute hba1c is registered as MEASURED, got INFERRED
HINT:  This is the primary trust-boundary check the paper demonstrates.
CONTEXT:  PL/pgSQL function kndb.enforce_epistemic_kind() line 34 at RAISE",1,
60,SERIALIZABLE,B,1,0,,"CheckViolation: KNDB R5: attribute hba1c is registered as MEASURED, got INFERRED
HINT:  This is the primary trust-boundary check the paper demonstrates.
CONTEXT:  PL/pgSQL function kndb.enforce_epistemic_kind() line 34 at RAISE",1,
61,SERIALIZABLE,B,1,0,,"CheckViolation: KNDB R5: attribute hba1c is registered as MEASURED, got INFERRED
HINT:  This is the primary trust-boundary check the paper demonstrates.
CONTEXT:  PL/pgSQL function kndb.enforce_epistemic_kind() line 34 at RAISE",1,
62,SERIALIZABLE,B,1,0,,"CheckViolation: KNDB R5: attribute hba1c is registered as MEASURED, got INFERRED
HINT:  This is the primary trust-boundary check the paper demonstrates.
CONTEXT:  PL/pgSQL function kndb.enforce_epistemic_kind() line 34 at RAISE",1,
63,SERIALIZABLE,B,1,0,,"CheckViolation: KNDB R5: attribute hba1c is registered as MEASURED, got INFERRED
HINT:  This is the primary trust-boundary check the paper demonstrates.
CONTEXT:  PL/pgSQL function kndb.enforce_epistemic_kind() line 34 at RAISE",1,
64,SERIALIZABLE,B,1,0,,"CheckViolation: KNDB R5: attribute hba1c is registered as MEASURED, got INFERRED
HINT:  This is the primary trust-boundary check the paper demonstrates.
CONTEXT:  PL/pgSQL function kndb.enforce_epistemic_kind() line 34 at RAISE",1,
65,SERIALIZABLE,B,1,0,,"CheckViolation: KNDB R5: attribute hba1c is registered as MEASURED, got INFERRED
HINT:  This is the primary trust-boundary check the paper demonstrates.
CONTEXT:  PL/pgSQL function kndb.enforce_epistemic_kind() line 34 at RAISE",1,
66,SERIALIZABLE,A,1,0,,"CheckViolation: KNDB R5: attribute hba1c is registered as MEASURED, got INFERRED
HINT:  This is the primary trust-boundary check the paper demonstrates.
CONTEXT:  PL/pgSQL function kndb.enforce_epistemic_kind() line 34 at RAISE",1,
67,SERIALIZABLE,A,1,0,,"CheckViolation: KNDB R5: attribute hba1c is registered as MEASURED, got INFERRED
HINT:  This is the primary trust-boundary check the paper demonstrates.
CONTEXT:  PL/pgSQL function kndb.enforce_epistemic_kind() line 34 at RAISE",1,
68,SERIALIZABLE,A,1,0,,"CheckViolation: KNDB R5: attribute hba1c is registered as MEASURED, got INFERRED
HINT:  This is the primary trust-boundary check the paper demonstrates.
CONTEXT:  PL/pgSQL function kndb.enforce_epistemic_kind() line 34 at RAISE",1,
69,SERIALIZABLE,A,1,0,,"CheckViolation: KNDB R5: attribute hba1c is registered as MEASURED, got INFERRED
HINT:  This is the primary trust-boundary check the paper demonstrates.
CONTEXT:  PL/pgSQL function kndb.enforce_epistemic_kind() line 34 at RAISE",1,
70,SERIALIZABLE,A,1,0,,"CheckViolation: KNDB R5: attribute hba1c is registered as MEASURED, got INFERRED
HINT:  This is the primary trust-boundary check the paper demonstrates.
CONTEXT:  PL/pgSQL function kndb.enforce_epistemic_kind() line 34 at RAISE",1,
71,SERIALIZABLE,B,1,0,,"CheckViolation: KNDB R5: attribute hba1c is registered as MEASURED, got INFERRED
HINT:  This is the primary trust-boundary check the paper demonstrates.
CONTEXT:  PL/pgSQL function kndb.enforce_epistemic_kind() line 34 at RAISE",1,
72,SERIALIZABLE,B,1,0,,"CheckViolation: KNDB R5: attribute hba1c is registered as MEASURED, got INFERRED
HINT:  This is the primary trust-boundary check the paper demonstrates.
CONTEXT:  PL/pgSQL function kndb.enforce_epistemic_kind() line 34 at RAISE",1,
73,SERIALIZABLE,A,1,0,,"CheckViolation: KNDB R5: attribute hba1c is registered as MEASURED, got INFERRED
HINT:  This is the primary trust-boundary check the paper demonstrates.
CONTEXT:  PL/pgSQL function kndb.enforce_epistemic_kind() line 34 at RAISE",1,
74,SERIALIZABLE,B,1,0,,"CheckViolation: KNDB R5: attribute hba1c is registered as MEASURED, got INFERRED
HINT:  This is the primary trust-boundary check the paper demonstrates.
CONTEXT:  PL/pgSQL function kndb.enforce_epistemic_kind() line 34 at RAISE",1,
75,SERIALIZABLE,A,1,0,,"CheckViolation: KNDB R5: attribute hba1c is registered as MEASURED, got INFERRED
HINT:  This is the primary trust-boundary check the paper demonstrates.
CONTEXT:  PL/pgSQL function kndb.enforce_epistemic_kind() line 34 at RAISE",1,
76,SERIALIZABLE,B,1,0,,"CheckViolation: KNDB R5: attribute hba1c is registered as MEASURED, got INFERRED
HINT:  This is the primary trust-boundary check the paper demonstrates.
CONTEXT:  PL/pgSQL function kndb.enforce_epistemic_kind() line 34 at RAISE",1,
77,SERIALIZABLE,A,1,0,,"CheckViolation: KNDB R5: attribute hba1c is registered as MEASURED, got INFERRED
HINT:  This is the primary trust-boundary check the paper demonstrates.
CONTEXT:  PL/pgSQL function kndb.enforce_epistemic_kind() line 34 at RAISE",1,
78,SERIALIZABLE,A,1,0,,"CheckViolation: KNDB R5: attribute hba1c is registered as MEASURED, got INFERRED
HINT:  This is the primary trust-boundary check the paper demonstrates.
CONTEXT:  PL/pgSQL function kndb.enforce_epistemic_kind() line 34 at RAISE",1,
79,SERIALIZABLE,A,1,0,,"CheckViolation: KNDB R5: attribute hba1c is registered as MEASURED, got INFERRED
HINT:  This is the primary trust-boundary check the paper demonstrates.
CONTEXT:  PL/pgSQL function kndb.enforce_epistemic_kind() line 34 at RAISE",1,
80,SERIALIZABLE,B,1,0,,"CheckViolation: KNDB R5: attribute hba1c is registered as MEASURED, got INFERRED
HINT:  This is the primary trust-boundary check the paper demonstrates.
CONTEXT:  PL/pgSQL function kndb.enforce_epistemic_kind() line 34 at RAISE",1,
81,SERIALIZABLE,A,1,0,,"CheckViolation: KNDB R5: attribute hba1c is registered as MEASURED, got INFERRED
HINT:  This is the primary trust-boundary check the paper demonstrates.
CONTEXT:  PL/pgSQL function kndb.enforce_epistemic_kind() line 34 at RAISE",1,
82,SERIALIZABLE,B,1,0,,"CheckViolation: KNDB R5: attribute hba1c is registered as MEASURED, got INFERRED
HINT:  This is the primary trust-boundary check the paper demonstrates.
CONTEXT:  PL/pgSQL function kndb.enforce_epistemic_kind() line 34 at RAISE",1,
83,SERIALIZABLE,B,1,0,,"CheckViolation: KNDB R5: attribute hba1c is registered as MEASURED, got INFERRED
HINT:  This is the primary trust-boundary check the paper demonstrates.
CONTEXT:  PL/pgSQL function kndb.enforce_epistemic_kind() line 34 at RAISE",1,
84,SERIALIZABLE,A,1,0,,"CheckViolation: KNDB R5: attribute hba1c is registered as MEASURED, got INFERRED
HINT:  This is the primary trust-boundary check the paper demonstrates.
CONTEXT:  PL/pgSQL function kndb.enforce_epistemic_kind() line 34 at RAISE",1,
85,SERIALIZABLE,A,1,0,,"CheckViolation: KNDB R5: attribute hba1c is registered as MEASURED, got INFERRED
HINT:  This is the primary trust-boundary check the paper demonstrates.
CONTEXT:  PL/pgSQL function kndb.enforce_epistemic_kind() line 34 at RAISE",1,
86,SERIALIZABLE,B,1,0,,"CheckViolation: KNDB R5: attribute hba1c is registered as MEASURED, got INFERRED
HINT:  This is the primary trust-boundary check the paper demonstrates.
CONTEXT:  PL/pgSQL function kndb.enforce_epistemic_kind() line 34 at RAISE",1,
87,SERIALIZABLE,B,1,0,,"CheckViolation: KNDB R5: attribute hba1c is registered as MEASURED, got INFERRED
HINT:  This is the primary trust-boundary check the paper demonstrates.
CONTEXT:  PL/pgSQL function kndb.enforce_epistemic_kind() line 34 at RAISE",1,
88,SERIALIZABLE,A,1,0,,"CheckViolation: KNDB R5: attribute hba1c is registered as MEASURED, got INFERRED
HINT:  This is the primary trust-boundary check the paper demonstrates.
CONTEXT:  PL/pgSQL function kndb.enforce_epistemic_kind() line 34 at RAISE",1,
89,SERIALIZABLE,A,1,0,,"CheckViolation: KNDB R5: attribute hba1c is registered as MEASURED, got INFERRED
HINT:  This is the primary trust-boundary check the paper demonstrates.
CONTEXT:  PL/pgSQL function kndb.enforce_epistemic_kind() line 34 at RAISE",1,
90,SERIALIZABLE,A,1,0,,"CheckViolation: KNDB R5: attribute hba1c is registered as MEASURED, got INFERRED
HINT:  This is the primary trust-boundary check the paper demonstrates.
CONTEXT:  PL/pgSQL function kndb.enforce_epistemic_kind() line 34 at RAISE",1,
91,SERIALIZABLE,B,1,0,,"CheckViolation: KNDB R5: attribute hba1c is registered as MEASURED, got INFERRED
HINT:  This is the primary trust-boundary check the paper demonstrates.
CONTEXT:  PL/pgSQL function kndb.enforce_epistemic_kind() line 34 at RAISE",1,
92,SERIALIZABLE,B,1,0,,"CheckViolation: KNDB R5: attribute hba1c is registered as MEASURED, got INFERRED
HINT:  This is the primary trust-boundary check the paper demonstrates.
CONTEXT:  PL/pgSQL function kndb.enforce_epistemic_kind() line 34 at RAISE",1,
93,SERIALIZABLE,A,1,0,,"CheckViolation: KNDB R5: attribute hba1c is registered as MEASURED, got INFERRED
HINT:  This is the primary trust-boundary check the paper demonstrates.
CONTEXT:  PL/pgSQL function kndb.enforce_epistemic_kind() line 34 at RAISE",1,
94,SERIALIZABLE,A,1,0,,"CheckViolation: KNDB R5: attribute hba1c is registered as MEASURED, got INFERRED
HINT:  This is the primary trust-boundary check the paper demonstrates.
CONTEXT:  PL/pgSQL function kndb.enforce_epistemic_kind() line 34 at RAISE",1,
95,SERIALIZABLE,A,1,0,,"CheckViolation: KNDB R5: attribute hba1c is registered as MEASURED, got INFERRED
HINT:  This is the primary trust-boundary check the paper demonstrates.
CONTEXT:  PL/pgSQL function kndb.enforce_epistemic_kind() line 34 at RAISE",1,
96,SERIALIZABLE,B,1,0,,"CheckViolation: KNDB R5: attribute hba1c is registered as MEASURED, got INFERRED
HINT:  This is the primary trust-boundary check the paper demonstrates.
CONTEXT:  PL/pgSQL function kndb.enforce_epistemic_kind() line 34 at RAISE",1,
97,SERIALIZABLE,B,1,0,,"CheckViolation: KNDB R5: attribute hba1c is registered as MEASURED, got INFERRED
HINT:  This is the primary trust-boundary check the paper demonstrates.
CONTEXT:  PL/pgSQL function kndb.enforce_epistemic_kind() line 34 at RAISE",1,
98,SERIALIZABLE,B,1,0,,"CheckViolation: KNDB R5: attribute hba1c is registered as MEASURED, got INFERRED
HINT:  This is the primary trust-boundary check the paper demonstrates.
CONTEXT:  PL/pgSQL function kndb.enforce_epistemic_kind() line 34 at RAISE",1,
99,SERIALIZABLE,B,1,0,,"CheckViolation: KNDB R5: attribute hba1c is registered as MEASURED, got INFERRED
HINT:  This is the primary trust-boundary check the paper demonstrates.
CONTEXT:  PL/pgSQL function kndb.enforce_epistemic_kind() line 34 at RAISE",1,
100,SERIALIZABLE,A,1,0,,"CheckViolation: KNDB R5: attribute hba1c is registered as MEASURED, got INFERRED
HINT:  This is the primary trust-boundary check the paper demonstrates.
CONTEXT:  PL/pgSQL function kndb.enforce_epistemic_kind() line 34 at RAISE",1,
101,SERIALIZABLE,B,1,0,,"CheckViolation: KNDB R5: attribute hba1c is registered as MEASURED, got INFERRED
HINT:  This is the primary trust-boundary check the paper demonstrates.
CONTEXT:  PL/pgSQL function kndb.enforce_epistemic_kind() line 34 at RAISE",1,
102,SERIALIZABLE,B,1,0,,"CheckViolation: KNDB R5: attribute hba1c is registered as MEASURED, got INFERRED
HINT:  This is the primary trust-boundary check the paper demonstrates.
CONTEXT:  PL/pgSQL function kndb.enforce_epistemic_kind() line 34 at RAISE",1,
103,SERIALIZABLE,B,1,0,,"CheckViolation: KNDB R5: attribute hba1c is registered as MEASURED, got INFERRED
HINT:  This is the primary trust-boundary check the paper demonstrates.
CONTEXT:  PL/pgSQL function kndb.enforce_epistemic_kind() line 34 at RAISE",1,
104,SERIALIZABLE,A,1,0,,"CheckViolation: KNDB R5: attribute hba1c is registered as MEASURED, got INFERRED
HINT:  This is the primary trust-boundary check the paper demonstrates.
CONTEXT:  PL/pgSQL function kndb.enforce_epistemic_kind() line 34 at RAISE",1,
105,SERIALIZABLE,B,1,0,,"CheckViolation: KNDB R5: attribute hba1c is registered as MEASURED, got INFERRED
HINT:  This is the primary trust-boundary check the paper demonstrates.
CONTEXT:  PL/pgSQL function kndb.enforce_epistemic_kind() line 34 at RAISE",1,
106,SERIALIZABLE,A,1,0,,"CheckViolation: KNDB R5: attribute hba1c is registered as MEASURED, got INFERRED
HINT:  This is the primary trust-boundary check the paper demonstrates.
CONTEXT:  PL/pgSQL function kndb.enforce_epistemic_kind() line 34 at RAISE",1,
107,SERIALIZABLE,A,1,0,,"CheckViolation: KNDB R5: attribute hba1c is registered as MEASURED, got INFERRED
HINT:  This is the primary trust-boundary check the paper demonstrates.
CONTEXT:  PL/pgSQL function kndb.enforce_epistemic_kind() line 34 at RAISE",1,
108,SERIALIZABLE,A,1,0,,"CheckViolation: KNDB R5: attribute hba1c is registered as MEASURED, got INFERRED
HINT:  This is the primary trust-boundary check the paper demonstrates.
CONTEXT:  PL/pgSQL function kndb.enforce_epistemic_kind() line 34 at RAISE",1,
109,SERIALIZABLE,B,1,0,,"CheckViolation: KNDB R5: attribute hba1c is registered as MEASURED, got INFERRED
HINT:  This is the primary trust-boundary check the paper demonstrates.
CONTEXT:  PL/pgSQL function kndb.enforce_epistemic_kind() line 34 at RAISE",1,
110,SERIALIZABLE,B,1,0,,"CheckViolation: KNDB R5: attribute hba1c is registered as MEASURED, got INFERRED
HINT:  This is the primary trust-boundary check the paper demonstrates.
CONTEXT:  PL/pgSQL function kndb.enforce_epistemic_kind() line 34 at RAISE",1,
111,SERIALIZABLE,A,1,0,,"CheckViolation: KNDB R5: attribute hba1c is registered as MEASURED, got INFERRED
HINT:  This is the primary trust-boundary check the paper demonstrates.
CONTEXT:  PL/pgSQL function kndb.enforce_epistemic_kind() line 34 at RAISE",1,
112,SERIALIZABLE,B,1,0,,"CheckViolation: KNDB R5: attribute hba1c is registered as MEASURED, got INFERRED
HINT:  This is the primary trust-boundary check the paper demonstrates.
CONTEXT:  PL/pgSQL function kndb.enforce_epistemic_kind() line 34 at RAISE",1,
113,SERIALIZABLE,A,1,0,,"CheckViolation: KNDB R5: attribute hba1c is registered as MEASURED, got INFERRED
HINT:  This is the primary trust-boundary check the paper demonstrates.
CONTEXT:  PL/pgSQL function kndb.enforce_epistemic_kind() line 34 at RAISE",1,
114,SERIALIZABLE,B,1,0,,"CheckViolation: KNDB R5: attribute hba1c is registered as MEASURED, got INFERRED
HINT:  This is the primary trust-boundary check the paper demonstrates.
CONTEXT:  PL/pgSQL function kndb.enforce_epistemic_kind() line 34 at RAISE",1,
115,SERIALIZABLE,B,1,0,,"CheckViolation: KNDB R5: attribute hba1c is registered as MEASURED, got INFERRED
HINT:  This is the primary trust-boundary check the paper demonstrates.
CONTEXT:  PL/pgSQL function kndb.enforce_epistemic_kind() line 34 at RAISE",1,
116,SERIALIZABLE,A,1,0,,"CheckViolation: KNDB R5: attribute hba1c is registered as MEASURED, got INFERRED
HINT:  This is the primary trust-boundary check the paper demonstrates.
CONTEXT:  PL/pgSQL function kndb.enforce_epistemic_kind() line 34 at RAISE",1,
117,SERIALIZABLE,B,1,0,,"CheckViolation: KNDB R5: attribute hba1c is registered as MEASURED, got INFERRED
HINT:  This is the primary trust-boundary check the paper demonstrates.
CONTEXT:  PL/pgSQL function kndb.enforce_epistemic_kind() line 34 at RAISE",1,
118,SERIALIZABLE,B,1,0,,"CheckViolation: KNDB R5: attribute hba1c is registered as MEASURED, got INFERRED
HINT:  This is the primary trust-boundary check the paper demonstrates.
CONTEXT:  PL/pgSQL function kndb.enforce_epistemic_kind() line 34 at RAISE",1,
119,SERIALIZABLE,A,1,0,,"CheckViolation: KNDB R5: attribute hba1c is registered as MEASURED, got INFERRED
HINT:  This is the primary trust-boundary check the paper demonstrates.
CONTEXT:  PL/pgSQL function kndb.enforce_epistemic_kind() line 34 at RAISE",1,
120,SERIALIZABLE,B,1,0,,"CheckViolation: KNDB R5: attribute hba1c is registered as MEASURED, got INFERRED
HINT:  This is the primary trust-boundary check the paper demonstrates.
CONTEXT:  PL/pgSQL function kndb.enforce_epistemic_kind() line 34 at RAISE",1,
121,SERIALIZABLE,B,1,0,,"CheckViolation: KNDB R5: attribute hba1c is registered as MEASURED, got INFERRED
HINT:  This is the primary trust-boundary check the paper demonstrates.
CONTEXT:  PL/pgSQL function kndb.enforce_epistemic_kind() line 34 at RAISE",1,
122,SERIALIZABLE,B,1,0,,"CheckViolation: KNDB R5: attribute hba1c is registered as MEASURED, got INFERRED
HINT:  This is the primary trust-boundary check the paper demonstrates.
CONTEXT:  PL/pgSQL function kndb.enforce_epistemic_kind() line 34 at RAISE",1,
123,SERIALIZABLE,B,1,0,,"CheckViolation: KNDB R5: attribute hba1c is registered as MEASURED, got INFERRED
HINT:  This is the primary trust-boundary check the paper demonstrates.
CONTEXT:  PL/pgSQL function kndb.enforce_epistemic_kind() line 34 at RAISE",1,
124,SERIALIZABLE,A,1,0,,"CheckViolation: KNDB R5: attribute hba1c is registered as MEASURED, got INFERRED
HINT:  This is the primary trust-boundary check the paper demonstrates.
CONTEXT:  PL/pgSQL function kndb.enforce_epistemic_kind() line 34 at RAISE",1,
125,SERIALIZABLE,A,1,0,,"CheckViolation: KNDB R5: attribute hba1c is registered as MEASURED, got INFERRED
HINT:  This is the primary trust-boundary check the paper demonstrates.
CONTEXT:  PL/pgSQL function kndb.enforce_epistemic_kind() line 34 at RAISE",1,
126,SERIALIZABLE,A,1,0,,"CheckViolation: KNDB R5: attribute hba1c is registered as MEASURED, got INFERRED
HINT:  This is the primary trust-boundary check the paper demonstrates.
CONTEXT:  PL/pgSQL function kndb.enforce_epistemic_kind() line 34 at RAISE",1,
127,SERIALIZABLE,B,1,0,,"CheckViolation: KNDB R5: attribute hba1c is registered as MEASURED, got INFERRED
HINT:  This is the primary trust-boundary check the paper demonstrates.
CONTEXT:  PL/pgSQL function kndb.enforce_epistemic_kind() line 34 at RAISE",1,
128,SERIALIZABLE,B,1,0,,"CheckViolation: KNDB R5: attribute hba1c is registered as MEASURED, got INFERRED
HINT:  This is the primary trust-boundary check the paper demonstrates.
CONTEXT:  PL/pgSQL function kndb.enforce_epistemic_kind() line 34 at RAISE",1,
129,SERIALIZABLE,B,1,0,,"CheckViolation: KNDB R5: attribute hba1c is registered as MEASURED, got INFERRED
HINT:  This is the primary trust-boundary check the paper demonstrates.
CONTEXT:  PL/pgSQL function kndb.enforce_epistemic_kind() line 34 at RAISE",1,
130,SERIALIZABLE,A,1,0,,"CheckViolation: KNDB R5: attribute hba1c is registered as MEASURED, got INFERRED
HINT:  This is the primary trust-boundary check the paper demonstrates.
CONTEXT:  PL/pgSQL function kndb.enforce_epistemic_kind() line 34 at RAISE",1,
131,SERIALIZABLE,A,1,0,,"CheckViolation: KNDB R5: attribute hba1c is registered as MEASURED, got INFERRED
HINT:  This is the primary trust-boundary check the paper demonstrates.
CONTEXT:  PL/pgSQL function kndb.enforce_epistemic_kind() line 34 at RAISE",1,
132,SERIALIZABLE,B,1,0,,"CheckViolation: KNDB R5: attribute hba1c is registered as MEASURED, got INFERRED
HINT:  This is the primary trust-boundary check the paper demonstrates.
CONTEXT:  PL/pgSQL function kndb.enforce_epistemic_kind() line 34 at RAISE",1,
133,SERIALIZABLE,B,1,0,,"CheckViolation: KNDB R5: attribute hba1c is registered as MEASURED, got INFERRED
HINT:  This is the primary trust-boundary check the paper demonstrates.
CONTEXT:  PL/pgSQL function kndb.enforce_epistemic_kind() line 34 at RAISE",1,
134,SERIALIZABLE,A,1,0,,"CheckViolation: KNDB R5: attribute hba1c is registered as MEASURED, got INFERRED
HINT:  This is the primary trust-boundary check the paper demonstrates.
CONTEXT:  PL/pgSQL function kndb.enforce_epistemic_kind() line 34 at RAISE",1,
135,SERIALIZABLE,A,1,0,,"CheckViolation: KNDB R5: attribute hba1c is registered as MEASURED, got INFERRED
HINT:  This is the primary trust-boundary check the paper demonstrates.
CONTEXT:  PL/pgSQL function kndb.enforce_epistemic_kind() line 34 at RAISE",1,
136,SERIALIZABLE,A,1,0,,"CheckViolation: KNDB R5: attribute hba1c is registered as MEASURED, got INFERRED
HINT:  This is the primary trust-boundary check the paper demonstrates.
CONTEXT:  PL/pgSQL function kndb.enforce_epistemic_kind() line 34 at RAISE",1,
137,SERIALIZABLE,B,1,0,,"CheckViolation: KNDB R5: attribute hba1c is registered as MEASURED, got INFERRED
HINT:  This is the primary trust-boundary check the paper demonstrates.
CONTEXT:  PL/pgSQL function kndb.enforce_epistemic_kind() line 34 at RAISE",1,
138,SERIALIZABLE,B,1,0,,"CheckViolation: KNDB R5: attribute hba1c is registered as MEASURED, got INFERRED
HINT:  This is the primary trust-boundary check the paper demonstrates.
CONTEXT:  PL/pgSQL function kndb.enforce_epistemic_kind() line 34 at RAISE",1,
139,SERIALIZABLE,A,1,0,,"CheckViolation: KNDB R5: attribute hba1c is registered as MEASURED, got INFERRED
HINT:  This is the primary trust-boundary check the paper demonstrates.
CONTEXT:  PL/pgSQL function kndb.enforce_epistemic_kind() line 34 at RAISE",1,
140,SERIALIZABLE,A,1,0,,"CheckViolation: KNDB R5: attribute hba1c is registered as MEASURED, got INFERRED
HINT:  This is the primary trust-boundary check the paper demonstrates.
CONTEXT:  PL/pgSQL function kndb.enforce_epistemic_kind() line 34 at RAISE",1,
141,SERIALIZABLE,B,1,0,,"CheckViolation: KNDB R5: attribute hba1c is registered as MEASURED, got INFERRED
HINT:  This is the primary trust-boundary check the paper demonstrates.
CONTEXT:  PL/pgSQL function kndb.enforce_epistemic_kind() line 34 at RAISE",1,
142,SERIALIZABLE,A,1,0,,"CheckViolation: KNDB R5: attribute hba1c is registered as MEASURED, got INFERRED
HINT:  This is the primary trust-boundary check the paper demonstrates.
CONTEXT:  PL/pgSQL function kndb.enforce_epistemic_kind() line 34 at RAISE",1,
143,SERIALIZABLE,B,1,0,,"CheckViolation: KNDB R5: attribute hba1c is registered as MEASURED, got INFERRED
HINT:  This is the primary trust-boundary check the paper demonstrates.
CONTEXT:  PL/pgSQL function kndb.enforce_epistemic_kind() line 34 at RAISE",1,
144,SERIALIZABLE,A,1,0,,"CheckViolation: KNDB R5: attribute hba1c is registered as MEASURED, got INFERRED
HINT:  This is the primary trust-boundary check the paper demonstrates.
CONTEXT:  PL/pgSQL function kndb.enforce_epistemic_kind() line 34 at RAISE",1,
145,SERIALIZABLE,A,1,0,,"CheckViolation: KNDB R5: attribute hba1c is registered as MEASURED, got INFERRED
HINT:  This is the primary trust-boundary check the paper demonstrates.
CONTEXT:  PL/pgSQL function kndb.enforce_epistemic_kind() line 34 at RAISE",1,
146,SERIALIZABLE,B,1,0,,"CheckViolation: KNDB R5: attribute hba1c is registered as MEASURED, got INFERRED
HINT:  This is the primary trust-boundary check the paper demonstrates.
CONTEXT:  PL/pgSQL function kndb.enforce_epistemic_kind() line 34 at RAISE",1,
147,SERIALIZABLE,B,1,0,,"CheckViolation: KNDB R5: attribute hba1c is registered as MEASURED, got INFERRED
HINT:  This is the primary trust-boundary check the paper demonstrates.
CONTEXT:  PL/pgSQL function kndb.enforce_epistemic_kind() line 34 at RAISE",1,
148,SERIALIZABLE,A,1,0,,"CheckViolation: KNDB R5: attribute hba1c is registered as MEASURED, got INFERRED
HINT:  This is the primary trust-boundary check the paper demonstrates.
CONTEXT:  PL/pgSQL function kndb.enforce_epistemic_kind() line 34 at RAISE",1,
149,SERIALIZABLE,A,1,0,,"CheckViolation: KNDB R5: attribute hba1c is registered as MEASURED, got INFERRED
HINT:  This is the primary trust-boundary check the paper demonstrates.
CONTEXT:  PL/pgSQL function kndb.enforce_epistemic_kind() line 34 at RAISE",1,
150,SERIALIZABLE,B,1,0,,"CheckViolation: KNDB R5: attribute hba1c is registered as MEASURED, got INFERRED
HINT:  This is the primary trust-boundary check the paper demonstrates.
CONTEXT:  PL/pgSQL function kndb.enforce_epistemic_kind() line 34 at RAISE",1,
151,SERIALIZABLE,B,1,0,,"CheckViolation: KNDB R5: attribute hba1c is registered as MEASURED, got INFERRED
HINT:  This is the primary trust-boundary check the paper demonstrates.
CONTEXT:  PL/pgSQL function kndb.enforce_epistemic_kind() line 34 at RAISE",1,
152,SERIALIZABLE,A,1,0,,"CheckViolation: KNDB R5: attribute hba1c is registered as MEASURED, got INFERRED
HINT:  This is the primary trust-boundary check the paper demonstrates.
CONTEXT:  PL/pgSQL function kndb.enforce_epistemic_kind() line 34 at RAISE",1,
153,SERIALIZABLE,B,1,0,,"CheckViolation: KNDB R5: attribute hba1c is registered as MEASURED, got INFERRED
HINT:  This is the primary trust-boundary check the paper demonstrates.
CONTEXT:  PL/pgSQL function kndb.enforce_epistemic_kind() line 34 at RAISE",1,
154,SERIALIZABLE,A,1,0,,"CheckViolation: KNDB R5: attribute hba1c is registered as MEASURED, got INFERRED
HINT:  This is the primary trust-boundary check the paper demonstrates.
CONTEXT:  PL/pgSQL function kndb.enforce_epistemic_kind() line 34 at RAISE",1,
155,SERIALIZABLE,A,1,0,,"CheckViolation: KNDB R5: attribute hba1c is registered as MEASURED, got INFERRED
HINT:  This is the primary trust-boundary check the paper demonstrates.
CONTEXT:  PL/pgSQL function kndb.enforce_epistemic_kind() line 34 at RAISE",1,
156,SERIALIZABLE,A,1,0,,"CheckViolation: KNDB R5: attribute hba1c is registered as MEASURED, got INFERRED
HINT:  This is the primary trust-boundary check the paper demonstrates.
CONTEXT:  PL/pgSQL function kndb.enforce_epistemic_kind() line 34 at RAISE",1,
157,SERIALIZABLE,B,1,0,,"CheckViolation: KNDB R5: attribute hba1c is registered as MEASURED, got INFERRED
HINT:  This is the primary trust-boundary check the paper demonstrates.
CONTEXT:  PL/pgSQL function kndb.enforce_epistemic_kind() line 34 at RAISE",1,
158,SERIALIZABLE,A,1,0,,"CheckViolation: KNDB R5: attribute hba1c is registered as MEASURED, got INFERRED
HINT:  This is the primary trust-boundary check the paper demonstrates.
CONTEXT:  PL/pgSQL function kndb.enforce_epistemic_kind() line 34 at RAISE",1,
159,SERIALIZABLE,A,1,0,,"CheckViolation: KNDB R5: attribute hba1c is registered as MEASURED, got INFERRED
HINT:  This is the primary trust-boundary check the paper demonstrates.
CONTEXT:  PL/pgSQL function kndb.enforce_epistemic_kind() line 34 at RAISE",1,
160,SERIALIZABLE,A,1,0,,"CheckViolation: KNDB R5: attribute hba1c is registered as MEASURED, got INFERRED
HINT:  This is the primary trust-boundary check the paper demonstrates.
CONTEXT:  PL/pgSQL function kndb.enforce_epistemic_kind() line 34 at RAISE",1,
161,SERIALIZABLE,B,1,0,,"CheckViolation: KNDB R5: attribute hba1c is registered as MEASURED, got INFERRED
HINT:  This is the primary trust-boundary check the paper demonstrates.
CONTEXT:  PL/pgSQL function kndb.enforce_epistemic_kind() line 34 at RAISE",1,
162,SERIALIZABLE,A,1,0,,"CheckViolation: KNDB R5: attribute hba1c is registered as MEASURED, got INFERRED
HINT:  This is the primary trust-boundary check the paper demonstrates.
CONTEXT:  PL/pgSQL function kndb.enforce_epistemic_kind() line 34 at RAISE",1,
163,SERIALIZABLE,B,1,0,,"CheckViolation: KNDB R5: attribute hba1c is registered as MEASURED, got INFERRED
HINT:  This is the primary trust-boundary check the paper demonstrates.
CONTEXT:  PL/pgSQL function kndb.enforce_epistemic_kind() line 34 at RAISE",1,
164,SERIALIZABLE,B,1,0,,"CheckViolation: KNDB R5: attribute hba1c is registered as MEASURED, got INFERRED
HINT:  This is the primary trust-boundary check the paper demonstrates.
CONTEXT:  PL/pgSQL function kndb.enforce_epistemic_kind() line 34 at RAISE",1,
165,SERIALIZABLE,A,1,0,,"CheckViolation: KNDB R5: attribute hba1c is registered as MEASURED, got INFERRED
HINT:  This is the primary trust-boundary check the paper demonstrates.
CONTEXT:  PL/pgSQL function kndb.enforce_epistemic_kind() line 34 at RAISE",1,
166,SERIALIZABLE,A,1,0,,"CheckViolation: KNDB R5: attribute hba1c is registered as MEASURED, got INFERRED
HINT:  This is the primary trust-boundary check the paper demonstrates.
CONTEXT:  PL/pgSQL function kndb.enforce_epistemic_kind() line 34 at RAISE",1,
167,SERIALIZABLE,B,1,0,,"CheckViolation: KNDB R5: attribute hba1c is registered as MEASURED, got INFERRED
HINT:  This is the primary trust-boundary check the paper demonstrates.
CONTEXT:  PL/pgSQL function kndb.enforce_epistemic_kind() line 34 at RAISE",1,
168,SERIALIZABLE,A,1,0,,"CheckViolation: KNDB R5: attribute hba1c is registered as MEASURED, got INFERRED
HINT:  This is the primary trust-boundary check the paper demonstrates.
CONTEXT:  PL/pgSQL function kndb.enforce_epistemic_kind() line 34 at RAISE",1,
169,SERIALIZABLE,A,1,0,,"CheckViolation: KNDB R5: attribute hba1c is registered as MEASURED, got INFERRED
HINT:  This is the primary trust-boundary check the paper demonstrates.
CONTEXT:  PL/pgSQL function kndb.enforce_epistemic_kind() line 34 at RAISE",1,
170,SERIALIZABLE,B,1,0,,"CheckViolation: KNDB R5: attribute hba1c is registered as MEASURED, got INFERRED
HINT:  This is the primary trust-boundary check the paper demonstrates.
CONTEXT:  PL/pgSQL function kndb.enforce_epistemic_kind() line 34 at RAISE",1,
171,SERIALIZABLE,B,1,0,,"CheckViolation: KNDB R5: attribute hba1c is registered as MEASURED, got INFERRED
HINT:  This is the primary trust-boundary check the paper demonstrates.
CONTEXT:  PL/pgSQL function kndb.enforce_epistemic_kind() line 34 at RAISE",1,
172,SERIALIZABLE,A,1,0,,"CheckViolation: KNDB R5: attribute hba1c is registered as MEASURED, got INFERRED
HINT:  This is the primary trust-boundary check the paper demonstrates.
CONTEXT:  PL/pgSQL function kndb.enforce_epistemic_kind() line 34 at RAISE",1,
173,SERIALIZABLE,B,1,0,,"CheckViolation: KNDB R5: attribute hba1c is registered as MEASURED, got INFERRED
HINT:  This is the primary trust-boundary check the paper demonstrates.
CONTEXT:  PL/pgSQL function kndb.enforce_epistemic_kind() line 34 at RAISE",1,
174,SERIALIZABLE,B,1,0,,"CheckViolation: KNDB R5: attribute hba1c is registered as MEASURED, got INFERRED
HINT:  This is the primary trust-boundary check the paper demonstrates.
CONTEXT:  PL/pgSQL function kndb.enforce_epistemic_kind() line 34 at RAISE",1,
175,SERIALIZABLE,A,1,0,,"CheckViolation: KNDB R5: attribute hba1c is registered as MEASURED, got INFERRED
HINT:  This is the primary trust-boundary check the paper demonstrates.
CONTEXT:  PL/pgSQL function kndb.enforce_epistemic_kind() line 34 at RAISE",1,
176,SERIALIZABLE,A,1,0,,"CheckViolation: KNDB R5: attribute hba1c is registered as MEASURED, got INFERRED
HINT:  This is the primary trust-boundary check the paper demonstrates.
CONTEXT:  PL/pgSQL function kndb.enforce_epistemic_kind() line 34 at RAISE",1,
177,SERIALIZABLE,A,1,0,,"CheckViolation: KNDB R5: attribute hba1c is registered as MEASURED, got INFERRED
HINT:  This is the primary trust-boundary check the paper demonstrates.
CONTEXT:  PL/pgSQL function kndb.enforce_epistemic_kind() line 34 at RAISE",1,
178,SERIALIZABLE,A,1,0,,"CheckViolation: KNDB R5: attribute hba1c is registered as MEASURED, got INFERRED
HINT:  This is the primary trust-boundary check the paper demonstrates.
CONTEXT:  PL/pgSQL function kndb.enforce_epistemic_kind() line 34 at RAISE",1,
179,SERIALIZABLE,A,1,0,,"CheckViolation: KNDB R5: attribute hba1c is registered as MEASURED, got INFERRED
HINT:  This is the primary trust-boundary check the paper demonstrates.
CONTEXT:  PL/pgSQL function kndb.enforce_epistemic_kind() line 34 at RAISE",1,
180,SERIALIZABLE,B,1,0,,"CheckViolation: KNDB R5: attribute hba1c is registered as MEASURED, got INFERRED
HINT:  This is the primary trust-boundary check the paper demonstrates.
CONTEXT:  PL/pgSQL function kndb.enforce_epistemic_kind() line 34 at RAISE",1,
181,SERIALIZABLE,B,1,0,,"CheckViolation: KNDB R5: attribute hba1c is registered as MEASURED, got INFERRED
HINT:  This is the primary trust-boundary check the paper demonstrates.
CONTEXT:  PL/pgSQL function kndb.enforce_epistemic_kind() line 34 at RAISE",1,
182,SERIALIZABLE,B,1,0,,"CheckViolation: KNDB R5: attribute hba1c is registered as MEASURED, got INFERRED
HINT:  This is the primary trust-boundary check the paper demonstrates.
CONTEXT:  PL/pgSQL function kndb.enforce_epistemic_kind() line 34 at RAISE",1,
183,SERIALIZABLE,A,1,0,,"CheckViolation: KNDB R5: attribute hba1c is registered as MEASURED, got INFERRED
HINT:  This is the primary trust-boundary check the paper demonstrates.
CONTEXT:  PL/pgSQL function kndb.enforce_epistemic_kind() line 34 at RAISE",1,
184,SERIALIZABLE,A,1,0,,"CheckViolation: KNDB R5: attribute hba1c is registered as MEASURED, got INFERRED
HINT:  This is the primary trust-boundary check the paper demonstrates.
CONTEXT:  PL/pgSQL function kndb.enforce_epistemic_kind() line 34 at RAISE",1,
185,SERIALIZABLE,A,1,0,,"CheckViolation: KNDB R5: attribute hba1c is registered as MEASURED, got INFERRED
HINT:  This is the primary trust-boundary check the paper demonstrates.
CONTEXT:  PL/pgSQL function kndb.enforce_epistemic_kind() line 34 at RAISE",1,
186,SERIALIZABLE,B,1,0,,"CheckViolation: KNDB R5: attribute hba1c is registered as MEASURED, got INFERRED
HINT:  This is the primary trust-boundary check the paper demonstrates.
CONTEXT:  PL/pgSQL function kndb.enforce_epistemic_kind() line 34 at RAISE",1,
187,SERIALIZABLE,A,1,0,,"CheckViolation: KNDB R5: attribute hba1c is registered as MEASURED, got INFERRED
HINT:  This is the primary trust-boundary check the paper demonstrates.
CONTEXT:  PL/pgSQL function kndb.enforce_epistemic_kind() line 34 at RAISE",1,
188,SERIALIZABLE,A,1,0,,"CheckViolation: KNDB R5: attribute hba1c is registered as MEASURED, got INFERRED
HINT:  This is the primary trust-boundary check the paper demonstrates.
CONTEXT:  PL/pgSQL function kndb.enforce_epistemic_kind() line 34 at RAISE",1,
189,SERIALIZABLE,A,1,0,,"CheckViolation: KNDB R5: attribute hba1c is registered as MEASURED, got INFERRED
HINT:  This is the primary trust-boundary check the paper demonstrates.
CONTEXT:  PL/pgSQL function kndb.enforce_epistemic_kind() line 34 at RAISE",1,
190,SERIALIZABLE,A,1,0,,"CheckViolation: KNDB R5: attribute hba1c is registered as MEASURED, got INFERRED
HINT:  This is the primary trust-boundary check the paper demonstrates.
CONTEXT:  PL/pgSQL function kndb.enforce_epistemic_kind() line 34 at RAISE",1,
191,SERIALIZABLE,A,1,0,,"CheckViolation: KNDB R5: attribute hba1c is registered as MEASURED, got INFERRED
HINT:  This is the primary trust-boundary check the paper demonstrates.
CONTEXT:  PL/pgSQL function kndb.enforce_epistemic_kind() line 34 at RAISE",1,
192,SERIALIZABLE,A,1,0,,"CheckViolation: KNDB R5: attribute hba1c is registered as MEASURED, got INFERRED
HINT:  This is the primary trust-boundary check the paper demonstrates.
CONTEXT:  PL/pgSQL function kndb.enforce_epistemic_kind() line 34 at RAISE",1,
193,SERIALIZABLE,B,1,0,,"CheckViolation: KNDB R5: attribute hba1c is registered as MEASURED, got INFERRED
HINT:  This is the primary trust-boundary check the paper demonstrates.
CONTEXT:  PL/pgSQL function kndb.enforce_epistemic_kind() line 34 at RAISE",1,
194,SERIALIZABLE,A,1,0,,"CheckViolation: KNDB R5: attribute hba1c is registered as MEASURED, got INFERRED
HINT:  This is the primary trust-boundary check the paper demonstrates.
CONTEXT:  PL/pgSQL function kndb.enforce_epistemic_kind() line 34 at RAISE",1,
195,SERIALIZABLE,B,1,0,,"CheckViolation: KNDB R5: attribute hba1c is registered as MEASURED, got INFERRED
HINT:  This is the primary trust-boundary check the paper demonstrates.
CONTEXT:  PL/pgSQL function kndb.enforce_epistemic_kind() line 34 at RAISE",1,
196,SERIALIZABLE,B,1,0,,"CheckViolation: KNDB R5: attribute hba1c is registered as MEASURED, got INFERRED
HINT:  This is the primary trust-boundary check the paper demonstrates.
CONTEXT:  PL/pgSQL function kndb.enforce_epistemic_kind() line 34 at RAISE",1,
197,SERIALIZABLE,A,1,0,,"CheckViolation: KNDB R5: attribute hba1c is registered as MEASURED, got INFERRED
HINT:  This is the primary trust-boundary check the paper demonstrates.
CONTEXT:  PL/pgSQL function kndb.enforce_epistemic_kind() line 34 at RAISE",1,
198,SERIALIZABLE,B,1,0,,"CheckViolation: KNDB R5: attribute hba1c is registered as MEASURED, got INFERRED
HINT:  This is the primary trust-boundary check the paper demonstrates.
CONTEXT:  PL/pgSQL function kndb.enforce_epistemic_kind() line 34 at RAISE",1,
199,SERIALIZABLE,B,1,0,,"CheckViolation: KNDB R5: attribute hba1c is registered as MEASURED, got INFERRED
HINT:  This is the primary trust-boundary check the paper demonstrates.
CONTEXT:  PL/pgSQL function kndb.enforce_epistemic_kind() line 34 at RAISE",1,
200,SERIALIZABLE,B,1,0,,"CheckViolation: KNDB R5: attribute hba1c is registered as MEASURED, got INFERRED
HINT:  This is the primary trust-boundary check the paper demonstrates.
CONTEXT:  PL/pgSQL function kndb.enforce_epistemic_kind() line 34 at RAISE",1,
201,SERIALIZABLE,B,1,0,,"CheckViolation: KNDB R5: attribute hba1c is registered as MEASURED, got INFERRED
HINT:  This is the primary trust-boundary check the paper demonstrates.
CONTEXT:  PL/pgSQL function kndb.enforce_epistemic_kind() line 34 at RAISE",1,
202,SERIALIZABLE,B,1,0,,"CheckViolation: KNDB R5: attribute hba1c is registered as MEASURED, got INFERRED
HINT:  This is the primary trust-boundary check the paper demonstrates.
CONTEXT:  PL/pgSQL function kndb.enforce_epistemic_kind() line 34 at RAISE",1,
203,SERIALIZABLE,A,1,0,,"CheckViolation: KNDB R5: attribute hba1c is registered as MEASURED, got INFERRED
HINT:  This is the primary trust-boundary check the paper demonstrates.
CONTEXT:  PL/pgSQL function kndb.enforce_epistemic_kind() line 34 at RAISE",1,
204,SERIALIZABLE,A,1,0,,"CheckViolation: KNDB R5: attribute hba1c is registered as MEASURED, got INFERRED
HINT:  This is the primary trust-boundary check the paper demonstrates.
CONTEXT:  PL/pgSQL function kndb.enforce_epistemic_kind() line 34 at RAISE",1,
205,SERIALIZABLE,A,1,0,,"CheckViolation: KNDB R5: attribute hba1c is registered as MEASURED, got INFERRED
HINT:  This is the primary trust-boundary check the paper demonstrates.
CONTEXT:  PL/pgSQL function kndb.enforce_epistemic_kind() line 34 at RAISE",1,
206,SERIALIZABLE,A,1,0,,"CheckViolation: KNDB R5: attribute hba1c is registered as MEASURED, got INFERRED
HINT:  This is the primary trust-boundary check the paper demonstrates.
CONTEXT:  PL/pgSQL function kndb.enforce_epistemic_kind() line 34 at RAISE",1,
207,SERIALIZABLE,A,1,0,,"CheckViolation: KNDB R5: attribute hba1c is registered as MEASURED, got INFERRED
HINT:  This is the primary trust-boundary check the paper demonstrates.
CONTEXT:  PL/pgSQL function kndb.enforce_epistemic_kind() line 34 at RAISE",1,
208,SERIALIZABLE,A,1,0,,"CheckViolation: KNDB R5: attribute hba1c is registered as MEASURED, got INFERRED
HINT:  This is the primary trust-boundary check the paper demonstrates.
CONTEXT:  PL/pgSQL function kndb.enforce_epistemic_kind() line 34 at RAISE",1,
209,SERIALIZABLE,B,1,0,,"CheckViolation: KNDB R5: attribute hba1c is registered as MEASURED, got INFERRED
HINT:  This is the primary trust-boundary check the paper demonstrates.
CONTEXT:  PL/pgSQL function kndb.enforce_epistemic_kind() line 34 at RAISE",1,
210,SERIALIZABLE,A,1,0,,"CheckViolation: KNDB R5: attribute hba1c is registered as MEASURED, got INFERRED
HINT:  This is the primary trust-boundary check the paper demonstrates.
CONTEXT:  PL/pgSQL function kndb.enforce_epistemic_kind() line 34 at RAISE",1,
211,SERIALIZABLE,B,1,0,,"CheckViolation: KNDB R5: attribute hba1c is registered as MEASURED, got INFERRED
HINT:  This is the primary trust-boundary check the paper demonstrates.
CONTEXT:  PL/pgSQL function kndb.enforce_epistemic_kind() line 34 at RAISE",1,
212,SERIALIZABLE,A,1,0,,"CheckViolation: KNDB R5: attribute hba1c is registered as MEASURED, got INFERRED
HINT:  This is the primary trust-boundary check the paper demonstrates.
CONTEXT:  PL/pgSQL function kndb.enforce_epistemic_kind() line 34 at RAISE",1,
213,SERIALIZABLE,A,1,0,,"CheckViolation: KNDB R5: attribute hba1c is registered as MEASURED, got INFERRED
HINT:  This is the primary trust-boundary check the paper demonstrates.
CONTEXT:  PL/pgSQL function kndb.enforce_epistemic_kind() line 34 at RAISE",1,
214,SERIALIZABLE,B,1,0,,"CheckViolation: KNDB R5: attribute hba1c is registered as MEASURED, got INFERRED
HINT:  This is the primary trust-boundary check the paper demonstrates.
CONTEXT:  PL/pgSQL function kndb.enforce_epistemic_kind() line 34 at RAISE",1,
215,SERIALIZABLE,B,1,0,,"CheckViolation: KNDB R5: attribute hba1c is registered as MEASURED, got INFERRED
HINT:  This is the primary trust-boundary check the paper demonstrates.
CONTEXT:  PL/pgSQL function kndb.enforce_epistemic_kind() line 34 at RAISE",1,
216,SERIALIZABLE,B,1,0,,"CheckViolation: KNDB R5: attribute hba1c is registered as MEASURED, got INFERRED
HINT:  This is the primary trust-boundary check the paper demonstrates.
CONTEXT:  PL/pgSQL function kndb.enforce_epistemic_kind() line 34 at RAISE",1,
217,SERIALIZABLE,B,1,0,,"CheckViolation: KNDB R5: attribute hba1c is registered as MEASURED, got INFERRED
HINT:  This is the primary trust-boundary check the paper demonstrates.
CONTEXT:  PL/pgSQL function kndb.enforce_epistemic_kind() line 34 at RAISE",1,
218,SERIALIZABLE,A,1,0,,"CheckViolation: KNDB R5: attribute hba1c is registered as MEASURED, got INFERRED
HINT:  This is the primary trust-boundary check the paper demonstrates.
CONTEXT:  PL/pgSQL function kndb.enforce_epistemic_kind() line 34 at RAISE",1,
219,SERIALIZABLE,A,1,0,,"CheckViolation: KNDB R5: attribute hba1c is registered as MEASURED, got INFERRED
HINT:  This is the primary trust-boundary check the paper demonstrates.
CONTEXT:  PL/pgSQL function kndb.enforce_epistemic_kind() line 34 at RAISE",1,
220,SERIALIZABLE,B,1,0,,"CheckViolation: KNDB R5: attribute hba1c is registered as MEASURED, got INFERRED
HINT:  This is the primary trust-boundary check the paper demonstrates.
CONTEXT:  PL/pgSQL function kndb.enforce_epistemic_kind() line 34 at RAISE",1,
221,SERIALIZABLE,B,1,0,,"CheckViolation: KNDB R5: attribute hba1c is registered as MEASURED, got INFERRED
HINT:  This is the primary trust-boundary check the paper demonstrates.
CONTEXT:  PL/pgSQL function kndb.enforce_epistemic_kind() line 34 at RAISE",1,
222,SERIALIZABLE,B,1,0,,"CheckViolation: KNDB R5: attribute hba1c is registered as MEASURED, got INFERRED
HINT:  This is the primary trust-boundary check the paper demonstrates.
CONTEXT:  PL/pgSQL function kndb.enforce_epistemic_kind() line 34 at RAISE",1,
223,SERIALIZABLE,B,1,0,,"CheckViolation: KNDB R5: attribute hba1c is registered as MEASURED, got INFERRED
HINT:  This is the primary trust-boundary check the paper demonstrates.
CONTEXT:  PL/pgSQL function kndb.enforce_epistemic_kind() line 34 at RAISE",1,
224,SERIALIZABLE,A,1,0,,"CheckViolation: KNDB R5: attribute hba1c is registered as MEASURED, got INFERRED
HINT:  This is the primary trust-boundary check the paper demonstrates.
CONTEXT:  PL/pgSQL function kndb.enforce_epistemic_kind() line 34 at RAISE",1,
225,SERIALIZABLE,B,1,0,,"CheckViolation: KNDB R5: attribute hba1c is registered as MEASURED, got INFERRED
HINT:  This is the primary trust-boundary check the paper demonstrates.
CONTEXT:  PL/pgSQL function kndb.enforce_epistemic_kind() line 34 at RAISE",1,
226,SERIALIZABLE,B,1,0,,"CheckViolation: KNDB R5: attribute hba1c is registered as MEASURED, got INFERRED
HINT:  This is the primary trust-boundary check the paper demonstrates.
CONTEXT:  PL/pgSQL function kndb.enforce_epistemic_kind() line 34 at RAISE",1,
227,SERIALIZABLE,B,1,0,,"CheckViolation: KNDB R5: attribute hba1c is registered as MEASURED, got INFERRED
HINT:  This is the primary trust-boundary check the paper demonstrates.
CONTEXT:  PL/pgSQL function kndb.enforce_epistemic_kind() line 34 at RAISE",1,
228,SERIALIZABLE,A,1,0,,"CheckViolation: KNDB R5: attribute hba1c is registered as MEASURED, got INFERRED
HINT:  This is the primary trust-boundary check the paper demonstrates.
CONTEXT:  PL/pgSQL function kndb.enforce_epistemic_kind() line 34 at RAISE",1,
229,SERIALIZABLE,B,1,0,,"CheckViolation: KNDB R5: attribute hba1c is registered as MEASURED, got INFERRED
HINT:  This is the primary trust-boundary check the paper demonstrates.
CONTEXT:  PL/pgSQL function kndb.enforce_epistemic_kind() line 34 at RAISE",1,
230,SERIALIZABLE,A,1,0,,"CheckViolation: KNDB R5: attribute hba1c is registered as MEASURED, got INFERRED
HINT:  This is the primary trust-boundary check the paper demonstrates.
CONTEXT:  PL/pgSQL function kndb.enforce_epistemic_kind() line 34 at RAISE",1,
231,SERIALIZABLE,A,1,0,,"CheckViolation: KNDB R5: attribute hba1c is registered as MEASURED, got INFERRED
HINT:  This is the primary trust-boundary check the paper demonstrates.
CONTEXT:  PL/pgSQL function kndb.enforce_epistemic_kind() line 34 at RAISE",1,
232,SERIALIZABLE,B,1,0,,"CheckViolation: KNDB R5: attribute hba1c is registered as MEASURED, got INFERRED
HINT:  This is the primary trust-boundary check the paper demonstrates.
CONTEXT:  PL/pgSQL function kndb.enforce_epistemic_kind() line 34 at RAISE",1,
233,SERIALIZABLE,B,1,0,,"CheckViolation: KNDB R5: attribute hba1c is registered as MEASURED, got INFERRED
HINT:  This is the primary trust-boundary check the paper demonstrates.
CONTEXT:  PL/pgSQL function kndb.enforce_epistemic_kind() line 34 at RAISE",1,
234,SERIALIZABLE,A,1,0,,"CheckViolation: KNDB R5: attribute hba1c is registered as MEASURED, got INFERRED
HINT:  This is the primary trust-boundary check the paper demonstrates.
CONTEXT:  PL/pgSQL function kndb.enforce_epistemic_kind() line 34 at RAISE",1,
235,SERIALIZABLE,A,1,0,,"CheckViolation: KNDB R5: attribute hba1c is registered as MEASURED, got INFERRED
HINT:  This is the primary trust-boundary check the paper demonstrates.
CONTEXT:  PL/pgSQL function kndb.enforce_epistemic_kind() line 34 at RAISE",1,
236,SERIALIZABLE,B,1,0,,"CheckViolation: KNDB R5: attribute hba1c is registered as MEASURED, got INFERRED
HINT:  This is the primary trust-boundary check the paper demonstrates.
CONTEXT:  PL/pgSQL function kndb.enforce_epistemic_kind() line 34 at RAISE",1,
237,SERIALIZABLE,A,1,0,,"CheckViolation: KNDB R5: attribute hba1c is registered as MEASURED, got INFERRED
HINT:  This is the primary trust-boundary check the paper demonstrates.
CONTEXT:  PL/pgSQL function kndb.enforce_epistemic_kind() line 34 at RAISE",1,
238,SERIALIZABLE,B,1,0,,"CheckViolation: KNDB R5: attribute hba1c is registered as MEASURED, got INFERRED
HINT:  This is the primary trust-boundary check the paper demonstrates.
CONTEXT:  PL/pgSQL function kndb.enforce_epistemic_kind() line 34 at RAISE",1,
239,SERIALIZABLE,B,1,0,,"CheckViolation: KNDB R5: attribute hba1c is registered as MEASURED, got INFERRED
HINT:  This is the primary trust-boundary check the paper demonstrates.
CONTEXT:  PL/pgSQL function kndb.enforce_epistemic_kind() line 34 at RAISE",1,
240,SERIALIZABLE,A,1,0,,"CheckViolation: KNDB R5: attribute hba1c is registered as MEASURED, got INFERRED
HINT:  This is the primary trust-boundary check the paper demonstrates.
CONTEXT:  PL/pgSQL function kndb.enforce_epistemic_kind() line 34 at RAISE",1,
241,SERIALIZABLE,B,1,0,,"CheckViolation: KNDB R5: attribute hba1c is registered as MEASURED, got INFERRED
HINT:  This is the primary trust-boundary check the paper demonstrates.
CONTEXT:  PL/pgSQL function kndb.enforce_epistemic_kind() line 34 at RAISE",1,
242,SERIALIZABLE,B,1,0,,"CheckViolation: KNDB R5: attribute hba1c is registered as MEASURED, got INFERRED
HINT:  This is the primary trust-boundary check the paper demonstrates.
CONTEXT:  PL/pgSQL function kndb.enforce_epistemic_kind() line 34 at RAISE",1,
243,SERIALIZABLE,B,1,0,,"CheckViolation: KNDB R5: attribute hba1c is registered as MEASURED, got INFERRED
HINT:  This is the primary trust-boundary check the paper demonstrates.
CONTEXT:  PL/pgSQL function kndb.enforce_epistemic_kind() line 34 at RAISE",1,
244,SERIALIZABLE,A,1,0,,"CheckViolation: KNDB R5: attribute hba1c is registered as MEASURED, got INFERRED
HINT:  This is the primary trust-boundary check the paper demonstrates.
CONTEXT:  PL/pgSQL function kndb.enforce_epistemic_kind() line 34 at RAISE",1,
245,SERIALIZABLE,B,1,0,,"CheckViolation: KNDB R5: attribute hba1c is registered as MEASURED, got INFERRED
HINT:  This is the primary trust-boundary check the paper demonstrates.
CONTEXT:  PL/pgSQL function kndb.enforce_epistemic_kind() line 34 at RAISE",1,
246,SERIALIZABLE,A,1,0,,"CheckViolation: KNDB R5: attribute hba1c is registered as MEASURED, got INFERRED
HINT:  This is the primary trust-boundary check the paper demonstrates.
CONTEXT:  PL/pgSQL function kndb.enforce_epistemic_kind() line 34 at RAISE",1,
247,SERIALIZABLE,A,1,0,,"CheckViolation: KNDB R5: attribute hba1c is registered as MEASURED, got INFERRED
HINT:  This is the primary trust-boundary check the paper demonstrates.
CONTEXT:  PL/pgSQL function kndb.enforce_epistemic_kind() line 34 at RAISE",1,
248,SERIALIZABLE,B,1,0,,"CheckViolation: KNDB R5: attribute hba1c is registered as MEASURED, got INFERRED
HINT:  This is the primary trust-boundary check the paper demonstrates.
CONTEXT:  PL/pgSQL function kndb.enforce_epistemic_kind() line 34 at RAISE",1,
249,SERIALIZABLE,A,1,0,,"CheckViolation: KNDB R5: attribute hba1c is registered as MEASURED, got INFERRED
HINT:  This is the primary trust-boundary check the paper demonstrates.
CONTEXT:  PL/pgSQL function kndb.enforce_epistemic_kind() line 34 at RAISE",1,
250,SERIALIZABLE,A,1,0,,"CheckViolation: KNDB R5: attribute hba1c is registered as MEASURED, got INFERRED
HINT:  This is the primary trust-boundary check the paper demonstrates.
CONTEXT:  PL/pgSQL function kndb.enforce_epistemic_kind() line 34 at RAISE",1,
251,SERIALIZABLE,B,1,0,,"CheckViolation: KNDB R5: attribute hba1c is registered as MEASURED, got INFERRED
HINT:  This is the primary trust-boundary check the paper demonstrates.
CONTEXT:  PL/pgSQL function kndb.enforce_epistemic_kind() line 34 at RAISE",1,
252,SERIALIZABLE,A,1,0,,"CheckViolation: KNDB R5: attribute hba1c is registered as MEASURED, got INFERRED
HINT:  This is the primary trust-boundary check the paper demonstrates.
CONTEXT:  PL/pgSQL function kndb.enforce_epistemic_kind() line 34 at RAISE",1,
253,SERIALIZABLE,A,1,0,,"CheckViolation: KNDB R5: attribute hba1c is registered as MEASURED, got INFERRED
HINT:  This is the primary trust-boundary check the paper demonstrates.
CONTEXT:  PL/pgSQL function kndb.enforce_epistemic_kind() line 34 at RAISE",1,
254,SERIALIZABLE,B,1,0,,"CheckViolation: KNDB R5: attribute hba1c is registered as MEASURED, got INFERRED
HINT:  This is the primary trust-boundary check the paper demonstrates.
CONTEXT:  PL/pgSQL function kndb.enforce_epistemic_kind() line 34 at RAISE",1,
255,SERIALIZABLE,B,1,0,,"CheckViolation: KNDB R5: attribute hba1c is registered as MEASURED, got INFERRED
HINT:  This is the primary trust-boundary check the paper demonstrates.
CONTEXT:  PL/pgSQL function kndb.enforce_epistemic_kind() line 34 at RAISE",1,
256,SERIALIZABLE,A,1,0,,"CheckViolation: KNDB R5: attribute hba1c is registered as MEASURED, got INFERRED
HINT:  This is the primary trust-boundary check the paper demonstrates.
CONTEXT:  PL/pgSQL function kndb.enforce_epistemic_kind() line 34 at RAISE",1,
257,SERIALIZABLE,A,1,0,,"CheckViolation: KNDB R5: attribute hba1c is registered as MEASURED, got INFERRED
HINT:  This is the primary trust-boundary check the paper demonstrates.
CONTEXT:  PL/pgSQL function kndb.enforce_epistemic_kind() line 34 at RAISE",1,
258,SERIALIZABLE,A,1,0,,"CheckViolation: KNDB R5: attribute hba1c is registered as MEASURED, got INFERRED
HINT:  This is the primary trust-boundary check the paper demonstrates.
CONTEXT:  PL/pgSQL function kndb.enforce_epistemic_kind() line 34 at RAISE",1,
259,SERIALIZABLE,B,1,0,,"CheckViolation: KNDB R5: attribute hba1c is registered as MEASURED, got INFERRED
HINT:  This is the primary trust-boundary check the paper demonstrates.
CONTEXT:  PL/pgSQL function kndb.enforce_epistemic_kind() line 34 at RAISE",1,
260,SERIALIZABLE,B,1,0,,"CheckViolation: KNDB R5: attribute hba1c is registered as MEASURED, got INFERRED
HINT:  This is the primary trust-boundary check the paper demonstrates.
CONTEXT:  PL/pgSQL function kndb.enforce_epistemic_kind() line 34 at RAISE",1,
261,SERIALIZABLE,B,1,0,,"CheckViolation: KNDB R5: attribute hba1c is registered as MEASURED, got INFERRED
HINT:  This is the primary trust-boundary check the paper demonstrates.
CONTEXT:  PL/pgSQL function kndb.enforce_epistemic_kind() line 34 at RAISE",1,
262,SERIALIZABLE,A,1,0,,"CheckViolation: KNDB R5: attribute hba1c is registered as MEASURED, got INFERRED
HINT:  This is the primary trust-boundary check the paper demonstrates.
CONTEXT:  PL/pgSQL function kndb.enforce_epistemic_kind() line 34 at RAISE",1,
263,SERIALIZABLE,A,1,0,,"CheckViolation: KNDB R5: attribute hba1c is registered as MEASURED, got INFERRED
HINT:  This is the primary trust-boundary check the paper demonstrates.
CONTEXT:  PL/pgSQL function kndb.enforce_epistemic_kind() line 34 at RAISE",1,
264,SERIALIZABLE,B,1,0,,"CheckViolation: KNDB R5: attribute hba1c is registered as MEASURED, got INFERRED
HINT:  This is the primary trust-boundary check the paper demonstrates.
CONTEXT:  PL/pgSQL function kndb.enforce_epistemic_kind() line 34 at RAISE",1,
265,SERIALIZABLE,B,1,0,,"CheckViolation: KNDB R5: attribute hba1c is registered as MEASURED, got INFERRED
HINT:  This is the primary trust-boundary check the paper demonstrates.
CONTEXT:  PL/pgSQL function kndb.enforce_epistemic_kind() line 34 at RAISE",1,
266,SERIALIZABLE,B,1,0,,"CheckViolation: KNDB R5: attribute hba1c is registered as MEASURED, got INFERRED
HINT:  This is the primary trust-boundary check the paper demonstrates.
CONTEXT:  PL/pgSQL function kndb.enforce_epistemic_kind() line 34 at RAISE",1,
267,SERIALIZABLE,B,1,0,,"CheckViolation: KNDB R5: attribute hba1c is registered as MEASURED, got INFERRED
HINT:  This is the primary trust-boundary check the paper demonstrates.
CONTEXT:  PL/pgSQL function kndb.enforce_epistemic_kind() line 34 at RAISE",1,
268,SERIALIZABLE,B,1,0,,"CheckViolation: KNDB R5: attribute hba1c is registered as MEASURED, got INFERRED
HINT:  This is the primary trust-boundary check the paper demonstrates.
CONTEXT:  PL/pgSQL function kndb.enforce_epistemic_kind() line 34 at RAISE",1,
269,SERIALIZABLE,A,1,0,,"CheckViolation: KNDB R5: attribute hba1c is registered as MEASURED, got INFERRED
HINT:  This is the primary trust-boundary check the paper demonstrates.
CONTEXT:  PL/pgSQL function kndb.enforce_epistemic_kind() line 34 at RAISE",1,
270,SERIALIZABLE,B,1,0,,"CheckViolation: KNDB R5: attribute hba1c is registered as MEASURED, got INFERRED
HINT:  This is the primary trust-boundary check the paper demonstrates.
CONTEXT:  PL/pgSQL function kndb.enforce_epistemic_kind() line 34 at RAISE",1,
271,SERIALIZABLE,A,1,0,,"CheckViolation: KNDB R5: attribute hba1c is registered as MEASURED, got INFERRED
HINT:  This is the primary trust-boundary check the paper demonstrates.
CONTEXT:  PL/pgSQL function kndb.enforce_epistemic_kind() line 34 at RAISE",1,
272,SERIALIZABLE,B,1,0,,"CheckViolation: KNDB R5: attribute hba1c is registered as MEASURED, got INFERRED
HINT:  This is the primary trust-boundary check the paper demonstrates.
CONTEXT:  PL/pgSQL function kndb.enforce_epistemic_kind() line 34 at RAISE",1,
273,SERIALIZABLE,B,1,0,,"CheckViolation: KNDB R5: attribute hba1c is registered as MEASURED, got INFERRED
HINT:  This is the primary trust-boundary check the paper demonstrates.
CONTEXT:  PL/pgSQL function kndb.enforce_epistemic_kind() line 34 at RAISE",1,
274,SERIALIZABLE,A,1,0,,"CheckViolation: KNDB R5: attribute hba1c is registered as MEASURED, got INFERRED
HINT:  This is the primary trust-boundary check the paper demonstrates.
CONTEXT:  PL/pgSQL function kndb.enforce_epistemic_kind() line 34 at RAISE",1,
275,SERIALIZABLE,A,1,0,,"CheckViolation: KNDB R5: attribute hba1c is registered as MEASURED, got INFERRED
HINT:  This is the primary trust-boundary check the paper demonstrates.
CONTEXT:  PL/pgSQL function kndb.enforce_epistemic_kind() line 34 at RAISE",1,
276,SERIALIZABLE,A,1,0,,"CheckViolation: KNDB R5: attribute hba1c is registered as MEASURED, got INFERRED
HINT:  This is the primary trust-boundary check the paper demonstrates.
CONTEXT:  PL/pgSQL function kndb.enforce_epistemic_kind() line 34 at RAISE",1,
277,SERIALIZABLE,B,1,0,,"CheckViolation: KNDB R5: attribute hba1c is registered as MEASURED, got INFERRED
HINT:  This is the primary trust-boundary check the paper demonstrates.
CONTEXT:  PL/pgSQL function kndb.enforce_epistemic_kind() line 34 at RAISE",1,
278,SERIALIZABLE,A,1,0,,"CheckViolation: KNDB R5: attribute hba1c is registered as MEASURED, got INFERRED
HINT:  This is the primary trust-boundary check the paper demonstrates.
CONTEXT:  PL/pgSQL function kndb.enforce_epistemic_kind() line 34 at RAISE",1,
279,SERIALIZABLE,B,1,0,,"CheckViolation: KNDB R5: attribute hba1c is registered as MEASURED, got INFERRED
HINT:  This is the primary trust-boundary check the paper demonstrates.
CONTEXT:  PL/pgSQL function kndb.enforce_epistemic_kind() line 34 at RAISE",1,
280,SERIALIZABLE,B,1,0,,"CheckViolation: KNDB R5: attribute hba1c is registered as MEASURED, got INFERRED
HINT:  This is the primary trust-boundary check the paper demonstrates.
CONTEXT:  PL/pgSQL function kndb.enforce_epistemic_kind() line 34 at RAISE",1,
281,SERIALIZABLE,A,1,0,,"CheckViolation: KNDB R5: attribute hba1c is registered as MEASURED, got INFERRED
HINT:  This is the primary trust-boundary check the paper demonstrates.
CONTEXT:  PL/pgSQL function kndb.enforce_epistemic_kind() line 34 at RAISE",1,
282,SERIALIZABLE,B,1,0,,"CheckViolation: KNDB R5: attribute hba1c is registered as MEASURED, got INFERRED
HINT:  This is the primary trust-boundary check the paper demonstrates.
CONTEXT:  PL/pgSQL function kndb.enforce_epistemic_kind() line 34 at RAISE",1,
283,SERIALIZABLE,A,1,0,,"CheckViolation: KNDB R5: attribute hba1c is registered as MEASURED, got INFERRED
HINT:  This is the primary trust-boundary check the paper demonstrates.
CONTEXT:  PL/pgSQL function kndb.enforce_epistemic_kind() line 34 at RAISE",1,
284,SERIALIZABLE,A,1,0,,"CheckViolation: KNDB R5: attribute hba1c is registered as MEASURED, got INFERRED
HINT:  This is the primary trust-boundary check the paper demonstrates.
CONTEXT:  PL/pgSQL function kndb.enforce_epistemic_kind() line 34 at RAISE",1,
285,SERIALIZABLE,B,1,0,,"CheckViolation: KNDB R5: attribute hba1c is registered as MEASURED, got INFERRED
HINT:  This is the primary trust-boundary check the paper demonstrates.
CONTEXT:  PL/pgSQL function kndb.enforce_epistemic_kind() line 34 at RAISE",1,
286,SERIALIZABLE,B,1,0,,"CheckViolation: KNDB R5: attribute hba1c is registered as MEASURED, got INFERRED
HINT:  This is the primary trust-boundary check the paper demonstrates.
CONTEXT:  PL/pgSQL function kndb.enforce_epistemic_kind() line 34 at RAISE",1,
287,SERIALIZABLE,A,1,0,,"CheckViolation: KNDB R5: attribute hba1c is registered as MEASURED, got INFERRED
HINT:  This is the primary trust-boundary check the paper demonstrates.
CONTEXT:  PL/pgSQL function kndb.enforce_epistemic_kind() line 34 at RAISE",1,
288,SERIALIZABLE,A,1,0,,"CheckViolation: KNDB R5: attribute hba1c is registered as MEASURED, got INFERRED
HINT:  This is the primary trust-boundary check the paper demonstrates.
CONTEXT:  PL/pgSQL function kndb.enforce_epistemic_kind() line 34 at RAISE",1,
289,SERIALIZABLE,A,1,0,,"CheckViolation: KNDB R5: attribute hba1c is registered as MEASURED, got INFERRED
HINT:  This is the primary trust-boundary check the paper demonstrates.
CONTEXT:  PL/pgSQL function kndb.enforce_epistemic_kind() line 34 at RAISE",1,
290,SERIALIZABLE,A,1,0,,"CheckViolation: KNDB R5: attribute hba1c is registered as MEASURED, got INFERRED
HINT:  This is the primary trust-boundary check the paper demonstrates.
CONTEXT:  PL/pgSQL function kndb.enforce_epistemic_kind() line 34 at RAISE",1,
291,SERIALIZABLE,B,1,0,,"CheckViolation: KNDB R5: attribute hba1c is registered as MEASURED, got INFERRED
HINT:  This is the primary trust-boundary check the paper demonstrates.
CONTEXT:  PL/pgSQL function kndb.enforce_epistemic_kind() line 34 at RAISE",1,
292,SERIALIZABLE,B,1,0,,"CheckViolation: KNDB R5: attribute hba1c is registered as MEASURED, got INFERRED
HINT:  This is the primary trust-boundary check the paper demonstrates.
CONTEXT:  PL/pgSQL function kndb.enforce_epistemic_kind() line 34 at RAISE",1,
293,SERIALIZABLE,A,1,0,,"CheckViolation: KNDB R5: attribute hba1c is registered as MEASURED, got INFERRED
HINT:  This is the primary trust-boundary check the paper demonstrates.
CONTEXT:  PL/pgSQL function kndb.enforce_epistemic_kind() line 34 at RAISE",1,
294,SERIALIZABLE,B,1,0,,"CheckViolation: KNDB R5: attribute hba1c is registered as MEASURED, got INFERRED
HINT:  This is the primary trust-boundary check the paper demonstrates.
CONTEXT:  PL/pgSQL function kndb.enforce_epistemic_kind() line 34 at RAISE",1,
295,SERIALIZABLE,B,1,0,,"CheckViolation: KNDB R5: attribute hba1c is registered as MEASURED, got INFERRED
HINT:  This is the primary trust-boundary check the paper demonstrates.
CONTEXT:  PL/pgSQL function kndb.enforce_epistemic_kind() line 34 at RAISE",1,
296,SERIALIZABLE,A,1,0,,"CheckViolation: KNDB R5: attribute hba1c is registered as MEASURED, got INFERRED
HINT:  This is the primary trust-boundary check the paper demonstrates.
CONTEXT:  PL/pgSQL function kndb.enforce_epistemic_kind() line 34 at RAISE",1,
297,SERIALIZABLE,A,1,0,,"CheckViolation: KNDB R5: attribute hba1c is registered as MEASURED, got INFERRED
HINT:  This is the primary trust-boundary check the paper demonstrates.
CONTEXT:  PL/pgSQL function kndb.enforce_epistemic_kind() line 34 at RAISE",1,
298,SERIALIZABLE,A,1,0,,"CheckViolation: KNDB R5: attribute hba1c is registered as MEASURED, got INFERRED
HINT:  This is the primary trust-boundary check the paper demonstrates.
CONTEXT:  PL/pgSQL function kndb.enforce_epistemic_kind() line 34 at RAISE",1,
299,SERIALIZABLE,B,1,0,,"CheckViolation: KNDB R5: attribute hba1c is registered as MEASURED, got INFERRED
HINT:  This is the primary trust-boundary check the paper demonstrates.
CONTEXT:  PL/pgSQL function kndb.enforce_epistemic_kind() line 34 at RAISE",1,
300,SERIALIZABLE,B,1,0,,"CheckViolation: KNDB R5: attribute hba1c is registered as MEASURED, got INFERRED
HINT:  This is the primary trust-boundary check the paper demonstrates.
CONTEXT:  PL/pgSQL function kndb.enforce_epistemic_kind() line 34 at RAISE",1,
301,SERIALIZABLE,B,1,0,,"CheckViolation: KNDB R5: attribute hba1c is registered as MEASURED, got INFERRED
HINT:  This is the primary trust-boundary check the paper demonstrates.
CONTEXT:  PL/pgSQL function kndb.enforce_epistemic_kind() line 34 at RAISE",1,
302,SERIALIZABLE,B,1,0,,"CheckViolation: KNDB R5: attribute hba1c is registered as MEASURED, got INFERRED
HINT:  This is the primary trust-boundary check the paper demonstrates.
CONTEXT:  PL/pgSQL function kndb.enforce_epistemic_kind() line 34 at RAISE",1,
303,SERIALIZABLE,B,1,0,,"CheckViolation: KNDB R5: attribute hba1c is registered as MEASURED, got INFERRED
HINT:  This is the primary trust-boundary check the paper demonstrates.
CONTEXT:  PL/pgSQL function kndb.enforce_epistemic_kind() line 34 at RAISE",1,
304,SERIALIZABLE,A,1,0,,"CheckViolation: KNDB R5: attribute hba1c is registered as MEASURED, got INFERRED
HINT:  This is the primary trust-boundary check the paper demonstrates.
CONTEXT:  PL/pgSQL function kndb.enforce_epistemic_kind() line 34 at RAISE",1,
305,SERIALIZABLE,A,1,0,,"CheckViolation: KNDB R5: attribute hba1c is registered as MEASURED, got INFERRED
HINT:  This is the primary trust-boundary check the paper demonstrates.
CONTEXT:  PL/pgSQL function kndb.enforce_epistemic_kind() line 34 at RAISE",1,
306,SERIALIZABLE,A,1,0,,"CheckViolation: KNDB R5: attribute hba1c is registered as MEASURED, got INFERRED
HINT:  This is the primary trust-boundary check the paper demonstrates.
CONTEXT:  PL/pgSQL function kndb.enforce_epistemic_kind() line 34 at RAISE",1,
307,SERIALIZABLE,B,1,0,,"CheckViolation: KNDB R5: attribute hba1c is registered as MEASURED, got INFERRED
HINT:  This is the primary trust-boundary check the paper demonstrates.
CONTEXT:  PL/pgSQL function kndb.enforce_epistemic_kind() line 34 at RAISE",1,
308,SERIALIZABLE,B,1,0,,"CheckViolation: KNDB R5: attribute hba1c is registered as MEASURED, got INFERRED
HINT:  This is the primary trust-boundary check the paper demonstrates.
CONTEXT:  PL/pgSQL function kndb.enforce_epistemic_kind() line 34 at RAISE",1,
309,SERIALIZABLE,B,1,0,,"CheckViolation: KNDB R5: attribute hba1c is registered as MEASURED, got INFERRED
HINT:  This is the primary trust-boundary check the paper demonstrates.
CONTEXT:  PL/pgSQL function kndb.enforce_epistemic_kind() line 34 at RAISE",1,
310,SERIALIZABLE,B,1,0,,"CheckViolation: KNDB R5: attribute hba1c is registered as MEASURED, got INFERRED
HINT:  This is the primary trust-boundary check the paper demonstrates.
CONTEXT:  PL/pgSQL function kndb.enforce_epistemic_kind() line 34 at RAISE",1,
311,SERIALIZABLE,A,1,0,,"CheckViolation: KNDB R5: attribute hba1c is registered as MEASURED, got INFERRED
HINT:  This is the primary trust-boundary check the paper demonstrates.
CONTEXT:  PL/pgSQL function kndb.enforce_epistemic_kind() line 34 at RAISE",1,
312,SERIALIZABLE,A,1,0,,"CheckViolation: KNDB R5: attribute hba1c is registered as MEASURED, got INFERRED
HINT:  This is the primary trust-boundary check the paper demonstrates.
CONTEXT:  PL/pgSQL function kndb.enforce_epistemic_kind() line 34 at RAISE",1,
313,SERIALIZABLE,A,1,0,,"CheckViolation: KNDB R5: attribute hba1c is registered as MEASURED, got INFERRED
HINT:  This is the primary trust-boundary check the paper demonstrates.
CONTEXT:  PL/pgSQL function kndb.enforce_epistemic_kind() line 34 at RAISE",1,
314,SERIALIZABLE,B,1,0,,"CheckViolation: KNDB R5: attribute hba1c is registered as MEASURED, got INFERRED
HINT:  This is the primary trust-boundary check the paper demonstrates.
CONTEXT:  PL/pgSQL function kndb.enforce_epistemic_kind() line 34 at RAISE",1,
315,SERIALIZABLE,B,1,0,,"CheckViolation: KNDB R5: attribute hba1c is registered as MEASURED, got INFERRED
HINT:  This is the primary trust-boundary check the paper demonstrates.
CONTEXT:  PL/pgSQL function kndb.enforce_epistemic_kind() line 34 at RAISE",1,
316,SERIALIZABLE,A,1,0,,"CheckViolation: KNDB R5: attribute hba1c is registered as MEASURED, got INFERRED
HINT:  This is the primary trust-boundary check the paper demonstrates.
CONTEXT:  PL/pgSQL function kndb.enforce_epistemic_kind() line 34 at RAISE",1,
317,SERIALIZABLE,B,1,0,,"CheckViolation: KNDB R5: attribute hba1c is registered as MEASURED, got INFERRED
HINT:  This is the primary trust-boundary check the paper demonstrates.
CONTEXT:  PL/pgSQL function kndb.enforce_epistemic_kind() line 34 at RAISE",1,
318,SERIALIZABLE,A,1,0,,"CheckViolation: KNDB R5: attribute hba1c is registered as MEASURED, got INFERRED
HINT:  This is the primary trust-boundary check the paper demonstrates.
CONTEXT:  PL/pgSQL function kndb.enforce_epistemic_kind() line 34 at RAISE",1,
319,SERIALIZABLE,B,1,0,,"CheckViolation: KNDB R5: attribute hba1c is registered as MEASURED, got INFERRED
HINT:  This is the primary trust-boundary check the paper demonstrates.
CONTEXT:  PL/pgSQL function kndb.enforce_epistemic_kind() line 34 at RAISE",1,
320,SERIALIZABLE,B,1,0,,"CheckViolation: KNDB R5: attribute hba1c is registered as MEASURED, got INFERRED
HINT:  This is the primary trust-boundary check the paper demonstrates.
CONTEXT:  PL/pgSQL function kndb.enforce_epistemic_kind() line 34 at RAISE",1,
321,SERIALIZABLE,B,1,0,,"CheckViolation: KNDB R5: attribute hba1c is registered as MEASURED, got INFERRED
HINT:  This is the primary trust-boundary check the paper demonstrates.
CONTEXT:  PL/pgSQL function kndb.enforce_epistemic_kind() line 34 at RAISE",1,
322,SERIALIZABLE,B,1,0,,"CheckViolation: KNDB R5: attribute hba1c is registered as MEASURED, got INFERRED
HINT:  This is the primary trust-boundary check the paper demonstrates.
CONTEXT:  PL/pgSQL function kndb.enforce_epistemic_kind() line 34 at RAISE",1,
323,SERIALIZABLE,B,1,0,,"CheckViolation: KNDB R5: attribute hba1c is registered as MEASURED, got INFERRED
HINT:  This is the primary trust-boundary check the paper demonstrates.
CONTEXT:  PL/pgSQL function kndb.enforce_epistemic_kind() line 34 at RAISE",1,
324,SERIALIZABLE,A,1,0,,"CheckViolation: KNDB R5: attribute hba1c is registered as MEASURED, got INFERRED
HINT:  This is the primary trust-boundary check the paper demonstrates.
CONTEXT:  PL/pgSQL function kndb.enforce_epistemic_kind() line 34 at RAISE",1,
325,SERIALIZABLE,B,1,0,,"CheckViolation: KNDB R5: attribute hba1c is registered as MEASURED, got INFERRED
HINT:  This is the primary trust-boundary check the paper demonstrates.
CONTEXT:  PL/pgSQL function kndb.enforce_epistemic_kind() line 34 at RAISE",1,
326,SERIALIZABLE,A,1,0,,"CheckViolation: KNDB R5: attribute hba1c is registered as MEASURED, got INFERRED
HINT:  This is the primary trust-boundary check the paper demonstrates.
CONTEXT:  PL/pgSQL function kndb.enforce_epistemic_kind() line 34 at RAISE",1,
327,SERIALIZABLE,B,1,0,,"CheckViolation: KNDB R5: attribute hba1c is registered as MEASURED, got INFERRED
HINT:  This is the primary trust-boundary check the paper demonstrates.
CONTEXT:  PL/pgSQL function kndb.enforce_epistemic_kind() line 34 at RAISE",1,
328,SERIALIZABLE,B,1,0,,"CheckViolation: KNDB R5: attribute hba1c is registered as MEASURED, got INFERRED
HINT:  This is the primary trust-boundary check the paper demonstrates.
CONTEXT:  PL/pgSQL function kndb.enforce_epistemic_kind() line 34 at RAISE",1,
329,SERIALIZABLE,B,1,0,,"CheckViolation: KNDB R5: attribute hba1c is registered as MEASURED, got INFERRED
HINT:  This is the primary trust-boundary check the paper demonstrates.
CONTEXT:  PL/pgSQL function kndb.enforce_epistemic_kind() line 34 at RAISE",1,
330,SERIALIZABLE,B,1,0,,"CheckViolation: KNDB R5: attribute hba1c is registered as MEASURED, got INFERRED
HINT:  This is the primary trust-boundary check the paper demonstrates.
CONTEXT:  PL/pgSQL function kndb.enforce_epistemic_kind() line 34 at RAISE",1,
331,SERIALIZABLE,A,1,0,,"CheckViolation: KNDB R5: attribute hba1c is registered as MEASURED, got INFERRED
HINT:  This is the primary trust-boundary check the paper demonstrates.
CONTEXT:  PL/pgSQL function kndb.enforce_epistemic_kind() line 34 at RAISE",1,
332,SERIALIZABLE,B,1,0,,"CheckViolation: KNDB R5: attribute hba1c is registered as MEASURED, got INFERRED
HINT:  This is the primary trust-boundary check the paper demonstrates.
CONTEXT:  PL/pgSQL function kndb.enforce_epistemic_kind() line 34 at RAISE",1,
333,SERIALIZABLE,A,1,0,,"CheckViolation: KNDB R5: attribute hba1c is registered as MEASURED, got INFERRED
HINT:  This is the primary trust-boundary check the paper demonstrates.
CONTEXT:  PL/pgSQL function kndb.enforce_epistemic_kind() line 34 at RAISE",1,
334,SERIALIZABLE,B,1,0,,"CheckViolation: KNDB R5: attribute hba1c is registered as MEASURED, got INFERRED
HINT:  This is the primary trust-boundary check the paper demonstrates.
CONTEXT:  PL/pgSQL function kndb.enforce_epistemic_kind() line 34 at RAISE",1,
335,SERIALIZABLE,B,1,0,,"CheckViolation: KNDB R5: attribute hba1c is registered as MEASURED, got INFERRED
HINT:  This is the primary trust-boundary check the paper demonstrates.
CONTEXT:  PL/pgSQL function kndb.enforce_epistemic_kind() line 34 at RAISE",1,
336,SERIALIZABLE,A,1,0,,"CheckViolation: KNDB R5: attribute hba1c is registered as MEASURED, got INFERRED
HINT:  This is the primary trust-boundary check the paper demonstrates.
CONTEXT:  PL/pgSQL function kndb.enforce_epistemic_kind() line 34 at RAISE",1,
337,SERIALIZABLE,B,1,0,,"CheckViolation: KNDB R5: attribute hba1c is registered as MEASURED, got INFERRED
HINT:  This is the primary trust-boundary check the paper demonstrates.
CONTEXT:  PL/pgSQL function kndb.enforce_epistemic_kind() line 34 at RAISE",1,
338,SERIALIZABLE,A,1,0,,"CheckViolation: KNDB R5: attribute hba1c is registered as MEASURED, got INFERRED
HINT:  This is the primary trust-boundary check the paper demonstrates.
CONTEXT:  PL/pgSQL function kndb.enforce_epistemic_kind() line 34 at RAISE",1,
339,SERIALIZABLE,A,1,0,,"CheckViolation: KNDB R5: attribute hba1c is registered as MEASURED, got INFERRED
HINT:  This is the primary trust-boundary check the paper demonstrates.
CONTEXT:  PL/pgSQL function kndb.enforce_epistemic_kind() line 34 at RAISE",1,
340,SERIALIZABLE,B,1,0,,"CheckViolation: KNDB R5: attribute hba1c is registered as MEASURED, got INFERRED
HINT:  This is the primary trust-boundary check the paper demonstrates.
CONTEXT:  PL/pgSQL function kndb.enforce_epistemic_kind() line 34 at RAISE",1,
341,SERIALIZABLE,A,1,0,,"CheckViolation: KNDB R5: attribute hba1c is registered as MEASURED, got INFERRED
HINT:  This is the primary trust-boundary check the paper demonstrates.
CONTEXT:  PL/pgSQL function kndb.enforce_epistemic_kind() line 34 at RAISE",1,
342,SERIALIZABLE,A,1,0,,"CheckViolation: KNDB R5: attribute hba1c is registered as MEASURED, got INFERRED
HINT:  This is the primary trust-boundary check the paper demonstrates.
CONTEXT:  PL/pgSQL function kndb.enforce_epistemic_kind() line 34 at RAISE",1,
343,SERIALIZABLE,A,1,0,,"CheckViolation: KNDB R5: attribute hba1c is registered as MEASURED, got INFERRED
HINT:  This is the primary trust-boundary check the paper demonstrates.
CONTEXT:  PL/pgSQL function kndb.enforce_epistemic_kind() line 34 at RAISE",1,
344,SERIALIZABLE,A,1,0,,"CheckViolation: KNDB R5: attribute hba1c is registered as MEASURED, got INFERRED
HINT:  This is the primary trust-boundary check the paper demonstrates.
CONTEXT:  PL/pgSQL function kndb.enforce_epistemic_kind() line 34 at RAISE",1,
345,SERIALIZABLE,B,1,0,,"CheckViolation: KNDB R5: attribute hba1c is registered as MEASURED, got INFERRED
HINT:  This is the primary trust-boundary check the paper demonstrates.
CONTEXT:  PL/pgSQL function kndb.enforce_epistemic_kind() line 34 at RAISE",1,
346,SERIALIZABLE,B,1,0,,"CheckViolation: KNDB R5: attribute hba1c is registered as MEASURED, got INFERRED
HINT:  This is the primary trust-boundary check the paper demonstrates.
CONTEXT:  PL/pgSQL function kndb.enforce_epistemic_kind() line 34 at RAISE",1,
347,SERIALIZABLE,A,1,0,,"CheckViolation: KNDB R5: attribute hba1c is registered as MEASURED, got INFERRED
HINT:  This is the primary trust-boundary check the paper demonstrates.
CONTEXT:  PL/pgSQL function kndb.enforce_epistemic_kind() line 34 at RAISE",1,
348,SERIALIZABLE,B,1,0,,"CheckViolation: KNDB R5: attribute hba1c is registered as MEASURED, got INFERRED
HINT:  This is the primary trust-boundary check the paper demonstrates.
CONTEXT:  PL/pgSQL function kndb.enforce_epistemic_kind() line 34 at RAISE",1,
349,SERIALIZABLE,A,1,0,,"CheckViolation: KNDB R5: attribute hba1c is registered as MEASURED, got INFERRED
HINT:  This is the primary trust-boundary check the paper demonstrates.
CONTEXT:  PL/pgSQL function kndb.enforce_epistemic_kind() line 34 at RAISE",1,
350,SERIALIZABLE,B,1,0,,"CheckViolation: KNDB R5: attribute hba1c is registered as MEASURED, got INFERRED
HINT:  This is the primary trust-boundary check the paper demonstrates.
CONTEXT:  PL/pgSQL function kndb.enforce_epistemic_kind() line 34 at RAISE",1,
351,SERIALIZABLE,B,1,0,,"CheckViolation: KNDB R5: attribute hba1c is registered as MEASURED, got INFERRED
HINT:  This is the primary trust-boundary check the paper demonstrates.
CONTEXT:  PL/pgSQL function kndb.enforce_epistemic_kind() line 34 at RAISE",1,
352,SERIALIZABLE,B,1,0,,"CheckViolation: KNDB R5: attribute hba1c is registered as MEASURED, got INFERRED
HINT:  This is the primary trust-boundary check the paper demonstrates.
CONTEXT:  PL/pgSQL function kndb.enforce_epistemic_kind() line 34 at RAISE",1,
353,SERIALIZABLE,A,1,0,,"CheckViolation: KNDB R5: attribute hba1c is registered as MEASURED, got INFERRED
HINT:  This is the primary trust-boundary check the paper demonstrates.
CONTEXT:  PL/pgSQL function kndb.enforce_epistemic_kind() line 34 at RAISE",1,
354,SERIALIZABLE,B,1,0,,"CheckViolation: KNDB R5: attribute hba1c is registered as MEASURED, got INFERRED
HINT:  This is the primary trust-boundary check the paper demonstrates.
CONTEXT:  PL/pgSQL function kndb.enforce_epistemic_kind() line 34 at RAISE",1,
355,SERIALIZABLE,A,1,0,,"CheckViolation: KNDB R5: attribute hba1c is registered as MEASURED, got INFERRED
HINT:  This is the primary trust-boundary check the paper demonstrates.
CONTEXT:  PL/pgSQL function kndb.enforce_epistemic_kind() line 34 at RAISE",1,
356,SERIALIZABLE,B,1,0,,"CheckViolation: KNDB R5: attribute hba1c is registered as MEASURED, got INFERRED
HINT:  This is the primary trust-boundary check the paper demonstrates.
CONTEXT:  PL/pgSQL function kndb.enforce_epistemic_kind() line 34 at RAISE",1,
357,SERIALIZABLE,A,1,0,,"CheckViolation: KNDB R5: attribute hba1c is registered as MEASURED, got INFERRED
HINT:  This is the primary trust-boundary check the paper demonstrates.
CONTEXT:  PL/pgSQL function kndb.enforce_epistemic_kind() line 34 at RAISE",1,
358,SERIALIZABLE,A,1,0,,"CheckViolation: KNDB R5: attribute hba1c is registered as MEASURED, got INFERRED
HINT:  This is the primary trust-boundary check the paper demonstrates.
CONTEXT:  PL/pgSQL function kndb.enforce_epistemic_kind() line 34 at RAISE",1,
359,SERIALIZABLE,A,1,0,,"CheckViolation: KNDB R5: attribute hba1c is registered as MEASURED, got INFERRED
HINT:  This is the primary trust-boundary check the paper demonstrates.
CONTEXT:  PL/pgSQL function kndb.enforce_epistemic_kind() line 34 at RAISE",1,
360,SERIALIZABLE,B,1,0,,"CheckViolation: KNDB R5: attribute hba1c is registered as MEASURED, got INFERRED
HINT:  This is the primary trust-boundary check the paper demonstrates.
CONTEXT:  PL/pgSQL function kndb.enforce_epistemic_kind() line 34 at RAISE",1,
361,SERIALIZABLE,A,1,0,,"CheckViolation: KNDB R5: attribute hba1c is registered as MEASURED, got INFERRED
HINT:  This is the primary trust-boundary check the paper demonstrates.
CONTEXT:  PL/pgSQL function kndb.enforce_epistemic_kind() line 34 at RAISE",1,
362,SERIALIZABLE,B,1,0,,"CheckViolation: KNDB R5: attribute hba1c is registered as MEASURED, got INFERRED
HINT:  This is the primary trust-boundary check the paper demonstrates.
CONTEXT:  PL/pgSQL function kndb.enforce_epistemic_kind() line 34 at RAISE",1,
363,SERIALIZABLE,B,1,0,,"CheckViolation: KNDB R5: attribute hba1c is registered as MEASURED, got INFERRED
HINT:  This is the primary trust-boundary check the paper demonstrates.
CONTEXT:  PL/pgSQL function kndb.enforce_epistemic_kind() line 34 at RAISE",1,
364,SERIALIZABLE,A,1,0,,"CheckViolation: KNDB R5: attribute hba1c is registered as MEASURED, got INFERRED
HINT:  This is the primary trust-boundary check the paper demonstrates.
CONTEXT:  PL/pgSQL function kndb.enforce_epistemic_kind() line 34 at RAISE",1,
365,SERIALIZABLE,B,1,0,,"CheckViolation: KNDB R5: attribute hba1c is registered as MEASURED, got INFERRED
HINT:  This is the primary trust-boundary check the paper demonstrates.
CONTEXT:  PL/pgSQL function kndb.enforce_epistemic_kind() line 34 at RAISE",1,
366,SERIALIZABLE,A,1,0,,"CheckViolation: KNDB R5: attribute hba1c is registered as MEASURED, got INFERRED
HINT:  This is the primary trust-boundary check the paper demonstrates.
CONTEXT:  PL/pgSQL function kndb.enforce_epistemic_kind() line 34 at RAISE",1,
367,SERIALIZABLE,B,1,0,,"CheckViolation: KNDB R5: attribute hba1c is registered as MEASURED, got INFERRED
HINT:  This is the primary trust-boundary check the paper demonstrates.
CONTEXT:  PL/pgSQL function kndb.enforce_epistemic_kind() line 34 at RAISE",1,
368,SERIALIZABLE,A,1,0,,"CheckViolation: KNDB R5: attribute hba1c is registered as MEASURED, got INFERRED
HINT:  This is the primary trust-boundary check the paper demonstrates.
CONTEXT:  PL/pgSQL function kndb.enforce_epistemic_kind() line 34 at RAISE",1,
369,SERIALIZABLE,B,1,0,,"CheckViolation: KNDB R5: attribute hba1c is registered as MEASURED, got INFERRED
HINT:  This is the primary trust-boundary check the paper demonstrates.
CONTEXT:  PL/pgSQL function kndb.enforce_epistemic_kind() line 34 at RAISE",1,
370,SERIALIZABLE,B,1,0,,"CheckViolation: KNDB R5: attribute hba1c is registered as MEASURED, got INFERRED
HINT:  This is the primary trust-boundary check the paper demonstrates.
CONTEXT:  PL/pgSQL function kndb.enforce_epistemic_kind() line 34 at RAISE",1,
371,SERIALIZABLE,B,1,0,,"CheckViolation: KNDB R5: attribute hba1c is registered as MEASURED, got INFERRED
HINT:  This is the primary trust-boundary check the paper demonstrates.
CONTEXT:  PL/pgSQL function kndb.enforce_epistemic_kind() line 34 at RAISE",1,
372,SERIALIZABLE,B,1,0,,"CheckViolation: KNDB R5: attribute hba1c is registered as MEASURED, got INFERRED
HINT:  This is the primary trust-boundary check the paper demonstrates.
CONTEXT:  PL/pgSQL function kndb.enforce_epistemic_kind() line 34 at RAISE",1,
373,SERIALIZABLE,B,1,0,,"CheckViolation: KNDB R5: attribute hba1c is registered as MEASURED, got INFERRED
HINT:  This is the primary trust-boundary check the paper demonstrates.
CONTEXT:  PL/pgSQL function kndb.enforce_epistemic_kind() line 34 at RAISE",1,
374,SERIALIZABLE,A,1,0,,"CheckViolation: KNDB R5: attribute hba1c is registered as MEASURED, got INFERRED
HINT:  This is the primary trust-boundary check the paper demonstrates.
CONTEXT:  PL/pgSQL function kndb.enforce_epistemic_kind() line 34 at RAISE",1,
375,SERIALIZABLE,A,1,0,,"CheckViolation: KNDB R5: attribute hba1c is registered as MEASURED, got INFERRED
HINT:  This is the primary trust-boundary check the paper demonstrates.
CONTEXT:  PL/pgSQL function kndb.enforce_epistemic_kind() line 34 at RAISE",1,
376,SERIALIZABLE,B,1,0,,"CheckViolation: KNDB R5: attribute hba1c is registered as MEASURED, got INFERRED
HINT:  This is the primary trust-boundary check the paper demonstrates.
CONTEXT:  PL/pgSQL function kndb.enforce_epistemic_kind() line 34 at RAISE",1,
377,SERIALIZABLE,A,1,0,,"CheckViolation: KNDB R5: attribute hba1c is registered as MEASURED, got INFERRED
HINT:  This is the primary trust-boundary check the paper demonstrates.
CONTEXT:  PL/pgSQL function kndb.enforce_epistemic_kind() line 34 at RAISE",1,
378,SERIALIZABLE,A,1,0,,"CheckViolation: KNDB R5: attribute hba1c is registered as MEASURED, got INFERRED
HINT:  This is the primary trust-boundary check the paper demonstrates.
CONTEXT:  PL/pgSQL function kndb.enforce_epistemic_kind() line 34 at RAISE",1,
379,SERIALIZABLE,B,1,0,,"CheckViolation: KNDB R5: attribute hba1c is registered as MEASURED, got INFERRED
HINT:  This is the primary trust-boundary check the paper demonstrates.
CONTEXT:  PL/pgSQL function kndb.enforce_epistemic_kind() line 34 at RAISE",1,
380,SERIALIZABLE,B,1,0,,"CheckViolation: KNDB R5: attribute hba1c is registered as MEASURED, got INFERRED
HINT:  This is the primary trust-boundary check the paper demonstrates.
CONTEXT:  PL/pgSQL function kndb.enforce_epistemic_kind() line 34 at RAISE",1,
381,SERIALIZABLE,A,1,0,,"CheckViolation: KNDB R5: attribute hba1c is registered as MEASURED, got INFERRED
HINT:  This is the primary trust-boundary check the paper demonstrates.
CONTEXT:  PL/pgSQL function kndb.enforce_epistemic_kind() line 34 at RAISE",1,
382,SERIALIZABLE,A,1,0,,"CheckViolation: KNDB R5: attribute hba1c is registered as MEASURED, got INFERRED
HINT:  This is the primary trust-boundary check the paper demonstrates.
CONTEXT:  PL/pgSQL function kndb.enforce_epistemic_kind() line 34 at RAISE",1,
383,SERIALIZABLE,A,1,0,,"CheckViolation: KNDB R5: attribute hba1c is registered as MEASURED, got INFERRED
HINT:  This is the primary trust-boundary check the paper demonstrates.
CONTEXT:  PL/pgSQL function kndb.enforce_epistemic_kind() line 34 at RAISE",1,
384,SERIALIZABLE,A,1,0,,"CheckViolation: KNDB R5: attribute hba1c is registered as MEASURED, got INFERRED
HINT:  This is the primary trust-boundary check the paper demonstrates.
CONTEXT:  PL/pgSQL function kndb.enforce_epistemic_kind() line 34 at RAISE",1,
385,SERIALIZABLE,A,1,0,,"CheckViolation: KNDB R5: attribute hba1c is registered as MEASURED, got INFERRED
HINT:  This is the primary trust-boundary check the paper demonstrates.
CONTEXT:  PL/pgSQL function kndb.enforce_epistemic_kind() line 34 at RAISE",1,
386,SERIALIZABLE,A,1,0,,"CheckViolation: KNDB R5: attribute hba1c is registered as MEASURED, got INFERRED
HINT:  This is the primary trust-boundary check the paper demonstrates.
CONTEXT:  PL/pgSQL function kndb.enforce_epistemic_kind() line 34 at RAISE",1,
387,SERIALIZABLE,A,1,0,,"CheckViolation: KNDB R5: attribute hba1c is registered as MEASURED, got INFERRED
HINT:  This is the primary trust-boundary check the paper demonstrates.
CONTEXT:  PL/pgSQL function kndb.enforce_epistemic_kind() line 34 at RAISE",1,
388,SERIALIZABLE,B,1,0,,"CheckViolation: KNDB R5: attribute hba1c is registered as MEASURED, got INFERRED
HINT:  This is the primary trust-boundary check the paper demonstrates.
CONTEXT:  PL/pgSQL function kndb.enforce_epistemic_kind() line 34 at RAISE",1,
389,SERIALIZABLE,B,1,0,,"CheckViolation: KNDB R5: attribute hba1c is registered as MEASURED, got INFERRED
HINT:  This is the primary trust-boundary check the paper demonstrates.
CONTEXT:  PL/pgSQL function kndb.enforce_epistemic_kind() line 34 at RAISE",1,
390,SERIALIZABLE,B,1,0,,"CheckViolation: KNDB R5: attribute hba1c is registered as MEASURED, got INFERRED
HINT:  This is the primary trust-boundary check the paper demonstrates.
CONTEXT:  PL/pgSQL function kndb.enforce_epistemic_kind() line 34 at RAISE",1,
391,SERIALIZABLE,B,1,0,,"CheckViolation: KNDB R5: attribute hba1c is registered as MEASURED, got INFERRED
HINT:  This is the primary trust-boundary check the paper demonstrates.
CONTEXT:  PL/pgSQL function kndb.enforce_epistemic_kind() line 34 at RAISE",1,
392,SERIALIZABLE,A,1,0,,"CheckViolation: KNDB R5: attribute hba1c is registered as MEASURED, got INFERRED
HINT:  This is the primary trust-boundary check the paper demonstrates.
CONTEXT:  PL/pgSQL function kndb.enforce_epistemic_kind() line 34 at RAISE",1,
393,SERIALIZABLE,B,1,0,,"CheckViolation: KNDB R5: attribute hba1c is registered as MEASURED, got INFERRED
HINT:  This is the primary trust-boundary check the paper demonstrates.
CONTEXT:  PL/pgSQL function kndb.enforce_epistemic_kind() line 34 at RAISE",1,
394,SERIALIZABLE,A,1,0,,"CheckViolation: KNDB R5: attribute hba1c is registered as MEASURED, got INFERRED
HINT:  This is the primary trust-boundary check the paper demonstrates.
CONTEXT:  PL/pgSQL function kndb.enforce_epistemic_kind() line 34 at RAISE",1,
395,SERIALIZABLE,A,1,0,,"CheckViolation: KNDB R5: attribute hba1c is registered as MEASURED, got INFERRED
HINT:  This is the primary trust-boundary check the paper demonstrates.
CONTEXT:  PL/pgSQL function kndb.enforce_epistemic_kind() line 34 at RAISE",1,
396,SERIALIZABLE,A,1,0,,"CheckViolation: KNDB R5: attribute hba1c is registered as MEASURED, got INFERRED
HINT:  This is the primary trust-boundary check the paper demonstrates.
CONTEXT:  PL/pgSQL function kndb.enforce_epistemic_kind() line 34 at RAISE",1,
397,SERIALIZABLE,B,1,0,,"CheckViolation: KNDB R5: attribute hba1c is registered as MEASURED, got INFERRED
HINT:  This is the primary trust-boundary check the paper demonstrates.
CONTEXT:  PL/pgSQL function kndb.enforce_epistemic_kind() line 34 at RAISE",1,
398,SERIALIZABLE,B,1,0,,"CheckViolation: KNDB R5: attribute hba1c is registered as MEASURED, got INFERRED
HINT:  This is the primary trust-boundary check the paper demonstrates.
CONTEXT:  PL/pgSQL function kndb.enforce_epistemic_kind() line 34 at RAISE",1,
399,SERIALIZABLE,A,1,0,,"CheckViolation: KNDB R5: attribute hba1c is registered as MEASURED, got INFERRED
HINT:  This is the primary trust-boundary check the paper demonstrates.
CONTEXT:  PL/pgSQL function kndb.enforce_epistemic_kind() line 34 at RAISE",1,
400,SERIALIZABLE,A,1,0,,"CheckViolation: KNDB R5: attribute hba1c is registered as MEASURED, got INFERRED
HINT:  This is the primary trust-boundary check the paper demonstrates.
CONTEXT:  PL/pgSQL function kndb.enforce_epistemic_kind() line 34 at RAISE",1,
401,SERIALIZABLE,A,1,0,,"CheckViolation: KNDB R5: attribute hba1c is registered as MEASURED, got INFERRED
HINT:  This is the primary trust-boundary check the paper demonstrates.
CONTEXT:  PL/pgSQL function kndb.enforce_epistemic_kind() line 34 at RAISE",1,
402,SERIALIZABLE,A,1,0,,"CheckViolation: KNDB R5: attribute hba1c is registered as MEASURED, got INFERRED
HINT:  This is the primary trust-boundary check the paper demonstrates.
CONTEXT:  PL/pgSQL function kndb.enforce_epistemic_kind() line 34 at RAISE",1,
403,SERIALIZABLE,B,1,0,,"CheckViolation: KNDB R5: attribute hba1c is registered as MEASURED, got INFERRED
HINT:  This is the primary trust-boundary check the paper demonstrates.
CONTEXT:  PL/pgSQL function kndb.enforce_epistemic_kind() line 34 at RAISE",1,
404,SERIALIZABLE,B,1,0,,"CheckViolation: KNDB R5: attribute hba1c is registered as MEASURED, got INFERRED
HINT:  This is the primary trust-boundary check the paper demonstrates.
CONTEXT:  PL/pgSQL function kndb.enforce_epistemic_kind() line 34 at RAISE",1,
405,SERIALIZABLE,A,1,0,,"CheckViolation: KNDB R5: attribute hba1c is registered as MEASURED, got INFERRED
HINT:  This is the primary trust-boundary check the paper demonstrates.
CONTEXT:  PL/pgSQL function kndb.enforce_epistemic_kind() line 34 at RAISE",1,
406,SERIALIZABLE,A,1,0,,"CheckViolation: KNDB R5: attribute hba1c is registered as MEASURED, got INFERRED
HINT:  This is the primary trust-boundary check the paper demonstrates.
CONTEXT:  PL/pgSQL function kndb.enforce_epistemic_kind() line 34 at RAISE",1,
407,SERIALIZABLE,B,1,0,,"CheckViolation: KNDB R5: attribute hba1c is registered as MEASURED, got INFERRED
HINT:  This is the primary trust-boundary check the paper demonstrates.
CONTEXT:  PL/pgSQL function kndb.enforce_epistemic_kind() line 34 at RAISE",1,
408,SERIALIZABLE,B,1,0,,"CheckViolation: KNDB R5: attribute hba1c is registered as MEASURED, got INFERRED
HINT:  This is the primary trust-boundary check the paper demonstrates.
CONTEXT:  PL/pgSQL function kndb.enforce_epistemic_kind() line 34 at RAISE",1,
409,SERIALIZABLE,A,1,0,,"CheckViolation: KNDB R5: attribute hba1c is registered as MEASURED, got INFERRED
HINT:  This is the primary trust-boundary check the paper demonstrates.
CONTEXT:  PL/pgSQL function kndb.enforce_epistemic_kind() line 34 at RAISE",1,
410,SERIALIZABLE,B,1,0,,"CheckViolation: KNDB R5: attribute hba1c is registered as MEASURED, got INFERRED
HINT:  This is the primary trust-boundary check the paper demonstrates.
CONTEXT:  PL/pgSQL function kndb.enforce_epistemic_kind() line 34 at RAISE",1,
411,SERIALIZABLE,B,1,0,,"CheckViolation: KNDB R5: attribute hba1c is registered as MEASURED, got INFERRED
HINT:  This is the primary trust-boundary check the paper demonstrates.
CONTEXT:  PL/pgSQL function kndb.enforce_epistemic_kind() line 34 at RAISE",1,
412,SERIALIZABLE,B,1,0,,"CheckViolation: KNDB R5: attribute hba1c is registered as MEASURED, got INFERRED
HINT:  This is the primary trust-boundary check the paper demonstrates.
CONTEXT:  PL/pgSQL function kndb.enforce_epistemic_kind() line 34 at RAISE",1,
413,SERIALIZABLE,A,1,0,,"CheckViolation: KNDB R5: attribute hba1c is registered as MEASURED, got INFERRED
HINT:  This is the primary trust-boundary check the paper demonstrates.
CONTEXT:  PL/pgSQL function kndb.enforce_epistemic_kind() line 34 at RAISE",1,
414,SERIALIZABLE,A,1,0,,"CheckViolation: KNDB R5: attribute hba1c is registered as MEASURED, got INFERRED
HINT:  This is the primary trust-boundary check the paper demonstrates.
CONTEXT:  PL/pgSQL function kndb.enforce_epistemic_kind() line 34 at RAISE",1,
415,SERIALIZABLE,A,1,0,,"CheckViolation: KNDB R5: attribute hba1c is registered as MEASURED, got INFERRED
HINT:  This is the primary trust-boundary check the paper demonstrates.
CONTEXT:  PL/pgSQL function kndb.enforce_epistemic_kind() line 34 at RAISE",1,
416,SERIALIZABLE,A,1,0,,"CheckViolation: KNDB R5: attribute hba1c is registered as MEASURED, got INFERRED
HINT:  This is the primary trust-boundary check the paper demonstrates.
CONTEXT:  PL/pgSQL function kndb.enforce_epistemic_kind() line 34 at RAISE",1,
417,SERIALIZABLE,A,1,0,,"CheckViolation: KNDB R5: attribute hba1c is registered as MEASURED, got INFERRED
HINT:  This is the primary trust-boundary check the paper demonstrates.
CONTEXT:  PL/pgSQL function kndb.enforce_epistemic_kind() line 34 at RAISE",1,
418,SERIALIZABLE,B,1,0,,"CheckViolation: KNDB R5: attribute hba1c is registered as MEASURED, got INFERRED
HINT:  This is the primary trust-boundary check the paper demonstrates.
CONTEXT:  PL/pgSQL function kndb.enforce_epistemic_kind() line 34 at RAISE",1,
419,SERIALIZABLE,A,1,0,,"CheckViolation: KNDB R5: attribute hba1c is registered as MEASURED, got INFERRED
HINT:  This is the primary trust-boundary check the paper demonstrates.
CONTEXT:  PL/pgSQL function kndb.enforce_epistemic_kind() line 34 at RAISE",1,
420,SERIALIZABLE,A,1,0,,"CheckViolation: KNDB R5: attribute hba1c is registered as MEASURED, got INFERRED
HINT:  This is the primary trust-boundary check the paper demonstrates.
CONTEXT:  PL/pgSQL function kndb.enforce_epistemic_kind() line 34 at RAISE",1,
421,SERIALIZABLE,B,1,0,,"CheckViolation: KNDB R5: attribute hba1c is registered as MEASURED, got INFERRED
HINT:  This is the primary trust-boundary check the paper demonstrates.
CONTEXT:  PL/pgSQL function kndb.enforce_epistemic_kind() line 34 at RAISE",1,
422,SERIALIZABLE,A,1,0,,"CheckViolation: KNDB R5: attribute hba1c is registered as MEASURED, got INFERRED
HINT:  This is the primary trust-boundary check the paper demonstrates.
CONTEXT:  PL/pgSQL function kndb.enforce_epistemic_kind() line 34 at RAISE",1,
423,SERIALIZABLE,B,1,0,,"CheckViolation: KNDB R5: attribute hba1c is registered as MEASURED, got INFERRED
HINT:  This is the primary trust-boundary check the paper demonstrates.
CONTEXT:  PL/pgSQL function kndb.enforce_epistemic_kind() line 34 at RAISE",1,
424,SERIALIZABLE,A,1,0,,"CheckViolation: KNDB R5: attribute hba1c is registered as MEASURED, got INFERRED
HINT:  This is the primary trust-boundary check the paper demonstrates.
CONTEXT:  PL/pgSQL function kndb.enforce_epistemic_kind() line 34 at RAISE",1,
425,SERIALIZABLE,A,1,0,,"CheckViolation: KNDB R5: attribute hba1c is registered as MEASURED, got INFERRED
HINT:  This is the primary trust-boundary check the paper demonstrates.
CONTEXT:  PL/pgSQL function kndb.enforce_epistemic_kind() line 34 at RAISE",1,
426,SERIALIZABLE,B,1,0,,"CheckViolation: KNDB R5: attribute hba1c is registered as MEASURED, got INFERRED
HINT:  This is the primary trust-boundary check the paper demonstrates.
CONTEXT:  PL/pgSQL function kndb.enforce_epistemic_kind() line 34 at RAISE",1,
427,SERIALIZABLE,A,1,0,,"CheckViolation: KNDB R5: attribute hba1c is registered as MEASURED, got INFERRED
HINT:  This is the primary trust-boundary check the paper demonstrates.
CONTEXT:  PL/pgSQL function kndb.enforce_epistemic_kind() line 34 at RAISE",1,
428,SERIALIZABLE,B,1,0,,"CheckViolation: KNDB R5: attribute hba1c is registered as MEASURED, got INFERRED
HINT:  This is the primary trust-boundary check the paper demonstrates.
CONTEXT:  PL/pgSQL function kndb.enforce_epistemic_kind() line 34 at RAISE",1,
429,SERIALIZABLE,B,1,0,,"CheckViolation: KNDB R5: attribute hba1c is registered as MEASURED, got INFERRED
HINT:  This is the primary trust-boundary check the paper demonstrates.
CONTEXT:  PL/pgSQL function kndb.enforce_epistemic_kind() line 34 at RAISE",1,
430,SERIALIZABLE,A,1,0,,"CheckViolation: KNDB R5: attribute hba1c is registered as MEASURED, got INFERRED
HINT:  This is the primary trust-boundary check the paper demonstrates.
CONTEXT:  PL/pgSQL function kndb.enforce_epistemic_kind() line 34 at RAISE",1,
431,SERIALIZABLE,A,1,0,,"CheckViolation: KNDB R5: attribute hba1c is registered as MEASURED, got INFERRED
HINT:  This is the primary trust-boundary check the paper demonstrates.
CONTEXT:  PL/pgSQL function kndb.enforce_epistemic_kind() line 34 at RAISE",1,
432,SERIALIZABLE,A,1,0,,"CheckViolation: KNDB R5: attribute hba1c is registered as MEASURED, got INFERRED
HINT:  This is the primary trust-boundary check the paper demonstrates.
CONTEXT:  PL/pgSQL function kndb.enforce_epistemic_kind() line 34 at RAISE",1,
433,SERIALIZABLE,B,1,0,,"CheckViolation: KNDB R5: attribute hba1c is registered as MEASURED, got INFERRED
HINT:  This is the primary trust-boundary check the paper demonstrates.
CONTEXT:  PL/pgSQL function kndb.enforce_epistemic_kind() line 34 at RAISE",1,
434,SERIALIZABLE,B,1,0,,"CheckViolation: KNDB R5: attribute hba1c is registered as MEASURED, got INFERRED
HINT:  This is the primary trust-boundary check the paper demonstrates.
CONTEXT:  PL/pgSQL function kndb.enforce_epistemic_kind() line 34 at RAISE",1,
435,SERIALIZABLE,A,1,0,,"CheckViolation: KNDB R5: attribute hba1c is registered as MEASURED, got INFERRED
HINT:  This is the primary trust-boundary check the paper demonstrates.
CONTEXT:  PL/pgSQL function kndb.enforce_epistemic_kind() line 34 at RAISE",1,
436,SERIALIZABLE,A,1,0,,"CheckViolation: KNDB R5: attribute hba1c is registered as MEASURED, got INFERRED
HINT:  This is the primary trust-boundary check the paper demonstrates.
CONTEXT:  PL/pgSQL function kndb.enforce_epistemic_kind() line 34 at RAISE",1,
437,SERIALIZABLE,B,1,0,,"CheckViolation: KNDB R5: attribute hba1c is registered as MEASURED, got INFERRED
HINT:  This is the primary trust-boundary check the paper demonstrates.
CONTEXT:  PL/pgSQL function kndb.enforce_epistemic_kind() line 34 at RAISE",1,
438,SERIALIZABLE,A,1,0,,"CheckViolation: KNDB R5: attribute hba1c is registered as MEASURED, got INFERRED
HINT:  This is the primary trust-boundary check the paper demonstrates.
CONTEXT:  PL/pgSQL function kndb.enforce_epistemic_kind() line 34 at RAISE",1,
439,SERIALIZABLE,B,1,0,,"CheckViolation: KNDB R5: attribute hba1c is registered as MEASURED, got INFERRED
HINT:  This is the primary trust-boundary check the paper demonstrates.
CONTEXT:  PL/pgSQL function kndb.enforce_epistemic_kind() line 34 at RAISE",1,
440,SERIALIZABLE,B,1,0,,"CheckViolation: KNDB R5: attribute hba1c is registered as MEASURED, got INFERRED
HINT:  This is the primary trust-boundary check the paper demonstrates.
CONTEXT:  PL/pgSQL function kndb.enforce_epistemic_kind() line 34 at RAISE",1,
441,SERIALIZABLE,B,1,0,,"CheckViolation: KNDB R5: attribute hba1c is registered as MEASURED, got INFERRED
HINT:  This is the primary trust-boundary check the paper demonstrates.
CONTEXT:  PL/pgSQL function kndb.enforce_epistemic_kind() line 34 at RAISE",1,
442,SERIALIZABLE,B,1,0,,"CheckViolation: KNDB R5: attribute hba1c is registered as MEASURED, got INFERRED
HINT:  This is the primary trust-boundary check the paper demonstrates.
CONTEXT:  PL/pgSQL function kndb.enforce_epistemic_kind() line 34 at RAISE",1,
443,SERIALIZABLE,B,1,0,,"CheckViolation: KNDB R5: attribute hba1c is registered as MEASURED, got INFERRED
HINT:  This is the primary trust-boundary check the paper demonstrates.
CONTEXT:  PL/pgSQL function kndb.enforce_epistemic_kind() line 34 at RAISE",1,
444,SERIALIZABLE,B,1,0,,"CheckViolation: KNDB R5: attribute hba1c is registered as MEASURED, got INFERRED
HINT:  This is the primary trust-boundary check the paper demonstrates.
CONTEXT:  PL/pgSQL function kndb.enforce_epistemic_kind() line 34 at RAISE",1,
445,SERIALIZABLE,B,1,0,,"CheckViolation: KNDB R5: attribute hba1c is registered as MEASURED, got INFERRED
HINT:  This is the primary trust-boundary check the paper demonstrates.
CONTEXT:  PL/pgSQL function kndb.enforce_epistemic_kind() line 34 at RAISE",1,
446,SERIALIZABLE,B,1,0,,"CheckViolation: KNDB R5: attribute hba1c is registered as MEASURED, got INFERRED
HINT:  This is the primary trust-boundary check the paper demonstrates.
CONTEXT:  PL/pgSQL function kndb.enforce_epistemic_kind() line 34 at RAISE",1,
447,SERIALIZABLE,B,1,0,,"CheckViolation: KNDB R5: attribute hba1c is registered as MEASURED, got INFERRED
HINT:  This is the primary trust-boundary check the paper demonstrates.
CONTEXT:  PL/pgSQL function kndb.enforce_epistemic_kind() line 34 at RAISE",1,
448,SERIALIZABLE,B,1,0,,"CheckViolation: KNDB R5: attribute hba1c is registered as MEASURED, got INFERRED
HINT:  This is the primary trust-boundary check the paper demonstrates.
CONTEXT:  PL/pgSQL function kndb.enforce_epistemic_kind() line 34 at RAISE",1,
449,SERIALIZABLE,B,1,0,,"CheckViolation: KNDB R5: attribute hba1c is registered as MEASURED, got INFERRED
HINT:  This is the primary trust-boundary check the paper demonstrates.
CONTEXT:  PL/pgSQL function kndb.enforce_epistemic_kind() line 34 at RAISE",1,
450,SERIALIZABLE,B,1,0,,"CheckViolation: KNDB R5: attribute hba1c is registered as MEASURED, got INFERRED
HINT:  This is the primary trust-boundary check the paper demonstrates.
CONTEXT:  PL/pgSQL function kndb.enforce_epistemic_kind() line 34 at RAISE",1,
451,SERIALIZABLE,B,1,0,,"CheckViolation: KNDB R5: attribute hba1c is registered as MEASURED, got INFERRED
HINT:  This is the primary trust-boundary check the paper demonstrates.
CONTEXT:  PL/pgSQL function kndb.enforce_epistemic_kind() line 34 at RAISE",1,
452,SERIALIZABLE,A,1,0,,"CheckViolation: KNDB R5: attribute hba1c is registered as MEASURED, got INFERRED
HINT:  This is the primary trust-boundary check the paper demonstrates.
CONTEXT:  PL/pgSQL function kndb.enforce_epistemic_kind() line 34 at RAISE",1,
453,SERIALIZABLE,A,1,0,,"CheckViolation: KNDB R5: attribute hba1c is registered as MEASURED, got INFERRED
HINT:  This is the primary trust-boundary check the paper demonstrates.
CONTEXT:  PL/pgSQL function kndb.enforce_epistemic_kind() line 34 at RAISE",1,
454,SERIALIZABLE,A,1,0,,"CheckViolation: KNDB R5: attribute hba1c is registered as MEASURED, got INFERRED
HINT:  This is the primary trust-boundary check the paper demonstrates.
CONTEXT:  PL/pgSQL function kndb.enforce_epistemic_kind() line 34 at RAISE",1,
455,SERIALIZABLE,B,1,0,,"CheckViolation: KNDB R5: attribute hba1c is registered as MEASURED, got INFERRED
HINT:  This is the primary trust-boundary check the paper demonstrates.
CONTEXT:  PL/pgSQL function kndb.enforce_epistemic_kind() line 34 at RAISE",1,
456,SERIALIZABLE,B,1,0,,"CheckViolation: KNDB R5: attribute hba1c is registered as MEASURED, got INFERRED
HINT:  This is the primary trust-boundary check the paper demonstrates.
CONTEXT:  PL/pgSQL function kndb.enforce_epistemic_kind() line 34 at RAISE",1,
457,SERIALIZABLE,B,1,0,,"CheckViolation: KNDB R5: attribute hba1c is registered as MEASURED, got INFERRED
HINT:  This is the primary trust-boundary check the paper demonstrates.
CONTEXT:  PL/pgSQL function kndb.enforce_epistemic_kind() line 34 at RAISE",1,
458,SERIALIZABLE,B,1,0,,"CheckViolation: KNDB R5: attribute hba1c is registered as MEASURED, got INFERRED
HINT:  This is the primary trust-boundary check the paper demonstrates.
CONTEXT:  PL/pgSQL function kndb.enforce_epistemic_kind() line 34 at RAISE",1,
459,SERIALIZABLE,A,1,0,,"CheckViolation: KNDB R5: attribute hba1c is registered as MEASURED, got INFERRED
HINT:  This is the primary trust-boundary check the paper demonstrates.
CONTEXT:  PL/pgSQL function kndb.enforce_epistemic_kind() line 34 at RAISE",1,
460,SERIALIZABLE,A,1,0,,"CheckViolation: KNDB R5: attribute hba1c is registered as MEASURED, got INFERRED
HINT:  This is the primary trust-boundary check the paper demonstrates.
CONTEXT:  PL/pgSQL function kndb.enforce_epistemic_kind() line 34 at RAISE",1,
461,SERIALIZABLE,A,1,0,,"CheckViolation: KNDB R5: attribute hba1c is registered as MEASURED, got INFERRED
HINT:  This is the primary trust-boundary check the paper demonstrates.
CONTEXT:  PL/pgSQL function kndb.enforce_epistemic_kind() line 34 at RAISE",1,
462,SERIALIZABLE,A,1,0,,"CheckViolation: KNDB R5: attribute hba1c is registered as MEASURED, got INFERRED
HINT:  This is the primary trust-boundary check the paper demonstrates.
CONTEXT:  PL/pgSQL function kndb.enforce_epistemic_kind() line 34 at RAISE",1,
463,SERIALIZABLE,A,1,0,,"CheckViolation: KNDB R5: attribute hba1c is registered as MEASURED, got INFERRED
HINT:  This is the primary trust-boundary check the paper demonstrates.
CONTEXT:  PL/pgSQL function kndb.enforce_epistemic_kind() line 34 at RAISE",1,
464,SERIALIZABLE,B,1,0,,"CheckViolation: KNDB R5: attribute hba1c is registered as MEASURED, got INFERRED
HINT:  This is the primary trust-boundary check the paper demonstrates.
CONTEXT:  PL/pgSQL function kndb.enforce_epistemic_kind() line 34 at RAISE",1,
465,SERIALIZABLE,A,1,0,,"CheckViolation: KNDB R5: attribute hba1c is registered as MEASURED, got INFERRED
HINT:  This is the primary trust-boundary check the paper demonstrates.
CONTEXT:  PL/pgSQL function kndb.enforce_epistemic_kind() line 34 at RAISE",1,
466,SERIALIZABLE,A,1,0,,"CheckViolation: KNDB R5: attribute hba1c is registered as MEASURED, got INFERRED
HINT:  This is the primary trust-boundary check the paper demonstrates.
CONTEXT:  PL/pgSQL function kndb.enforce_epistemic_kind() line 34 at RAISE",1,
467,SERIALIZABLE,B,1,0,,"CheckViolation: KNDB R5: attribute hba1c is registered as MEASURED, got INFERRED
HINT:  This is the primary trust-boundary check the paper demonstrates.
CONTEXT:  PL/pgSQL function kndb.enforce_epistemic_kind() line 34 at RAISE",1,
468,SERIALIZABLE,B,1,0,,"CheckViolation: KNDB R5: attribute hba1c is registered as MEASURED, got INFERRED
HINT:  This is the primary trust-boundary check the paper demonstrates.
CONTEXT:  PL/pgSQL function kndb.enforce_epistemic_kind() line 34 at RAISE",1,
469,SERIALIZABLE,A,1,0,,"CheckViolation: KNDB R5: attribute hba1c is registered as MEASURED, got INFERRED
HINT:  This is the primary trust-boundary check the paper demonstrates.
CONTEXT:  PL/pgSQL function kndb.enforce_epistemic_kind() line 34 at RAISE",1,
470,SERIALIZABLE,A,1,0,,"CheckViolation: KNDB R5: attribute hba1c is registered as MEASURED, got INFERRED
HINT:  This is the primary trust-boundary check the paper demonstrates.
CONTEXT:  PL/pgSQL function kndb.enforce_epistemic_kind() line 34 at RAISE",1,
471,SERIALIZABLE,B,1,0,,"CheckViolation: KNDB R5: attribute hba1c is registered as MEASURED, got INFERRED
HINT:  This is the primary trust-boundary check the paper demonstrates.
CONTEXT:  PL/pgSQL function kndb.enforce_epistemic_kind() line 34 at RAISE",1,
472,SERIALIZABLE,A,1,0,,"CheckViolation: KNDB R5: attribute hba1c is registered as MEASURED, got INFERRED
HINT:  This is the primary trust-boundary check the paper demonstrates.
CONTEXT:  PL/pgSQL function kndb.enforce_epistemic_kind() line 34 at RAISE",1,
473,SERIALIZABLE,A,1,0,,"CheckViolation: KNDB R5: attribute hba1c is registered as MEASURED, got INFERRED
HINT:  This is the primary trust-boundary check the paper demonstrates.
CONTEXT:  PL/pgSQL function kndb.enforce_epistemic_kind() line 34 at RAISE",1,
474,SERIALIZABLE,A,1,0,,"CheckViolation: KNDB R5: attribute hba1c is registered as MEASURED, got INFERRED
HINT:  This is the primary trust-boundary check the paper demonstrates.
CONTEXT:  PL/pgSQL function kndb.enforce_epistemic_kind() line 34 at RAISE",1,
475,SERIALIZABLE,B,1,0,,"CheckViolation: KNDB R5: attribute hba1c is registered as MEASURED, got INFERRED
HINT:  This is the primary trust-boundary check the paper demonstrates.
CONTEXT:  PL/pgSQL function kndb.enforce_epistemic_kind() line 34 at RAISE",1,
476,SERIALIZABLE,B,1,0,,"CheckViolation: KNDB R5: attribute hba1c is registered as MEASURED, got INFERRED
HINT:  This is the primary trust-boundary check the paper demonstrates.
CONTEXT:  PL/pgSQL function kndb.enforce_epistemic_kind() line 34 at RAISE",1,
477,SERIALIZABLE,B,1,0,,"CheckViolation: KNDB R5: attribute hba1c is registered as MEASURED, got INFERRED
HINT:  This is the primary trust-boundary check the paper demonstrates.
CONTEXT:  PL/pgSQL function kndb.enforce_epistemic_kind() line 34 at RAISE",1,
478,SERIALIZABLE,B,1,0,,"CheckViolation: KNDB R5: attribute hba1c is registered as MEASURED, got INFERRED
HINT:  This is the primary trust-boundary check the paper demonstrates.
CONTEXT:  PL/pgSQL function kndb.enforce_epistemic_kind() line 34 at RAISE",1,
479,SERIALIZABLE,B,1,0,,"CheckViolation: KNDB R5: attribute hba1c is registered as MEASURED, got INFERRED
HINT:  This is the primary trust-boundary check the paper demonstrates.
CONTEXT:  PL/pgSQL function kndb.enforce_epistemic_kind() line 34 at RAISE",1,
480,SERIALIZABLE,A,1,0,,"CheckViolation: KNDB R5: attribute hba1c is registered as MEASURED, got INFERRED
HINT:  This is the primary trust-boundary check the paper demonstrates.
CONTEXT:  PL/pgSQL function kndb.enforce_epistemic_kind() line 34 at RAISE",1,
481,SERIALIZABLE,A,1,0,,"CheckViolation: KNDB R5: attribute hba1c is registered as MEASURED, got INFERRED
HINT:  This is the primary trust-boundary check the paper demonstrates.
CONTEXT:  PL/pgSQL function kndb.enforce_epistemic_kind() line 34 at RAISE",1,
482,SERIALIZABLE,A,1,0,,"CheckViolation: KNDB R5: attribute hba1c is registered as MEASURED, got INFERRED
HINT:  This is the primary trust-boundary check the paper demonstrates.
CONTEXT:  PL/pgSQL function kndb.enforce_epistemic_kind() line 34 at RAISE",1,
483,SERIALIZABLE,B,1,0,,"CheckViolation: KNDB R5: attribute hba1c is registered as MEASURED, got INFERRED
HINT:  This is the primary trust-boundary check the paper demonstrates.
CONTEXT:  PL/pgSQL function kndb.enforce_epistemic_kind() line 34 at RAISE",1,
484,SERIALIZABLE,B,1,0,,"CheckViolation: KNDB R5: attribute hba1c is registered as MEASURED, got INFERRED
HINT:  This is the primary trust-boundary check the paper demonstrates.
CONTEXT:  PL/pgSQL function kndb.enforce_epistemic_kind() line 34 at RAISE",1,
485,SERIALIZABLE,B,1,0,,"CheckViolation: KNDB R5: attribute hba1c is registered as MEASURED, got INFERRED
HINT:  This is the primary trust-boundary check the paper demonstrates.
CONTEXT:  PL/pgSQL function kndb.enforce_epistemic_kind() line 34 at RAISE",1,
486,SERIALIZABLE,A,1,0,,"CheckViolation: KNDB R5: attribute hba1c is registered as MEASURED, got INFERRED
HINT:  This is the primary trust-boundary check the paper demonstrates.
CONTEXT:  PL/pgSQL function kndb.enforce_epistemic_kind() line 34 at RAISE",1,
487,SERIALIZABLE,B,1,0,,"CheckViolation: KNDB R5: attribute hba1c is registered as MEASURED, got INFERRED
HINT:  This is the primary trust-boundary check the paper demonstrates.
CONTEXT:  PL/pgSQL function kndb.enforce_epistemic_kind() line 34 at RAISE",1,
488,SERIALIZABLE,B,1,0,,"CheckViolation: KNDB R5: attribute hba1c is registered as MEASURED, got INFERRED
HINT:  This is the primary trust-boundary check the paper demonstrates.
CONTEXT:  PL/pgSQL function kndb.enforce_epistemic_kind() line 34 at RAISE",1,
489,SERIALIZABLE,B,1,0,,"CheckViolation: KNDB R5: attribute hba1c is registered as MEASURED, got INFERRED
HINT:  This is the primary trust-boundary check the paper demonstrates.
CONTEXT:  PL/pgSQL function kndb.enforce_epistemic_kind() line 34 at RAISE",1,
490,SERIALIZABLE,A,1,0,,"CheckViolation: KNDB R5: attribute hba1c is registered as MEASURED, got INFERRED
HINT:  This is the primary trust-boundary check the paper demonstrates.
CONTEXT:  PL/pgSQL function kndb.enforce_epistemic_kind() line 34 at RAISE",1,
491,SERIALIZABLE,A,1,0,,"CheckViolation: KNDB R5: attribute hba1c is registered as MEASURED, got INFERRED
HINT:  This is the primary trust-boundary check the paper demonstrates.
CONTEXT:  PL/pgSQL function kndb.enforce_epistemic_kind() line 34 at RAISE",1,
492,SERIALIZABLE,A,1,0,,"CheckViolation: KNDB R5: attribute hba1c is registered as MEASURED, got INFERRED
HINT:  This is the primary trust-boundary check the paper demonstrates.
CONTEXT:  PL/pgSQL function kndb.enforce_epistemic_kind() line 34 at RAISE",1,
493,SERIALIZABLE,A,1,0,,"CheckViolation: KNDB R5: attribute hba1c is registered as MEASURED, got INFERRED
HINT:  This is the primary trust-boundary check the paper demonstrates.
CONTEXT:  PL/pgSQL function kndb.enforce_epistemic_kind() line 34 at RAISE",1,
494,SERIALIZABLE,A,1,0,,"CheckViolation: KNDB R5: attribute hba1c is registered as MEASURED, got INFERRED
HINT:  This is the primary trust-boundary check the paper demonstrates.
CONTEXT:  PL/pgSQL function kndb.enforce_epistemic_kind() line 34 at RAISE",1,
495,SERIALIZABLE,B,1,0,,"CheckViolation: KNDB R5: attribute hba1c is registered as MEASURED, got INFERRED
HINT:  This is the primary trust-boundary check the paper demonstrates.
CONTEXT:  PL/pgSQL function kndb.enforce_epistemic_kind() line 34 at RAISE",1,
496,SERIALIZABLE,A,1,0,,"CheckViolation: KNDB R5: attribute hba1c is registered as MEASURED, got INFERRED
HINT:  This is the primary trust-boundary check the paper demonstrates.
CONTEXT:  PL/pgSQL function kndb.enforce_epistemic_kind() line 34 at RAISE",1,
497,SERIALIZABLE,A,1,0,,"CheckViolation: KNDB R5: attribute hba1c is registered as MEASURED, got INFERRED
HINT:  This is the primary trust-boundary check the paper demonstrates.
CONTEXT:  PL/pgSQL function kndb.enforce_epistemic_kind() line 34 at RAISE",1,
498,SERIALIZABLE,A,1,0,,"CheckViolation: KNDB R5: attribute hba1c is registered as MEASURED, got INFERRED
HINT:  This is the primary trust-boundary check the paper demonstrates.
CONTEXT:  PL/pgSQL function kndb.enforce_epistemic_kind() line 34 at RAISE",1,
499,SERIALIZABLE,A,1,0,,"CheckViolation: KNDB R5: attribute hba1c is registered as MEASURED, got INFERRED
HINT:  This is the primary trust-boundary check the paper demonstrates.
CONTEXT:  PL/pgSQL function kndb.enforce_epistemic_kind() line 34 at RAISE",1,
500,SERIALIZABLE,B,1,0,,"CheckViolation: KNDB R5: attribute hba1c is registered as MEASURED, got INFERRED
HINT:  This is the primary trust-boundary check the paper demonstrates.
CONTEXT:  PL/pgSQL function kndb.enforce_epistemic_kind() line 34 at RAISE",1,
501,SERIALIZABLE,A,1,0,,"CheckViolation: KNDB R5: attribute hba1c is registered as MEASURED, got INFERRED
HINT:  This is the primary trust-boundary check the paper demonstrates.
CONTEXT:  PL/pgSQL function kndb.enforce_epistemic_kind() line 34 at RAISE",1,
502,SERIALIZABLE,A,1,0,,"CheckViolation: KNDB R5: attribute hba1c is registered as MEASURED, got INFERRED
HINT:  This is the primary trust-boundary check the paper demonstrates.
CONTEXT:  PL/pgSQL function kndb.enforce_epistemic_kind() line 34 at RAISE",1,
503,SERIALIZABLE,B,1,0,,"CheckViolation: KNDB R5: attribute hba1c is registered as MEASURED, got INFERRED
HINT:  This is the primary trust-boundary check the paper demonstrates.
CONTEXT:  PL/pgSQL function kndb.enforce_epistemic_kind() line 34 at RAISE",1,
504,SERIALIZABLE,A,1,0,,"CheckViolation: KNDB R5: attribute hba1c is registered as MEASURED, got INFERRED
HINT:  This is the primary trust-boundary check the paper demonstrates.
CONTEXT:  PL/pgSQL function kndb.enforce_epistemic_kind() line 34 at RAISE",1,
505,SERIALIZABLE,B,1,0,,"CheckViolation: KNDB R5: attribute hba1c is registered as MEASURED, got INFERRED
HINT:  This is the primary trust-boundary check the paper demonstrates.
CONTEXT:  PL/pgSQL function kndb.enforce_epistemic_kind() line 34 at RAISE",1,
506,SERIALIZABLE,A,1,0,,"CheckViolation: KNDB R5: attribute hba1c is registered as MEASURED, got INFERRED
HINT:  This is the primary trust-boundary check the paper demonstrates.
CONTEXT:  PL/pgSQL function kndb.enforce_epistemic_kind() line 34 at RAISE",1,
507,SERIALIZABLE,A,1,0,,"CheckViolation: KNDB R5: attribute hba1c is registered as MEASURED, got INFERRED
HINT:  This is the primary trust-boundary check the paper demonstrates.
CONTEXT:  PL/pgSQL function kndb.enforce_epistemic_kind() line 34 at RAISE",1,
508,SERIALIZABLE,A,1,0,,"CheckViolation: KNDB R5: attribute hba1c is registered as MEASURED, got INFERRED
HINT:  This is the primary trust-boundary check the paper demonstrates.
CONTEXT:  PL/pgSQL function kndb.enforce_epistemic_kind() line 34 at RAISE",1,
509,SERIALIZABLE,A,1,0,,"CheckViolation: KNDB R5: attribute hba1c is registered as MEASURED, got INFERRED
HINT:  This is the primary trust-boundary check the paper demonstrates.
CONTEXT:  PL/pgSQL function kndb.enforce_epistemic_kind() line 34 at RAISE",1,
510,SERIALIZABLE,A,1,0,,"CheckViolation: KNDB R5: attribute hba1c is registered as MEASURED, got INFERRED
HINT:  This is the primary trust-boundary check the paper demonstrates.
CONTEXT:  PL/pgSQL function kndb.enforce_epistemic_kind() line 34 at RAISE",1,
511,SERIALIZABLE,A,1,0,,"CheckViolation: KNDB R5: attribute hba1c is registered as MEASURED, got INFERRED
HINT:  This is the primary trust-boundary check the paper demonstrates.
CONTEXT:  PL/pgSQL function kndb.enforce_epistemic_kind() line 34 at RAISE",1,
512,SERIALIZABLE,B,1,0,,"CheckViolation: KNDB R5: attribute hba1c is registered as MEASURED, got INFERRED
HINT:  This is the primary trust-boundary check the paper demonstrates.
CONTEXT:  PL/pgSQL function kndb.enforce_epistemic_kind() line 34 at RAISE",1,
513,SERIALIZABLE,A,1,0,,"CheckViolation: KNDB R5: attribute hba1c is registered as MEASURED, got INFERRED
HINT:  This is the primary trust-boundary check the paper demonstrates.
CONTEXT:  PL/pgSQL function kndb.enforce_epistemic_kind() line 34 at RAISE",1,
514,SERIALIZABLE,B,1,0,,"CheckViolation: KNDB R5: attribute hba1c is registered as MEASURED, got INFERRED
HINT:  This is the primary trust-boundary check the paper demonstrates.
CONTEXT:  PL/pgSQL function kndb.enforce_epistemic_kind() line 34 at RAISE",1,
515,SERIALIZABLE,B,1,0,,"CheckViolation: KNDB R5: attribute hba1c is registered as MEASURED, got INFERRED
HINT:  This is the primary trust-boundary check the paper demonstrates.
CONTEXT:  PL/pgSQL function kndb.enforce_epistemic_kind() line 34 at RAISE",1,
516,SERIALIZABLE,A,1,0,,"CheckViolation: KNDB R5: attribute hba1c is registered as MEASURED, got INFERRED
HINT:  This is the primary trust-boundary check the paper demonstrates.
CONTEXT:  PL/pgSQL function kndb.enforce_epistemic_kind() line 34 at RAISE",1,
517,SERIALIZABLE,A,1,0,,"CheckViolation: KNDB R5: attribute hba1c is registered as MEASURED, got INFERRED
HINT:  This is the primary trust-boundary check the paper demonstrates.
CONTEXT:  PL/pgSQL function kndb.enforce_epistemic_kind() line 34 at RAISE",1,
518,SERIALIZABLE,A,1,0,,"CheckViolation: KNDB R5: attribute hba1c is registered as MEASURED, got INFERRED
HINT:  This is the primary trust-boundary check the paper demonstrates.
CONTEXT:  PL/pgSQL function kndb.enforce_epistemic_kind() line 34 at RAISE",1,
519,SERIALIZABLE,B,1,0,,"CheckViolation: KNDB R5: attribute hba1c is registered as MEASURED, got INFERRED
HINT:  This is the primary trust-boundary check the paper demonstrates.
CONTEXT:  PL/pgSQL function kndb.enforce_epistemic_kind() line 34 at RAISE",1,
520,SERIALIZABLE,B,1,0,,"CheckViolation: KNDB R5: attribute hba1c is registered as MEASURED, got INFERRED
HINT:  This is the primary trust-boundary check the paper demonstrates.
CONTEXT:  PL/pgSQL function kndb.enforce_epistemic_kind() line 34 at RAISE",1,
521,SERIALIZABLE,A,1,0,,"CheckViolation: KNDB R5: attribute hba1c is registered as MEASURED, got INFERRED
HINT:  This is the primary trust-boundary check the paper demonstrates.
CONTEXT:  PL/pgSQL function kndb.enforce_epistemic_kind() line 34 at RAISE",1,
522,SERIALIZABLE,B,1,0,,"CheckViolation: KNDB R5: attribute hba1c is registered as MEASURED, got INFERRED
HINT:  This is the primary trust-boundary check the paper demonstrates.
CONTEXT:  PL/pgSQL function kndb.enforce_epistemic_kind() line 34 at RAISE",1,
523,SERIALIZABLE,B,1,0,,"CheckViolation: KNDB R5: attribute hba1c is registered as MEASURED, got INFERRED
HINT:  This is the primary trust-boundary check the paper demonstrates.
CONTEXT:  PL/pgSQL function kndb.enforce_epistemic_kind() line 34 at RAISE",1,
524,SERIALIZABLE,B,1,0,,"CheckViolation: KNDB R5: attribute hba1c is registered as MEASURED, got INFERRED
HINT:  This is the primary trust-boundary check the paper demonstrates.
CONTEXT:  PL/pgSQL function kndb.enforce_epistemic_kind() line 34 at RAISE",1,
525,SERIALIZABLE,B,1,0,,"CheckViolation: KNDB R5: attribute hba1c is registered as MEASURED, got INFERRED
HINT:  This is the primary trust-boundary check the paper demonstrates.
CONTEXT:  PL/pgSQL function kndb.enforce_epistemic_kind() line 34 at RAISE",1,
526,SERIALIZABLE,B,1,0,,"CheckViolation: KNDB R5: attribute hba1c is registered as MEASURED, got INFERRED
HINT:  This is the primary trust-boundary check the paper demonstrates.
CONTEXT:  PL/pgSQL function kndb.enforce_epistemic_kind() line 34 at RAISE",1,
527,SERIALIZABLE,A,1,0,,"CheckViolation: KNDB R5: attribute hba1c is registered as MEASURED, got INFERRED
HINT:  This is the primary trust-boundary check the paper demonstrates.
CONTEXT:  PL/pgSQL function kndb.enforce_epistemic_kind() line 34 at RAISE",1,
528,SERIALIZABLE,A,1,0,,"CheckViolation: KNDB R5: attribute hba1c is registered as MEASURED, got INFERRED
HINT:  This is the primary trust-boundary check the paper demonstrates.
CONTEXT:  PL/pgSQL function kndb.enforce_epistemic_kind() line 34 at RAISE",1,
529,SERIALIZABLE,A,1,0,,"CheckViolation: KNDB R5: attribute hba1c is registered as MEASURED, got INFERRED
HINT:  This is the primary trust-boundary check the paper demonstrates.
CONTEXT:  PL/pgSQL function kndb.enforce_epistemic_kind() line 34 at RAISE",1,
530,SERIALIZABLE,A,1,0,,"CheckViolation: KNDB R5: attribute hba1c is registered as MEASURED, got INFERRED
HINT:  This is the primary trust-boundary check the paper demonstrates.
CONTEXT:  PL/pgSQL function kndb.enforce_epistemic_kind() line 34 at RAISE",1,
531,SERIALIZABLE,B,1,0,,"CheckViolation: KNDB R5: attribute hba1c is registered as MEASURED, got INFERRED
HINT:  This is the primary trust-boundary check the paper demonstrates.
CONTEXT:  PL/pgSQL function kndb.enforce_epistemic_kind() line 34 at RAISE",1,
532,SERIALIZABLE,B,1,0,,"CheckViolation: KNDB R5: attribute hba1c is registered as MEASURED, got INFERRED
HINT:  This is the primary trust-boundary check the paper demonstrates.
CONTEXT:  PL/pgSQL function kndb.enforce_epistemic_kind() line 34 at RAISE",1,
533,SERIALIZABLE,A,1,0,,"CheckViolation: KNDB R5: attribute hba1c is registered as MEASURED, got INFERRED
HINT:  This is the primary trust-boundary check the paper demonstrates.
CONTEXT:  PL/pgSQL function kndb.enforce_epistemic_kind() line 34 at RAISE",1,
534,SERIALIZABLE,B,1,0,,"CheckViolation: KNDB R5: attribute hba1c is registered as MEASURED, got INFERRED
HINT:  This is the primary trust-boundary check the paper demonstrates.
CONTEXT:  PL/pgSQL function kndb.enforce_epistemic_kind() line 34 at RAISE",1,
535,SERIALIZABLE,B,1,0,,"CheckViolation: KNDB R5: attribute hba1c is registered as MEASURED, got INFERRED
HINT:  This is the primary trust-boundary check the paper demonstrates.
CONTEXT:  PL/pgSQL function kndb.enforce_epistemic_kind() line 34 at RAISE",1,
536,SERIALIZABLE,A,1,0,,"CheckViolation: KNDB R5: attribute hba1c is registered as MEASURED, got INFERRED
HINT:  This is the primary trust-boundary check the paper demonstrates.
CONTEXT:  PL/pgSQL function kndb.enforce_epistemic_kind() line 34 at RAISE",1,
537,SERIALIZABLE,B,1,0,,"CheckViolation: KNDB R5: attribute hba1c is registered as MEASURED, got INFERRED
HINT:  This is the primary trust-boundary check the paper demonstrates.
CONTEXT:  PL/pgSQL function kndb.enforce_epistemic_kind() line 34 at RAISE",1,
538,SERIALIZABLE,B,1,0,,"CheckViolation: KNDB R5: attribute hba1c is registered as MEASURED, got INFERRED
HINT:  This is the primary trust-boundary check the paper demonstrates.
CONTEXT:  PL/pgSQL function kndb.enforce_epistemic_kind() line 34 at RAISE",1,
539,SERIALIZABLE,A,1,0,,"CheckViolation: KNDB R5: attribute hba1c is registered as MEASURED, got INFERRED
HINT:  This is the primary trust-boundary check the paper demonstrates.
CONTEXT:  PL/pgSQL function kndb.enforce_epistemic_kind() line 34 at RAISE",1,
540,SERIALIZABLE,B,1,0,,"CheckViolation: KNDB R5: attribute hba1c is registered as MEASURED, got INFERRED
HINT:  This is the primary trust-boundary check the paper demonstrates.
CONTEXT:  PL/pgSQL function kndb.enforce_epistemic_kind() line 34 at RAISE",1,
541,SERIALIZABLE,B,1,0,,"CheckViolation: KNDB R5: attribute hba1c is registered as MEASURED, got INFERRED
HINT:  This is the primary trust-boundary check the paper demonstrates.
CONTEXT:  PL/pgSQL function kndb.enforce_epistemic_kind() line 34 at RAISE",1,
542,SERIALIZABLE,A,1,0,,"CheckViolation: KNDB R5: attribute hba1c is registered as MEASURED, got INFERRED
HINT:  This is the primary trust-boundary check the paper demonstrates.
CONTEXT:  PL/pgSQL function kndb.enforce_epistemic_kind() line 34 at RAISE",1,
543,SERIALIZABLE,A,1,0,,"CheckViolation: KNDB R5: attribute hba1c is registered as MEASURED, got INFERRED
HINT:  This is the primary trust-boundary check the paper demonstrates.
CONTEXT:  PL/pgSQL function kndb.enforce_epistemic_kind() line 34 at RAISE",1,
544,SERIALIZABLE,A,1,0,,"CheckViolation: KNDB R5: attribute hba1c is registered as MEASURED, got INFERRED
HINT:  This is the primary trust-boundary check the paper demonstrates.
CONTEXT:  PL/pgSQL function kndb.enforce_epistemic_kind() line 34 at RAISE",1,
545,SERIALIZABLE,B,1,0,,"CheckViolation: KNDB R5: attribute hba1c is registered as MEASURED, got INFERRED
HINT:  This is the primary trust-boundary check the paper demonstrates.
CONTEXT:  PL/pgSQL function kndb.enforce_epistemic_kind() line 34 at RAISE",1,
546,SERIALIZABLE,B,1,0,,"CheckViolation: KNDB R5: attribute hba1c is registered as MEASURED, got INFERRED
HINT:  This is the primary trust-boundary check the paper demonstrates.
CONTEXT:  PL/pgSQL function kndb.enforce_epistemic_kind() line 34 at RAISE",1,
547,SERIALIZABLE,A,1,0,,"CheckViolation: KNDB R5: attribute hba1c is registered as MEASURED, got INFERRED
HINT:  This is the primary trust-boundary check the paper demonstrates.
CONTEXT:  PL/pgSQL function kndb.enforce_epistemic_kind() line 34 at RAISE",1,
548,SERIALIZABLE,B,1,0,,"CheckViolation: KNDB R5: attribute hba1c is registered as MEASURED, got INFERRED
HINT:  This is the primary trust-boundary check the paper demonstrates.
CONTEXT:  PL/pgSQL function kndb.enforce_epistemic_kind() line 34 at RAISE",1,
549,SERIALIZABLE,A,1,0,,"CheckViolation: KNDB R5: attribute hba1c is registered as MEASURED, got INFERRED
HINT:  This is the primary trust-boundary check the paper demonstrates.
CONTEXT:  PL/pgSQL function kndb.enforce_epistemic_kind() line 34 at RAISE",1,
550,SERIALIZABLE,B,1,0,,"CheckViolation: KNDB R5: attribute hba1c is registered as MEASURED, got INFERRED
HINT:  This is the primary trust-boundary check the paper demonstrates.
CONTEXT:  PL/pgSQL function kndb.enforce_epistemic_kind() line 34 at RAISE",1,
551,SERIALIZABLE,B,1,0,,"CheckViolation: KNDB R5: attribute hba1c is registered as MEASURED, got INFERRED
HINT:  This is the primary trust-boundary check the paper demonstrates.
CONTEXT:  PL/pgSQL function kndb.enforce_epistemic_kind() line 34 at RAISE",1,
552,SERIALIZABLE,A,1,0,,"CheckViolation: KNDB R5: attribute hba1c is registered as MEASURED, got INFERRED
HINT:  This is the primary trust-boundary check the paper demonstrates.
CONTEXT:  PL/pgSQL function kndb.enforce_epistemic_kind() line 34 at RAISE",1,
553,SERIALIZABLE,B,1,0,,"CheckViolation: KNDB R5: attribute hba1c is registered as MEASURED, got INFERRED
HINT:  This is the primary trust-boundary check the paper demonstrates.
CONTEXT:  PL/pgSQL function kndb.enforce_epistemic_kind() line 34 at RAISE",1,
554,SERIALIZABLE,B,1,0,,"CheckViolation: KNDB R5: attribute hba1c is registered as MEASURED, got INFERRED
HINT:  This is the primary trust-boundary check the paper demonstrates.
CONTEXT:  PL/pgSQL function kndb.enforce_epistemic_kind() line 34 at RAISE",1,
555,SERIALIZABLE,B,1,0,,"CheckViolation: KNDB R5: attribute hba1c is registered as MEASURED, got INFERRED
HINT:  This is the primary trust-boundary check the paper demonstrates.
CONTEXT:  PL/pgSQL function kndb.enforce_epistemic_kind() line 34 at RAISE",1,
556,SERIALIZABLE,A,1,0,,"CheckViolation: KNDB R5: attribute hba1c is registered as MEASURED, got INFERRED
HINT:  This is the primary trust-boundary check the paper demonstrates.
CONTEXT:  PL/pgSQL function kndb.enforce_epistemic_kind() line 34 at RAISE",1,
557,SERIALIZABLE,B,1,0,,"CheckViolation: KNDB R5: attribute hba1c is registered as MEASURED, got INFERRED
HINT:  This is the primary trust-boundary check the paper demonstrates.
CONTEXT:  PL/pgSQL function kndb.enforce_epistemic_kind() line 34 at RAISE",1,
558,SERIALIZABLE,B,1,0,,"CheckViolation: KNDB R5: attribute hba1c is registered as MEASURED, got INFERRED
HINT:  This is the primary trust-boundary check the paper demonstrates.
CONTEXT:  PL/pgSQL function kndb.enforce_epistemic_kind() line 34 at RAISE",1,
559,SERIALIZABLE,A,1,0,,"CheckViolation: KNDB R5: attribute hba1c is registered as MEASURED, got INFERRED
HINT:  This is the primary trust-boundary check the paper demonstrates.
CONTEXT:  PL/pgSQL function kndb.enforce_epistemic_kind() line 34 at RAISE",1,
560,SERIALIZABLE,A,1,0,,"CheckViolation: KNDB R5: attribute hba1c is registered as MEASURED, got INFERRED
HINT:  This is the primary trust-boundary check the paper demonstrates.
CONTEXT:  PL/pgSQL function kndb.enforce_epistemic_kind() line 34 at RAISE",1,
561,SERIALIZABLE,A,1,0,,"CheckViolation: KNDB R5: attribute hba1c is registered as MEASURED, got INFERRED
HINT:  This is the primary trust-boundary check the paper demonstrates.
CONTEXT:  PL/pgSQL function kndb.enforce_epistemic_kind() line 34 at RAISE",1,
562,SERIALIZABLE,B,1,0,,"CheckViolation: KNDB R5: attribute hba1c is registered as MEASURED, got INFERRED
HINT:  This is the primary trust-boundary check the paper demonstrates.
CONTEXT:  PL/pgSQL function kndb.enforce_epistemic_kind() line 34 at RAISE",1,
563,SERIALIZABLE,A,1,0,,"CheckViolation: KNDB R5: attribute hba1c is registered as MEASURED, got INFERRED
HINT:  This is the primary trust-boundary check the paper demonstrates.
CONTEXT:  PL/pgSQL function kndb.enforce_epistemic_kind() line 34 at RAISE",1,
564,SERIALIZABLE,B,1,0,,"CheckViolation: KNDB R5: attribute hba1c is registered as MEASURED, got INFERRED
HINT:  This is the primary trust-boundary check the paper demonstrates.
CONTEXT:  PL/pgSQL function kndb.enforce_epistemic_kind() line 34 at RAISE",1,
565,SERIALIZABLE,B,1,0,,"CheckViolation: KNDB R5: attribute hba1c is registered as MEASURED, got INFERRED
HINT:  This is the primary trust-boundary check the paper demonstrates.
CONTEXT:  PL/pgSQL function kndb.enforce_epistemic_kind() line 34 at RAISE",1,
566,SERIALIZABLE,A,1,0,,"CheckViolation: KNDB R5: attribute hba1c is registered as MEASURED, got INFERRED
HINT:  This is the primary trust-boundary check the paper demonstrates.
CONTEXT:  PL/pgSQL function kndb.enforce_epistemic_kind() line 34 at RAISE",1,
567,SERIALIZABLE,B,1,0,,"CheckViolation: KNDB R5: attribute hba1c is registered as MEASURED, got INFERRED
HINT:  This is the primary trust-boundary check the paper demonstrates.
CONTEXT:  PL/pgSQL function kndb.enforce_epistemic_kind() line 34 at RAISE",1,
568,SERIALIZABLE,B,1,0,,"CheckViolation: KNDB R5: attribute hba1c is registered as MEASURED, got INFERRED
HINT:  This is the primary trust-boundary check the paper demonstrates.
CONTEXT:  PL/pgSQL function kndb.enforce_epistemic_kind() line 34 at RAISE",1,
569,SERIALIZABLE,B,1,0,,"CheckViolation: KNDB R5: attribute hba1c is registered as MEASURED, got INFERRED
HINT:  This is the primary trust-boundary check the paper demonstrates.
CONTEXT:  PL/pgSQL function kndb.enforce_epistemic_kind() line 34 at RAISE",1,
570,SERIALIZABLE,B,1,0,,"CheckViolation: KNDB R5: attribute hba1c is registered as MEASURED, got INFERRED
HINT:  This is the primary trust-boundary check the paper demonstrates.
CONTEXT:  PL/pgSQL function kndb.enforce_epistemic_kind() line 34 at RAISE",1,
571,SERIALIZABLE,A,1,0,,"CheckViolation: KNDB R5: attribute hba1c is registered as MEASURED, got INFERRED
HINT:  This is the primary trust-boundary check the paper demonstrates.
CONTEXT:  PL/pgSQL function kndb.enforce_epistemic_kind() line 34 at RAISE",1,
572,SERIALIZABLE,B,1,0,,"CheckViolation: KNDB R5: attribute hba1c is registered as MEASURED, got INFERRED
HINT:  This is the primary trust-boundary check the paper demonstrates.
CONTEXT:  PL/pgSQL function kndb.enforce_epistemic_kind() line 34 at RAISE",1,
573,SERIALIZABLE,B,1,0,,"CheckViolation: KNDB R5: attribute hba1c is registered as MEASURED, got INFERRED
HINT:  This is the primary trust-boundary check the paper demonstrates.
CONTEXT:  PL/pgSQL function kndb.enforce_epistemic_kind() line 34 at RAISE",1,
574,SERIALIZABLE,A,1,0,,"CheckViolation: KNDB R5: attribute hba1c is registered as MEASURED, got INFERRED
HINT:  This is the primary trust-boundary check the paper demonstrates.
CONTEXT:  PL/pgSQL function kndb.enforce_epistemic_kind() line 34 at RAISE",1,
575,SERIALIZABLE,B,1,0,,"CheckViolation: KNDB R5: attribute hba1c is registered as MEASURED, got INFERRED
HINT:  This is the primary trust-boundary check the paper demonstrates.
CONTEXT:  PL/pgSQL function kndb.enforce_epistemic_kind() line 34 at RAISE",1,
576,SERIALIZABLE,B,1,0,,"CheckViolation: KNDB R5: attribute hba1c is registered as MEASURED, got INFERRED
HINT:  This is the primary trust-boundary check the paper demonstrates.
CONTEXT:  PL/pgSQL function kndb.enforce_epistemic_kind() line 34 at RAISE",1,
577,SERIALIZABLE,A,1,0,,"CheckViolation: KNDB R5: attribute hba1c is registered as MEASURED, got INFERRED
HINT:  This is the primary trust-boundary check the paper demonstrates.
CONTEXT:  PL/pgSQL function kndb.enforce_epistemic_kind() line 34 at RAISE",1,
578,SERIALIZABLE,A,1,0,,"CheckViolation: KNDB R5: attribute hba1c is registered as MEASURED, got INFERRED
HINT:  This is the primary trust-boundary check the paper demonstrates.
CONTEXT:  PL/pgSQL function kndb.enforce_epistemic_kind() line 34 at RAISE",1,
579,SERIALIZABLE,B,1,0,,"CheckViolation: KNDB R5: attribute hba1c is registered as MEASURED, got INFERRED
HINT:  This is the primary trust-boundary check the paper demonstrates.
CONTEXT:  PL/pgSQL function kndb.enforce_epistemic_kind() line 34 at RAISE",1,
580,SERIALIZABLE,A,1,0,,"CheckViolation: KNDB R5: attribute hba1c is registered as MEASURED, got INFERRED
HINT:  This is the primary trust-boundary check the paper demonstrates.
CONTEXT:  PL/pgSQL function kndb.enforce_epistemic_kind() line 34 at RAISE",1,
581,SERIALIZABLE,B,1,0,,"CheckViolation: KNDB R5: attribute hba1c is registered as MEASURED, got INFERRED
HINT:  This is the primary trust-boundary check the paper demonstrates.
CONTEXT:  PL/pgSQL function kndb.enforce_epistemic_kind() line 34 at RAISE",1,
582,SERIALIZABLE,B,1,0,,"CheckViolation: KNDB R5: attribute hba1c is registered as MEASURED, got INFERRED
HINT:  This is the primary trust-boundary check the paper demonstrates.
CONTEXT:  PL/pgSQL function kndb.enforce_epistemic_kind() line 34 at RAISE",1,
583,SERIALIZABLE,A,1,0,,"CheckViolation: KNDB R5: attribute hba1c is registered as MEASURED, got INFERRED
HINT:  This is the primary trust-boundary check the paper demonstrates.
CONTEXT:  PL/pgSQL function kndb.enforce_epistemic_kind() line 34 at RAISE",1,
584,SERIALIZABLE,B,1,0,,"CheckViolation: KNDB R5: attribute hba1c is registered as MEASURED, got INFERRED
HINT:  This is the primary trust-boundary check the paper demonstrates.
CONTEXT:  PL/pgSQL function kndb.enforce_epistemic_kind() line 34 at RAISE",1,
585,SERIALIZABLE,A,1,0,,"CheckViolation: KNDB R5: attribute hba1c is registered as MEASURED, got INFERRED
HINT:  This is the primary trust-boundary check the paper demonstrates.
CONTEXT:  PL/pgSQL function kndb.enforce_epistemic_kind() line 34 at RAISE",1,
586,SERIALIZABLE,A,1,0,,"CheckViolation: KNDB R5: attribute hba1c is registered as MEASURED, got INFERRED
HINT:  This is the primary trust-boundary check the paper demonstrates.
CONTEXT:  PL/pgSQL function kndb.enforce_epistemic_kind() line 34 at RAISE",1,
587,SERIALIZABLE,B,1,0,,"CheckViolation: KNDB R5: attribute hba1c is registered as MEASURED, got INFERRED
HINT:  This is the primary trust-boundary check the paper demonstrates.
CONTEXT:  PL/pgSQL function kndb.enforce_epistemic_kind() line 34 at RAISE",1,
588,SERIALIZABLE,A,1,0,,"CheckViolation: KNDB R5: attribute hba1c is registered as MEASURED, got INFERRED
HINT:  This is the primary trust-boundary check the paper demonstrates.
CONTEXT:  PL/pgSQL function kndb.enforce_epistemic_kind() line 34 at RAISE",1,
589,SERIALIZABLE,A,1,0,,"CheckViolation: KNDB R5: attribute hba1c is registered as MEASURED, got INFERRED
HINT:  This is the primary trust-boundary check the paper demonstrates.
CONTEXT:  PL/pgSQL function kndb.enforce_epistemic_kind() line 34 at RAISE",1,
590,SERIALIZABLE,B,1,0,,"CheckViolation: KNDB R5: attribute hba1c is registered as MEASURED, got INFERRED
HINT:  This is the primary trust-boundary check the paper demonstrates.
CONTEXT:  PL/pgSQL function kndb.enforce_epistemic_kind() line 34 at RAISE",1,
591,SERIALIZABLE,A,1,0,,"CheckViolation: KNDB R5: attribute hba1c is registered as MEASURED, got INFERRED
HINT:  This is the primary trust-boundary check the paper demonstrates.
CONTEXT:  PL/pgSQL function kndb.enforce_epistemic_kind() line 34 at RAISE",1,
592,SERIALIZABLE,A,1,0,,"CheckViolation: KNDB R5: attribute hba1c is registered as MEASURED, got INFERRED
HINT:  This is the primary trust-boundary check the paper demonstrates.
CONTEXT:  PL/pgSQL function kndb.enforce_epistemic_kind() line 34 at RAISE",1,
593,SERIALIZABLE,B,1,0,,"CheckViolation: KNDB R5: attribute hba1c is registered as MEASURED, got INFERRED
HINT:  This is the primary trust-boundary check the paper demonstrates.
CONTEXT:  PL/pgSQL function kndb.enforce_epistemic_kind() line 34 at RAISE",1,
594,SERIALIZABLE,A,1,0,,"CheckViolation: KNDB R5: attribute hba1c is registered as MEASURED, got INFERRED
HINT:  This is the primary trust-boundary check the paper demonstrates.
CONTEXT:  PL/pgSQL function kndb.enforce_epistemic_kind() line 34 at RAISE",1,
595,SERIALIZABLE,B,1,0,,"CheckViolation: KNDB R5: attribute hba1c is registered as MEASURED, got INFERRED
HINT:  This is the primary trust-boundary check the paper demonstrates.
CONTEXT:  PL/pgSQL function kndb.enforce_epistemic_kind() line 34 at RAISE",1,
596,SERIALIZABLE,B,1,0,,"CheckViolation: KNDB R5: attribute hba1c is registered as MEASURED, got INFERRED
HINT:  This is the primary trust-boundary check the paper demonstrates.
CONTEXT:  PL/pgSQL function kndb.enforce_epistemic_kind() line 34 at RAISE",1,
597,SERIALIZABLE,A,1,0,,"CheckViolation: KNDB R5: attribute hba1c is registered as MEASURED, got INFERRED
HINT:  This is the primary trust-boundary check the paper demonstrates.
CONTEXT:  PL/pgSQL function kndb.enforce_epistemic_kind() line 34 at RAISE",1,
598,SERIALIZABLE,A,1,0,,"CheckViolation: KNDB R5: attribute hba1c is registered as MEASURED, got INFERRED
HINT:  This is the primary trust-boundary check the paper demonstrates.
CONTEXT:  PL/pgSQL function kndb.enforce_epistemic_kind() line 34 at RAISE",1,
599,SERIALIZABLE,B,1,0,,"CheckViolation: KNDB R5: attribute hba1c is registered as MEASURED, got INFERRED
HINT:  This is the primary trust-boundary check the paper demonstrates.
CONTEXT:  PL/pgSQL function kndb.enforce_epistemic_kind() line 34 at RAISE",1,
600,SERIALIZABLE,A,1,0,,"CheckViolation: KNDB R5: attribute hba1c is registered as MEASURED, got INFERRED
HINT:  This is the primary trust-boundary check the paper demonstrates.
CONTEXT:  PL/pgSQL function kndb.enforce_epistemic_kind() line 34 at RAISE",1,
601,SERIALIZABLE,B,1,0,,"CheckViolation: KNDB R5: attribute hba1c is registered as MEASURED, got INFERRED
HINT:  This is the primary trust-boundary check the paper demonstrates.
CONTEXT:  PL/pgSQL function kndb.enforce_epistemic_kind() line 34 at RAISE",1,
602,SERIALIZABLE,A,1,0,,"CheckViolation: KNDB R5: attribute hba1c is registered as MEASURED, got INFERRED
HINT:  This is the primary trust-boundary check the paper demonstrates.
CONTEXT:  PL/pgSQL function kndb.enforce_epistemic_kind() line 34 at RAISE",1,
603,SERIALIZABLE,B,1,0,,"CheckViolation: KNDB R5: attribute hba1c is registered as MEASURED, got INFERRED
HINT:  This is the primary trust-boundary check the paper demonstrates.
CONTEXT:  PL/pgSQL function kndb.enforce_epistemic_kind() line 34 at RAISE",1,
604,SERIALIZABLE,B,1,0,,"CheckViolation: KNDB R5: attribute hba1c is registered as MEASURED, got INFERRED
HINT:  This is the primary trust-boundary check the paper demonstrates.
CONTEXT:  PL/pgSQL function kndb.enforce_epistemic_kind() line 34 at RAISE",1,
605,SERIALIZABLE,B,1,0,,"CheckViolation: KNDB R5: attribute hba1c is registered as MEASURED, got INFERRED
HINT:  This is the primary trust-boundary check the paper demonstrates.
CONTEXT:  PL/pgSQL function kndb.enforce_epistemic_kind() line 34 at RAISE",1,
606,SERIALIZABLE,A,1,0,,"CheckViolation: KNDB R5: attribute hba1c is registered as MEASURED, got INFERRED
HINT:  This is the primary trust-boundary check the paper demonstrates.
CONTEXT:  PL/pgSQL function kndb.enforce_epistemic_kind() line 34 at RAISE",1,
607,SERIALIZABLE,B,1,0,,"CheckViolation: KNDB R5: attribute hba1c is registered as MEASURED, got INFERRED
HINT:  This is the primary trust-boundary check the paper demonstrates.
CONTEXT:  PL/pgSQL function kndb.enforce_epistemic_kind() line 34 at RAISE",1,
608,SERIALIZABLE,A,1,0,,"CheckViolation: KNDB R5: attribute hba1c is registered as MEASURED, got INFERRED
HINT:  This is the primary trust-boundary check the paper demonstrates.
CONTEXT:  PL/pgSQL function kndb.enforce_epistemic_kind() line 34 at RAISE",1,
609,SERIALIZABLE,A,1,0,,"CheckViolation: KNDB R5: attribute hba1c is registered as MEASURED, got INFERRED
HINT:  This is the primary trust-boundary check the paper demonstrates.
CONTEXT:  PL/pgSQL function kndb.enforce_epistemic_kind() line 34 at RAISE",1,
610,SERIALIZABLE,B,1,0,,"CheckViolation: KNDB R5: attribute hba1c is registered as MEASURED, got INFERRED
HINT:  This is the primary trust-boundary check the paper demonstrates.
CONTEXT:  PL/pgSQL function kndb.enforce_epistemic_kind() line 34 at RAISE",1,
611,SERIALIZABLE,A,1,0,,"CheckViolation: KNDB R5: attribute hba1c is registered as MEASURED, got INFERRED
HINT:  This is the primary trust-boundary check the paper demonstrates.
CONTEXT:  PL/pgSQL function kndb.enforce_epistemic_kind() line 34 at RAISE",1,
612,SERIALIZABLE,B,1,0,,"CheckViolation: KNDB R5: attribute hba1c is registered as MEASURED, got INFERRED
HINT:  This is the primary trust-boundary check the paper demonstrates.
CONTEXT:  PL/pgSQL function kndb.enforce_epistemic_kind() line 34 at RAISE",1,
613,SERIALIZABLE,A,1,0,,"CheckViolation: KNDB R5: attribute hba1c is registered as MEASURED, got INFERRED
HINT:  This is the primary trust-boundary check the paper demonstrates.
CONTEXT:  PL/pgSQL function kndb.enforce_epistemic_kind() line 34 at RAISE",1,
614,SERIALIZABLE,B,1,0,,"CheckViolation: KNDB R5: attribute hba1c is registered as MEASURED, got INFERRED
HINT:  This is the primary trust-boundary check the paper demonstrates.
CONTEXT:  PL/pgSQL function kndb.enforce_epistemic_kind() line 34 at RAISE",1,
615,SERIALIZABLE,A,1,0,,"CheckViolation: KNDB R5: attribute hba1c is registered as MEASURED, got INFERRED
HINT:  This is the primary trust-boundary check the paper demonstrates.
CONTEXT:  PL/pgSQL function kndb.enforce_epistemic_kind() line 34 at RAISE",1,
616,SERIALIZABLE,B,1,0,,"CheckViolation: KNDB R5: attribute hba1c is registered as MEASURED, got INFERRED
HINT:  This is the primary trust-boundary check the paper demonstrates.
CONTEXT:  PL/pgSQL function kndb.enforce_epistemic_kind() line 34 at RAISE",1,
617,SERIALIZABLE,A,1,0,,"CheckViolation: KNDB R5: attribute hba1c is registered as MEASURED, got INFERRED
HINT:  This is the primary trust-boundary check the paper demonstrates.
CONTEXT:  PL/pgSQL function kndb.enforce_epistemic_kind() line 34 at RAISE",1,
618,SERIALIZABLE,B,1,0,,"CheckViolation: KNDB R5: attribute hba1c is registered as MEASURED, got INFERRED
HINT:  This is the primary trust-boundary check the paper demonstrates.
CONTEXT:  PL/pgSQL function kndb.enforce_epistemic_kind() line 34 at RAISE",1,
619,SERIALIZABLE,A,1,0,,"CheckViolation: KNDB R5: attribute hba1c is registered as MEASURED, got INFERRED
HINT:  This is the primary trust-boundary check the paper demonstrates.
CONTEXT:  PL/pgSQL function kndb.enforce_epistemic_kind() line 34 at RAISE",1,
620,SERIALIZABLE,A,1,0,,"CheckViolation: KNDB R5: attribute hba1c is registered as MEASURED, got INFERRED
HINT:  This is the primary trust-boundary check the paper demonstrates.
CONTEXT:  PL/pgSQL function kndb.enforce_epistemic_kind() line 34 at RAISE",1,
621,SERIALIZABLE,A,1,0,,"CheckViolation: KNDB R5: attribute hba1c is registered as MEASURED, got INFERRED
HINT:  This is the primary trust-boundary check the paper demonstrates.
CONTEXT:  PL/pgSQL function kndb.enforce_epistemic_kind() line 34 at RAISE",1,
622,SERIALIZABLE,A,1,0,,"CheckViolation: KNDB R5: attribute hba1c is registered as MEASURED, got INFERRED
HINT:  This is the primary trust-boundary check the paper demonstrates.
CONTEXT:  PL/pgSQL function kndb.enforce_epistemic_kind() line 34 at RAISE",1,
623,SERIALIZABLE,A,1,0,,"CheckViolation: KNDB R5: attribute hba1c is registered as MEASURED, got INFERRED
HINT:  This is the primary trust-boundary check the paper demonstrates.
CONTEXT:  PL/pgSQL function kndb.enforce_epistemic_kind() line 34 at RAISE",1,
624,SERIALIZABLE,B,1,0,,"CheckViolation: KNDB R5: attribute hba1c is registered as MEASURED, got INFERRED
HINT:  This is the primary trust-boundary check the paper demonstrates.
CONTEXT:  PL/pgSQL function kndb.enforce_epistemic_kind() line 34 at RAISE",1,
625,SERIALIZABLE,B,1,0,,"CheckViolation: KNDB R5: attribute hba1c is registered as MEASURED, got INFERRED
HINT:  This is the primary trust-boundary check the paper demonstrates.
CONTEXT:  PL/pgSQL function kndb.enforce_epistemic_kind() line 34 at RAISE",1,
626,SERIALIZABLE,A,1,0,,"CheckViolation: KNDB R5: attribute hba1c is registered as MEASURED, got INFERRED
HINT:  This is the primary trust-boundary check the paper demonstrates.
CONTEXT:  PL/pgSQL function kndb.enforce_epistemic_kind() line 34 at RAISE",1,
627,SERIALIZABLE,A,1,0,,"CheckViolation: KNDB R5: attribute hba1c is registered as MEASURED, got INFERRED
HINT:  This is the primary trust-boundary check the paper demonstrates.
CONTEXT:  PL/pgSQL function kndb.enforce_epistemic_kind() line 34 at RAISE",1,
628,SERIALIZABLE,A,1,0,,"CheckViolation: KNDB R5: attribute hba1c is registered as MEASURED, got INFERRED
HINT:  This is the primary trust-boundary check the paper demonstrates.
CONTEXT:  PL/pgSQL function kndb.enforce_epistemic_kind() line 34 at RAISE",1,
629,SERIALIZABLE,B,1,0,,"CheckViolation: KNDB R5: attribute hba1c is registered as MEASURED, got INFERRED
HINT:  This is the primary trust-boundary check the paper demonstrates.
CONTEXT:  PL/pgSQL function kndb.enforce_epistemic_kind() line 34 at RAISE",1,
630,SERIALIZABLE,B,1,0,,"CheckViolation: KNDB R5: attribute hba1c is registered as MEASURED, got INFERRED
HINT:  This is the primary trust-boundary check the paper demonstrates.
CONTEXT:  PL/pgSQL function kndb.enforce_epistemic_kind() line 34 at RAISE",1,
631,SERIALIZABLE,B,1,0,,"CheckViolation: KNDB R5: attribute hba1c is registered as MEASURED, got INFERRED
HINT:  This is the primary trust-boundary check the paper demonstrates.
CONTEXT:  PL/pgSQL function kndb.enforce_epistemic_kind() line 34 at RAISE",1,
632,SERIALIZABLE,A,1,0,,"CheckViolation: KNDB R5: attribute hba1c is registered as MEASURED, got INFERRED
HINT:  This is the primary trust-boundary check the paper demonstrates.
CONTEXT:  PL/pgSQL function kndb.enforce_epistemic_kind() line 34 at RAISE",1,
633,SERIALIZABLE,A,1,0,,"CheckViolation: KNDB R5: attribute hba1c is registered as MEASURED, got INFERRED
HINT:  This is the primary trust-boundary check the paper demonstrates.
CONTEXT:  PL/pgSQL function kndb.enforce_epistemic_kind() line 34 at RAISE",1,
634,SERIALIZABLE,A,1,0,,"CheckViolation: KNDB R5: attribute hba1c is registered as MEASURED, got INFERRED
HINT:  This is the primary trust-boundary check the paper demonstrates.
CONTEXT:  PL/pgSQL function kndb.enforce_epistemic_kind() line 34 at RAISE",1,
635,SERIALIZABLE,A,1,0,,"CheckViolation: KNDB R5: attribute hba1c is registered as MEASURED, got INFERRED
HINT:  This is the primary trust-boundary check the paper demonstrates.
CONTEXT:  PL/pgSQL function kndb.enforce_epistemic_kind() line 34 at RAISE",1,
636,SERIALIZABLE,A,1,0,,"CheckViolation: KNDB R5: attribute hba1c is registered as MEASURED, got INFERRED
HINT:  This is the primary trust-boundary check the paper demonstrates.
CONTEXT:  PL/pgSQL function kndb.enforce_epistemic_kind() line 34 at RAISE",1,
637,SERIALIZABLE,A,1,0,,"CheckViolation: KNDB R5: attribute hba1c is registered as MEASURED, got INFERRED
HINT:  This is the primary trust-boundary check the paper demonstrates.
CONTEXT:  PL/pgSQL function kndb.enforce_epistemic_kind() line 34 at RAISE",1,
638,SERIALIZABLE,B,1,0,,"CheckViolation: KNDB R5: attribute hba1c is registered as MEASURED, got INFERRED
HINT:  This is the primary trust-boundary check the paper demonstrates.
CONTEXT:  PL/pgSQL function kndb.enforce_epistemic_kind() line 34 at RAISE",1,
639,SERIALIZABLE,A,1,0,,"CheckViolation: KNDB R5: attribute hba1c is registered as MEASURED, got INFERRED
HINT:  This is the primary trust-boundary check the paper demonstrates.
CONTEXT:  PL/pgSQL function kndb.enforce_epistemic_kind() line 34 at RAISE",1,
640,SERIALIZABLE,B,1,0,,"CheckViolation: KNDB R5: attribute hba1c is registered as MEASURED, got INFERRED
HINT:  This is the primary trust-boundary check the paper demonstrates.
CONTEXT:  PL/pgSQL function kndb.enforce_epistemic_kind() line 34 at RAISE",1,
641,SERIALIZABLE,B,1,0,,"CheckViolation: KNDB R5: attribute hba1c is registered as MEASURED, got INFERRED
HINT:  This is the primary trust-boundary check the paper demonstrates.
CONTEXT:  PL/pgSQL function kndb.enforce_epistemic_kind() line 34 at RAISE",1,
642,SERIALIZABLE,B,1,0,,"CheckViolation: KNDB R5: attribute hba1c is registered as MEASURED, got INFERRED
HINT:  This is the primary trust-boundary check the paper demonstrates.
CONTEXT:  PL/pgSQL function kndb.enforce_epistemic_kind() line 34 at RAISE",1,
643,SERIALIZABLE,A,1,0,,"CheckViolation: KNDB R5: attribute hba1c is registered as MEASURED, got INFERRED
HINT:  This is the primary trust-boundary check the paper demonstrates.
CONTEXT:  PL/pgSQL function kndb.enforce_epistemic_kind() line 34 at RAISE",1,
644,SERIALIZABLE,B,1,0,,"CheckViolation: KNDB R5: attribute hba1c is registered as MEASURED, got INFERRED
HINT:  This is the primary trust-boundary check the paper demonstrates.
CONTEXT:  PL/pgSQL function kndb.enforce_epistemic_kind() line 34 at RAISE",1,
645,SERIALIZABLE,A,1,0,,"CheckViolation: KNDB R5: attribute hba1c is registered as MEASURED, got INFERRED
HINT:  This is the primary trust-boundary check the paper demonstrates.
CONTEXT:  PL/pgSQL function kndb.enforce_epistemic_kind() line 34 at RAISE",1,
646,SERIALIZABLE,B,1,0,,"CheckViolation: KNDB R5: attribute hba1c is registered as MEASURED, got INFERRED
HINT:  This is the primary trust-boundary check the paper demonstrates.
CONTEXT:  PL/pgSQL function kndb.enforce_epistemic_kind() line 34 at RAISE",1,
647,SERIALIZABLE,B,1,0,,"CheckViolation: KNDB R5: attribute hba1c is registered as MEASURED, got INFERRED
HINT:  This is the primary trust-boundary check the paper demonstrates.
CONTEXT:  PL/pgSQL function kndb.enforce_epistemic_kind() line 34 at RAISE",1,
648,SERIALIZABLE,A,1,0,,"CheckViolation: KNDB R5: attribute hba1c is registered as MEASURED, got INFERRED
HINT:  This is the primary trust-boundary check the paper demonstrates.
CONTEXT:  PL/pgSQL function kndb.enforce_epistemic_kind() line 34 at RAISE",1,
649,SERIALIZABLE,A,1,0,,"CheckViolation: KNDB R5: attribute hba1c is registered as MEASURED, got INFERRED
HINT:  This is the primary trust-boundary check the paper demonstrates.
CONTEXT:  PL/pgSQL function kndb.enforce_epistemic_kind() line 34 at RAISE",1,
650,SERIALIZABLE,A,1,0,,"CheckViolation: KNDB R5: attribute hba1c is registered as MEASURED, got INFERRED
HINT:  This is the primary trust-boundary check the paper demonstrates.
CONTEXT:  PL/pgSQL function kndb.enforce_epistemic_kind() line 34 at RAISE",1,
651,SERIALIZABLE,A,1,0,,"CheckViolation: KNDB R5: attribute hba1c is registered as MEASURED, got INFERRED
HINT:  This is the primary trust-boundary check the paper demonstrates.
CONTEXT:  PL/pgSQL function kndb.enforce_epistemic_kind() line 34 at RAISE",1,
652,SERIALIZABLE,B,1,0,,"CheckViolation: KNDB R5: attribute hba1c is registered as MEASURED, got INFERRED
HINT:  This is the primary trust-boundary check the paper demonstrates.
CONTEXT:  PL/pgSQL function kndb.enforce_epistemic_kind() line 34 at RAISE",1,
653,SERIALIZABLE,A,1,0,,"CheckViolation: KNDB R5: attribute hba1c is registered as MEASURED, got INFERRED
HINT:  This is the primary trust-boundary check the paper demonstrates.
CONTEXT:  PL/pgSQL function kndb.enforce_epistemic_kind() line 34 at RAISE",1,
654,SERIALIZABLE,B,1,0,,"CheckViolation: KNDB R5: attribute hba1c is registered as MEASURED, got INFERRED
HINT:  This is the primary trust-boundary check the paper demonstrates.
CONTEXT:  PL/pgSQL function kndb.enforce_epistemic_kind() line 34 at RAISE",1,
655,SERIALIZABLE,A,1,0,,"CheckViolation: KNDB R5: attribute hba1c is registered as MEASURED, got INFERRED
HINT:  This is the primary trust-boundary check the paper demonstrates.
CONTEXT:  PL/pgSQL function kndb.enforce_epistemic_kind() line 34 at RAISE",1,
656,SERIALIZABLE,A,1,0,,"CheckViolation: KNDB R5: attribute hba1c is registered as MEASURED, got INFERRED
HINT:  This is the primary trust-boundary check the paper demonstrates.
CONTEXT:  PL/pgSQL function kndb.enforce_epistemic_kind() line 34 at RAISE",1,
657,SERIALIZABLE,B,1,0,,"CheckViolation: KNDB R5: attribute hba1c is registered as MEASURED, got INFERRED
HINT:  This is the primary trust-boundary check the paper demonstrates.
CONTEXT:  PL/pgSQL function kndb.enforce_epistemic_kind() line 34 at RAISE",1,
658,SERIALIZABLE,A,1,0,,"CheckViolation: KNDB R5: attribute hba1c is registered as MEASURED, got INFERRED
HINT:  This is the primary trust-boundary check the paper demonstrates.
CONTEXT:  PL/pgSQL function kndb.enforce_epistemic_kind() line 34 at RAISE",1,
659,SERIALIZABLE,A,1,0,,"CheckViolation: KNDB R5: attribute hba1c is registered as MEASURED, got INFERRED
HINT:  This is the primary trust-boundary check the paper demonstrates.
CONTEXT:  PL/pgSQL function kndb.enforce_epistemic_kind() line 34 at RAISE",1,
660,SERIALIZABLE,B,1,0,,"CheckViolation: KNDB R5: attribute hba1c is registered as MEASURED, got INFERRED
HINT:  This is the primary trust-boundary check the paper demonstrates.
CONTEXT:  PL/pgSQL function kndb.enforce_epistemic_kind() line 34 at RAISE",1,
661,SERIALIZABLE,A,1,0,,"CheckViolation: KNDB R5: attribute hba1c is registered as MEASURED, got INFERRED
HINT:  This is the primary trust-boundary check the paper demonstrates.
CONTEXT:  PL/pgSQL function kndb.enforce_epistemic_kind() line 34 at RAISE",1,
662,SERIALIZABLE,B,1,0,,"CheckViolation: KNDB R5: attribute hba1c is registered as MEASURED, got INFERRED
HINT:  This is the primary trust-boundary check the paper demonstrates.
CONTEXT:  PL/pgSQL function kndb.enforce_epistemic_kind() line 34 at RAISE",1,
663,SERIALIZABLE,A,1,0,,"CheckViolation: KNDB R5: attribute hba1c is registered as MEASURED, got INFERRED
HINT:  This is the primary trust-boundary check the paper demonstrates.
CONTEXT:  PL/pgSQL function kndb.enforce_epistemic_kind() line 34 at RAISE",1,
664,SERIALIZABLE,B,1,0,,"CheckViolation: KNDB R5: attribute hba1c is registered as MEASURED, got INFERRED
HINT:  This is the primary trust-boundary check the paper demonstrates.
CONTEXT:  PL/pgSQL function kndb.enforce_epistemic_kind() line 34 at RAISE",1,
665,SERIALIZABLE,B,1,0,,"CheckViolation: KNDB R5: attribute hba1c is registered as MEASURED, got INFERRED
HINT:  This is the primary trust-boundary check the paper demonstrates.
CONTEXT:  PL/pgSQL function kndb.enforce_epistemic_kind() line 34 at RAISE",1,
666,SERIALIZABLE,B,1,0,,"CheckViolation: KNDB R5: attribute hba1c is registered as MEASURED, got INFERRED
HINT:  This is the primary trust-boundary check the paper demonstrates.
CONTEXT:  PL/pgSQL function kndb.enforce_epistemic_kind() line 34 at RAISE",1,
667,SERIALIZABLE,A,1,0,,"CheckViolation: KNDB R5: attribute hba1c is registered as MEASURED, got INFERRED
HINT:  This is the primary trust-boundary check the paper demonstrates.
CONTEXT:  PL/pgSQL function kndb.enforce_epistemic_kind() line 34 at RAISE",1,
668,SERIALIZABLE,B,1,0,,"CheckViolation: KNDB R5: attribute hba1c is registered as MEASURED, got INFERRED
HINT:  This is the primary trust-boundary check the paper demonstrates.
CONTEXT:  PL/pgSQL function kndb.enforce_epistemic_kind() line 34 at RAISE",1,
669,SERIALIZABLE,A,1,0,,"CheckViolation: KNDB R5: attribute hba1c is registered as MEASURED, got INFERRED
HINT:  This is the primary trust-boundary check the paper demonstrates.
CONTEXT:  PL/pgSQL function kndb.enforce_epistemic_kind() line 34 at RAISE",1,
670,SERIALIZABLE,A,1,0,,"CheckViolation: KNDB R5: attribute hba1c is registered as MEASURED, got INFERRED
HINT:  This is the primary trust-boundary check the paper demonstrates.
CONTEXT:  PL/pgSQL function kndb.enforce_epistemic_kind() line 34 at RAISE",1,
671,SERIALIZABLE,B,1,0,,"CheckViolation: KNDB R5: attribute hba1c is registered as MEASURED, got INFERRED
HINT:  This is the primary trust-boundary check the paper demonstrates.
CONTEXT:  PL/pgSQL function kndb.enforce_epistemic_kind() line 34 at RAISE",1,
672,SERIALIZABLE,B,1,0,,"CheckViolation: KNDB R5: attribute hba1c is registered as MEASURED, got INFERRED
HINT:  This is the primary trust-boundary check the paper demonstrates.
CONTEXT:  PL/pgSQL function kndb.enforce_epistemic_kind() line 34 at RAISE",1,
673,SERIALIZABLE,A,1,0,,"CheckViolation: KNDB R5: attribute hba1c is registered as MEASURED, got INFERRED
HINT:  This is the primary trust-boundary check the paper demonstrates.
CONTEXT:  PL/pgSQL function kndb.enforce_epistemic_kind() line 34 at RAISE",1,
674,SERIALIZABLE,B,1,0,,"CheckViolation: KNDB R5: attribute hba1c is registered as MEASURED, got INFERRED
HINT:  This is the primary trust-boundary check the paper demonstrates.
CONTEXT:  PL/pgSQL function kndb.enforce_epistemic_kind() line 34 at RAISE",1,
675,SERIALIZABLE,B,1,0,,"CheckViolation: KNDB R5: attribute hba1c is registered as MEASURED, got INFERRED
HINT:  This is the primary trust-boundary check the paper demonstrates.
CONTEXT:  PL/pgSQL function kndb.enforce_epistemic_kind() line 34 at RAISE",1,
676,SERIALIZABLE,B,1,0,,"CheckViolation: KNDB R5: attribute hba1c is registered as MEASURED, got INFERRED
HINT:  This is the primary trust-boundary check the paper demonstrates.
CONTEXT:  PL/pgSQL function kndb.enforce_epistemic_kind() line 34 at RAISE",1,
677,SERIALIZABLE,B,1,0,,"CheckViolation: KNDB R5: attribute hba1c is registered as MEASURED, got INFERRED
HINT:  This is the primary trust-boundary check the paper demonstrates.
CONTEXT:  PL/pgSQL function kndb.enforce_epistemic_kind() line 34 at RAISE",1,
678,SERIALIZABLE,A,1,0,,"CheckViolation: KNDB R5: attribute hba1c is registered as MEASURED, got INFERRED
HINT:  This is the primary trust-boundary check the paper demonstrates.
CONTEXT:  PL/pgSQL function kndb.enforce_epistemic_kind() line 34 at RAISE",1,
679,SERIALIZABLE,A,1,0,,"CheckViolation: KNDB R5: attribute hba1c is registered as MEASURED, got INFERRED
HINT:  This is the primary trust-boundary check the paper demonstrates.
CONTEXT:  PL/pgSQL function kndb.enforce_epistemic_kind() line 34 at RAISE",1,
680,SERIALIZABLE,B,1,0,,"CheckViolation: KNDB R5: attribute hba1c is registered as MEASURED, got INFERRED
HINT:  This is the primary trust-boundary check the paper demonstrates.
CONTEXT:  PL/pgSQL function kndb.enforce_epistemic_kind() line 34 at RAISE",1,
681,SERIALIZABLE,A,1,0,,"CheckViolation: KNDB R5: attribute hba1c is registered as MEASURED, got INFERRED
HINT:  This is the primary trust-boundary check the paper demonstrates.
CONTEXT:  PL/pgSQL function kndb.enforce_epistemic_kind() line 34 at RAISE",1,
682,SERIALIZABLE,A,1,0,,"CheckViolation: KNDB R5: attribute hba1c is registered as MEASURED, got INFERRED
HINT:  This is the primary trust-boundary check the paper demonstrates.
CONTEXT:  PL/pgSQL function kndb.enforce_epistemic_kind() line 34 at RAISE",1,
683,SERIALIZABLE,A,1,0,,"CheckViolation: KNDB R5: attribute hba1c is registered as MEASURED, got INFERRED
HINT:  This is the primary trust-boundary check the paper demonstrates.
CONTEXT:  PL/pgSQL function kndb.enforce_epistemic_kind() line 34 at RAISE",1,
684,SERIALIZABLE,A,1,0,,"CheckViolation: KNDB R5: attribute hba1c is registered as MEASURED, got INFERRED
HINT:  This is the primary trust-boundary check the paper demonstrates.
CONTEXT:  PL/pgSQL function kndb.enforce_epistemic_kind() line 34 at RAISE",1,
685,SERIALIZABLE,A,1,0,,"CheckViolation: KNDB R5: attribute hba1c is registered as MEASURED, got INFERRED
HINT:  This is the primary trust-boundary check the paper demonstrates.
CONTEXT:  PL/pgSQL function kndb.enforce_epistemic_kind() line 34 at RAISE",1,
686,SERIALIZABLE,B,1,0,,"CheckViolation: KNDB R5: attribute hba1c is registered as MEASURED, got INFERRED
HINT:  This is the primary trust-boundary check the paper demonstrates.
CONTEXT:  PL/pgSQL function kndb.enforce_epistemic_kind() line 34 at RAISE",1,
687,SERIALIZABLE,A,1,0,,"CheckViolation: KNDB R5: attribute hba1c is registered as MEASURED, got INFERRED
HINT:  This is the primary trust-boundary check the paper demonstrates.
CONTEXT:  PL/pgSQL function kndb.enforce_epistemic_kind() line 34 at RAISE",1,
688,SERIALIZABLE,A,1,0,,"CheckViolation: KNDB R5: attribute hba1c is registered as MEASURED, got INFERRED
HINT:  This is the primary trust-boundary check the paper demonstrates.
CONTEXT:  PL/pgSQL function kndb.enforce_epistemic_kind() line 34 at RAISE",1,
689,SERIALIZABLE,B,1,0,,"CheckViolation: KNDB R5: attribute hba1c is registered as MEASURED, got INFERRED
HINT:  This is the primary trust-boundary check the paper demonstrates.
CONTEXT:  PL/pgSQL function kndb.enforce_epistemic_kind() line 34 at RAISE",1,
690,SERIALIZABLE,B,1,0,,"CheckViolation: KNDB R5: attribute hba1c is registered as MEASURED, got INFERRED
HINT:  This is the primary trust-boundary check the paper demonstrates.
CONTEXT:  PL/pgSQL function kndb.enforce_epistemic_kind() line 34 at RAISE",1,
691,SERIALIZABLE,A,1,0,,"CheckViolation: KNDB R5: attribute hba1c is registered as MEASURED, got INFERRED
HINT:  This is the primary trust-boundary check the paper demonstrates.
CONTEXT:  PL/pgSQL function kndb.enforce_epistemic_kind() line 34 at RAISE",1,
692,SERIALIZABLE,B,1,0,,"CheckViolation: KNDB R5: attribute hba1c is registered as MEASURED, got INFERRED
HINT:  This is the primary trust-boundary check the paper demonstrates.
CONTEXT:  PL/pgSQL function kndb.enforce_epistemic_kind() line 34 at RAISE",1,
693,SERIALIZABLE,B,1,0,,"CheckViolation: KNDB R5: attribute hba1c is registered as MEASURED, got INFERRED
HINT:  This is the primary trust-boundary check the paper demonstrates.
CONTEXT:  PL/pgSQL function kndb.enforce_epistemic_kind() line 34 at RAISE",1,
694,SERIALIZABLE,B,1,0,,"CheckViolation: KNDB R5: attribute hba1c is registered as MEASURED, got INFERRED
HINT:  This is the primary trust-boundary check the paper demonstrates.
CONTEXT:  PL/pgSQL function kndb.enforce_epistemic_kind() line 34 at RAISE",1,
695,SERIALIZABLE,B,1,0,,"CheckViolation: KNDB R5: attribute hba1c is registered as MEASURED, got INFERRED
HINT:  This is the primary trust-boundary check the paper demonstrates.
CONTEXT:  PL/pgSQL function kndb.enforce_epistemic_kind() line 34 at RAISE",1,
696,SERIALIZABLE,B,1,0,,"CheckViolation: KNDB R5: attribute hba1c is registered as MEASURED, got INFERRED
HINT:  This is the primary trust-boundary check the paper demonstrates.
CONTEXT:  PL/pgSQL function kndb.enforce_epistemic_kind() line 34 at RAISE",1,
697,SERIALIZABLE,B,1,0,,"CheckViolation: KNDB R5: attribute hba1c is registered as MEASURED, got INFERRED
HINT:  This is the primary trust-boundary check the paper demonstrates.
CONTEXT:  PL/pgSQL function kndb.enforce_epistemic_kind() line 34 at RAISE",1,
698,SERIALIZABLE,A,1,0,,"CheckViolation: KNDB R5: attribute hba1c is registered as MEASURED, got INFERRED
HINT:  This is the primary trust-boundary check the paper demonstrates.
CONTEXT:  PL/pgSQL function kndb.enforce_epistemic_kind() line 34 at RAISE",1,
699,SERIALIZABLE,B,1,0,,"CheckViolation: KNDB R5: attribute hba1c is registered as MEASURED, got INFERRED
HINT:  This is the primary trust-boundary check the paper demonstrates.
CONTEXT:  PL/pgSQL function kndb.enforce_epistemic_kind() line 34 at RAISE",1,
700,SERIALIZABLE,B,1,0,,"CheckViolation: KNDB R5: attribute hba1c is registered as MEASURED, got INFERRED
HINT:  This is the primary trust-boundary check the paper demonstrates.
CONTEXT:  PL/pgSQL function kndb.enforce_epistemic_kind() line 34 at RAISE",1,
701,SERIALIZABLE,B,1,0,,"CheckViolation: KNDB R5: attribute hba1c is registered as MEASURED, got INFERRED
HINT:  This is the primary trust-boundary check the paper demonstrates.
CONTEXT:  PL/pgSQL function kndb.enforce_epistemic_kind() line 34 at RAISE",1,
702,SERIALIZABLE,B,1,0,,"CheckViolation: KNDB R5: attribute hba1c is registered as MEASURED, got INFERRED
HINT:  This is the primary trust-boundary check the paper demonstrates.
CONTEXT:  PL/pgSQL function kndb.enforce_epistemic_kind() line 34 at RAISE",1,
703,SERIALIZABLE,A,1,0,,"CheckViolation: KNDB R5: attribute hba1c is registered as MEASURED, got INFERRED
HINT:  This is the primary trust-boundary check the paper demonstrates.
CONTEXT:  PL/pgSQL function kndb.enforce_epistemic_kind() line 34 at RAISE",1,
704,SERIALIZABLE,A,1,0,,"CheckViolation: KNDB R5: attribute hba1c is registered as MEASURED, got INFERRED
HINT:  This is the primary trust-boundary check the paper demonstrates.
CONTEXT:  PL/pgSQL function kndb.enforce_epistemic_kind() line 34 at RAISE",1,
705,SERIALIZABLE,A,1,0,,"CheckViolation: KNDB R5: attribute hba1c is registered as MEASURED, got INFERRED
HINT:  This is the primary trust-boundary check the paper demonstrates.
CONTEXT:  PL/pgSQL function kndb.enforce_epistemic_kind() line 34 at RAISE",1,
706,SERIALIZABLE,B,1,0,,"CheckViolation: KNDB R5: attribute hba1c is registered as MEASURED, got INFERRED
HINT:  This is the primary trust-boundary check the paper demonstrates.
CONTEXT:  PL/pgSQL function kndb.enforce_epistemic_kind() line 34 at RAISE",1,
707,SERIALIZABLE,B,1,0,,"CheckViolation: KNDB R5: attribute hba1c is registered as MEASURED, got INFERRED
HINT:  This is the primary trust-boundary check the paper demonstrates.
CONTEXT:  PL/pgSQL function kndb.enforce_epistemic_kind() line 34 at RAISE",1,
708,SERIALIZABLE,A,1,0,,"CheckViolation: KNDB R5: attribute hba1c is registered as MEASURED, got INFERRED
HINT:  This is the primary trust-boundary check the paper demonstrates.
CONTEXT:  PL/pgSQL function kndb.enforce_epistemic_kind() line 34 at RAISE",1,
709,SERIALIZABLE,A,1,0,,"CheckViolation: KNDB R5: attribute hba1c is registered as MEASURED, got INFERRED
HINT:  This is the primary trust-boundary check the paper demonstrates.
CONTEXT:  PL/pgSQL function kndb.enforce_epistemic_kind() line 34 at RAISE",1,
710,SERIALIZABLE,B,1,0,,"CheckViolation: KNDB R5: attribute hba1c is registered as MEASURED, got INFERRED
HINT:  This is the primary trust-boundary check the paper demonstrates.
CONTEXT:  PL/pgSQL function kndb.enforce_epistemic_kind() line 34 at RAISE",1,
711,SERIALIZABLE,B,1,0,,"CheckViolation: KNDB R5: attribute hba1c is registered as MEASURED, got INFERRED
HINT:  This is the primary trust-boundary check the paper demonstrates.
CONTEXT:  PL/pgSQL function kndb.enforce_epistemic_kind() line 34 at RAISE",1,
712,SERIALIZABLE,B,1,0,,"CheckViolation: KNDB R5: attribute hba1c is registered as MEASURED, got INFERRED
HINT:  This is the primary trust-boundary check the paper demonstrates.
CONTEXT:  PL/pgSQL function kndb.enforce_epistemic_kind() line 34 at RAISE",1,
713,SERIALIZABLE,B,1,0,,"CheckViolation: KNDB R5: attribute hba1c is registered as MEASURED, got INFERRED
HINT:  This is the primary trust-boundary check the paper demonstrates.
CONTEXT:  PL/pgSQL function kndb.enforce_epistemic_kind() line 34 at RAISE",1,
714,SERIALIZABLE,A,1,0,,"CheckViolation: KNDB R5: attribute hba1c is registered as MEASURED, got INFERRED
HINT:  This is the primary trust-boundary check the paper demonstrates.
CONTEXT:  PL/pgSQL function kndb.enforce_epistemic_kind() line 34 at RAISE",1,
715,SERIALIZABLE,A,1,0,,"CheckViolation: KNDB R5: attribute hba1c is registered as MEASURED, got INFERRED
HINT:  This is the primary trust-boundary check the paper demonstrates.
CONTEXT:  PL/pgSQL function kndb.enforce_epistemic_kind() line 34 at RAISE",1,
716,SERIALIZABLE,A,1,0,,"CheckViolation: KNDB R5: attribute hba1c is registered as MEASURED, got INFERRED
HINT:  This is the primary trust-boundary check the paper demonstrates.
CONTEXT:  PL/pgSQL function kndb.enforce_epistemic_kind() line 34 at RAISE",1,
717,SERIALIZABLE,A,1,0,,"CheckViolation: KNDB R5: attribute hba1c is registered as MEASURED, got INFERRED
HINT:  This is the primary trust-boundary check the paper demonstrates.
CONTEXT:  PL/pgSQL function kndb.enforce_epistemic_kind() line 34 at RAISE",1,
718,SERIALIZABLE,A,1,0,,"CheckViolation: KNDB R5: attribute hba1c is registered as MEASURED, got INFERRED
HINT:  This is the primary trust-boundary check the paper demonstrates.
CONTEXT:  PL/pgSQL function kndb.enforce_epistemic_kind() line 34 at RAISE",1,
719,SERIALIZABLE,A,1,0,,"CheckViolation: KNDB R5: attribute hba1c is registered as MEASURED, got INFERRED
HINT:  This is the primary trust-boundary check the paper demonstrates.
CONTEXT:  PL/pgSQL function kndb.enforce_epistemic_kind() line 34 at RAISE",1,
720,SERIALIZABLE,A,1,0,,"CheckViolation: KNDB R5: attribute hba1c is registered as MEASURED, got INFERRED
HINT:  This is the primary trust-boundary check the paper demonstrates.
CONTEXT:  PL/pgSQL function kndb.enforce_epistemic_kind() line 34 at RAISE",1,
721,SERIALIZABLE,B,1,0,,"CheckViolation: KNDB R5: attribute hba1c is registered as MEASURED, got INFERRED
HINT:  This is the primary trust-boundary check the paper demonstrates.
CONTEXT:  PL/pgSQL function kndb.enforce_epistemic_kind() line 34 at RAISE",1,
722,SERIALIZABLE,B,1,0,,"CheckViolation: KNDB R5: attribute hba1c is registered as MEASURED, got INFERRED
HINT:  This is the primary trust-boundary check the paper demonstrates.
CONTEXT:  PL/pgSQL function kndb.enforce_epistemic_kind() line 34 at RAISE",1,
723,SERIALIZABLE,B,1,0,,"CheckViolation: KNDB R5: attribute hba1c is registered as MEASURED, got INFERRED
HINT:  This is the primary trust-boundary check the paper demonstrates.
CONTEXT:  PL/pgSQL function kndb.enforce_epistemic_kind() line 34 at RAISE",1,
724,SERIALIZABLE,B,1,0,,"CheckViolation: KNDB R5: attribute hba1c is registered as MEASURED, got INFERRED
HINT:  This is the primary trust-boundary check the paper demonstrates.
CONTEXT:  PL/pgSQL function kndb.enforce_epistemic_kind() line 34 at RAISE",1,
725,SERIALIZABLE,B,1,0,,"CheckViolation: KNDB R5: attribute hba1c is registered as MEASURED, got INFERRED
HINT:  This is the primary trust-boundary check the paper demonstrates.
CONTEXT:  PL/pgSQL function kndb.enforce_epistemic_kind() line 34 at RAISE",1,
726,SERIALIZABLE,B,1,0,,"CheckViolation: KNDB R5: attribute hba1c is registered as MEASURED, got INFERRED
HINT:  This is the primary trust-boundary check the paper demonstrates.
CONTEXT:  PL/pgSQL function kndb.enforce_epistemic_kind() line 34 at RAISE",1,
727,SERIALIZABLE,A,1,0,,"CheckViolation: KNDB R5: attribute hba1c is registered as MEASURED, got INFERRED
HINT:  This is the primary trust-boundary check the paper demonstrates.
CONTEXT:  PL/pgSQL function kndb.enforce_epistemic_kind() line 34 at RAISE",1,
728,SERIALIZABLE,A,1,0,,"CheckViolation: KNDB R5: attribute hba1c is registered as MEASURED, got INFERRED
HINT:  This is the primary trust-boundary check the paper demonstrates.
CONTEXT:  PL/pgSQL function kndb.enforce_epistemic_kind() line 34 at RAISE",1,
729,SERIALIZABLE,B,1,0,,"CheckViolation: KNDB R5: attribute hba1c is registered as MEASURED, got INFERRED
HINT:  This is the primary trust-boundary check the paper demonstrates.
CONTEXT:  PL/pgSQL function kndb.enforce_epistemic_kind() line 34 at RAISE",1,
730,SERIALIZABLE,A,1,0,,"CheckViolation: KNDB R5: attribute hba1c is registered as MEASURED, got INFERRED
HINT:  This is the primary trust-boundary check the paper demonstrates.
CONTEXT:  PL/pgSQL function kndb.enforce_epistemic_kind() line 34 at RAISE",1,
731,SERIALIZABLE,B,1,0,,"CheckViolation: KNDB R5: attribute hba1c is registered as MEASURED, got INFERRED
HINT:  This is the primary trust-boundary check the paper demonstrates.
CONTEXT:  PL/pgSQL function kndb.enforce_epistemic_kind() line 34 at RAISE",1,
732,SERIALIZABLE,B,1,0,,"CheckViolation: KNDB R5: attribute hba1c is registered as MEASURED, got INFERRED
HINT:  This is the primary trust-boundary check the paper demonstrates.
CONTEXT:  PL/pgSQL function kndb.enforce_epistemic_kind() line 34 at RAISE",1,
733,SERIALIZABLE,A,1,0,,"CheckViolation: KNDB R5: attribute hba1c is registered as MEASURED, got INFERRED
HINT:  This is the primary trust-boundary check the paper demonstrates.
CONTEXT:  PL/pgSQL function kndb.enforce_epistemic_kind() line 34 at RAISE",1,
734,SERIALIZABLE,B,1,0,,"CheckViolation: KNDB R5: attribute hba1c is registered as MEASURED, got INFERRED
HINT:  This is the primary trust-boundary check the paper demonstrates.
CONTEXT:  PL/pgSQL function kndb.enforce_epistemic_kind() line 34 at RAISE",1,
735,SERIALIZABLE,B,1,0,,"CheckViolation: KNDB R5: attribute hba1c is registered as MEASURED, got INFERRED
HINT:  This is the primary trust-boundary check the paper demonstrates.
CONTEXT:  PL/pgSQL function kndb.enforce_epistemic_kind() line 34 at RAISE",1,
736,SERIALIZABLE,A,1,0,,"CheckViolation: KNDB R5: attribute hba1c is registered as MEASURED, got INFERRED
HINT:  This is the primary trust-boundary check the paper demonstrates.
CONTEXT:  PL/pgSQL function kndb.enforce_epistemic_kind() line 34 at RAISE",1,
737,SERIALIZABLE,A,1,0,,"CheckViolation: KNDB R5: attribute hba1c is registered as MEASURED, got INFERRED
HINT:  This is the primary trust-boundary check the paper demonstrates.
CONTEXT:  PL/pgSQL function kndb.enforce_epistemic_kind() line 34 at RAISE",1,
738,SERIALIZABLE,A,1,0,,"CheckViolation: KNDB R5: attribute hba1c is registered as MEASURED, got INFERRED
HINT:  This is the primary trust-boundary check the paper demonstrates.
CONTEXT:  PL/pgSQL function kndb.enforce_epistemic_kind() line 34 at RAISE",1,
739,SERIALIZABLE,A,1,0,,"CheckViolation: KNDB R5: attribute hba1c is registered as MEASURED, got INFERRED
HINT:  This is the primary trust-boundary check the paper demonstrates.
CONTEXT:  PL/pgSQL function kndb.enforce_epistemic_kind() line 34 at RAISE",1,
740,SERIALIZABLE,B,1,0,,"CheckViolation: KNDB R5: attribute hba1c is registered as MEASURED, got INFERRED
HINT:  This is the primary trust-boundary check the paper demonstrates.
CONTEXT:  PL/pgSQL function kndb.enforce_epistemic_kind() line 34 at RAISE",1,
741,SERIALIZABLE,B,1,0,,"CheckViolation: KNDB R5: attribute hba1c is registered as MEASURED, got INFERRED
HINT:  This is the primary trust-boundary check the paper demonstrates.
CONTEXT:  PL/pgSQL function kndb.enforce_epistemic_kind() line 34 at RAISE",1,
742,SERIALIZABLE,A,1,0,,"CheckViolation: KNDB R5: attribute hba1c is registered as MEASURED, got INFERRED
HINT:  This is the primary trust-boundary check the paper demonstrates.
CONTEXT:  PL/pgSQL function kndb.enforce_epistemic_kind() line 34 at RAISE",1,
743,SERIALIZABLE,B,1,0,,"CheckViolation: KNDB R5: attribute hba1c is registered as MEASURED, got INFERRED
HINT:  This is the primary trust-boundary check the paper demonstrates.
CONTEXT:  PL/pgSQL function kndb.enforce_epistemic_kind() line 34 at RAISE",1,
744,SERIALIZABLE,A,1,0,,"CheckViolation: KNDB R5: attribute hba1c is registered as MEASURED, got INFERRED
HINT:  This is the primary trust-boundary check the paper demonstrates.
CONTEXT:  PL/pgSQL function kndb.enforce_epistemic_kind() line 34 at RAISE",1,
745,SERIALIZABLE,B,1,0,,"CheckViolation: KNDB R5: attribute hba1c is registered as MEASURED, got INFERRED
HINT:  This is the primary trust-boundary check the paper demonstrates.
CONTEXT:  PL/pgSQL function kndb.enforce_epistemic_kind() line 34 at RAISE",1,
746,SERIALIZABLE,B,1,0,,"CheckViolation: KNDB R5: attribute hba1c is registered as MEASURED, got INFERRED
HINT:  This is the primary trust-boundary check the paper demonstrates.
CONTEXT:  PL/pgSQL function kndb.enforce_epistemic_kind() line 34 at RAISE",1,
747,SERIALIZABLE,B,1,0,,"CheckViolation: KNDB R5: attribute hba1c is registered as MEASURED, got INFERRED
HINT:  This is the primary trust-boundary check the paper demonstrates.
CONTEXT:  PL/pgSQL function kndb.enforce_epistemic_kind() line 34 at RAISE",1,
748,SERIALIZABLE,A,1,0,,"CheckViolation: KNDB R5: attribute hba1c is registered as MEASURED, got INFERRED
HINT:  This is the primary trust-boundary check the paper demonstrates.
CONTEXT:  PL/pgSQL function kndb.enforce_epistemic_kind() line 34 at RAISE",1,
749,SERIALIZABLE,A,1,0,,"CheckViolation: KNDB R5: attribute hba1c is registered as MEASURED, got INFERRED
HINT:  This is the primary trust-boundary check the paper demonstrates.
CONTEXT:  PL/pgSQL function kndb.enforce_epistemic_kind() line 34 at RAISE",1,
750,SERIALIZABLE,A,1,0,,"CheckViolation: KNDB R5: attribute hba1c is registered as MEASURED, got INFERRED
HINT:  This is the primary trust-boundary check the paper demonstrates.
CONTEXT:  PL/pgSQL function kndb.enforce_epistemic_kind() line 34 at RAISE",1,
751,SERIALIZABLE,B,1,0,,"CheckViolation: KNDB R5: attribute hba1c is registered as MEASURED, got INFERRED
HINT:  This is the primary trust-boundary check the paper demonstrates.
CONTEXT:  PL/pgSQL function kndb.enforce_epistemic_kind() line 34 at RAISE",1,
752,SERIALIZABLE,A,1,0,,"CheckViolation: KNDB R5: attribute hba1c is registered as MEASURED, got INFERRED
HINT:  This is the primary trust-boundary check the paper demonstrates.
CONTEXT:  PL/pgSQL function kndb.enforce_epistemic_kind() line 34 at RAISE",1,
753,SERIALIZABLE,B,1,0,,"CheckViolation: KNDB R5: attribute hba1c is registered as MEASURED, got INFERRED
HINT:  This is the primary trust-boundary check the paper demonstrates.
CONTEXT:  PL/pgSQL function kndb.enforce_epistemic_kind() line 34 at RAISE",1,
754,SERIALIZABLE,B,1,0,,"CheckViolation: KNDB R5: attribute hba1c is registered as MEASURED, got INFERRED
HINT:  This is the primary trust-boundary check the paper demonstrates.
CONTEXT:  PL/pgSQL function kndb.enforce_epistemic_kind() line 34 at RAISE",1,
755,SERIALIZABLE,B,1,0,,"CheckViolation: KNDB R5: attribute hba1c is registered as MEASURED, got INFERRED
HINT:  This is the primary trust-boundary check the paper demonstrates.
CONTEXT:  PL/pgSQL function kndb.enforce_epistemic_kind() line 34 at RAISE",1,
756,SERIALIZABLE,B,1,0,,"CheckViolation: KNDB R5: attribute hba1c is registered as MEASURED, got INFERRED
HINT:  This is the primary trust-boundary check the paper demonstrates.
CONTEXT:  PL/pgSQL function kndb.enforce_epistemic_kind() line 34 at RAISE",1,
757,SERIALIZABLE,A,1,0,,"CheckViolation: KNDB R5: attribute hba1c is registered as MEASURED, got INFERRED
HINT:  This is the primary trust-boundary check the paper demonstrates.
CONTEXT:  PL/pgSQL function kndb.enforce_epistemic_kind() line 34 at RAISE",1,
758,SERIALIZABLE,A,1,0,,"CheckViolation: KNDB R5: attribute hba1c is registered as MEASURED, got INFERRED
HINT:  This is the primary trust-boundary check the paper demonstrates.
CONTEXT:  PL/pgSQL function kndb.enforce_epistemic_kind() line 34 at RAISE",1,
759,SERIALIZABLE,A,1,0,,"CheckViolation: KNDB R5: attribute hba1c is registered as MEASURED, got INFERRED
HINT:  This is the primary trust-boundary check the paper demonstrates.
CONTEXT:  PL/pgSQL function kndb.enforce_epistemic_kind() line 34 at RAISE",1,
760,SERIALIZABLE,B,1,0,,"CheckViolation: KNDB R5: attribute hba1c is registered as MEASURED, got INFERRED
HINT:  This is the primary trust-boundary check the paper demonstrates.
CONTEXT:  PL/pgSQL function kndb.enforce_epistemic_kind() line 34 at RAISE",1,
761,SERIALIZABLE,B,1,0,,"CheckViolation: KNDB R5: attribute hba1c is registered as MEASURED, got INFERRED
HINT:  This is the primary trust-boundary check the paper demonstrates.
CONTEXT:  PL/pgSQL function kndb.enforce_epistemic_kind() line 34 at RAISE",1,
762,SERIALIZABLE,B,1,0,,"CheckViolation: KNDB R5: attribute hba1c is registered as MEASURED, got INFERRED
HINT:  This is the primary trust-boundary check the paper demonstrates.
CONTEXT:  PL/pgSQL function kndb.enforce_epistemic_kind() line 34 at RAISE",1,
763,SERIALIZABLE,A,1,0,,"CheckViolation: KNDB R5: attribute hba1c is registered as MEASURED, got INFERRED
HINT:  This is the primary trust-boundary check the paper demonstrates.
CONTEXT:  PL/pgSQL function kndb.enforce_epistemic_kind() line 34 at RAISE",1,
764,SERIALIZABLE,B,1,0,,"CheckViolation: KNDB R5: attribute hba1c is registered as MEASURED, got INFERRED
HINT:  This is the primary trust-boundary check the paper demonstrates.
CONTEXT:  PL/pgSQL function kndb.enforce_epistemic_kind() line 34 at RAISE",1,
765,SERIALIZABLE,B,1,0,,"CheckViolation: KNDB R5: attribute hba1c is registered as MEASURED, got INFERRED
HINT:  This is the primary trust-boundary check the paper demonstrates.
CONTEXT:  PL/pgSQL function kndb.enforce_epistemic_kind() line 34 at RAISE",1,
766,SERIALIZABLE,A,1,0,,"CheckViolation: KNDB R5: attribute hba1c is registered as MEASURED, got INFERRED
HINT:  This is the primary trust-boundary check the paper demonstrates.
CONTEXT:  PL/pgSQL function kndb.enforce_epistemic_kind() line 34 at RAISE",1,
767,SERIALIZABLE,B,1,0,,"CheckViolation: KNDB R5: attribute hba1c is registered as MEASURED, got INFERRED
HINT:  This is the primary trust-boundary check the paper demonstrates.
CONTEXT:  PL/pgSQL function kndb.enforce_epistemic_kind() line 34 at RAISE",1,
768,SERIALIZABLE,A,1,0,,"CheckViolation: KNDB R5: attribute hba1c is registered as MEASURED, got INFERRED
HINT:  This is the primary trust-boundary check the paper demonstrates.
CONTEXT:  PL/pgSQL function kndb.enforce_epistemic_kind() line 34 at RAISE",1,
769,SERIALIZABLE,B,1,0,,"CheckViolation: KNDB R5: attribute hba1c is registered as MEASURED, got INFERRED
HINT:  This is the primary trust-boundary check the paper demonstrates.
CONTEXT:  PL/pgSQL function kndb.enforce_epistemic_kind() line 34 at RAISE",1,
770,SERIALIZABLE,B,1,0,,"CheckViolation: KNDB R5: attribute hba1c is registered as MEASURED, got INFERRED
HINT:  This is the primary trust-boundary check the paper demonstrates.
CONTEXT:  PL/pgSQL function kndb.enforce_epistemic_kind() line 34 at RAISE",1,
771,SERIALIZABLE,A,1,0,,"CheckViolation: KNDB R5: attribute hba1c is registered as MEASURED, got INFERRED
HINT:  This is the primary trust-boundary check the paper demonstrates.
CONTEXT:  PL/pgSQL function kndb.enforce_epistemic_kind() line 34 at RAISE",1,
772,SERIALIZABLE,A,1,0,,"CheckViolation: KNDB R5: attribute hba1c is registered as MEASURED, got INFERRED
HINT:  This is the primary trust-boundary check the paper demonstrates.
CONTEXT:  PL/pgSQL function kndb.enforce_epistemic_kind() line 34 at RAISE",1,
773,SERIALIZABLE,B,1,0,,"CheckViolation: KNDB R5: attribute hba1c is registered as MEASURED, got INFERRED
HINT:  This is the primary trust-boundary check the paper demonstrates.
CONTEXT:  PL/pgSQL function kndb.enforce_epistemic_kind() line 34 at RAISE",1,
774,SERIALIZABLE,B,1,0,,"CheckViolation: KNDB R5: attribute hba1c is registered as MEASURED, got INFERRED
HINT:  This is the primary trust-boundary check the paper demonstrates.
CONTEXT:  PL/pgSQL function kndb.enforce_epistemic_kind() line 34 at RAISE",1,
775,SERIALIZABLE,A,1,0,,"CheckViolation: KNDB R5: attribute hba1c is registered as MEASURED, got INFERRED
HINT:  This is the primary trust-boundary check the paper demonstrates.
CONTEXT:  PL/pgSQL function kndb.enforce_epistemic_kind() line 34 at RAISE",1,
776,SERIALIZABLE,B,1,0,,"CheckViolation: KNDB R5: attribute hba1c is registered as MEASURED, got INFERRED
HINT:  This is the primary trust-boundary check the paper demonstrates.
CONTEXT:  PL/pgSQL function kndb.enforce_epistemic_kind() line 34 at RAISE",1,
777,SERIALIZABLE,B,1,0,,"CheckViolation: KNDB R5: attribute hba1c is registered as MEASURED, got INFERRED
HINT:  This is the primary trust-boundary check the paper demonstrates.
CONTEXT:  PL/pgSQL function kndb.enforce_epistemic_kind() line 34 at RAISE",1,
778,SERIALIZABLE,A,1,0,,"CheckViolation: KNDB R5: attribute hba1c is registered as MEASURED, got INFERRED
HINT:  This is the primary trust-boundary check the paper demonstrates.
CONTEXT:  PL/pgSQL function kndb.enforce_epistemic_kind() line 34 at RAISE",1,
779,SERIALIZABLE,A,1,0,,"CheckViolation: KNDB R5: attribute hba1c is registered as MEASURED, got INFERRED
HINT:  This is the primary trust-boundary check the paper demonstrates.
CONTEXT:  PL/pgSQL function kndb.enforce_epistemic_kind() line 34 at RAISE",1,
780,SERIALIZABLE,B,1,0,,"CheckViolation: KNDB R5: attribute hba1c is registered as MEASURED, got INFERRED
HINT:  This is the primary trust-boundary check the paper demonstrates.
CONTEXT:  PL/pgSQL function kndb.enforce_epistemic_kind() line 34 at RAISE",1,
781,SERIALIZABLE,A,1,0,,"CheckViolation: KNDB R5: attribute hba1c is registered as MEASURED, got INFERRED
HINT:  This is the primary trust-boundary check the paper demonstrates.
CONTEXT:  PL/pgSQL function kndb.enforce_epistemic_kind() line 34 at RAISE",1,
782,SERIALIZABLE,B,1,0,,"CheckViolation: KNDB R5: attribute hba1c is registered as MEASURED, got INFERRED
HINT:  This is the primary trust-boundary check the paper demonstrates.
CONTEXT:  PL/pgSQL function kndb.enforce_epistemic_kind() line 34 at RAISE",1,
783,SERIALIZABLE,B,1,0,,"CheckViolation: KNDB R5: attribute hba1c is registered as MEASURED, got INFERRED
HINT:  This is the primary trust-boundary check the paper demonstrates.
CONTEXT:  PL/pgSQL function kndb.enforce_epistemic_kind() line 34 at RAISE",1,
784,SERIALIZABLE,A,1,0,,"CheckViolation: KNDB R5: attribute hba1c is registered as MEASURED, got INFERRED
HINT:  This is the primary trust-boundary check the paper demonstrates.
CONTEXT:  PL/pgSQL function kndb.enforce_epistemic_kind() line 34 at RAISE",1,
785,SERIALIZABLE,B,1,0,,"CheckViolation: KNDB R5: attribute hba1c is registered as MEASURED, got INFERRED
HINT:  This is the primary trust-boundary check the paper demonstrates.
CONTEXT:  PL/pgSQL function kndb.enforce_epistemic_kind() line 34 at RAISE",1,
786,SERIALIZABLE,B,1,0,,"CheckViolation: KNDB R5: attribute hba1c is registered as MEASURED, got INFERRED
HINT:  This is the primary trust-boundary check the paper demonstrates.
CONTEXT:  PL/pgSQL function kndb.enforce_epistemic_kind() line 34 at RAISE",1,
787,SERIALIZABLE,A,1,0,,"CheckViolation: KNDB R5: attribute hba1c is registered as MEASURED, got INFERRED
HINT:  This is the primary trust-boundary check the paper demonstrates.
CONTEXT:  PL/pgSQL function kndb.enforce_epistemic_kind() line 34 at RAISE",1,
788,SERIALIZABLE,B,1,0,,"CheckViolation: KNDB R5: attribute hba1c is registered as MEASURED, got INFERRED
HINT:  This is the primary trust-boundary check the paper demonstrates.
CONTEXT:  PL/pgSQL function kndb.enforce_epistemic_kind() line 34 at RAISE",1,
789,SERIALIZABLE,A,1,0,,"CheckViolation: KNDB R5: attribute hba1c is registered as MEASURED, got INFERRED
HINT:  This is the primary trust-boundary check the paper demonstrates.
CONTEXT:  PL/pgSQL function kndb.enforce_epistemic_kind() line 34 at RAISE",1,
790,SERIALIZABLE,B,1,0,,"CheckViolation: KNDB R5: attribute hba1c is registered as MEASURED, got INFERRED
HINT:  This is the primary trust-boundary check the paper demonstrates.
CONTEXT:  PL/pgSQL function kndb.enforce_epistemic_kind() line 34 at RAISE",1,
791,SERIALIZABLE,B,1,0,,"CheckViolation: KNDB R5: attribute hba1c is registered as MEASURED, got INFERRED
HINT:  This is the primary trust-boundary check the paper demonstrates.
CONTEXT:  PL/pgSQL function kndb.enforce_epistemic_kind() line 34 at RAISE",1,
792,SERIALIZABLE,B,1,0,,"CheckViolation: KNDB R5: attribute hba1c is registered as MEASURED, got INFERRED
HINT:  This is the primary trust-boundary check the paper demonstrates.
CONTEXT:  PL/pgSQL function kndb.enforce_epistemic_kind() line 34 at RAISE",1,
793,SERIALIZABLE,B,1,0,,"CheckViolation: KNDB R5: attribute hba1c is registered as MEASURED, got INFERRED
HINT:  This is the primary trust-boundary check the paper demonstrates.
CONTEXT:  PL/pgSQL function kndb.enforce_epistemic_kind() line 34 at RAISE",1,
794,SERIALIZABLE,A,1,0,,"CheckViolation: KNDB R5: attribute hba1c is registered as MEASURED, got INFERRED
HINT:  This is the primary trust-boundary check the paper demonstrates.
CONTEXT:  PL/pgSQL function kndb.enforce_epistemic_kind() line 34 at RAISE",1,
795,SERIALIZABLE,B,1,0,,"CheckViolation: KNDB R5: attribute hba1c is registered as MEASURED, got INFERRED
HINT:  This is the primary trust-boundary check the paper demonstrates.
CONTEXT:  PL/pgSQL function kndb.enforce_epistemic_kind() line 34 at RAISE",1,
796,SERIALIZABLE,A,1,0,,"CheckViolation: KNDB R5: attribute hba1c is registered as MEASURED, got INFERRED
HINT:  This is the primary trust-boundary check the paper demonstrates.
CONTEXT:  PL/pgSQL function kndb.enforce_epistemic_kind() line 34 at RAISE",1,
797,SERIALIZABLE,B,1,0,,"CheckViolation: KNDB R5: attribute hba1c is registered as MEASURED, got INFERRED
HINT:  This is the primary trust-boundary check the paper demonstrates.
CONTEXT:  PL/pgSQL function kndb.enforce_epistemic_kind() line 34 at RAISE",1,
798,SERIALIZABLE,B,1,0,,"CheckViolation: KNDB R5: attribute hba1c is registered as MEASURED, got INFERRED
HINT:  This is the primary trust-boundary check the paper demonstrates.
CONTEXT:  PL/pgSQL function kndb.enforce_epistemic_kind() line 34 at RAISE",1,
799,SERIALIZABLE,B,1,0,,"CheckViolation: KNDB R5: attribute hba1c is registered as MEASURED, got INFERRED
HINT:  This is the primary trust-boundary check the paper demonstrates.
CONTEXT:  PL/pgSQL function kndb.enforce_epistemic_kind() line 34 at RAISE",1,
800,SERIALIZABLE,A,1,0,,"CheckViolation: KNDB R5: attribute hba1c is registered as MEASURED, got INFERRED
HINT:  This is the primary trust-boundary check the paper demonstrates.
CONTEXT:  PL/pgSQL function kndb.enforce_epistemic_kind() line 34 at RAISE",1,
801,SERIALIZABLE,A,1,0,,"CheckViolation: KNDB R5: attribute hba1c is registered as MEASURED, got INFERRED
HINT:  This is the primary trust-boundary check the paper demonstrates.
CONTEXT:  PL/pgSQL function kndb.enforce_epistemic_kind() line 34 at RAISE",1,
802,SERIALIZABLE,B,1,0,,"CheckViolation: KNDB R5: attribute hba1c is registered as MEASURED, got INFERRED
HINT:  This is the primary trust-boundary check the paper demonstrates.
CONTEXT:  PL/pgSQL function kndb.enforce_epistemic_kind() line 34 at RAISE",1,
803,SERIALIZABLE,B,1,0,,"CheckViolation: KNDB R5: attribute hba1c is registered as MEASURED, got INFERRED
HINT:  This is the primary trust-boundary check the paper demonstrates.
CONTEXT:  PL/pgSQL function kndb.enforce_epistemic_kind() line 34 at RAISE",1,
804,SERIALIZABLE,A,1,0,,"CheckViolation: KNDB R5: attribute hba1c is registered as MEASURED, got INFERRED
HINT:  This is the primary trust-boundary check the paper demonstrates.
CONTEXT:  PL/pgSQL function kndb.enforce_epistemic_kind() line 34 at RAISE",1,
805,SERIALIZABLE,A,1,0,,"CheckViolation: KNDB R5: attribute hba1c is registered as MEASURED, got INFERRED
HINT:  This is the primary trust-boundary check the paper demonstrates.
CONTEXT:  PL/pgSQL function kndb.enforce_epistemic_kind() line 34 at RAISE",1,
806,SERIALIZABLE,B,1,0,,"CheckViolation: KNDB R5: attribute hba1c is registered as MEASURED, got INFERRED
HINT:  This is the primary trust-boundary check the paper demonstrates.
CONTEXT:  PL/pgSQL function kndb.enforce_epistemic_kind() line 34 at RAISE",1,
807,SERIALIZABLE,A,1,0,,"CheckViolation: KNDB R5: attribute hba1c is registered as MEASURED, got INFERRED
HINT:  This is the primary trust-boundary check the paper demonstrates.
CONTEXT:  PL/pgSQL function kndb.enforce_epistemic_kind() line 34 at RAISE",1,
808,SERIALIZABLE,B,1,0,,"CheckViolation: KNDB R5: attribute hba1c is registered as MEASURED, got INFERRED
HINT:  This is the primary trust-boundary check the paper demonstrates.
CONTEXT:  PL/pgSQL function kndb.enforce_epistemic_kind() line 34 at RAISE",1,
809,SERIALIZABLE,B,1,0,,"CheckViolation: KNDB R5: attribute hba1c is registered as MEASURED, got INFERRED
HINT:  This is the primary trust-boundary check the paper demonstrates.
CONTEXT:  PL/pgSQL function kndb.enforce_epistemic_kind() line 34 at RAISE",1,
810,SERIALIZABLE,A,1,0,,"CheckViolation: KNDB R5: attribute hba1c is registered as MEASURED, got INFERRED
HINT:  This is the primary trust-boundary check the paper demonstrates.
CONTEXT:  PL/pgSQL function kndb.enforce_epistemic_kind() line 34 at RAISE",1,
811,SERIALIZABLE,A,1,0,,"CheckViolation: KNDB R5: attribute hba1c is registered as MEASURED, got INFERRED
HINT:  This is the primary trust-boundary check the paper demonstrates.
CONTEXT:  PL/pgSQL function kndb.enforce_epistemic_kind() line 34 at RAISE",1,
812,SERIALIZABLE,A,1,0,,"CheckViolation: KNDB R5: attribute hba1c is registered as MEASURED, got INFERRED
HINT:  This is the primary trust-boundary check the paper demonstrates.
CONTEXT:  PL/pgSQL function kndb.enforce_epistemic_kind() line 34 at RAISE",1,
813,SERIALIZABLE,B,1,0,,"CheckViolation: KNDB R5: attribute hba1c is registered as MEASURED, got INFERRED
HINT:  This is the primary trust-boundary check the paper demonstrates.
CONTEXT:  PL/pgSQL function kndb.enforce_epistemic_kind() line 34 at RAISE",1,
814,SERIALIZABLE,B,1,0,,"CheckViolation: KNDB R5: attribute hba1c is registered as MEASURED, got INFERRED
HINT:  This is the primary trust-boundary check the paper demonstrates.
CONTEXT:  PL/pgSQL function kndb.enforce_epistemic_kind() line 34 at RAISE",1,
815,SERIALIZABLE,A,1,0,,"CheckViolation: KNDB R5: attribute hba1c is registered as MEASURED, got INFERRED
HINT:  This is the primary trust-boundary check the paper demonstrates.
CONTEXT:  PL/pgSQL function kndb.enforce_epistemic_kind() line 34 at RAISE",1,
816,SERIALIZABLE,B,1,0,,"CheckViolation: KNDB R5: attribute hba1c is registered as MEASURED, got INFERRED
HINT:  This is the primary trust-boundary check the paper demonstrates.
CONTEXT:  PL/pgSQL function kndb.enforce_epistemic_kind() line 34 at RAISE",1,
817,SERIALIZABLE,A,1,0,,"CheckViolation: KNDB R5: attribute hba1c is registered as MEASURED, got INFERRED
HINT:  This is the primary trust-boundary check the paper demonstrates.
CONTEXT:  PL/pgSQL function kndb.enforce_epistemic_kind() line 34 at RAISE",1,
818,SERIALIZABLE,B,1,0,,"CheckViolation: KNDB R5: attribute hba1c is registered as MEASURED, got INFERRED
HINT:  This is the primary trust-boundary check the paper demonstrates.
CONTEXT:  PL/pgSQL function kndb.enforce_epistemic_kind() line 34 at RAISE",1,
819,SERIALIZABLE,B,1,0,,"CheckViolation: KNDB R5: attribute hba1c is registered as MEASURED, got INFERRED
HINT:  This is the primary trust-boundary check the paper demonstrates.
CONTEXT:  PL/pgSQL function kndb.enforce_epistemic_kind() line 34 at RAISE",1,
820,SERIALIZABLE,B,1,0,,"CheckViolation: KNDB R5: attribute hba1c is registered as MEASURED, got INFERRED
HINT:  This is the primary trust-boundary check the paper demonstrates.
CONTEXT:  PL/pgSQL function kndb.enforce_epistemic_kind() line 34 at RAISE",1,
821,SERIALIZABLE,A,1,0,,"CheckViolation: KNDB R5: attribute hba1c is registered as MEASURED, got INFERRED
HINT:  This is the primary trust-boundary check the paper demonstrates.
CONTEXT:  PL/pgSQL function kndb.enforce_epistemic_kind() line 34 at RAISE",1,
822,SERIALIZABLE,B,1,0,,"CheckViolation: KNDB R5: attribute hba1c is registered as MEASURED, got INFERRED
HINT:  This is the primary trust-boundary check the paper demonstrates.
CONTEXT:  PL/pgSQL function kndb.enforce_epistemic_kind() line 34 at RAISE",1,
823,SERIALIZABLE,B,1,0,,"CheckViolation: KNDB R5: attribute hba1c is registered as MEASURED, got INFERRED
HINT:  This is the primary trust-boundary check the paper demonstrates.
CONTEXT:  PL/pgSQL function kndb.enforce_epistemic_kind() line 34 at RAISE",1,
824,SERIALIZABLE,B,1,0,,"CheckViolation: KNDB R5: attribute hba1c is registered as MEASURED, got INFERRED
HINT:  This is the primary trust-boundary check the paper demonstrates.
CONTEXT:  PL/pgSQL function kndb.enforce_epistemic_kind() line 34 at RAISE",1,
825,SERIALIZABLE,A,1,0,,"CheckViolation: KNDB R5: attribute hba1c is registered as MEASURED, got INFERRED
HINT:  This is the primary trust-boundary check the paper demonstrates.
CONTEXT:  PL/pgSQL function kndb.enforce_epistemic_kind() line 34 at RAISE",1,
826,SERIALIZABLE,A,1,0,,"CheckViolation: KNDB R5: attribute hba1c is registered as MEASURED, got INFERRED
HINT:  This is the primary trust-boundary check the paper demonstrates.
CONTEXT:  PL/pgSQL function kndb.enforce_epistemic_kind() line 34 at RAISE",1,
827,SERIALIZABLE,B,1,0,,"CheckViolation: KNDB R5: attribute hba1c is registered as MEASURED, got INFERRED
HINT:  This is the primary trust-boundary check the paper demonstrates.
CONTEXT:  PL/pgSQL function kndb.enforce_epistemic_kind() line 34 at RAISE",1,
828,SERIALIZABLE,B,1,0,,"CheckViolation: KNDB R5: attribute hba1c is registered as MEASURED, got INFERRED
HINT:  This is the primary trust-boundary check the paper demonstrates.
CONTEXT:  PL/pgSQL function kndb.enforce_epistemic_kind() line 34 at RAISE",1,
829,SERIALIZABLE,B,1,0,,"CheckViolation: KNDB R5: attribute hba1c is registered as MEASURED, got INFERRED
HINT:  This is the primary trust-boundary check the paper demonstrates.
CONTEXT:  PL/pgSQL function kndb.enforce_epistemic_kind() line 34 at RAISE",1,
830,SERIALIZABLE,B,1,0,,"CheckViolation: KNDB R5: attribute hba1c is registered as MEASURED, got INFERRED
HINT:  This is the primary trust-boundary check the paper demonstrates.
CONTEXT:  PL/pgSQL function kndb.enforce_epistemic_kind() line 34 at RAISE",1,
831,SERIALIZABLE,A,1,0,,"CheckViolation: KNDB R5: attribute hba1c is registered as MEASURED, got INFERRED
HINT:  This is the primary trust-boundary check the paper demonstrates.
CONTEXT:  PL/pgSQL function kndb.enforce_epistemic_kind() line 34 at RAISE",1,
832,SERIALIZABLE,B,1,0,,"CheckViolation: KNDB R5: attribute hba1c is registered as MEASURED, got INFERRED
HINT:  This is the primary trust-boundary check the paper demonstrates.
CONTEXT:  PL/pgSQL function kndb.enforce_epistemic_kind() line 34 at RAISE",1,
833,SERIALIZABLE,A,1,0,,"CheckViolation: KNDB R5: attribute hba1c is registered as MEASURED, got INFERRED
HINT:  This is the primary trust-boundary check the paper demonstrates.
CONTEXT:  PL/pgSQL function kndb.enforce_epistemic_kind() line 34 at RAISE",1,
834,SERIALIZABLE,B,1,0,,"CheckViolation: KNDB R5: attribute hba1c is registered as MEASURED, got INFERRED
HINT:  This is the primary trust-boundary check the paper demonstrates.
CONTEXT:  PL/pgSQL function kndb.enforce_epistemic_kind() line 34 at RAISE",1,
835,SERIALIZABLE,A,1,0,,"CheckViolation: KNDB R5: attribute hba1c is registered as MEASURED, got INFERRED
HINT:  This is the primary trust-boundary check the paper demonstrates.
CONTEXT:  PL/pgSQL function kndb.enforce_epistemic_kind() line 34 at RAISE",1,
836,SERIALIZABLE,B,1,0,,"CheckViolation: KNDB R5: attribute hba1c is registered as MEASURED, got INFERRED
HINT:  This is the primary trust-boundary check the paper demonstrates.
CONTEXT:  PL/pgSQL function kndb.enforce_epistemic_kind() line 34 at RAISE",1,
837,SERIALIZABLE,A,1,0,,"CheckViolation: KNDB R5: attribute hba1c is registered as MEASURED, got INFERRED
HINT:  This is the primary trust-boundary check the paper demonstrates.
CONTEXT:  PL/pgSQL function kndb.enforce_epistemic_kind() line 34 at RAISE",1,
838,SERIALIZABLE,A,1,0,,"CheckViolation: KNDB R5: attribute hba1c is registered as MEASURED, got INFERRED
HINT:  This is the primary trust-boundary check the paper demonstrates.
CONTEXT:  PL/pgSQL function kndb.enforce_epistemic_kind() line 34 at RAISE",1,
839,SERIALIZABLE,B,1,0,,"CheckViolation: KNDB R5: attribute hba1c is registered as MEASURED, got INFERRED
HINT:  This is the primary trust-boundary check the paper demonstrates.
CONTEXT:  PL/pgSQL function kndb.enforce_epistemic_kind() line 34 at RAISE",1,
840,SERIALIZABLE,A,1,0,,"CheckViolation: KNDB R5: attribute hba1c is registered as MEASURED, got INFERRED
HINT:  This is the primary trust-boundary check the paper demonstrates.
CONTEXT:  PL/pgSQL function kndb.enforce_epistemic_kind() line 34 at RAISE",1,
841,SERIALIZABLE,B,1,0,,"CheckViolation: KNDB R5: attribute hba1c is registered as MEASURED, got INFERRED
HINT:  This is the primary trust-boundary check the paper demonstrates.
CONTEXT:  PL/pgSQL function kndb.enforce_epistemic_kind() line 34 at RAISE",1,
842,SERIALIZABLE,B,1,0,,"CheckViolation: KNDB R5: attribute hba1c is registered as MEASURED, got INFERRED
HINT:  This is the primary trust-boundary check the paper demonstrates.
CONTEXT:  PL/pgSQL function kndb.enforce_epistemic_kind() line 34 at RAISE",1,
843,SERIALIZABLE,B,1,0,,"CheckViolation: KNDB R5: attribute hba1c is registered as MEASURED, got INFERRED
HINT:  This is the primary trust-boundary check the paper demonstrates.
CONTEXT:  PL/pgSQL function kndb.enforce_epistemic_kind() line 34 at RAISE",1,
844,SERIALIZABLE,B,1,0,,"CheckViolation: KNDB R5: attribute hba1c is registered as MEASURED, got INFERRED
HINT:  This is the primary trust-boundary check the paper demonstrates.
CONTEXT:  PL/pgSQL function kndb.enforce_epistemic_kind() line 34 at RAISE",1,
845,SERIALIZABLE,B,1,0,,"CheckViolation: KNDB R5: attribute hba1c is registered as MEASURED, got INFERRED
HINT:  This is the primary trust-boundary check the paper demonstrates.
CONTEXT:  PL/pgSQL function kndb.enforce_epistemic_kind() line 34 at RAISE",1,
846,SERIALIZABLE,A,1,0,,"CheckViolation: KNDB R5: attribute hba1c is registered as MEASURED, got INFERRED
HINT:  This is the primary trust-boundary check the paper demonstrates.
CONTEXT:  PL/pgSQL function kndb.enforce_epistemic_kind() line 34 at RAISE",1,
847,SERIALIZABLE,A,1,0,,"CheckViolation: KNDB R5: attribute hba1c is registered as MEASURED, got INFERRED
HINT:  This is the primary trust-boundary check the paper demonstrates.
CONTEXT:  PL/pgSQL function kndb.enforce_epistemic_kind() line 34 at RAISE",1,
848,SERIALIZABLE,B,1,0,,"CheckViolation: KNDB R5: attribute hba1c is registered as MEASURED, got INFERRED
HINT:  This is the primary trust-boundary check the paper demonstrates.
CONTEXT:  PL/pgSQL function kndb.enforce_epistemic_kind() line 34 at RAISE",1,
849,SERIALIZABLE,B,1,0,,"CheckViolation: KNDB R5: attribute hba1c is registered as MEASURED, got INFERRED
HINT:  This is the primary trust-boundary check the paper demonstrates.
CONTEXT:  PL/pgSQL function kndb.enforce_epistemic_kind() line 34 at RAISE",1,
850,SERIALIZABLE,B,1,0,,"CheckViolation: KNDB R5: attribute hba1c is registered as MEASURED, got INFERRED
HINT:  This is the primary trust-boundary check the paper demonstrates.
CONTEXT:  PL/pgSQL function kndb.enforce_epistemic_kind() line 34 at RAISE",1,
851,SERIALIZABLE,A,1,0,,"CheckViolation: KNDB R5: attribute hba1c is registered as MEASURED, got INFERRED
HINT:  This is the primary trust-boundary check the paper demonstrates.
CONTEXT:  PL/pgSQL function kndb.enforce_epistemic_kind() line 34 at RAISE",1,
852,SERIALIZABLE,A,1,0,,"CheckViolation: KNDB R5: attribute hba1c is registered as MEASURED, got INFERRED
HINT:  This is the primary trust-boundary check the paper demonstrates.
CONTEXT:  PL/pgSQL function kndb.enforce_epistemic_kind() line 34 at RAISE",1,
853,SERIALIZABLE,B,1,0,,"CheckViolation: KNDB R5: attribute hba1c is registered as MEASURED, got INFERRED
HINT:  This is the primary trust-boundary check the paper demonstrates.
CONTEXT:  PL/pgSQL function kndb.enforce_epistemic_kind() line 34 at RAISE",1,
854,SERIALIZABLE,B,1,0,,"CheckViolation: KNDB R5: attribute hba1c is registered as MEASURED, got INFERRED
HINT:  This is the primary trust-boundary check the paper demonstrates.
CONTEXT:  PL/pgSQL function kndb.enforce_epistemic_kind() line 34 at RAISE",1,
855,SERIALIZABLE,B,1,0,,"CheckViolation: KNDB R5: attribute hba1c is registered as MEASURED, got INFERRED
HINT:  This is the primary trust-boundary check the paper demonstrates.
CONTEXT:  PL/pgSQL function kndb.enforce_epistemic_kind() line 34 at RAISE",1,
856,SERIALIZABLE,B,1,0,,"CheckViolation: KNDB R5: attribute hba1c is registered as MEASURED, got INFERRED
HINT:  This is the primary trust-boundary check the paper demonstrates.
CONTEXT:  PL/pgSQL function kndb.enforce_epistemic_kind() line 34 at RAISE",1,
857,SERIALIZABLE,A,1,0,,"CheckViolation: KNDB R5: attribute hba1c is registered as MEASURED, got INFERRED
HINT:  This is the primary trust-boundary check the paper demonstrates.
CONTEXT:  PL/pgSQL function kndb.enforce_epistemic_kind() line 34 at RAISE",1,
858,SERIALIZABLE,A,1,0,,"CheckViolation: KNDB R5: attribute hba1c is registered as MEASURED, got INFERRED
HINT:  This is the primary trust-boundary check the paper demonstrates.
CONTEXT:  PL/pgSQL function kndb.enforce_epistemic_kind() line 34 at RAISE",1,
859,SERIALIZABLE,B,1,0,,"CheckViolation: KNDB R5: attribute hba1c is registered as MEASURED, got INFERRED
HINT:  This is the primary trust-boundary check the paper demonstrates.
CONTEXT:  PL/pgSQL function kndb.enforce_epistemic_kind() line 34 at RAISE",1,
860,SERIALIZABLE,B,1,0,,"CheckViolation: KNDB R5: attribute hba1c is registered as MEASURED, got INFERRED
HINT:  This is the primary trust-boundary check the paper demonstrates.
CONTEXT:  PL/pgSQL function kndb.enforce_epistemic_kind() line 34 at RAISE",1,
861,SERIALIZABLE,A,1,0,,"CheckViolation: KNDB R5: attribute hba1c is registered as MEASURED, got INFERRED
HINT:  This is the primary trust-boundary check the paper demonstrates.
CONTEXT:  PL/pgSQL function kndb.enforce_epistemic_kind() line 34 at RAISE",1,
862,SERIALIZABLE,B,1,0,,"CheckViolation: KNDB R5: attribute hba1c is registered as MEASURED, got INFERRED
HINT:  This is the primary trust-boundary check the paper demonstrates.
CONTEXT:  PL/pgSQL function kndb.enforce_epistemic_kind() line 34 at RAISE",1,
863,SERIALIZABLE,B,1,0,,"CheckViolation: KNDB R5: attribute hba1c is registered as MEASURED, got INFERRED
HINT:  This is the primary trust-boundary check the paper demonstrates.
CONTEXT:  PL/pgSQL function kndb.enforce_epistemic_kind() line 34 at RAISE",1,
864,SERIALIZABLE,A,1,0,,"CheckViolation: KNDB R5: attribute hba1c is registered as MEASURED, got INFERRED
HINT:  This is the primary trust-boundary check the paper demonstrates.
CONTEXT:  PL/pgSQL function kndb.enforce_epistemic_kind() line 34 at RAISE",1,
865,SERIALIZABLE,B,1,0,,"CheckViolation: KNDB R5: attribute hba1c is registered as MEASURED, got INFERRED
HINT:  This is the primary trust-boundary check the paper demonstrates.
CONTEXT:  PL/pgSQL function kndb.enforce_epistemic_kind() line 34 at RAISE",1,
866,SERIALIZABLE,A,1,0,,"CheckViolation: KNDB R5: attribute hba1c is registered as MEASURED, got INFERRED
HINT:  This is the primary trust-boundary check the paper demonstrates.
CONTEXT:  PL/pgSQL function kndb.enforce_epistemic_kind() line 34 at RAISE",1,
867,SERIALIZABLE,A,1,0,,"CheckViolation: KNDB R5: attribute hba1c is registered as MEASURED, got INFERRED
HINT:  This is the primary trust-boundary check the paper demonstrates.
CONTEXT:  PL/pgSQL function kndb.enforce_epistemic_kind() line 34 at RAISE",1,
868,SERIALIZABLE,A,1,0,,"CheckViolation: KNDB R5: attribute hba1c is registered as MEASURED, got INFERRED
HINT:  This is the primary trust-boundary check the paper demonstrates.
CONTEXT:  PL/pgSQL function kndb.enforce_epistemic_kind() line 34 at RAISE",1,
869,SERIALIZABLE,B,1,0,,"CheckViolation: KNDB R5: attribute hba1c is registered as MEASURED, got INFERRED
HINT:  This is the primary trust-boundary check the paper demonstrates.
CONTEXT:  PL/pgSQL function kndb.enforce_epistemic_kind() line 34 at RAISE",1,
870,SERIALIZABLE,B,1,0,,"CheckViolation: KNDB R5: attribute hba1c is registered as MEASURED, got INFERRED
HINT:  This is the primary trust-boundary check the paper demonstrates.
CONTEXT:  PL/pgSQL function kndb.enforce_epistemic_kind() line 34 at RAISE",1,
871,SERIALIZABLE,B,1,0,,"CheckViolation: KNDB R5: attribute hba1c is registered as MEASURED, got INFERRED
HINT:  This is the primary trust-boundary check the paper demonstrates.
CONTEXT:  PL/pgSQL function kndb.enforce_epistemic_kind() line 34 at RAISE",1,
872,SERIALIZABLE,A,1,0,,"CheckViolation: KNDB R5: attribute hba1c is registered as MEASURED, got INFERRED
HINT:  This is the primary trust-boundary check the paper demonstrates.
CONTEXT:  PL/pgSQL function kndb.enforce_epistemic_kind() line 34 at RAISE",1,
873,SERIALIZABLE,A,1,0,,"CheckViolation: KNDB R5: attribute hba1c is registered as MEASURED, got INFERRED
HINT:  This is the primary trust-boundary check the paper demonstrates.
CONTEXT:  PL/pgSQL function kndb.enforce_epistemic_kind() line 34 at RAISE",1,
874,SERIALIZABLE,B,1,0,,"CheckViolation: KNDB R5: attribute hba1c is registered as MEASURED, got INFERRED
HINT:  This is the primary trust-boundary check the paper demonstrates.
CONTEXT:  PL/pgSQL function kndb.enforce_epistemic_kind() line 34 at RAISE",1,
875,SERIALIZABLE,B,1,0,,"CheckViolation: KNDB R5: attribute hba1c is registered as MEASURED, got INFERRED
HINT:  This is the primary trust-boundary check the paper demonstrates.
CONTEXT:  PL/pgSQL function kndb.enforce_epistemic_kind() line 34 at RAISE",1,
876,SERIALIZABLE,A,1,0,,"CheckViolation: KNDB R5: attribute hba1c is registered as MEASURED, got INFERRED
HINT:  This is the primary trust-boundary check the paper demonstrates.
CONTEXT:  PL/pgSQL function kndb.enforce_epistemic_kind() line 34 at RAISE",1,
877,SERIALIZABLE,B,1,0,,"CheckViolation: KNDB R5: attribute hba1c is registered as MEASURED, got INFERRED
HINT:  This is the primary trust-boundary check the paper demonstrates.
CONTEXT:  PL/pgSQL function kndb.enforce_epistemic_kind() line 34 at RAISE",1,
878,SERIALIZABLE,A,1,0,,"CheckViolation: KNDB R5: attribute hba1c is registered as MEASURED, got INFERRED
HINT:  This is the primary trust-boundary check the paper demonstrates.
CONTEXT:  PL/pgSQL function kndb.enforce_epistemic_kind() line 34 at RAISE",1,
879,SERIALIZABLE,A,1,0,,"CheckViolation: KNDB R5: attribute hba1c is registered as MEASURED, got INFERRED
HINT:  This is the primary trust-boundary check the paper demonstrates.
CONTEXT:  PL/pgSQL function kndb.enforce_epistemic_kind() line 34 at RAISE",1,
880,SERIALIZABLE,A,1,0,,"CheckViolation: KNDB R5: attribute hba1c is registered as MEASURED, got INFERRED
HINT:  This is the primary trust-boundary check the paper demonstrates.
CONTEXT:  PL/pgSQL function kndb.enforce_epistemic_kind() line 34 at RAISE",1,
881,SERIALIZABLE,A,1,0,,"CheckViolation: KNDB R5: attribute hba1c is registered as MEASURED, got INFERRED
HINT:  This is the primary trust-boundary check the paper demonstrates.
CONTEXT:  PL/pgSQL function kndb.enforce_epistemic_kind() line 34 at RAISE",1,
882,SERIALIZABLE,A,1,0,,"CheckViolation: KNDB R5: attribute hba1c is registered as MEASURED, got INFERRED
HINT:  This is the primary trust-boundary check the paper demonstrates.
CONTEXT:  PL/pgSQL function kndb.enforce_epistemic_kind() line 34 at RAISE",1,
883,SERIALIZABLE,B,1,0,,"CheckViolation: KNDB R5: attribute hba1c is registered as MEASURED, got INFERRED
HINT:  This is the primary trust-boundary check the paper demonstrates.
CONTEXT:  PL/pgSQL function kndb.enforce_epistemic_kind() line 34 at RAISE",1,
884,SERIALIZABLE,B,1,0,,"CheckViolation: KNDB R5: attribute hba1c is registered as MEASURED, got INFERRED
HINT:  This is the primary trust-boundary check the paper demonstrates.
CONTEXT:  PL/pgSQL function kndb.enforce_epistemic_kind() line 34 at RAISE",1,
885,SERIALIZABLE,B,1,0,,"CheckViolation: KNDB R5: attribute hba1c is registered as MEASURED, got INFERRED
HINT:  This is the primary trust-boundary check the paper demonstrates.
CONTEXT:  PL/pgSQL function kndb.enforce_epistemic_kind() line 34 at RAISE",1,
886,SERIALIZABLE,A,1,0,,"CheckViolation: KNDB R5: attribute hba1c is registered as MEASURED, got INFERRED
HINT:  This is the primary trust-boundary check the paper demonstrates.
CONTEXT:  PL/pgSQL function kndb.enforce_epistemic_kind() line 34 at RAISE",1,
887,SERIALIZABLE,A,1,0,,"CheckViolation: KNDB R5: attribute hba1c is registered as MEASURED, got INFERRED
HINT:  This is the primary trust-boundary check the paper demonstrates.
CONTEXT:  PL/pgSQL function kndb.enforce_epistemic_kind() line 34 at RAISE",1,
888,SERIALIZABLE,A,1,0,,"CheckViolation: KNDB R5: attribute hba1c is registered as MEASURED, got INFERRED
HINT:  This is the primary trust-boundary check the paper demonstrates.
CONTEXT:  PL/pgSQL function kndb.enforce_epistemic_kind() line 34 at RAISE",1,
889,SERIALIZABLE,B,1,0,,"CheckViolation: KNDB R5: attribute hba1c is registered as MEASURED, got INFERRED
HINT:  This is the primary trust-boundary check the paper demonstrates.
CONTEXT:  PL/pgSQL function kndb.enforce_epistemic_kind() line 34 at RAISE",1,
890,SERIALIZABLE,B,1,0,,"CheckViolation: KNDB R5: attribute hba1c is registered as MEASURED, got INFERRED
HINT:  This is the primary trust-boundary check the paper demonstrates.
CONTEXT:  PL/pgSQL function kndb.enforce_epistemic_kind() line 34 at RAISE",1,
891,SERIALIZABLE,A,1,0,,"CheckViolation: KNDB R5: attribute hba1c is registered as MEASURED, got INFERRED
HINT:  This is the primary trust-boundary check the paper demonstrates.
CONTEXT:  PL/pgSQL function kndb.enforce_epistemic_kind() line 34 at RAISE",1,
892,SERIALIZABLE,A,1,0,,"CheckViolation: KNDB R5: attribute hba1c is registered as MEASURED, got INFERRED
HINT:  This is the primary trust-boundary check the paper demonstrates.
CONTEXT:  PL/pgSQL function kndb.enforce_epistemic_kind() line 34 at RAISE",1,
893,SERIALIZABLE,B,1,0,,"CheckViolation: KNDB R5: attribute hba1c is registered as MEASURED, got INFERRED
HINT:  This is the primary trust-boundary check the paper demonstrates.
CONTEXT:  PL/pgSQL function kndb.enforce_epistemic_kind() line 34 at RAISE",1,
894,SERIALIZABLE,A,1,0,,"CheckViolation: KNDB R5: attribute hba1c is registered as MEASURED, got INFERRED
HINT:  This is the primary trust-boundary check the paper demonstrates.
CONTEXT:  PL/pgSQL function kndb.enforce_epistemic_kind() line 34 at RAISE",1,
895,SERIALIZABLE,A,1,0,,"CheckViolation: KNDB R5: attribute hba1c is registered as MEASURED, got INFERRED
HINT:  This is the primary trust-boundary check the paper demonstrates.
CONTEXT:  PL/pgSQL function kndb.enforce_epistemic_kind() line 34 at RAISE",1,
896,SERIALIZABLE,A,1,0,,"CheckViolation: KNDB R5: attribute hba1c is registered as MEASURED, got INFERRED
HINT:  This is the primary trust-boundary check the paper demonstrates.
CONTEXT:  PL/pgSQL function kndb.enforce_epistemic_kind() line 34 at RAISE",1,
897,SERIALIZABLE,A,1,0,,"CheckViolation: KNDB R5: attribute hba1c is registered as MEASURED, got INFERRED
HINT:  This is the primary trust-boundary check the paper demonstrates.
CONTEXT:  PL/pgSQL function kndb.enforce_epistemic_kind() line 34 at RAISE",1,
898,SERIALIZABLE,B,1,0,,"CheckViolation: KNDB R5: attribute hba1c is registered as MEASURED, got INFERRED
HINT:  This is the primary trust-boundary check the paper demonstrates.
CONTEXT:  PL/pgSQL function kndb.enforce_epistemic_kind() line 34 at RAISE",1,
899,SERIALIZABLE,B,1,0,,"CheckViolation: KNDB R5: attribute hba1c is registered as MEASURED, got INFERRED
HINT:  This is the primary trust-boundary check the paper demonstrates.
CONTEXT:  PL/pgSQL function kndb.enforce_epistemic_kind() line 34 at RAISE",1,
900,SERIALIZABLE,B,1,0,,"CheckViolation: KNDB R5: attribute hba1c is registered as MEASURED, got INFERRED
HINT:  This is the primary trust-boundary check the paper demonstrates.
CONTEXT:  PL/pgSQL function kndb.enforce_epistemic_kind() line 34 at RAISE",1,
901,SERIALIZABLE,A,1,0,,"CheckViolation: KNDB R5: attribute hba1c is registered as MEASURED, got INFERRED
HINT:  This is the primary trust-boundary check the paper demonstrates.
CONTEXT:  PL/pgSQL function kndb.enforce_epistemic_kind() line 34 at RAISE",1,
902,SERIALIZABLE,B,1,0,,"CheckViolation: KNDB R5: attribute hba1c is registered as MEASURED, got INFERRED
HINT:  This is the primary trust-boundary check the paper demonstrates.
CONTEXT:  PL/pgSQL function kndb.enforce_epistemic_kind() line 34 at RAISE",1,
903,SERIALIZABLE,B,1,0,,"CheckViolation: KNDB R5: attribute hba1c is registered as MEASURED, got INFERRED
HINT:  This is the primary trust-boundary check the paper demonstrates.
CONTEXT:  PL/pgSQL function kndb.enforce_epistemic_kind() line 34 at RAISE",1,
904,SERIALIZABLE,A,1,0,,"CheckViolation: KNDB R5: attribute hba1c is registered as MEASURED, got INFERRED
HINT:  This is the primary trust-boundary check the paper demonstrates.
CONTEXT:  PL/pgSQL function kndb.enforce_epistemic_kind() line 34 at RAISE",1,
905,SERIALIZABLE,B,1,0,,"CheckViolation: KNDB R5: attribute hba1c is registered as MEASURED, got INFERRED
HINT:  This is the primary trust-boundary check the paper demonstrates.
CONTEXT:  PL/pgSQL function kndb.enforce_epistemic_kind() line 34 at RAISE",1,
906,SERIALIZABLE,B,1,0,,"CheckViolation: KNDB R5: attribute hba1c is registered as MEASURED, got INFERRED
HINT:  This is the primary trust-boundary check the paper demonstrates.
CONTEXT:  PL/pgSQL function kndb.enforce_epistemic_kind() line 34 at RAISE",1,
907,SERIALIZABLE,B,1,0,,"CheckViolation: KNDB R5: attribute hba1c is registered as MEASURED, got INFERRED
HINT:  This is the primary trust-boundary check the paper demonstrates.
CONTEXT:  PL/pgSQL function kndb.enforce_epistemic_kind() line 34 at RAISE",1,
908,SERIALIZABLE,A,1,0,,"CheckViolation: KNDB R5: attribute hba1c is registered as MEASURED, got INFERRED
HINT:  This is the primary trust-boundary check the paper demonstrates.
CONTEXT:  PL/pgSQL function kndb.enforce_epistemic_kind() line 34 at RAISE",1,
909,SERIALIZABLE,B,1,0,,"CheckViolation: KNDB R5: attribute hba1c is registered as MEASURED, got INFERRED
HINT:  This is the primary trust-boundary check the paper demonstrates.
CONTEXT:  PL/pgSQL function kndb.enforce_epistemic_kind() line 34 at RAISE",1,
910,SERIALIZABLE,A,1,0,,"CheckViolation: KNDB R5: attribute hba1c is registered as MEASURED, got INFERRED
HINT:  This is the primary trust-boundary check the paper demonstrates.
CONTEXT:  PL/pgSQL function kndb.enforce_epistemic_kind() line 34 at RAISE",1,
911,SERIALIZABLE,B,1,0,,"CheckViolation: KNDB R5: attribute hba1c is registered as MEASURED, got INFERRED
HINT:  This is the primary trust-boundary check the paper demonstrates.
CONTEXT:  PL/pgSQL function kndb.enforce_epistemic_kind() line 34 at RAISE",1,
912,SERIALIZABLE,A,1,0,,"CheckViolation: KNDB R5: attribute hba1c is registered as MEASURED, got INFERRED
HINT:  This is the primary trust-boundary check the paper demonstrates.
CONTEXT:  PL/pgSQL function kndb.enforce_epistemic_kind() line 34 at RAISE",1,
913,SERIALIZABLE,B,1,0,,"CheckViolation: KNDB R5: attribute hba1c is registered as MEASURED, got INFERRED
HINT:  This is the primary trust-boundary check the paper demonstrates.
CONTEXT:  PL/pgSQL function kndb.enforce_epistemic_kind() line 34 at RAISE",1,
914,SERIALIZABLE,B,1,0,,"CheckViolation: KNDB R5: attribute hba1c is registered as MEASURED, got INFERRED
HINT:  This is the primary trust-boundary check the paper demonstrates.
CONTEXT:  PL/pgSQL function kndb.enforce_epistemic_kind() line 34 at RAISE",1,
915,SERIALIZABLE,A,1,0,,"CheckViolation: KNDB R5: attribute hba1c is registered as MEASURED, got INFERRED
HINT:  This is the primary trust-boundary check the paper demonstrates.
CONTEXT:  PL/pgSQL function kndb.enforce_epistemic_kind() line 34 at RAISE",1,
916,SERIALIZABLE,B,1,0,,"CheckViolation: KNDB R5: attribute hba1c is registered as MEASURED, got INFERRED
HINT:  This is the primary trust-boundary check the paper demonstrates.
CONTEXT:  PL/pgSQL function kndb.enforce_epistemic_kind() line 34 at RAISE",1,
917,SERIALIZABLE,B,1,0,,"CheckViolation: KNDB R5: attribute hba1c is registered as MEASURED, got INFERRED
HINT:  This is the primary trust-boundary check the paper demonstrates.
CONTEXT:  PL/pgSQL function kndb.enforce_epistemic_kind() line 34 at RAISE",1,
918,SERIALIZABLE,B,1,0,,"CheckViolation: KNDB R5: attribute hba1c is registered as MEASURED, got INFERRED
HINT:  This is the primary trust-boundary check the paper demonstrates.
CONTEXT:  PL/pgSQL function kndb.enforce_epistemic_kind() line 34 at RAISE",1,
919,SERIALIZABLE,B,1,0,,"CheckViolation: KNDB R5: attribute hba1c is registered as MEASURED, got INFERRED
HINT:  This is the primary trust-boundary check the paper demonstrates.
CONTEXT:  PL/pgSQL function kndb.enforce_epistemic_kind() line 34 at RAISE",1,
920,SERIALIZABLE,B,1,0,,"CheckViolation: KNDB R5: attribute hba1c is registered as MEASURED, got INFERRED
HINT:  This is the primary trust-boundary check the paper demonstrates.
CONTEXT:  PL/pgSQL function kndb.enforce_epistemic_kind() line 34 at RAISE",1,
921,SERIALIZABLE,B,1,0,,"CheckViolation: KNDB R5: attribute hba1c is registered as MEASURED, got INFERRED
HINT:  This is the primary trust-boundary check the paper demonstrates.
CONTEXT:  PL/pgSQL function kndb.enforce_epistemic_kind() line 34 at RAISE",1,
922,SERIALIZABLE,B,1,0,,"CheckViolation: KNDB R5: attribute hba1c is registered as MEASURED, got INFERRED
HINT:  This is the primary trust-boundary check the paper demonstrates.
CONTEXT:  PL/pgSQL function kndb.enforce_epistemic_kind() line 34 at RAISE",1,
923,SERIALIZABLE,B,1,0,,"CheckViolation: KNDB R5: attribute hba1c is registered as MEASURED, got INFERRED
HINT:  This is the primary trust-boundary check the paper demonstrates.
CONTEXT:  PL/pgSQL function kndb.enforce_epistemic_kind() line 34 at RAISE",1,
924,SERIALIZABLE,B,1,0,,"CheckViolation: KNDB R5: attribute hba1c is registered as MEASURED, got INFERRED
HINT:  This is the primary trust-boundary check the paper demonstrates.
CONTEXT:  PL/pgSQL function kndb.enforce_epistemic_kind() line 34 at RAISE",1,
925,SERIALIZABLE,A,1,0,,"CheckViolation: KNDB R5: attribute hba1c is registered as MEASURED, got INFERRED
HINT:  This is the primary trust-boundary check the paper demonstrates.
CONTEXT:  PL/pgSQL function kndb.enforce_epistemic_kind() line 34 at RAISE",1,
926,SERIALIZABLE,A,1,0,,"CheckViolation: KNDB R5: attribute hba1c is registered as MEASURED, got INFERRED
HINT:  This is the primary trust-boundary check the paper demonstrates.
CONTEXT:  PL/pgSQL function kndb.enforce_epistemic_kind() line 34 at RAISE",1,
927,SERIALIZABLE,B,1,0,,"CheckViolation: KNDB R5: attribute hba1c is registered as MEASURED, got INFERRED
HINT:  This is the primary trust-boundary check the paper demonstrates.
CONTEXT:  PL/pgSQL function kndb.enforce_epistemic_kind() line 34 at RAISE",1,
928,SERIALIZABLE,B,1,0,,"CheckViolation: KNDB R5: attribute hba1c is registered as MEASURED, got INFERRED
HINT:  This is the primary trust-boundary check the paper demonstrates.
CONTEXT:  PL/pgSQL function kndb.enforce_epistemic_kind() line 34 at RAISE",1,
929,SERIALIZABLE,A,1,0,,"CheckViolation: KNDB R5: attribute hba1c is registered as MEASURED, got INFERRED
HINT:  This is the primary trust-boundary check the paper demonstrates.
CONTEXT:  PL/pgSQL function kndb.enforce_epistemic_kind() line 34 at RAISE",1,
930,SERIALIZABLE,A,1,0,,"CheckViolation: KNDB R5: attribute hba1c is registered as MEASURED, got INFERRED
HINT:  This is the primary trust-boundary check the paper demonstrates.
CONTEXT:  PL/pgSQL function kndb.enforce_epistemic_kind() line 34 at RAISE",1,
931,SERIALIZABLE,B,1,0,,"CheckViolation: KNDB R5: attribute hba1c is registered as MEASURED, got INFERRED
HINT:  This is the primary trust-boundary check the paper demonstrates.
CONTEXT:  PL/pgSQL function kndb.enforce_epistemic_kind() line 34 at RAISE",1,
932,SERIALIZABLE,A,1,0,,"CheckViolation: KNDB R5: attribute hba1c is registered as MEASURED, got INFERRED
HINT:  This is the primary trust-boundary check the paper demonstrates.
CONTEXT:  PL/pgSQL function kndb.enforce_epistemic_kind() line 34 at RAISE",1,
933,SERIALIZABLE,A,1,0,,"CheckViolation: KNDB R5: attribute hba1c is registered as MEASURED, got INFERRED
HINT:  This is the primary trust-boundary check the paper demonstrates.
CONTEXT:  PL/pgSQL function kndb.enforce_epistemic_kind() line 34 at RAISE",1,
934,SERIALIZABLE,B,1,0,,"CheckViolation: KNDB R5: attribute hba1c is registered as MEASURED, got INFERRED
HINT:  This is the primary trust-boundary check the paper demonstrates.
CONTEXT:  PL/pgSQL function kndb.enforce_epistemic_kind() line 34 at RAISE",1,
935,SERIALIZABLE,B,1,0,,"CheckViolation: KNDB R5: attribute hba1c is registered as MEASURED, got INFERRED
HINT:  This is the primary trust-boundary check the paper demonstrates.
CONTEXT:  PL/pgSQL function kndb.enforce_epistemic_kind() line 34 at RAISE",1,
936,SERIALIZABLE,B,1,0,,"CheckViolation: KNDB R5: attribute hba1c is registered as MEASURED, got INFERRED
HINT:  This is the primary trust-boundary check the paper demonstrates.
CONTEXT:  PL/pgSQL function kndb.enforce_epistemic_kind() line 34 at RAISE",1,
937,SERIALIZABLE,B,1,0,,"CheckViolation: KNDB R5: attribute hba1c is registered as MEASURED, got INFERRED
HINT:  This is the primary trust-boundary check the paper demonstrates.
CONTEXT:  PL/pgSQL function kndb.enforce_epistemic_kind() line 34 at RAISE",1,
938,SERIALIZABLE,B,1,0,,"CheckViolation: KNDB R5: attribute hba1c is registered as MEASURED, got INFERRED
HINT:  This is the primary trust-boundary check the paper demonstrates.
CONTEXT:  PL/pgSQL function kndb.enforce_epistemic_kind() line 34 at RAISE",1,
939,SERIALIZABLE,A,1,0,,"CheckViolation: KNDB R5: attribute hba1c is registered as MEASURED, got INFERRED
HINT:  This is the primary trust-boundary check the paper demonstrates.
CONTEXT:  PL/pgSQL function kndb.enforce_epistemic_kind() line 34 at RAISE",1,
940,SERIALIZABLE,B,1,0,,"CheckViolation: KNDB R5: attribute hba1c is registered as MEASURED, got INFERRED
HINT:  This is the primary trust-boundary check the paper demonstrates.
CONTEXT:  PL/pgSQL function kndb.enforce_epistemic_kind() line 34 at RAISE",1,
941,SERIALIZABLE,A,1,0,,"CheckViolation: KNDB R5: attribute hba1c is registered as MEASURED, got INFERRED
HINT:  This is the primary trust-boundary check the paper demonstrates.
CONTEXT:  PL/pgSQL function kndb.enforce_epistemic_kind() line 34 at RAISE",1,
942,SERIALIZABLE,B,1,0,,"CheckViolation: KNDB R5: attribute hba1c is registered as MEASURED, got INFERRED
HINT:  This is the primary trust-boundary check the paper demonstrates.
CONTEXT:  PL/pgSQL function kndb.enforce_epistemic_kind() line 34 at RAISE",1,
943,SERIALIZABLE,B,1,0,,"CheckViolation: KNDB R5: attribute hba1c is registered as MEASURED, got INFERRED
HINT:  This is the primary trust-boundary check the paper demonstrates.
CONTEXT:  PL/pgSQL function kndb.enforce_epistemic_kind() line 34 at RAISE",1,
944,SERIALIZABLE,A,1,0,,"CheckViolation: KNDB R5: attribute hba1c is registered as MEASURED, got INFERRED
HINT:  This is the primary trust-boundary check the paper demonstrates.
CONTEXT:  PL/pgSQL function kndb.enforce_epistemic_kind() line 34 at RAISE",1,
945,SERIALIZABLE,A,1,0,,"CheckViolation: KNDB R5: attribute hba1c is registered as MEASURED, got INFERRED
HINT:  This is the primary trust-boundary check the paper demonstrates.
CONTEXT:  PL/pgSQL function kndb.enforce_epistemic_kind() line 34 at RAISE",1,
946,SERIALIZABLE,B,1,0,,"CheckViolation: KNDB R5: attribute hba1c is registered as MEASURED, got INFERRED
HINT:  This is the primary trust-boundary check the paper demonstrates.
CONTEXT:  PL/pgSQL function kndb.enforce_epistemic_kind() line 34 at RAISE",1,
947,SERIALIZABLE,A,1,0,,"CheckViolation: KNDB R5: attribute hba1c is registered as MEASURED, got INFERRED
HINT:  This is the primary trust-boundary check the paper demonstrates.
CONTEXT:  PL/pgSQL function kndb.enforce_epistemic_kind() line 34 at RAISE",1,
948,SERIALIZABLE,B,1,0,,"CheckViolation: KNDB R5: attribute hba1c is registered as MEASURED, got INFERRED
HINT:  This is the primary trust-boundary check the paper demonstrates.
CONTEXT:  PL/pgSQL function kndb.enforce_epistemic_kind() line 34 at RAISE",1,
949,SERIALIZABLE,B,1,0,,"CheckViolation: KNDB R5: attribute hba1c is registered as MEASURED, got INFERRED
HINT:  This is the primary trust-boundary check the paper demonstrates.
CONTEXT:  PL/pgSQL function kndb.enforce_epistemic_kind() line 34 at RAISE",1,
950,SERIALIZABLE,B,1,0,,"CheckViolation: KNDB R5: attribute hba1c is registered as MEASURED, got INFERRED
HINT:  This is the primary trust-boundary check the paper demonstrates.
CONTEXT:  PL/pgSQL function kndb.enforce_epistemic_kind() line 34 at RAISE",1,
951,SERIALIZABLE,B,1,0,,"CheckViolation: KNDB R5: attribute hba1c is registered as MEASURED, got INFERRED
HINT:  This is the primary trust-boundary check the paper demonstrates.
CONTEXT:  PL/pgSQL function kndb.enforce_epistemic_kind() line 34 at RAISE",1,
952,SERIALIZABLE,B,1,0,,"CheckViolation: KNDB R5: attribute hba1c is registered as MEASURED, got INFERRED
HINT:  This is the primary trust-boundary check the paper demonstrates.
CONTEXT:  PL/pgSQL function kndb.enforce_epistemic_kind() line 34 at RAISE",1,
953,SERIALIZABLE,B,1,0,,"CheckViolation: KNDB R5: attribute hba1c is registered as MEASURED, got INFERRED
HINT:  This is the primary trust-boundary check the paper demonstrates.
CONTEXT:  PL/pgSQL function kndb.enforce_epistemic_kind() line 34 at RAISE",1,
954,SERIALIZABLE,A,1,0,,"CheckViolation: KNDB R5: attribute hba1c is registered as MEASURED, got INFERRED
HINT:  This is the primary trust-boundary check the paper demonstrates.
CONTEXT:  PL/pgSQL function kndb.enforce_epistemic_kind() line 34 at RAISE",1,
955,SERIALIZABLE,B,1,0,,"CheckViolation: KNDB R5: attribute hba1c is registered as MEASURED, got INFERRED
HINT:  This is the primary trust-boundary check the paper demonstrates.
CONTEXT:  PL/pgSQL function kndb.enforce_epistemic_kind() line 34 at RAISE",1,
956,SERIALIZABLE,A,1,0,,"CheckViolation: KNDB R5: attribute hba1c is registered as MEASURED, got INFERRED
HINT:  This is the primary trust-boundary check the paper demonstrates.
CONTEXT:  PL/pgSQL function kndb.enforce_epistemic_kind() line 34 at RAISE",1,
957,SERIALIZABLE,B,1,0,,"CheckViolation: KNDB R5: attribute hba1c is registered as MEASURED, got INFERRED
HINT:  This is the primary trust-boundary check the paper demonstrates.
CONTEXT:  PL/pgSQL function kndb.enforce_epistemic_kind() line 34 at RAISE",1,
958,SERIALIZABLE,A,1,0,,"CheckViolation: KNDB R5: attribute hba1c is registered as MEASURED, got INFERRED
HINT:  This is the primary trust-boundary check the paper demonstrates.
CONTEXT:  PL/pgSQL function kndb.enforce_epistemic_kind() line 34 at RAISE",1,
959,SERIALIZABLE,B,1,0,,"CheckViolation: KNDB R5: attribute hba1c is registered as MEASURED, got INFERRED
HINT:  This is the primary trust-boundary check the paper demonstrates.
CONTEXT:  PL/pgSQL function kndb.enforce_epistemic_kind() line 34 at RAISE",1,
960,SERIALIZABLE,B,1,0,,"CheckViolation: KNDB R5: attribute hba1c is registered as MEASURED, got INFERRED
HINT:  This is the primary trust-boundary check the paper demonstrates.
CONTEXT:  PL/pgSQL function kndb.enforce_epistemic_kind() line 34 at RAISE",1,
961,SERIALIZABLE,B,1,0,,"CheckViolation: KNDB R5: attribute hba1c is registered as MEASURED, got INFERRED
HINT:  This is the primary trust-boundary check the paper demonstrates.
CONTEXT:  PL/pgSQL function kndb.enforce_epistemic_kind() line 34 at RAISE",1,
962,SERIALIZABLE,B,1,0,,"CheckViolation: KNDB R5: attribute hba1c is registered as MEASURED, got INFERRED
HINT:  This is the primary trust-boundary check the paper demonstrates.
CONTEXT:  PL/pgSQL function kndb.enforce_epistemic_kind() line 34 at RAISE",1,
963,SERIALIZABLE,B,1,0,,"CheckViolation: KNDB R5: attribute hba1c is registered as MEASURED, got INFERRED
HINT:  This is the primary trust-boundary check the paper demonstrates.
CONTEXT:  PL/pgSQL function kndb.enforce_epistemic_kind() line 34 at RAISE",1,
964,SERIALIZABLE,A,1,0,,"CheckViolation: KNDB R5: attribute hba1c is registered as MEASURED, got INFERRED
HINT:  This is the primary trust-boundary check the paper demonstrates.
CONTEXT:  PL/pgSQL function kndb.enforce_epistemic_kind() line 34 at RAISE",1,
965,SERIALIZABLE,A,1,0,,"CheckViolation: KNDB R5: attribute hba1c is registered as MEASURED, got INFERRED
HINT:  This is the primary trust-boundary check the paper demonstrates.
CONTEXT:  PL/pgSQL function kndb.enforce_epistemic_kind() line 34 at RAISE",1,
966,SERIALIZABLE,A,1,0,,"CheckViolation: KNDB R5: attribute hba1c is registered as MEASURED, got INFERRED
HINT:  This is the primary trust-boundary check the paper demonstrates.
CONTEXT:  PL/pgSQL function kndb.enforce_epistemic_kind() line 34 at RAISE",1,
967,SERIALIZABLE,B,1,0,,"CheckViolation: KNDB R5: attribute hba1c is registered as MEASURED, got INFERRED
HINT:  This is the primary trust-boundary check the paper demonstrates.
CONTEXT:  PL/pgSQL function kndb.enforce_epistemic_kind() line 34 at RAISE",1,
968,SERIALIZABLE,B,1,0,,"CheckViolation: KNDB R5: attribute hba1c is registered as MEASURED, got INFERRED
HINT:  This is the primary trust-boundary check the paper demonstrates.
CONTEXT:  PL/pgSQL function kndb.enforce_epistemic_kind() line 34 at RAISE",1,
969,SERIALIZABLE,B,1,0,,"CheckViolation: KNDB R5: attribute hba1c is registered as MEASURED, got INFERRED
HINT:  This is the primary trust-boundary check the paper demonstrates.
CONTEXT:  PL/pgSQL function kndb.enforce_epistemic_kind() line 34 at RAISE",1,
970,SERIALIZABLE,A,1,0,,"CheckViolation: KNDB R5: attribute hba1c is registered as MEASURED, got INFERRED
HINT:  This is the primary trust-boundary check the paper demonstrates.
CONTEXT:  PL/pgSQL function kndb.enforce_epistemic_kind() line 34 at RAISE",1,
971,SERIALIZABLE,A,1,0,,"CheckViolation: KNDB R5: attribute hba1c is registered as MEASURED, got INFERRED
HINT:  This is the primary trust-boundary check the paper demonstrates.
CONTEXT:  PL/pgSQL function kndb.enforce_epistemic_kind() line 34 at RAISE",1,
972,SERIALIZABLE,B,1,0,,"CheckViolation: KNDB R5: attribute hba1c is registered as MEASURED, got INFERRED
HINT:  This is the primary trust-boundary check the paper demonstrates.
CONTEXT:  PL/pgSQL function kndb.enforce_epistemic_kind() line 34 at RAISE",1,
973,SERIALIZABLE,B,1,0,,"CheckViolation: KNDB R5: attribute hba1c is registered as MEASURED, got INFERRED
HINT:  This is the primary trust-boundary check the paper demonstrates.
CONTEXT:  PL/pgSQL function kndb.enforce_epistemic_kind() line 34 at RAISE",1,
974,SERIALIZABLE,A,1,0,,"CheckViolation: KNDB R5: attribute hba1c is registered as MEASURED, got INFERRED
HINT:  This is the primary trust-boundary check the paper demonstrates.
CONTEXT:  PL/pgSQL function kndb.enforce_epistemic_kind() line 34 at RAISE",1,
975,SERIALIZABLE,A,1,0,,"CheckViolation: KNDB R5: attribute hba1c is registered as MEASURED, got INFERRED
HINT:  This is the primary trust-boundary check the paper demonstrates.
CONTEXT:  PL/pgSQL function kndb.enforce_epistemic_kind() line 34 at RAISE",1,
976,SERIALIZABLE,A,1,0,,"CheckViolation: KNDB R5: attribute hba1c is registered as MEASURED, got INFERRED
HINT:  This is the primary trust-boundary check the paper demonstrates.
CONTEXT:  PL/pgSQL function kndb.enforce_epistemic_kind() line 34 at RAISE",1,
977,SERIALIZABLE,B,1,0,,"CheckViolation: KNDB R5: attribute hba1c is registered as MEASURED, got INFERRED
HINT:  This is the primary trust-boundary check the paper demonstrates.
CONTEXT:  PL/pgSQL function kndb.enforce_epistemic_kind() line 34 at RAISE",1,
978,SERIALIZABLE,A,1,0,,"CheckViolation: KNDB R5: attribute hba1c is registered as MEASURED, got INFERRED
HINT:  This is the primary trust-boundary check the paper demonstrates.
CONTEXT:  PL/pgSQL function kndb.enforce_epistemic_kind() line 34 at RAISE",1,
979,SERIALIZABLE,A,1,0,,"CheckViolation: KNDB R5: attribute hba1c is registered as MEASURED, got INFERRED
HINT:  This is the primary trust-boundary check the paper demonstrates.
CONTEXT:  PL/pgSQL function kndb.enforce_epistemic_kind() line 34 at RAISE",1,
980,SERIALIZABLE,A,1,0,,"CheckViolation: KNDB R5: attribute hba1c is registered as MEASURED, got INFERRED
HINT:  This is the primary trust-boundary check the paper demonstrates.
CONTEXT:  PL/pgSQL function kndb.enforce_epistemic_kind() line 34 at RAISE",1,
981,SERIALIZABLE,B,1,0,,"CheckViolation: KNDB R5: attribute hba1c is registered as MEASURED, got INFERRED
HINT:  This is the primary trust-boundary check the paper demonstrates.
CONTEXT:  PL/pgSQL function kndb.enforce_epistemic_kind() line 34 at RAISE",1,
982,SERIALIZABLE,A,1,0,,"CheckViolation: KNDB R5: attribute hba1c is registered as MEASURED, got INFERRED
HINT:  This is the primary trust-boundary check the paper demonstrates.
CONTEXT:  PL/pgSQL function kndb.enforce_epistemic_kind() line 34 at RAISE",1,
983,SERIALIZABLE,A,1,0,,"CheckViolation: KNDB R5: attribute hba1c is registered as MEASURED, got INFERRED
HINT:  This is the primary trust-boundary check the paper demonstrates.
CONTEXT:  PL/pgSQL function kndb.enforce_epistemic_kind() line 34 at RAISE",1,
984,SERIALIZABLE,B,1,0,,"CheckViolation: KNDB R5: attribute hba1c is registered as MEASURED, got INFERRED
HINT:  This is the primary trust-boundary check the paper demonstrates.
CONTEXT:  PL/pgSQL function kndb.enforce_epistemic_kind() line 34 at RAISE",1,
985,SERIALIZABLE,B,1,0,,"CheckViolation: KNDB R5: attribute hba1c is registered as MEASURED, got INFERRED
HINT:  This is the primary trust-boundary check the paper demonstrates.
CONTEXT:  PL/pgSQL function kndb.enforce_epistemic_kind() line 34 at RAISE",1,
986,SERIALIZABLE,B,1,0,,"CheckViolation: KNDB R5: attribute hba1c is registered as MEASURED, got INFERRED
HINT:  This is the primary trust-boundary check the paper demonstrates.
CONTEXT:  PL/pgSQL function kndb.enforce_epistemic_kind() line 34 at RAISE",1,
987,SERIALIZABLE,A,1,0,,"CheckViolation: KNDB R5: attribute hba1c is registered as MEASURED, got INFERRED
HINT:  This is the primary trust-boundary check the paper demonstrates.
CONTEXT:  PL/pgSQL function kndb.enforce_epistemic_kind() line 34 at RAISE",1,
988,SERIALIZABLE,B,1,0,,"CheckViolation: KNDB R5: attribute hba1c is registered as MEASURED, got INFERRED
HINT:  This is the primary trust-boundary check the paper demonstrates.
CONTEXT:  PL/pgSQL function kndb.enforce_epistemic_kind() line 34 at RAISE",1,
989,SERIALIZABLE,A,1,0,,"CheckViolation: KNDB R5: attribute hba1c is registered as MEASURED, got INFERRED
HINT:  This is the primary trust-boundary check the paper demonstrates.
CONTEXT:  PL/pgSQL function kndb.enforce_epistemic_kind() line 34 at RAISE",1,
990,SERIALIZABLE,A,1,0,,"CheckViolation: KNDB R5: attribute hba1c is registered as MEASURED, got INFERRED
HINT:  This is the primary trust-boundary check the paper demonstrates.
CONTEXT:  PL/pgSQL function kndb.enforce_epistemic_kind() line 34 at RAISE",1,
991,SERIALIZABLE,A,1,0,,"CheckViolation: KNDB R5: attribute hba1c is registered as MEASURED, got INFERRED
HINT:  This is the primary trust-boundary check the paper demonstrates.
CONTEXT:  PL/pgSQL function kndb.enforce_epistemic_kind() line 34 at RAISE",1,
992,SERIALIZABLE,A,1,0,,"CheckViolation: KNDB R5: attribute hba1c is registered as MEASURED, got INFERRED
HINT:  This is the primary trust-boundary check the paper demonstrates.
CONTEXT:  PL/pgSQL function kndb.enforce_epistemic_kind() line 34 at RAISE",1,
993,SERIALIZABLE,A,1,0,,"CheckViolation: KNDB R5: attribute hba1c is registered as MEASURED, got INFERRED
HINT:  This is the primary trust-boundary check the paper demonstrates.
CONTEXT:  PL/pgSQL function kndb.enforce_epistemic_kind() line 34 at RAISE",1,
994,SERIALIZABLE,B,1,0,,"CheckViolation: KNDB R5: attribute hba1c is registered as MEASURED, got INFERRED
HINT:  This is the primary trust-boundary check the paper demonstrates.
CONTEXT:  PL/pgSQL function kndb.enforce_epistemic_kind() line 34 at RAISE",1,
995,SERIALIZABLE,A,1,0,,"CheckViolation: KNDB R5: attribute hba1c is registered as MEASURED, got INFERRED
HINT:  This is the primary trust-boundary check the paper demonstrates.
CONTEXT:  PL/pgSQL function kndb.enforce_epistemic_kind() line 34 at RAISE",1,
996,SERIALIZABLE,A,1,0,,"CheckViolation: KNDB R5: attribute hba1c is registered as MEASURED, got INFERRED
HINT:  This is the primary trust-boundary check the paper demonstrates.
CONTEXT:  PL/pgSQL function kndb.enforce_epistemic_kind() line 34 at RAISE",1,
997,SERIALIZABLE,A,1,0,,"CheckViolation: KNDB R5: attribute hba1c is registered as MEASURED, got INFERRED
HINT:  This is the primary trust-boundary check the paper demonstrates.
CONTEXT:  PL/pgSQL function kndb.enforce_epistemic_kind() line 34 at RAISE",1,
998,SERIALIZABLE,B,1,0,,"CheckViolation: KNDB R5: attribute hba1c is registered as MEASURED, got INFERRED
HINT:  This is the primary trust-boundary check the paper demonstrates.
CONTEXT:  PL/pgSQL function kndb.enforce_epistemic_kind() line 34 at RAISE",1,
999,SERIALIZABLE,B,1,0,,"CheckViolation: KNDB R5: attribute hba1c is registered as MEASURED, got INFERRED
HINT:  This is the primary trust-boundary check the paper demonstrates.
CONTEXT:  PL/pgSQL function kndb.enforce_epistemic_kind() line 34 at RAISE",1,
