iteration,isolation,commit_hint_first,thread_a_committed,thread_b_committed,thread_a_error,thread_b_error,invariant_ok,invariant_detail
0,READ COMMITTED,B,1,0,,"CheckViolation: KNDB R5: attribute hba1c is registered as MEASURED, got INFERRED
HINT:  This is the primary trust-boundary check the paper demonstrates.
CONTEXT:  PL/pgSQL function kndb.enforce_epistemic_kind() line 34 at RAISE",1,
1,READ COMMITTED,A,1,0,,"CheckViolation: KNDB R5: attribute hba1c is registered as MEASURED, got INFERRED
HINT:  This is the primary trust-boundary check the paper demonstrates.
CONTEXT:  PL/pgSQL function kndb.enforce_epistemic_kind() line 34 at RAISE",1,
2,READ COMMITTED,A,1,0,,"CheckViolation: KNDB R5: attribute hba1c is registered as MEASURED, got INFERRED
HINT:  This is the primary trust-boundary check the paper demonstrates.
CONTEXT:  PL/pgSQL function kndb.enforce_epistemic_kind() line 34 at RAISE",1,
3,READ COMMITTED,A,1,0,,"CheckViolation: KNDB R5: attribute hba1c is registered as MEASURED, got INFERRED
HINT:  This is the primary trust-boundary check the paper demonstrates.
CONTEXT:  PL/pgSQL function kndb.enforce_epistemic_kind() line 34 at RAISE",1,
4,READ COMMITTED,B,1,0,,"CheckViolation: KNDB R5: attribute hba1c is registered as MEASURED, got INFERRED
HINT:  This is the primary trust-boundary check the paper demonstrates.
CONTEXT:  PL/pgSQL function kndb.enforce_epistemic_kind() line 34 at RAISE",1,
5,READ COMMITTED,B,1,0,,"CheckViolation: KNDB R5: attribute hba1c is registered as MEASURED, got INFERRED
HINT:  This is the primary trust-boundary check the paper demonstrates.
CONTEXT:  PL/pgSQL function kndb.enforce_epistemic_kind() line 34 at RAISE",1,
6,READ COMMITTED,B,1,0,,"CheckViolation: KNDB R5: attribute hba1c is registered as MEASURED, got INFERRED
HINT:  This is the primary trust-boundary check the paper demonstrates.
CONTEXT:  PL/pgSQL function kndb.enforce_epistemic_kind() line 34 at RAISE",1,
7,READ COMMITTED,A,1,0,,"CheckViolation: KNDB R5: attribute hba1c is registered as MEASURED, got INFERRED
HINT:  This is the primary trust-boundary check the paper demonstrates.
CONTEXT:  PL/pgSQL function kndb.enforce_epistemic_kind() line 34 at RAISE",1,
8,READ COMMITTED,A,1,0,,"CheckViolation: KNDB R5: attribute hba1c is registered as MEASURED, got INFERRED
HINT:  This is the primary trust-boundary check the paper demonstrates.
CONTEXT:  PL/pgSQL function kndb.enforce_epistemic_kind() line 34 at RAISE",1,
9,READ COMMITTED,A,1,0,,"CheckViolation: KNDB R5: attribute hba1c is registered as MEASURED, got INFERRED
HINT:  This is the primary trust-boundary check the paper demonstrates.
CONTEXT:  PL/pgSQL function kndb.enforce_epistemic_kind() line 34 at RAISE",1,
10,READ COMMITTED,A,1,0,,"CheckViolation: KNDB R5: attribute hba1c is registered as MEASURED, got INFERRED
HINT:  This is the primary trust-boundary check the paper demonstrates.
CONTEXT:  PL/pgSQL function kndb.enforce_epistemic_kind() line 34 at RAISE",1,
11,READ COMMITTED,B,1,0,,"CheckViolation: KNDB R5: attribute hba1c is registered as MEASURED, got INFERRED
HINT:  This is the primary trust-boundary check the paper demonstrates.
CONTEXT:  PL/pgSQL function kndb.enforce_epistemic_kind() line 34 at RAISE",1,
12,READ COMMITTED,A,1,0,,"CheckViolation: KNDB R5: attribute hba1c is registered as MEASURED, got INFERRED
HINT:  This is the primary trust-boundary check the paper demonstrates.
CONTEXT:  PL/pgSQL function kndb.enforce_epistemic_kind() line 34 at RAISE",1,
13,READ COMMITTED,A,1,0,,"CheckViolation: KNDB R5: attribute hba1c is registered as MEASURED, got INFERRED
HINT:  This is the primary trust-boundary check the paper demonstrates.
CONTEXT:  PL/pgSQL function kndb.enforce_epistemic_kind() line 34 at RAISE",1,
14,READ COMMITTED,B,1,0,,"CheckViolation: KNDB R5: attribute hba1c is registered as MEASURED, got INFERRED
HINT:  This is the primary trust-boundary check the paper demonstrates.
CONTEXT:  PL/pgSQL function kndb.enforce_epistemic_kind() line 34 at RAISE",1,
15,READ COMMITTED,B,1,0,,"CheckViolation: KNDB R5: attribute hba1c is registered as MEASURED, got INFERRED
HINT:  This is the primary trust-boundary check the paper demonstrates.
CONTEXT:  PL/pgSQL function kndb.enforce_epistemic_kind() line 34 at RAISE",1,
16,READ COMMITTED,A,1,0,,"CheckViolation: KNDB R5: attribute hba1c is registered as MEASURED, got INFERRED
HINT:  This is the primary trust-boundary check the paper demonstrates.
CONTEXT:  PL/pgSQL function kndb.enforce_epistemic_kind() line 34 at RAISE",1,
17,READ COMMITTED,B,1,0,,"CheckViolation: KNDB R5: attribute hba1c is registered as MEASURED, got INFERRED
HINT:  This is the primary trust-boundary check the paper demonstrates.
CONTEXT:  PL/pgSQL function kndb.enforce_epistemic_kind() line 34 at RAISE",1,
18,READ COMMITTED,B,1,0,,"CheckViolation: KNDB R5: attribute hba1c is registered as MEASURED, got INFERRED
HINT:  This is the primary trust-boundary check the paper demonstrates.
CONTEXT:  PL/pgSQL function kndb.enforce_epistemic_kind() line 34 at RAISE",1,
19,READ COMMITTED,A,1,0,,"CheckViolation: KNDB R5: attribute hba1c is registered as MEASURED, got INFERRED
HINT:  This is the primary trust-boundary check the paper demonstrates.
CONTEXT:  PL/pgSQL function kndb.enforce_epistemic_kind() line 34 at RAISE",1,
20,READ COMMITTED,B,1,0,,"CheckViolation: KNDB R5: attribute hba1c is registered as MEASURED, got INFERRED
HINT:  This is the primary trust-boundary check the paper demonstrates.
CONTEXT:  PL/pgSQL function kndb.enforce_epistemic_kind() line 34 at RAISE",1,
21,READ COMMITTED,B,1,0,,"CheckViolation: KNDB R5: attribute hba1c is registered as MEASURED, got INFERRED
HINT:  This is the primary trust-boundary check the paper demonstrates.
CONTEXT:  PL/pgSQL function kndb.enforce_epistemic_kind() line 34 at RAISE",1,
22,READ COMMITTED,A,1,0,,"CheckViolation: KNDB R5: attribute hba1c is registered as MEASURED, got INFERRED
HINT:  This is the primary trust-boundary check the paper demonstrates.
CONTEXT:  PL/pgSQL function kndb.enforce_epistemic_kind() line 34 at RAISE",1,
23,READ COMMITTED,A,1,0,,"CheckViolation: KNDB R5: attribute hba1c is registered as MEASURED, got INFERRED
HINT:  This is the primary trust-boundary check the paper demonstrates.
CONTEXT:  PL/pgSQL function kndb.enforce_epistemic_kind() line 34 at RAISE",1,
24,READ COMMITTED,B,1,0,,"CheckViolation: KNDB R5: attribute hba1c is registered as MEASURED, got INFERRED
HINT:  This is the primary trust-boundary check the paper demonstrates.
CONTEXT:  PL/pgSQL function kndb.enforce_epistemic_kind() line 34 at RAISE",1,
25,READ COMMITTED,A,1,0,,"CheckViolation: KNDB R5: attribute hba1c is registered as MEASURED, got INFERRED
HINT:  This is the primary trust-boundary check the paper demonstrates.
CONTEXT:  PL/pgSQL function kndb.enforce_epistemic_kind() line 34 at RAISE",1,
26,READ COMMITTED,A,1,0,,"CheckViolation: KNDB R5: attribute hba1c is registered as MEASURED, got INFERRED
HINT:  This is the primary trust-boundary check the paper demonstrates.
CONTEXT:  PL/pgSQL function kndb.enforce_epistemic_kind() line 34 at RAISE",1,
27,READ COMMITTED,A,1,0,,"CheckViolation: KNDB R5: attribute hba1c is registered as MEASURED, got INFERRED
HINT:  This is the primary trust-boundary check the paper demonstrates.
CONTEXT:  PL/pgSQL function kndb.enforce_epistemic_kind() line 34 at RAISE",1,
28,READ COMMITTED,B,1,0,,"CheckViolation: KNDB R5: attribute hba1c is registered as MEASURED, got INFERRED
HINT:  This is the primary trust-boundary check the paper demonstrates.
CONTEXT:  PL/pgSQL function kndb.enforce_epistemic_kind() line 34 at RAISE",1,
29,READ COMMITTED,B,1,0,,"CheckViolation: KNDB R5: attribute hba1c is registered as MEASURED, got INFERRED
HINT:  This is the primary trust-boundary check the paper demonstrates.
CONTEXT:  PL/pgSQL function kndb.enforce_epistemic_kind() line 34 at RAISE",1,
30,READ COMMITTED,B,1,0,,"CheckViolation: KNDB R5: attribute hba1c is registered as MEASURED, got INFERRED
HINT:  This is the primary trust-boundary check the paper demonstrates.
CONTEXT:  PL/pgSQL function kndb.enforce_epistemic_kind() line 34 at RAISE",1,
31,READ COMMITTED,B,1,0,,"CheckViolation: KNDB R5: attribute hba1c is registered as MEASURED, got INFERRED
HINT:  This is the primary trust-boundary check the paper demonstrates.
CONTEXT:  PL/pgSQL function kndb.enforce_epistemic_kind() line 34 at RAISE",1,
32,READ COMMITTED,B,1,0,,"CheckViolation: KNDB R5: attribute hba1c is registered as MEASURED, got INFERRED
HINT:  This is the primary trust-boundary check the paper demonstrates.
CONTEXT:  PL/pgSQL function kndb.enforce_epistemic_kind() line 34 at RAISE",1,
33,READ COMMITTED,B,1,0,,"CheckViolation: KNDB R5: attribute hba1c is registered as MEASURED, got INFERRED
HINT:  This is the primary trust-boundary check the paper demonstrates.
CONTEXT:  PL/pgSQL function kndb.enforce_epistemic_kind() line 34 at RAISE",1,
34,READ COMMITTED,A,1,0,,"CheckViolation: KNDB R5: attribute hba1c is registered as MEASURED, got INFERRED
HINT:  This is the primary trust-boundary check the paper demonstrates.
CONTEXT:  PL/pgSQL function kndb.enforce_epistemic_kind() line 34 at RAISE",1,
35,READ COMMITTED,B,1,0,,"CheckViolation: KNDB R5: attribute hba1c is registered as MEASURED, got INFERRED
HINT:  This is the primary trust-boundary check the paper demonstrates.
CONTEXT:  PL/pgSQL function kndb.enforce_epistemic_kind() line 34 at RAISE",1,
36,READ COMMITTED,B,1,0,,"CheckViolation: KNDB R5: attribute hba1c is registered as MEASURED, got INFERRED
HINT:  This is the primary trust-boundary check the paper demonstrates.
CONTEXT:  PL/pgSQL function kndb.enforce_epistemic_kind() line 34 at RAISE",1,
37,READ COMMITTED,B,1,0,,"CheckViolation: KNDB R5: attribute hba1c is registered as MEASURED, got INFERRED
HINT:  This is the primary trust-boundary check the paper demonstrates.
CONTEXT:  PL/pgSQL function kndb.enforce_epistemic_kind() line 34 at RAISE",1,
38,READ COMMITTED,B,1,0,,"CheckViolation: KNDB R5: attribute hba1c is registered as MEASURED, got INFERRED
HINT:  This is the primary trust-boundary check the paper demonstrates.
CONTEXT:  PL/pgSQL function kndb.enforce_epistemic_kind() line 34 at RAISE",1,
39,READ COMMITTED,B,1,0,,"CheckViolation: KNDB R5: attribute hba1c is registered as MEASURED, got INFERRED
HINT:  This is the primary trust-boundary check the paper demonstrates.
CONTEXT:  PL/pgSQL function kndb.enforce_epistemic_kind() line 34 at RAISE",1,
40,READ COMMITTED,B,1,0,,"CheckViolation: KNDB R5: attribute hba1c is registered as MEASURED, got INFERRED
HINT:  This is the primary trust-boundary check the paper demonstrates.
CONTEXT:  PL/pgSQL function kndb.enforce_epistemic_kind() line 34 at RAISE",1,
41,READ COMMITTED,A,1,0,,"CheckViolation: KNDB R5: attribute hba1c is registered as MEASURED, got INFERRED
HINT:  This is the primary trust-boundary check the paper demonstrates.
CONTEXT:  PL/pgSQL function kndb.enforce_epistemic_kind() line 34 at RAISE",1,
42,READ COMMITTED,A,1,0,,"CheckViolation: KNDB R5: attribute hba1c is registered as MEASURED, got INFERRED
HINT:  This is the primary trust-boundary check the paper demonstrates.
CONTEXT:  PL/pgSQL function kndb.enforce_epistemic_kind() line 34 at RAISE",1,
43,READ COMMITTED,A,1,0,,"CheckViolation: KNDB R5: attribute hba1c is registered as MEASURED, got INFERRED
HINT:  This is the primary trust-boundary check the paper demonstrates.
CONTEXT:  PL/pgSQL function kndb.enforce_epistemic_kind() line 34 at RAISE",1,
44,READ COMMITTED,A,1,0,,"CheckViolation: KNDB R5: attribute hba1c is registered as MEASURED, got INFERRED
HINT:  This is the primary trust-boundary check the paper demonstrates.
CONTEXT:  PL/pgSQL function kndb.enforce_epistemic_kind() line 34 at RAISE",1,
45,READ COMMITTED,A,1,0,,"CheckViolation: KNDB R5: attribute hba1c is registered as MEASURED, got INFERRED
HINT:  This is the primary trust-boundary check the paper demonstrates.
CONTEXT:  PL/pgSQL function kndb.enforce_epistemic_kind() line 34 at RAISE",1,
46,READ COMMITTED,A,1,0,,"CheckViolation: KNDB R5: attribute hba1c is registered as MEASURED, got INFERRED
HINT:  This is the primary trust-boundary check the paper demonstrates.
CONTEXT:  PL/pgSQL function kndb.enforce_epistemic_kind() line 34 at RAISE",1,
47,READ COMMITTED,A,1,0,,"CheckViolation: KNDB R5: attribute hba1c is registered as MEASURED, got INFERRED
HINT:  This is the primary trust-boundary check the paper demonstrates.
CONTEXT:  PL/pgSQL function kndb.enforce_epistemic_kind() line 34 at RAISE",1,
48,READ COMMITTED,B,1,0,,"CheckViolation: KNDB R5: attribute hba1c is registered as MEASURED, got INFERRED
HINT:  This is the primary trust-boundary check the paper demonstrates.
CONTEXT:  PL/pgSQL function kndb.enforce_epistemic_kind() line 34 at RAISE",1,
49,READ COMMITTED,A,1,0,,"CheckViolation: KNDB R5: attribute hba1c is registered as MEASURED, got INFERRED
HINT:  This is the primary trust-boundary check the paper demonstrates.
CONTEXT:  PL/pgSQL function kndb.enforce_epistemic_kind() line 34 at RAISE",1,
50,READ COMMITTED,A,1,0,,"CheckViolation: KNDB R5: attribute hba1c is registered as MEASURED, got INFERRED
HINT:  This is the primary trust-boundary check the paper demonstrates.
CONTEXT:  PL/pgSQL function kndb.enforce_epistemic_kind() line 34 at RAISE",1,
51,READ COMMITTED,A,1,0,,"CheckViolation: KNDB R5: attribute hba1c is registered as MEASURED, got INFERRED
HINT:  This is the primary trust-boundary check the paper demonstrates.
CONTEXT:  PL/pgSQL function kndb.enforce_epistemic_kind() line 34 at RAISE",1,
52,READ COMMITTED,A,1,0,,"CheckViolation: KNDB R5: attribute hba1c is registered as MEASURED, got INFERRED
HINT:  This is the primary trust-boundary check the paper demonstrates.
CONTEXT:  PL/pgSQL function kndb.enforce_epistemic_kind() line 34 at RAISE",1,
53,READ COMMITTED,B,1,0,,"CheckViolation: KNDB R5: attribute hba1c is registered as MEASURED, got INFERRED
HINT:  This is the primary trust-boundary check the paper demonstrates.
CONTEXT:  PL/pgSQL function kndb.enforce_epistemic_kind() line 34 at RAISE",1,
54,READ COMMITTED,B,1,0,,"CheckViolation: KNDB R5: attribute hba1c is registered as MEASURED, got INFERRED
HINT:  This is the primary trust-boundary check the paper demonstrates.
CONTEXT:  PL/pgSQL function kndb.enforce_epistemic_kind() line 34 at RAISE",1,
55,READ COMMITTED,B,1,0,,"CheckViolation: KNDB R5: attribute hba1c is registered as MEASURED, got INFERRED
HINT:  This is the primary trust-boundary check the paper demonstrates.
CONTEXT:  PL/pgSQL function kndb.enforce_epistemic_kind() line 34 at RAISE",1,
56,READ COMMITTED,A,1,0,,"CheckViolation: KNDB R5: attribute hba1c is registered as MEASURED, got INFERRED
HINT:  This is the primary trust-boundary check the paper demonstrates.
CONTEXT:  PL/pgSQL function kndb.enforce_epistemic_kind() line 34 at RAISE",1,
57,READ COMMITTED,B,1,0,,"CheckViolation: KNDB R5: attribute hba1c is registered as MEASURED, got INFERRED
HINT:  This is the primary trust-boundary check the paper demonstrates.
CONTEXT:  PL/pgSQL function kndb.enforce_epistemic_kind() line 34 at RAISE",1,
58,READ COMMITTED,A,1,0,,"CheckViolation: KNDB R5: attribute hba1c is registered as MEASURED, got INFERRED
HINT:  This is the primary trust-boundary check the paper demonstrates.
CONTEXT:  PL/pgSQL function kndb.enforce_epistemic_kind() line 34 at RAISE",1,
59,READ COMMITTED,A,1,0,,"CheckViolation: KNDB R5: attribute hba1c is registered as MEASURED, got INFERRED
HINT:  This is the primary trust-boundary check the paper demonstrates.
CONTEXT:  PL/pgSQL function kndb.enforce_epistemic_kind() line 34 at RAISE",1,
60,READ COMMITTED,B,1,0,,"CheckViolation: KNDB R5: attribute hba1c is registered as MEASURED, got INFERRED
HINT:  This is the primary trust-boundary check the paper demonstrates.
CONTEXT:  PL/pgSQL function kndb.enforce_epistemic_kind() line 34 at RAISE",1,
61,READ COMMITTED,B,1,0,,"CheckViolation: KNDB R5: attribute hba1c is registered as MEASURED, got INFERRED
HINT:  This is the primary trust-boundary check the paper demonstrates.
CONTEXT:  PL/pgSQL function kndb.enforce_epistemic_kind() line 34 at RAISE",1,
62,READ COMMITTED,B,1,0,,"CheckViolation: KNDB R5: attribute hba1c is registered as MEASURED, got INFERRED
HINT:  This is the primary trust-boundary check the paper demonstrates.
CONTEXT:  PL/pgSQL function kndb.enforce_epistemic_kind() line 34 at RAISE",1,
63,READ COMMITTED,B,1,0,,"CheckViolation: KNDB R5: attribute hba1c is registered as MEASURED, got INFERRED
HINT:  This is the primary trust-boundary check the paper demonstrates.
CONTEXT:  PL/pgSQL function kndb.enforce_epistemic_kind() line 34 at RAISE",1,
64,READ COMMITTED,B,1,0,,"CheckViolation: KNDB R5: attribute hba1c is registered as MEASURED, got INFERRED
HINT:  This is the primary trust-boundary check the paper demonstrates.
CONTEXT:  PL/pgSQL function kndb.enforce_epistemic_kind() line 34 at RAISE",1,
65,READ COMMITTED,B,1,0,,"CheckViolation: KNDB R5: attribute hba1c is registered as MEASURED, got INFERRED
HINT:  This is the primary trust-boundary check the paper demonstrates.
CONTEXT:  PL/pgSQL function kndb.enforce_epistemic_kind() line 34 at RAISE",1,
66,READ COMMITTED,A,1,0,,"CheckViolation: KNDB R5: attribute hba1c is registered as MEASURED, got INFERRED
HINT:  This is the primary trust-boundary check the paper demonstrates.
CONTEXT:  PL/pgSQL function kndb.enforce_epistemic_kind() line 34 at RAISE",1,
67,READ COMMITTED,A,1,0,,"CheckViolation: KNDB R5: attribute hba1c is registered as MEASURED, got INFERRED
HINT:  This is the primary trust-boundary check the paper demonstrates.
CONTEXT:  PL/pgSQL function kndb.enforce_epistemic_kind() line 34 at RAISE",1,
68,READ COMMITTED,A,1,0,,"CheckViolation: KNDB R5: attribute hba1c is registered as MEASURED, got INFERRED
HINT:  This is the primary trust-boundary check the paper demonstrates.
CONTEXT:  PL/pgSQL function kndb.enforce_epistemic_kind() line 34 at RAISE",1,
69,READ COMMITTED,A,1,0,,"CheckViolation: KNDB R5: attribute hba1c is registered as MEASURED, got INFERRED
HINT:  This is the primary trust-boundary check the paper demonstrates.
CONTEXT:  PL/pgSQL function kndb.enforce_epistemic_kind() line 34 at RAISE",1,
70,READ COMMITTED,A,1,0,,"CheckViolation: KNDB R5: attribute hba1c is registered as MEASURED, got INFERRED
HINT:  This is the primary trust-boundary check the paper demonstrates.
CONTEXT:  PL/pgSQL function kndb.enforce_epistemic_kind() line 34 at RAISE",1,
71,READ COMMITTED,B,1,0,,"CheckViolation: KNDB R5: attribute hba1c is registered as MEASURED, got INFERRED
HINT:  This is the primary trust-boundary check the paper demonstrates.
CONTEXT:  PL/pgSQL function kndb.enforce_epistemic_kind() line 34 at RAISE",1,
72,READ COMMITTED,B,1,0,,"CheckViolation: KNDB R5: attribute hba1c is registered as MEASURED, got INFERRED
HINT:  This is the primary trust-boundary check the paper demonstrates.
CONTEXT:  PL/pgSQL function kndb.enforce_epistemic_kind() line 34 at RAISE",1,
73,READ COMMITTED,A,1,0,,"CheckViolation: KNDB R5: attribute hba1c is registered as MEASURED, got INFERRED
HINT:  This is the primary trust-boundary check the paper demonstrates.
CONTEXT:  PL/pgSQL function kndb.enforce_epistemic_kind() line 34 at RAISE",1,
74,READ COMMITTED,B,1,0,,"CheckViolation: KNDB R5: attribute hba1c is registered as MEASURED, got INFERRED
HINT:  This is the primary trust-boundary check the paper demonstrates.
CONTEXT:  PL/pgSQL function kndb.enforce_epistemic_kind() line 34 at RAISE",1,
75,READ COMMITTED,A,1,0,,"CheckViolation: KNDB R5: attribute hba1c is registered as MEASURED, got INFERRED
HINT:  This is the primary trust-boundary check the paper demonstrates.
CONTEXT:  PL/pgSQL function kndb.enforce_epistemic_kind() line 34 at RAISE",1,
76,READ COMMITTED,B,1,0,,"CheckViolation: KNDB R5: attribute hba1c is registered as MEASURED, got INFERRED
HINT:  This is the primary trust-boundary check the paper demonstrates.
CONTEXT:  PL/pgSQL function kndb.enforce_epistemic_kind() line 34 at RAISE",1,
77,READ COMMITTED,A,1,0,,"CheckViolation: KNDB R5: attribute hba1c is registered as MEASURED, got INFERRED
HINT:  This is the primary trust-boundary check the paper demonstrates.
CONTEXT:  PL/pgSQL function kndb.enforce_epistemic_kind() line 34 at RAISE",1,
78,READ COMMITTED,A,1,0,,"CheckViolation: KNDB R5: attribute hba1c is registered as MEASURED, got INFERRED
HINT:  This is the primary trust-boundary check the paper demonstrates.
CONTEXT:  PL/pgSQL function kndb.enforce_epistemic_kind() line 34 at RAISE",1,
79,READ COMMITTED,A,1,0,,"CheckViolation: KNDB R5: attribute hba1c is registered as MEASURED, got INFERRED
HINT:  This is the primary trust-boundary check the paper demonstrates.
CONTEXT:  PL/pgSQL function kndb.enforce_epistemic_kind() line 34 at RAISE",1,
80,READ COMMITTED,B,1,0,,"CheckViolation: KNDB R5: attribute hba1c is registered as MEASURED, got INFERRED
HINT:  This is the primary trust-boundary check the paper demonstrates.
CONTEXT:  PL/pgSQL function kndb.enforce_epistemic_kind() line 34 at RAISE",1,
81,READ COMMITTED,A,1,0,,"CheckViolation: KNDB R5: attribute hba1c is registered as MEASURED, got INFERRED
HINT:  This is the primary trust-boundary check the paper demonstrates.
CONTEXT:  PL/pgSQL function kndb.enforce_epistemic_kind() line 34 at RAISE",1,
82,READ COMMITTED,B,1,0,,"CheckViolation: KNDB R5: attribute hba1c is registered as MEASURED, got INFERRED
HINT:  This is the primary trust-boundary check the paper demonstrates.
CONTEXT:  PL/pgSQL function kndb.enforce_epistemic_kind() line 34 at RAISE",1,
83,READ COMMITTED,B,1,0,,"CheckViolation: KNDB R5: attribute hba1c is registered as MEASURED, got INFERRED
HINT:  This is the primary trust-boundary check the paper demonstrates.
CONTEXT:  PL/pgSQL function kndb.enforce_epistemic_kind() line 34 at RAISE",1,
84,READ COMMITTED,A,1,0,,"CheckViolation: KNDB R5: attribute hba1c is registered as MEASURED, got INFERRED
HINT:  This is the primary trust-boundary check the paper demonstrates.
CONTEXT:  PL/pgSQL function kndb.enforce_epistemic_kind() line 34 at RAISE",1,
85,READ COMMITTED,A,1,0,,"CheckViolation: KNDB R5: attribute hba1c is registered as MEASURED, got INFERRED
HINT:  This is the primary trust-boundary check the paper demonstrates.
CONTEXT:  PL/pgSQL function kndb.enforce_epistemic_kind() line 34 at RAISE",1,
86,READ COMMITTED,B,1,0,,"CheckViolation: KNDB R5: attribute hba1c is registered as MEASURED, got INFERRED
HINT:  This is the primary trust-boundary check the paper demonstrates.
CONTEXT:  PL/pgSQL function kndb.enforce_epistemic_kind() line 34 at RAISE",1,
87,READ COMMITTED,B,1,0,,"CheckViolation: KNDB R5: attribute hba1c is registered as MEASURED, got INFERRED
HINT:  This is the primary trust-boundary check the paper demonstrates.
CONTEXT:  PL/pgSQL function kndb.enforce_epistemic_kind() line 34 at RAISE",1,
88,READ COMMITTED,A,1,0,,"CheckViolation: KNDB R5: attribute hba1c is registered as MEASURED, got INFERRED
HINT:  This is the primary trust-boundary check the paper demonstrates.
CONTEXT:  PL/pgSQL function kndb.enforce_epistemic_kind() line 34 at RAISE",1,
89,READ COMMITTED,A,1,0,,"CheckViolation: KNDB R5: attribute hba1c is registered as MEASURED, got INFERRED
HINT:  This is the primary trust-boundary check the paper demonstrates.
CONTEXT:  PL/pgSQL function kndb.enforce_epistemic_kind() line 34 at RAISE",1,
90,READ COMMITTED,A,1,0,,"CheckViolation: KNDB R5: attribute hba1c is registered as MEASURED, got INFERRED
HINT:  This is the primary trust-boundary check the paper demonstrates.
CONTEXT:  PL/pgSQL function kndb.enforce_epistemic_kind() line 34 at RAISE",1,
91,READ COMMITTED,B,1,0,,"CheckViolation: KNDB R5: attribute hba1c is registered as MEASURED, got INFERRED
HINT:  This is the primary trust-boundary check the paper demonstrates.
CONTEXT:  PL/pgSQL function kndb.enforce_epistemic_kind() line 34 at RAISE",1,
92,READ COMMITTED,B,1,0,,"CheckViolation: KNDB R5: attribute hba1c is registered as MEASURED, got INFERRED
HINT:  This is the primary trust-boundary check the paper demonstrates.
CONTEXT:  PL/pgSQL function kndb.enforce_epistemic_kind() line 34 at RAISE",1,
93,READ COMMITTED,A,1,0,,"CheckViolation: KNDB R5: attribute hba1c is registered as MEASURED, got INFERRED
HINT:  This is the primary trust-boundary check the paper demonstrates.
CONTEXT:  PL/pgSQL function kndb.enforce_epistemic_kind() line 34 at RAISE",1,
94,READ COMMITTED,A,1,0,,"CheckViolation: KNDB R5: attribute hba1c is registered as MEASURED, got INFERRED
HINT:  This is the primary trust-boundary check the paper demonstrates.
CONTEXT:  PL/pgSQL function kndb.enforce_epistemic_kind() line 34 at RAISE",1,
95,READ COMMITTED,A,1,0,,"CheckViolation: KNDB R5: attribute hba1c is registered as MEASURED, got INFERRED
HINT:  This is the primary trust-boundary check the paper demonstrates.
CONTEXT:  PL/pgSQL function kndb.enforce_epistemic_kind() line 34 at RAISE",1,
96,READ COMMITTED,B,1,0,,"CheckViolation: KNDB R5: attribute hba1c is registered as MEASURED, got INFERRED
HINT:  This is the primary trust-boundary check the paper demonstrates.
CONTEXT:  PL/pgSQL function kndb.enforce_epistemic_kind() line 34 at RAISE",1,
97,READ COMMITTED,B,1,0,,"CheckViolation: KNDB R5: attribute hba1c is registered as MEASURED, got INFERRED
HINT:  This is the primary trust-boundary check the paper demonstrates.
CONTEXT:  PL/pgSQL function kndb.enforce_epistemic_kind() line 34 at RAISE",1,
98,READ COMMITTED,B,1,0,,"CheckViolation: KNDB R5: attribute hba1c is registered as MEASURED, got INFERRED
HINT:  This is the primary trust-boundary check the paper demonstrates.
CONTEXT:  PL/pgSQL function kndb.enforce_epistemic_kind() line 34 at RAISE",1,
99,READ COMMITTED,B,1,0,,"CheckViolation: KNDB R5: attribute hba1c is registered as MEASURED, got INFERRED
HINT:  This is the primary trust-boundary check the paper demonstrates.
CONTEXT:  PL/pgSQL function kndb.enforce_epistemic_kind() line 34 at RAISE",1,
100,READ COMMITTED,A,1,0,,"CheckViolation: KNDB R5: attribute hba1c is registered as MEASURED, got INFERRED
HINT:  This is the primary trust-boundary check the paper demonstrates.
CONTEXT:  PL/pgSQL function kndb.enforce_epistemic_kind() line 34 at RAISE",1,
101,READ COMMITTED,B,1,0,,"CheckViolation: KNDB R5: attribute hba1c is registered as MEASURED, got INFERRED
HINT:  This is the primary trust-boundary check the paper demonstrates.
CONTEXT:  PL/pgSQL function kndb.enforce_epistemic_kind() line 34 at RAISE",1,
102,READ COMMITTED,B,1,0,,"CheckViolation: KNDB R5: attribute hba1c is registered as MEASURED, got INFERRED
HINT:  This is the primary trust-boundary check the paper demonstrates.
CONTEXT:  PL/pgSQL function kndb.enforce_epistemic_kind() line 34 at RAISE",1,
103,READ COMMITTED,B,1,0,,"CheckViolation: KNDB R5: attribute hba1c is registered as MEASURED, got INFERRED
HINT:  This is the primary trust-boundary check the paper demonstrates.
CONTEXT:  PL/pgSQL function kndb.enforce_epistemic_kind() line 34 at RAISE",1,
104,READ COMMITTED,A,1,0,,"CheckViolation: KNDB R5: attribute hba1c is registered as MEASURED, got INFERRED
HINT:  This is the primary trust-boundary check the paper demonstrates.
CONTEXT:  PL/pgSQL function kndb.enforce_epistemic_kind() line 34 at RAISE",1,
105,READ COMMITTED,B,1,0,,"CheckViolation: KNDB R5: attribute hba1c is registered as MEASURED, got INFERRED
HINT:  This is the primary trust-boundary check the paper demonstrates.
CONTEXT:  PL/pgSQL function kndb.enforce_epistemic_kind() line 34 at RAISE",1,
106,READ COMMITTED,A,1,0,,"CheckViolation: KNDB R5: attribute hba1c is registered as MEASURED, got INFERRED
HINT:  This is the primary trust-boundary check the paper demonstrates.
CONTEXT:  PL/pgSQL function kndb.enforce_epistemic_kind() line 34 at RAISE",1,
107,READ COMMITTED,A,1,0,,"CheckViolation: KNDB R5: attribute hba1c is registered as MEASURED, got INFERRED
HINT:  This is the primary trust-boundary check the paper demonstrates.
CONTEXT:  PL/pgSQL function kndb.enforce_epistemic_kind() line 34 at RAISE",1,
108,READ COMMITTED,A,1,0,,"CheckViolation: KNDB R5: attribute hba1c is registered as MEASURED, got INFERRED
HINT:  This is the primary trust-boundary check the paper demonstrates.
CONTEXT:  PL/pgSQL function kndb.enforce_epistemic_kind() line 34 at RAISE",1,
109,READ COMMITTED,B,1,0,,"CheckViolation: KNDB R5: attribute hba1c is registered as MEASURED, got INFERRED
HINT:  This is the primary trust-boundary check the paper demonstrates.
CONTEXT:  PL/pgSQL function kndb.enforce_epistemic_kind() line 34 at RAISE",1,
110,READ COMMITTED,B,1,0,,"CheckViolation: KNDB R5: attribute hba1c is registered as MEASURED, got INFERRED
HINT:  This is the primary trust-boundary check the paper demonstrates.
CONTEXT:  PL/pgSQL function kndb.enforce_epistemic_kind() line 34 at RAISE",1,
111,READ COMMITTED,A,1,0,,"CheckViolation: KNDB R5: attribute hba1c is registered as MEASURED, got INFERRED
HINT:  This is the primary trust-boundary check the paper demonstrates.
CONTEXT:  PL/pgSQL function kndb.enforce_epistemic_kind() line 34 at RAISE",1,
112,READ COMMITTED,B,1,0,,"CheckViolation: KNDB R5: attribute hba1c is registered as MEASURED, got INFERRED
HINT:  This is the primary trust-boundary check the paper demonstrates.
CONTEXT:  PL/pgSQL function kndb.enforce_epistemic_kind() line 34 at RAISE",1,
113,READ COMMITTED,A,1,0,,"CheckViolation: KNDB R5: attribute hba1c is registered as MEASURED, got INFERRED
HINT:  This is the primary trust-boundary check the paper demonstrates.
CONTEXT:  PL/pgSQL function kndb.enforce_epistemic_kind() line 34 at RAISE",1,
114,READ COMMITTED,B,1,0,,"CheckViolation: KNDB R5: attribute hba1c is registered as MEASURED, got INFERRED
HINT:  This is the primary trust-boundary check the paper demonstrates.
CONTEXT:  PL/pgSQL function kndb.enforce_epistemic_kind() line 34 at RAISE",1,
115,READ COMMITTED,B,1,0,,"CheckViolation: KNDB R5: attribute hba1c is registered as MEASURED, got INFERRED
HINT:  This is the primary trust-boundary check the paper demonstrates.
CONTEXT:  PL/pgSQL function kndb.enforce_epistemic_kind() line 34 at RAISE",1,
116,READ COMMITTED,A,1,0,,"CheckViolation: KNDB R5: attribute hba1c is registered as MEASURED, got INFERRED
HINT:  This is the primary trust-boundary check the paper demonstrates.
CONTEXT:  PL/pgSQL function kndb.enforce_epistemic_kind() line 34 at RAISE",1,
117,READ COMMITTED,B,1,0,,"CheckViolation: KNDB R5: attribute hba1c is registered as MEASURED, got INFERRED
HINT:  This is the primary trust-boundary check the paper demonstrates.
CONTEXT:  PL/pgSQL function kndb.enforce_epistemic_kind() line 34 at RAISE",1,
118,READ COMMITTED,B,1,0,,"CheckViolation: KNDB R5: attribute hba1c is registered as MEASURED, got INFERRED
HINT:  This is the primary trust-boundary check the paper demonstrates.
CONTEXT:  PL/pgSQL function kndb.enforce_epistemic_kind() line 34 at RAISE",1,
119,READ COMMITTED,A,1,0,,"CheckViolation: KNDB R5: attribute hba1c is registered as MEASURED, got INFERRED
HINT:  This is the primary trust-boundary check the paper demonstrates.
CONTEXT:  PL/pgSQL function kndb.enforce_epistemic_kind() line 34 at RAISE",1,
120,READ COMMITTED,B,1,0,,"CheckViolation: KNDB R5: attribute hba1c is registered as MEASURED, got INFERRED
HINT:  This is the primary trust-boundary check the paper demonstrates.
CONTEXT:  PL/pgSQL function kndb.enforce_epistemic_kind() line 34 at RAISE",1,
121,READ COMMITTED,B,1,0,,"CheckViolation: KNDB R5: attribute hba1c is registered as MEASURED, got INFERRED
HINT:  This is the primary trust-boundary check the paper demonstrates.
CONTEXT:  PL/pgSQL function kndb.enforce_epistemic_kind() line 34 at RAISE",1,
122,READ COMMITTED,B,1,0,,"CheckViolation: KNDB R5: attribute hba1c is registered as MEASURED, got INFERRED
HINT:  This is the primary trust-boundary check the paper demonstrates.
CONTEXT:  PL/pgSQL function kndb.enforce_epistemic_kind() line 34 at RAISE",1,
123,READ COMMITTED,B,1,0,,"CheckViolation: KNDB R5: attribute hba1c is registered as MEASURED, got INFERRED
HINT:  This is the primary trust-boundary check the paper demonstrates.
CONTEXT:  PL/pgSQL function kndb.enforce_epistemic_kind() line 34 at RAISE",1,
124,READ COMMITTED,A,1,0,,"CheckViolation: KNDB R5: attribute hba1c is registered as MEASURED, got INFERRED
HINT:  This is the primary trust-boundary check the paper demonstrates.
CONTEXT:  PL/pgSQL function kndb.enforce_epistemic_kind() line 34 at RAISE",1,
125,READ COMMITTED,A,1,0,,"CheckViolation: KNDB R5: attribute hba1c is registered as MEASURED, got INFERRED
HINT:  This is the primary trust-boundary check the paper demonstrates.
CONTEXT:  PL/pgSQL function kndb.enforce_epistemic_kind() line 34 at RAISE",1,
126,READ COMMITTED,A,1,0,,"CheckViolation: KNDB R5: attribute hba1c is registered as MEASURED, got INFERRED
HINT:  This is the primary trust-boundary check the paper demonstrates.
CONTEXT:  PL/pgSQL function kndb.enforce_epistemic_kind() line 34 at RAISE",1,
127,READ COMMITTED,B,1,0,,"CheckViolation: KNDB R5: attribute hba1c is registered as MEASURED, got INFERRED
HINT:  This is the primary trust-boundary check the paper demonstrates.
CONTEXT:  PL/pgSQL function kndb.enforce_epistemic_kind() line 34 at RAISE",1,
128,READ COMMITTED,B,1,0,,"CheckViolation: KNDB R5: attribute hba1c is registered as MEASURED, got INFERRED
HINT:  This is the primary trust-boundary check the paper demonstrates.
CONTEXT:  PL/pgSQL function kndb.enforce_epistemic_kind() line 34 at RAISE",1,
129,READ COMMITTED,B,1,0,,"CheckViolation: KNDB R5: attribute hba1c is registered as MEASURED, got INFERRED
HINT:  This is the primary trust-boundary check the paper demonstrates.
CONTEXT:  PL/pgSQL function kndb.enforce_epistemic_kind() line 34 at RAISE",1,
130,READ COMMITTED,A,1,0,,"CheckViolation: KNDB R5: attribute hba1c is registered as MEASURED, got INFERRED
HINT:  This is the primary trust-boundary check the paper demonstrates.
CONTEXT:  PL/pgSQL function kndb.enforce_epistemic_kind() line 34 at RAISE",1,
131,READ COMMITTED,A,1,0,,"CheckViolation: KNDB R5: attribute hba1c is registered as MEASURED, got INFERRED
HINT:  This is the primary trust-boundary check the paper demonstrates.
CONTEXT:  PL/pgSQL function kndb.enforce_epistemic_kind() line 34 at RAISE",1,
132,READ COMMITTED,B,1,0,,"CheckViolation: KNDB R5: attribute hba1c is registered as MEASURED, got INFERRED
HINT:  This is the primary trust-boundary check the paper demonstrates.
CONTEXT:  PL/pgSQL function kndb.enforce_epistemic_kind() line 34 at RAISE",1,
133,READ COMMITTED,B,1,0,,"CheckViolation: KNDB R5: attribute hba1c is registered as MEASURED, got INFERRED
HINT:  This is the primary trust-boundary check the paper demonstrates.
CONTEXT:  PL/pgSQL function kndb.enforce_epistemic_kind() line 34 at RAISE",1,
134,READ COMMITTED,A,1,0,,"CheckViolation: KNDB R5: attribute hba1c is registered as MEASURED, got INFERRED
HINT:  This is the primary trust-boundary check the paper demonstrates.
CONTEXT:  PL/pgSQL function kndb.enforce_epistemic_kind() line 34 at RAISE",1,
135,READ COMMITTED,A,1,0,,"CheckViolation: KNDB R5: attribute hba1c is registered as MEASURED, got INFERRED
HINT:  This is the primary trust-boundary check the paper demonstrates.
CONTEXT:  PL/pgSQL function kndb.enforce_epistemic_kind() line 34 at RAISE",1,
136,READ COMMITTED,A,1,0,,"CheckViolation: KNDB R5: attribute hba1c is registered as MEASURED, got INFERRED
HINT:  This is the primary trust-boundary check the paper demonstrates.
CONTEXT:  PL/pgSQL function kndb.enforce_epistemic_kind() line 34 at RAISE",1,
137,READ COMMITTED,B,1,0,,"CheckViolation: KNDB R5: attribute hba1c is registered as MEASURED, got INFERRED
HINT:  This is the primary trust-boundary check the paper demonstrates.
CONTEXT:  PL/pgSQL function kndb.enforce_epistemic_kind() line 34 at RAISE",1,
138,READ COMMITTED,B,1,0,,"CheckViolation: KNDB R5: attribute hba1c is registered as MEASURED, got INFERRED
HINT:  This is the primary trust-boundary check the paper demonstrates.
CONTEXT:  PL/pgSQL function kndb.enforce_epistemic_kind() line 34 at RAISE",1,
139,READ COMMITTED,A,1,0,,"CheckViolation: KNDB R5: attribute hba1c is registered as MEASURED, got INFERRED
HINT:  This is the primary trust-boundary check the paper demonstrates.
CONTEXT:  PL/pgSQL function kndb.enforce_epistemic_kind() line 34 at RAISE",1,
140,READ COMMITTED,A,1,0,,"CheckViolation: KNDB R5: attribute hba1c is registered as MEASURED, got INFERRED
HINT:  This is the primary trust-boundary check the paper demonstrates.
CONTEXT:  PL/pgSQL function kndb.enforce_epistemic_kind() line 34 at RAISE",1,
141,READ COMMITTED,B,1,0,,"CheckViolation: KNDB R5: attribute hba1c is registered as MEASURED, got INFERRED
HINT:  This is the primary trust-boundary check the paper demonstrates.
CONTEXT:  PL/pgSQL function kndb.enforce_epistemic_kind() line 34 at RAISE",1,
142,READ COMMITTED,A,1,0,,"CheckViolation: KNDB R5: attribute hba1c is registered as MEASURED, got INFERRED
HINT:  This is the primary trust-boundary check the paper demonstrates.
CONTEXT:  PL/pgSQL function kndb.enforce_epistemic_kind() line 34 at RAISE",1,
143,READ COMMITTED,B,1,0,,"CheckViolation: KNDB R5: attribute hba1c is registered as MEASURED, got INFERRED
HINT:  This is the primary trust-boundary check the paper demonstrates.
CONTEXT:  PL/pgSQL function kndb.enforce_epistemic_kind() line 34 at RAISE",1,
144,READ COMMITTED,A,1,0,,"CheckViolation: KNDB R5: attribute hba1c is registered as MEASURED, got INFERRED
HINT:  This is the primary trust-boundary check the paper demonstrates.
CONTEXT:  PL/pgSQL function kndb.enforce_epistemic_kind() line 34 at RAISE",1,
145,READ COMMITTED,A,1,0,,"CheckViolation: KNDB R5: attribute hba1c is registered as MEASURED, got INFERRED
HINT:  This is the primary trust-boundary check the paper demonstrates.
CONTEXT:  PL/pgSQL function kndb.enforce_epistemic_kind() line 34 at RAISE",1,
146,READ COMMITTED,B,1,0,,"CheckViolation: KNDB R5: attribute hba1c is registered as MEASURED, got INFERRED
HINT:  This is the primary trust-boundary check the paper demonstrates.
CONTEXT:  PL/pgSQL function kndb.enforce_epistemic_kind() line 34 at RAISE",1,
147,READ COMMITTED,B,1,0,,"CheckViolation: KNDB R5: attribute hba1c is registered as MEASURED, got INFERRED
HINT:  This is the primary trust-boundary check the paper demonstrates.
CONTEXT:  PL/pgSQL function kndb.enforce_epistemic_kind() line 34 at RAISE",1,
148,READ COMMITTED,A,1,0,,"CheckViolation: KNDB R5: attribute hba1c is registered as MEASURED, got INFERRED
HINT:  This is the primary trust-boundary check the paper demonstrates.
CONTEXT:  PL/pgSQL function kndb.enforce_epistemic_kind() line 34 at RAISE",1,
149,READ COMMITTED,A,1,0,,"CheckViolation: KNDB R5: attribute hba1c is registered as MEASURED, got INFERRED
HINT:  This is the primary trust-boundary check the paper demonstrates.
CONTEXT:  PL/pgSQL function kndb.enforce_epistemic_kind() line 34 at RAISE",1,
150,READ COMMITTED,B,1,0,,"CheckViolation: KNDB R5: attribute hba1c is registered as MEASURED, got INFERRED
HINT:  This is the primary trust-boundary check the paper demonstrates.
CONTEXT:  PL/pgSQL function kndb.enforce_epistemic_kind() line 34 at RAISE",1,
151,READ COMMITTED,B,1,0,,"CheckViolation: KNDB R5: attribute hba1c is registered as MEASURED, got INFERRED
HINT:  This is the primary trust-boundary check the paper demonstrates.
CONTEXT:  PL/pgSQL function kndb.enforce_epistemic_kind() line 34 at RAISE",1,
152,READ COMMITTED,A,1,0,,"CheckViolation: KNDB R5: attribute hba1c is registered as MEASURED, got INFERRED
HINT:  This is the primary trust-boundary check the paper demonstrates.
CONTEXT:  PL/pgSQL function kndb.enforce_epistemic_kind() line 34 at RAISE",1,
153,READ COMMITTED,B,1,0,,"CheckViolation: KNDB R5: attribute hba1c is registered as MEASURED, got INFERRED
HINT:  This is the primary trust-boundary check the paper demonstrates.
CONTEXT:  PL/pgSQL function kndb.enforce_epistemic_kind() line 34 at RAISE",1,
154,READ COMMITTED,A,1,0,,"CheckViolation: KNDB R5: attribute hba1c is registered as MEASURED, got INFERRED
HINT:  This is the primary trust-boundary check the paper demonstrates.
CONTEXT:  PL/pgSQL function kndb.enforce_epistemic_kind() line 34 at RAISE",1,
155,READ COMMITTED,A,1,0,,"CheckViolation: KNDB R5: attribute hba1c is registered as MEASURED, got INFERRED
HINT:  This is the primary trust-boundary check the paper demonstrates.
CONTEXT:  PL/pgSQL function kndb.enforce_epistemic_kind() line 34 at RAISE",1,
156,READ COMMITTED,A,1,0,,"CheckViolation: KNDB R5: attribute hba1c is registered as MEASURED, got INFERRED
HINT:  This is the primary trust-boundary check the paper demonstrates.
CONTEXT:  PL/pgSQL function kndb.enforce_epistemic_kind() line 34 at RAISE",1,
157,READ COMMITTED,B,1,0,,"CheckViolation: KNDB R5: attribute hba1c is registered as MEASURED, got INFERRED
HINT:  This is the primary trust-boundary check the paper demonstrates.
CONTEXT:  PL/pgSQL function kndb.enforce_epistemic_kind() line 34 at RAISE",1,
158,READ COMMITTED,A,1,0,,"CheckViolation: KNDB R5: attribute hba1c is registered as MEASURED, got INFERRED
HINT:  This is the primary trust-boundary check the paper demonstrates.
CONTEXT:  PL/pgSQL function kndb.enforce_epistemic_kind() line 34 at RAISE",1,
159,READ COMMITTED,A,1,0,,"CheckViolation: KNDB R5: attribute hba1c is registered as MEASURED, got INFERRED
HINT:  This is the primary trust-boundary check the paper demonstrates.
CONTEXT:  PL/pgSQL function kndb.enforce_epistemic_kind() line 34 at RAISE",1,
160,READ COMMITTED,A,1,0,,"CheckViolation: KNDB R5: attribute hba1c is registered as MEASURED, got INFERRED
HINT:  This is the primary trust-boundary check the paper demonstrates.
CONTEXT:  PL/pgSQL function kndb.enforce_epistemic_kind() line 34 at RAISE",1,
161,READ COMMITTED,B,1,0,,"CheckViolation: KNDB R5: attribute hba1c is registered as MEASURED, got INFERRED
HINT:  This is the primary trust-boundary check the paper demonstrates.
CONTEXT:  PL/pgSQL function kndb.enforce_epistemic_kind() line 34 at RAISE",1,
162,READ COMMITTED,A,1,0,,"CheckViolation: KNDB R5: attribute hba1c is registered as MEASURED, got INFERRED
HINT:  This is the primary trust-boundary check the paper demonstrates.
CONTEXT:  PL/pgSQL function kndb.enforce_epistemic_kind() line 34 at RAISE",1,
163,READ COMMITTED,B,1,0,,"CheckViolation: KNDB R5: attribute hba1c is registered as MEASURED, got INFERRED
HINT:  This is the primary trust-boundary check the paper demonstrates.
CONTEXT:  PL/pgSQL function kndb.enforce_epistemic_kind() line 34 at RAISE",1,
164,READ COMMITTED,B,1,0,,"CheckViolation: KNDB R5: attribute hba1c is registered as MEASURED, got INFERRED
HINT:  This is the primary trust-boundary check the paper demonstrates.
CONTEXT:  PL/pgSQL function kndb.enforce_epistemic_kind() line 34 at RAISE",1,
165,READ COMMITTED,A,1,0,,"CheckViolation: KNDB R5: attribute hba1c is registered as MEASURED, got INFERRED
HINT:  This is the primary trust-boundary check the paper demonstrates.
CONTEXT:  PL/pgSQL function kndb.enforce_epistemic_kind() line 34 at RAISE",1,
166,READ COMMITTED,A,1,0,,"CheckViolation: KNDB R5: attribute hba1c is registered as MEASURED, got INFERRED
HINT:  This is the primary trust-boundary check the paper demonstrates.
CONTEXT:  PL/pgSQL function kndb.enforce_epistemic_kind() line 34 at RAISE",1,
167,READ COMMITTED,B,1,0,,"CheckViolation: KNDB R5: attribute hba1c is registered as MEASURED, got INFERRED
HINT:  This is the primary trust-boundary check the paper demonstrates.
CONTEXT:  PL/pgSQL function kndb.enforce_epistemic_kind() line 34 at RAISE",1,
168,READ COMMITTED,A,1,0,,"CheckViolation: KNDB R5: attribute hba1c is registered as MEASURED, got INFERRED
HINT:  This is the primary trust-boundary check the paper demonstrates.
CONTEXT:  PL/pgSQL function kndb.enforce_epistemic_kind() line 34 at RAISE",1,
169,READ COMMITTED,A,1,0,,"CheckViolation: KNDB R5: attribute hba1c is registered as MEASURED, got INFERRED
HINT:  This is the primary trust-boundary check the paper demonstrates.
CONTEXT:  PL/pgSQL function kndb.enforce_epistemic_kind() line 34 at RAISE",1,
170,READ COMMITTED,B,1,0,,"CheckViolation: KNDB R5: attribute hba1c is registered as MEASURED, got INFERRED
HINT:  This is the primary trust-boundary check the paper demonstrates.
CONTEXT:  PL/pgSQL function kndb.enforce_epistemic_kind() line 34 at RAISE",1,
171,READ COMMITTED,B,1,0,,"CheckViolation: KNDB R5: attribute hba1c is registered as MEASURED, got INFERRED
HINT:  This is the primary trust-boundary check the paper demonstrates.
CONTEXT:  PL/pgSQL function kndb.enforce_epistemic_kind() line 34 at RAISE",1,
172,READ COMMITTED,A,1,0,,"CheckViolation: KNDB R5: attribute hba1c is registered as MEASURED, got INFERRED
HINT:  This is the primary trust-boundary check the paper demonstrates.
CONTEXT:  PL/pgSQL function kndb.enforce_epistemic_kind() line 34 at RAISE",1,
173,READ COMMITTED,B,1,0,,"CheckViolation: KNDB R5: attribute hba1c is registered as MEASURED, got INFERRED
HINT:  This is the primary trust-boundary check the paper demonstrates.
CONTEXT:  PL/pgSQL function kndb.enforce_epistemic_kind() line 34 at RAISE",1,
174,READ COMMITTED,B,1,0,,"CheckViolation: KNDB R5: attribute hba1c is registered as MEASURED, got INFERRED
HINT:  This is the primary trust-boundary check the paper demonstrates.
CONTEXT:  PL/pgSQL function kndb.enforce_epistemic_kind() line 34 at RAISE",1,
175,READ COMMITTED,A,1,0,,"CheckViolation: KNDB R5: attribute hba1c is registered as MEASURED, got INFERRED
HINT:  This is the primary trust-boundary check the paper demonstrates.
CONTEXT:  PL/pgSQL function kndb.enforce_epistemic_kind() line 34 at RAISE",1,
176,READ COMMITTED,A,1,0,,"CheckViolation: KNDB R5: attribute hba1c is registered as MEASURED, got INFERRED
HINT:  This is the primary trust-boundary check the paper demonstrates.
CONTEXT:  PL/pgSQL function kndb.enforce_epistemic_kind() line 34 at RAISE",1,
177,READ COMMITTED,A,1,0,,"CheckViolation: KNDB R5: attribute hba1c is registered as MEASURED, got INFERRED
HINT:  This is the primary trust-boundary check the paper demonstrates.
CONTEXT:  PL/pgSQL function kndb.enforce_epistemic_kind() line 34 at RAISE",1,
178,READ COMMITTED,A,1,0,,"CheckViolation: KNDB R5: attribute hba1c is registered as MEASURED, got INFERRED
HINT:  This is the primary trust-boundary check the paper demonstrates.
CONTEXT:  PL/pgSQL function kndb.enforce_epistemic_kind() line 34 at RAISE",1,
179,READ COMMITTED,A,1,0,,"CheckViolation: KNDB R5: attribute hba1c is registered as MEASURED, got INFERRED
HINT:  This is the primary trust-boundary check the paper demonstrates.
CONTEXT:  PL/pgSQL function kndb.enforce_epistemic_kind() line 34 at RAISE",1,
180,READ COMMITTED,B,1,0,,"CheckViolation: KNDB R5: attribute hba1c is registered as MEASURED, got INFERRED
HINT:  This is the primary trust-boundary check the paper demonstrates.
CONTEXT:  PL/pgSQL function kndb.enforce_epistemic_kind() line 34 at RAISE",1,
181,READ COMMITTED,B,1,0,,"CheckViolation: KNDB R5: attribute hba1c is registered as MEASURED, got INFERRED
HINT:  This is the primary trust-boundary check the paper demonstrates.
CONTEXT:  PL/pgSQL function kndb.enforce_epistemic_kind() line 34 at RAISE",1,
182,READ COMMITTED,B,1,0,,"CheckViolation: KNDB R5: attribute hba1c is registered as MEASURED, got INFERRED
HINT:  This is the primary trust-boundary check the paper demonstrates.
CONTEXT:  PL/pgSQL function kndb.enforce_epistemic_kind() line 34 at RAISE",1,
183,READ COMMITTED,A,1,0,,"CheckViolation: KNDB R5: attribute hba1c is registered as MEASURED, got INFERRED
HINT:  This is the primary trust-boundary check the paper demonstrates.
CONTEXT:  PL/pgSQL function kndb.enforce_epistemic_kind() line 34 at RAISE",1,
184,READ COMMITTED,A,1,0,,"CheckViolation: KNDB R5: attribute hba1c is registered as MEASURED, got INFERRED
HINT:  This is the primary trust-boundary check the paper demonstrates.
CONTEXT:  PL/pgSQL function kndb.enforce_epistemic_kind() line 34 at RAISE",1,
185,READ COMMITTED,A,1,0,,"CheckViolation: KNDB R5: attribute hba1c is registered as MEASURED, got INFERRED
HINT:  This is the primary trust-boundary check the paper demonstrates.
CONTEXT:  PL/pgSQL function kndb.enforce_epistemic_kind() line 34 at RAISE",1,
186,READ COMMITTED,B,1,0,,"CheckViolation: KNDB R5: attribute hba1c is registered as MEASURED, got INFERRED
HINT:  This is the primary trust-boundary check the paper demonstrates.
CONTEXT:  PL/pgSQL function kndb.enforce_epistemic_kind() line 34 at RAISE",1,
187,READ COMMITTED,A,1,0,,"CheckViolation: KNDB R5: attribute hba1c is registered as MEASURED, got INFERRED
HINT:  This is the primary trust-boundary check the paper demonstrates.
CONTEXT:  PL/pgSQL function kndb.enforce_epistemic_kind() line 34 at RAISE",1,
188,READ COMMITTED,A,1,0,,"CheckViolation: KNDB R5: attribute hba1c is registered as MEASURED, got INFERRED
HINT:  This is the primary trust-boundary check the paper demonstrates.
CONTEXT:  PL/pgSQL function kndb.enforce_epistemic_kind() line 34 at RAISE",1,
189,READ COMMITTED,A,1,0,,"CheckViolation: KNDB R5: attribute hba1c is registered as MEASURED, got INFERRED
HINT:  This is the primary trust-boundary check the paper demonstrates.
CONTEXT:  PL/pgSQL function kndb.enforce_epistemic_kind() line 34 at RAISE",1,
190,READ COMMITTED,A,1,0,,"CheckViolation: KNDB R5: attribute hba1c is registered as MEASURED, got INFERRED
HINT:  This is the primary trust-boundary check the paper demonstrates.
CONTEXT:  PL/pgSQL function kndb.enforce_epistemic_kind() line 34 at RAISE",1,
191,READ COMMITTED,A,1,0,,"CheckViolation: KNDB R5: attribute hba1c is registered as MEASURED, got INFERRED
HINT:  This is the primary trust-boundary check the paper demonstrates.
CONTEXT:  PL/pgSQL function kndb.enforce_epistemic_kind() line 34 at RAISE",1,
192,READ COMMITTED,A,1,0,,"CheckViolation: KNDB R5: attribute hba1c is registered as MEASURED, got INFERRED
HINT:  This is the primary trust-boundary check the paper demonstrates.
CONTEXT:  PL/pgSQL function kndb.enforce_epistemic_kind() line 34 at RAISE",1,
193,READ COMMITTED,B,1,0,,"CheckViolation: KNDB R5: attribute hba1c is registered as MEASURED, got INFERRED
HINT:  This is the primary trust-boundary check the paper demonstrates.
CONTEXT:  PL/pgSQL function kndb.enforce_epistemic_kind() line 34 at RAISE",1,
194,READ COMMITTED,A,1,0,,"CheckViolation: KNDB R5: attribute hba1c is registered as MEASURED, got INFERRED
HINT:  This is the primary trust-boundary check the paper demonstrates.
CONTEXT:  PL/pgSQL function kndb.enforce_epistemic_kind() line 34 at RAISE",1,
195,READ COMMITTED,B,1,0,,"CheckViolation: KNDB R5: attribute hba1c is registered as MEASURED, got INFERRED
HINT:  This is the primary trust-boundary check the paper demonstrates.
CONTEXT:  PL/pgSQL function kndb.enforce_epistemic_kind() line 34 at RAISE",1,
196,READ COMMITTED,B,1,0,,"CheckViolation: KNDB R5: attribute hba1c is registered as MEASURED, got INFERRED
HINT:  This is the primary trust-boundary check the paper demonstrates.
CONTEXT:  PL/pgSQL function kndb.enforce_epistemic_kind() line 34 at RAISE",1,
197,READ COMMITTED,A,1,0,,"CheckViolation: KNDB R5: attribute hba1c is registered as MEASURED, got INFERRED
HINT:  This is the primary trust-boundary check the paper demonstrates.
CONTEXT:  PL/pgSQL function kndb.enforce_epistemic_kind() line 34 at RAISE",1,
198,READ COMMITTED,B,1,0,,"CheckViolation: KNDB R5: attribute hba1c is registered as MEASURED, got INFERRED
HINT:  This is the primary trust-boundary check the paper demonstrates.
CONTEXT:  PL/pgSQL function kndb.enforce_epistemic_kind() line 34 at RAISE",1,
199,READ COMMITTED,B,1,0,,"CheckViolation: KNDB R5: attribute hba1c is registered as MEASURED, got INFERRED
HINT:  This is the primary trust-boundary check the paper demonstrates.
CONTEXT:  PL/pgSQL function kndb.enforce_epistemic_kind() line 34 at RAISE",1,
200,READ COMMITTED,B,1,0,,"CheckViolation: KNDB R5: attribute hba1c is registered as MEASURED, got INFERRED
HINT:  This is the primary trust-boundary check the paper demonstrates.
CONTEXT:  PL/pgSQL function kndb.enforce_epistemic_kind() line 34 at RAISE",1,
201,READ COMMITTED,B,1,0,,"CheckViolation: KNDB R5: attribute hba1c is registered as MEASURED, got INFERRED
HINT:  This is the primary trust-boundary check the paper demonstrates.
CONTEXT:  PL/pgSQL function kndb.enforce_epistemic_kind() line 34 at RAISE",1,
202,READ COMMITTED,B,1,0,,"CheckViolation: KNDB R5: attribute hba1c is registered as MEASURED, got INFERRED
HINT:  This is the primary trust-boundary check the paper demonstrates.
CONTEXT:  PL/pgSQL function kndb.enforce_epistemic_kind() line 34 at RAISE",1,
203,READ COMMITTED,A,1,0,,"CheckViolation: KNDB R5: attribute hba1c is registered as MEASURED, got INFERRED
HINT:  This is the primary trust-boundary check the paper demonstrates.
CONTEXT:  PL/pgSQL function kndb.enforce_epistemic_kind() line 34 at RAISE",1,
204,READ COMMITTED,A,1,0,,"CheckViolation: KNDB R5: attribute hba1c is registered as MEASURED, got INFERRED
HINT:  This is the primary trust-boundary check the paper demonstrates.
CONTEXT:  PL/pgSQL function kndb.enforce_epistemic_kind() line 34 at RAISE",1,
205,READ COMMITTED,A,1,0,,"CheckViolation: KNDB R5: attribute hba1c is registered as MEASURED, got INFERRED
HINT:  This is the primary trust-boundary check the paper demonstrates.
CONTEXT:  PL/pgSQL function kndb.enforce_epistemic_kind() line 34 at RAISE",1,
206,READ COMMITTED,A,1,0,,"CheckViolation: KNDB R5: attribute hba1c is registered as MEASURED, got INFERRED
HINT:  This is the primary trust-boundary check the paper demonstrates.
CONTEXT:  PL/pgSQL function kndb.enforce_epistemic_kind() line 34 at RAISE",1,
207,READ COMMITTED,A,1,0,,"CheckViolation: KNDB R5: attribute hba1c is registered as MEASURED, got INFERRED
HINT:  This is the primary trust-boundary check the paper demonstrates.
CONTEXT:  PL/pgSQL function kndb.enforce_epistemic_kind() line 34 at RAISE",1,
208,READ COMMITTED,A,1,0,,"CheckViolation: KNDB R5: attribute hba1c is registered as MEASURED, got INFERRED
HINT:  This is the primary trust-boundary check the paper demonstrates.
CONTEXT:  PL/pgSQL function kndb.enforce_epistemic_kind() line 34 at RAISE",1,
209,READ COMMITTED,B,1,0,,"CheckViolation: KNDB R5: attribute hba1c is registered as MEASURED, got INFERRED
HINT:  This is the primary trust-boundary check the paper demonstrates.
CONTEXT:  PL/pgSQL function kndb.enforce_epistemic_kind() line 34 at RAISE",1,
210,READ COMMITTED,A,1,0,,"CheckViolation: KNDB R5: attribute hba1c is registered as MEASURED, got INFERRED
HINT:  This is the primary trust-boundary check the paper demonstrates.
CONTEXT:  PL/pgSQL function kndb.enforce_epistemic_kind() line 34 at RAISE",1,
211,READ COMMITTED,B,1,0,,"CheckViolation: KNDB R5: attribute hba1c is registered as MEASURED, got INFERRED
HINT:  This is the primary trust-boundary check the paper demonstrates.
CONTEXT:  PL/pgSQL function kndb.enforce_epistemic_kind() line 34 at RAISE",1,
212,READ COMMITTED,A,1,0,,"CheckViolation: KNDB R5: attribute hba1c is registered as MEASURED, got INFERRED
HINT:  This is the primary trust-boundary check the paper demonstrates.
CONTEXT:  PL/pgSQL function kndb.enforce_epistemic_kind() line 34 at RAISE",1,
213,READ COMMITTED,A,1,0,,"CheckViolation: KNDB R5: attribute hba1c is registered as MEASURED, got INFERRED
HINT:  This is the primary trust-boundary check the paper demonstrates.
CONTEXT:  PL/pgSQL function kndb.enforce_epistemic_kind() line 34 at RAISE",1,
214,READ COMMITTED,B,1,0,,"CheckViolation: KNDB R5: attribute hba1c is registered as MEASURED, got INFERRED
HINT:  This is the primary trust-boundary check the paper demonstrates.
CONTEXT:  PL/pgSQL function kndb.enforce_epistemic_kind() line 34 at RAISE",1,
215,READ COMMITTED,B,1,0,,"CheckViolation: KNDB R5: attribute hba1c is registered as MEASURED, got INFERRED
HINT:  This is the primary trust-boundary check the paper demonstrates.
CONTEXT:  PL/pgSQL function kndb.enforce_epistemic_kind() line 34 at RAISE",1,
216,READ COMMITTED,B,1,0,,"CheckViolation: KNDB R5: attribute hba1c is registered as MEASURED, got INFERRED
HINT:  This is the primary trust-boundary check the paper demonstrates.
CONTEXT:  PL/pgSQL function kndb.enforce_epistemic_kind() line 34 at RAISE",1,
217,READ COMMITTED,B,1,0,,"CheckViolation: KNDB R5: attribute hba1c is registered as MEASURED, got INFERRED
HINT:  This is the primary trust-boundary check the paper demonstrates.
CONTEXT:  PL/pgSQL function kndb.enforce_epistemic_kind() line 34 at RAISE",1,
218,READ COMMITTED,A,1,0,,"CheckViolation: KNDB R5: attribute hba1c is registered as MEASURED, got INFERRED
HINT:  This is the primary trust-boundary check the paper demonstrates.
CONTEXT:  PL/pgSQL function kndb.enforce_epistemic_kind() line 34 at RAISE",1,
219,READ COMMITTED,A,1,0,,"CheckViolation: KNDB R5: attribute hba1c is registered as MEASURED, got INFERRED
HINT:  This is the primary trust-boundary check the paper demonstrates.
CONTEXT:  PL/pgSQL function kndb.enforce_epistemic_kind() line 34 at RAISE",1,
220,READ COMMITTED,B,1,0,,"CheckViolation: KNDB R5: attribute hba1c is registered as MEASURED, got INFERRED
HINT:  This is the primary trust-boundary check the paper demonstrates.
CONTEXT:  PL/pgSQL function kndb.enforce_epistemic_kind() line 34 at RAISE",1,
221,READ COMMITTED,B,1,0,,"CheckViolation: KNDB R5: attribute hba1c is registered as MEASURED, got INFERRED
HINT:  This is the primary trust-boundary check the paper demonstrates.
CONTEXT:  PL/pgSQL function kndb.enforce_epistemic_kind() line 34 at RAISE",1,
222,READ COMMITTED,B,1,0,,"CheckViolation: KNDB R5: attribute hba1c is registered as MEASURED, got INFERRED
HINT:  This is the primary trust-boundary check the paper demonstrates.
CONTEXT:  PL/pgSQL function kndb.enforce_epistemic_kind() line 34 at RAISE",1,
223,READ COMMITTED,B,1,0,,"CheckViolation: KNDB R5: attribute hba1c is registered as MEASURED, got INFERRED
HINT:  This is the primary trust-boundary check the paper demonstrates.
CONTEXT:  PL/pgSQL function kndb.enforce_epistemic_kind() line 34 at RAISE",1,
224,READ COMMITTED,A,1,0,,"CheckViolation: KNDB R5: attribute hba1c is registered as MEASURED, got INFERRED
HINT:  This is the primary trust-boundary check the paper demonstrates.
CONTEXT:  PL/pgSQL function kndb.enforce_epistemic_kind() line 34 at RAISE",1,
225,READ COMMITTED,B,1,0,,"CheckViolation: KNDB R5: attribute hba1c is registered as MEASURED, got INFERRED
HINT:  This is the primary trust-boundary check the paper demonstrates.
CONTEXT:  PL/pgSQL function kndb.enforce_epistemic_kind() line 34 at RAISE",1,
226,READ COMMITTED,B,1,0,,"CheckViolation: KNDB R5: attribute hba1c is registered as MEASURED, got INFERRED
HINT:  This is the primary trust-boundary check the paper demonstrates.
CONTEXT:  PL/pgSQL function kndb.enforce_epistemic_kind() line 34 at RAISE",1,
227,READ COMMITTED,B,1,0,,"CheckViolation: KNDB R5: attribute hba1c is registered as MEASURED, got INFERRED
HINT:  This is the primary trust-boundary check the paper demonstrates.
CONTEXT:  PL/pgSQL function kndb.enforce_epistemic_kind() line 34 at RAISE",1,
228,READ COMMITTED,A,1,0,,"CheckViolation: KNDB R5: attribute hba1c is registered as MEASURED, got INFERRED
HINT:  This is the primary trust-boundary check the paper demonstrates.
CONTEXT:  PL/pgSQL function kndb.enforce_epistemic_kind() line 34 at RAISE",1,
229,READ COMMITTED,B,1,0,,"CheckViolation: KNDB R5: attribute hba1c is registered as MEASURED, got INFERRED
HINT:  This is the primary trust-boundary check the paper demonstrates.
CONTEXT:  PL/pgSQL function kndb.enforce_epistemic_kind() line 34 at RAISE",1,
230,READ COMMITTED,A,1,0,,"CheckViolation: KNDB R5: attribute hba1c is registered as MEASURED, got INFERRED
HINT:  This is the primary trust-boundary check the paper demonstrates.
CONTEXT:  PL/pgSQL function kndb.enforce_epistemic_kind() line 34 at RAISE",1,
231,READ COMMITTED,A,1,0,,"CheckViolation: KNDB R5: attribute hba1c is registered as MEASURED, got INFERRED
HINT:  This is the primary trust-boundary check the paper demonstrates.
CONTEXT:  PL/pgSQL function kndb.enforce_epistemic_kind() line 34 at RAISE",1,
232,READ COMMITTED,B,1,0,,"CheckViolation: KNDB R5: attribute hba1c is registered as MEASURED, got INFERRED
HINT:  This is the primary trust-boundary check the paper demonstrates.
CONTEXT:  PL/pgSQL function kndb.enforce_epistemic_kind() line 34 at RAISE",1,
233,READ COMMITTED,B,1,0,,"CheckViolation: KNDB R5: attribute hba1c is registered as MEASURED, got INFERRED
HINT:  This is the primary trust-boundary check the paper demonstrates.
CONTEXT:  PL/pgSQL function kndb.enforce_epistemic_kind() line 34 at RAISE",1,
234,READ COMMITTED,A,1,0,,"CheckViolation: KNDB R5: attribute hba1c is registered as MEASURED, got INFERRED
HINT:  This is the primary trust-boundary check the paper demonstrates.
CONTEXT:  PL/pgSQL function kndb.enforce_epistemic_kind() line 34 at RAISE",1,
235,READ COMMITTED,A,1,0,,"CheckViolation: KNDB R5: attribute hba1c is registered as MEASURED, got INFERRED
HINT:  This is the primary trust-boundary check the paper demonstrates.
CONTEXT:  PL/pgSQL function kndb.enforce_epistemic_kind() line 34 at RAISE",1,
236,READ COMMITTED,B,1,0,,"CheckViolation: KNDB R5: attribute hba1c is registered as MEASURED, got INFERRED
HINT:  This is the primary trust-boundary check the paper demonstrates.
CONTEXT:  PL/pgSQL function kndb.enforce_epistemic_kind() line 34 at RAISE",1,
237,READ COMMITTED,A,1,0,,"CheckViolation: KNDB R5: attribute hba1c is registered as MEASURED, got INFERRED
HINT:  This is the primary trust-boundary check the paper demonstrates.
CONTEXT:  PL/pgSQL function kndb.enforce_epistemic_kind() line 34 at RAISE",1,
238,READ COMMITTED,B,1,0,,"CheckViolation: KNDB R5: attribute hba1c is registered as MEASURED, got INFERRED
HINT:  This is the primary trust-boundary check the paper demonstrates.
CONTEXT:  PL/pgSQL function kndb.enforce_epistemic_kind() line 34 at RAISE",1,
239,READ COMMITTED,B,1,0,,"CheckViolation: KNDB R5: attribute hba1c is registered as MEASURED, got INFERRED
HINT:  This is the primary trust-boundary check the paper demonstrates.
CONTEXT:  PL/pgSQL function kndb.enforce_epistemic_kind() line 34 at RAISE",1,
240,READ COMMITTED,A,1,0,,"CheckViolation: KNDB R5: attribute hba1c is registered as MEASURED, got INFERRED
HINT:  This is the primary trust-boundary check the paper demonstrates.
CONTEXT:  PL/pgSQL function kndb.enforce_epistemic_kind() line 34 at RAISE",1,
241,READ COMMITTED,B,1,0,,"CheckViolation: KNDB R5: attribute hba1c is registered as MEASURED, got INFERRED
HINT:  This is the primary trust-boundary check the paper demonstrates.
CONTEXT:  PL/pgSQL function kndb.enforce_epistemic_kind() line 34 at RAISE",1,
242,READ COMMITTED,B,1,0,,"CheckViolation: KNDB R5: attribute hba1c is registered as MEASURED, got INFERRED
HINT:  This is the primary trust-boundary check the paper demonstrates.
CONTEXT:  PL/pgSQL function kndb.enforce_epistemic_kind() line 34 at RAISE",1,
243,READ COMMITTED,B,1,0,,"CheckViolation: KNDB R5: attribute hba1c is registered as MEASURED, got INFERRED
HINT:  This is the primary trust-boundary check the paper demonstrates.
CONTEXT:  PL/pgSQL function kndb.enforce_epistemic_kind() line 34 at RAISE",1,
244,READ COMMITTED,A,1,0,,"CheckViolation: KNDB R5: attribute hba1c is registered as MEASURED, got INFERRED
HINT:  This is the primary trust-boundary check the paper demonstrates.
CONTEXT:  PL/pgSQL function kndb.enforce_epistemic_kind() line 34 at RAISE",1,
245,READ COMMITTED,B,1,0,,"CheckViolation: KNDB R5: attribute hba1c is registered as MEASURED, got INFERRED
HINT:  This is the primary trust-boundary check the paper demonstrates.
CONTEXT:  PL/pgSQL function kndb.enforce_epistemic_kind() line 34 at RAISE",1,
246,READ COMMITTED,A,1,0,,"CheckViolation: KNDB R5: attribute hba1c is registered as MEASURED, got INFERRED
HINT:  This is the primary trust-boundary check the paper demonstrates.
CONTEXT:  PL/pgSQL function kndb.enforce_epistemic_kind() line 34 at RAISE",1,
247,READ COMMITTED,A,1,0,,"CheckViolation: KNDB R5: attribute hba1c is registered as MEASURED, got INFERRED
HINT:  This is the primary trust-boundary check the paper demonstrates.
CONTEXT:  PL/pgSQL function kndb.enforce_epistemic_kind() line 34 at RAISE",1,
248,READ COMMITTED,B,1,0,,"CheckViolation: KNDB R5: attribute hba1c is registered as MEASURED, got INFERRED
HINT:  This is the primary trust-boundary check the paper demonstrates.
CONTEXT:  PL/pgSQL function kndb.enforce_epistemic_kind() line 34 at RAISE",1,
249,READ COMMITTED,A,1,0,,"CheckViolation: KNDB R5: attribute hba1c is registered as MEASURED, got INFERRED
HINT:  This is the primary trust-boundary check the paper demonstrates.
CONTEXT:  PL/pgSQL function kndb.enforce_epistemic_kind() line 34 at RAISE",1,
250,READ COMMITTED,A,1,0,,"CheckViolation: KNDB R5: attribute hba1c is registered as MEASURED, got INFERRED
HINT:  This is the primary trust-boundary check the paper demonstrates.
CONTEXT:  PL/pgSQL function kndb.enforce_epistemic_kind() line 34 at RAISE",1,
251,READ COMMITTED,B,1,0,,"CheckViolation: KNDB R5: attribute hba1c is registered as MEASURED, got INFERRED
HINT:  This is the primary trust-boundary check the paper demonstrates.
CONTEXT:  PL/pgSQL function kndb.enforce_epistemic_kind() line 34 at RAISE",1,
252,READ COMMITTED,A,1,0,,"CheckViolation: KNDB R5: attribute hba1c is registered as MEASURED, got INFERRED
HINT:  This is the primary trust-boundary check the paper demonstrates.
CONTEXT:  PL/pgSQL function kndb.enforce_epistemic_kind() line 34 at RAISE",1,
253,READ COMMITTED,A,1,0,,"CheckViolation: KNDB R5: attribute hba1c is registered as MEASURED, got INFERRED
HINT:  This is the primary trust-boundary check the paper demonstrates.
CONTEXT:  PL/pgSQL function kndb.enforce_epistemic_kind() line 34 at RAISE",1,
254,READ COMMITTED,B,1,0,,"CheckViolation: KNDB R5: attribute hba1c is registered as MEASURED, got INFERRED
HINT:  This is the primary trust-boundary check the paper demonstrates.
CONTEXT:  PL/pgSQL function kndb.enforce_epistemic_kind() line 34 at RAISE",1,
255,READ COMMITTED,B,1,0,,"CheckViolation: KNDB R5: attribute hba1c is registered as MEASURED, got INFERRED
HINT:  This is the primary trust-boundary check the paper demonstrates.
CONTEXT:  PL/pgSQL function kndb.enforce_epistemic_kind() line 34 at RAISE",1,
256,READ COMMITTED,A,1,0,,"CheckViolation: KNDB R5: attribute hba1c is registered as MEASURED, got INFERRED
HINT:  This is the primary trust-boundary check the paper demonstrates.
CONTEXT:  PL/pgSQL function kndb.enforce_epistemic_kind() line 34 at RAISE",1,
257,READ COMMITTED,A,1,0,,"CheckViolation: KNDB R5: attribute hba1c is registered as MEASURED, got INFERRED
HINT:  This is the primary trust-boundary check the paper demonstrates.
CONTEXT:  PL/pgSQL function kndb.enforce_epistemic_kind() line 34 at RAISE",1,
258,READ COMMITTED,A,1,0,,"CheckViolation: KNDB R5: attribute hba1c is registered as MEASURED, got INFERRED
HINT:  This is the primary trust-boundary check the paper demonstrates.
CONTEXT:  PL/pgSQL function kndb.enforce_epistemic_kind() line 34 at RAISE",1,
259,READ COMMITTED,B,1,0,,"CheckViolation: KNDB R5: attribute hba1c is registered as MEASURED, got INFERRED
HINT:  This is the primary trust-boundary check the paper demonstrates.
CONTEXT:  PL/pgSQL function kndb.enforce_epistemic_kind() line 34 at RAISE",1,
260,READ COMMITTED,B,1,0,,"CheckViolation: KNDB R5: attribute hba1c is registered as MEASURED, got INFERRED
HINT:  This is the primary trust-boundary check the paper demonstrates.
CONTEXT:  PL/pgSQL function kndb.enforce_epistemic_kind() line 34 at RAISE",1,
261,READ COMMITTED,B,1,0,,"CheckViolation: KNDB R5: attribute hba1c is registered as MEASURED, got INFERRED
HINT:  This is the primary trust-boundary check the paper demonstrates.
CONTEXT:  PL/pgSQL function kndb.enforce_epistemic_kind() line 34 at RAISE",1,
262,READ COMMITTED,A,1,0,,"CheckViolation: KNDB R5: attribute hba1c is registered as MEASURED, got INFERRED
HINT:  This is the primary trust-boundary check the paper demonstrates.
CONTEXT:  PL/pgSQL function kndb.enforce_epistemic_kind() line 34 at RAISE",1,
263,READ COMMITTED,A,1,0,,"CheckViolation: KNDB R5: attribute hba1c is registered as MEASURED, got INFERRED
HINT:  This is the primary trust-boundary check the paper demonstrates.
CONTEXT:  PL/pgSQL function kndb.enforce_epistemic_kind() line 34 at RAISE",1,
264,READ COMMITTED,B,1,0,,"CheckViolation: KNDB R5: attribute hba1c is registered as MEASURED, got INFERRED
HINT:  This is the primary trust-boundary check the paper demonstrates.
CONTEXT:  PL/pgSQL function kndb.enforce_epistemic_kind() line 34 at RAISE",1,
265,READ COMMITTED,B,1,0,,"CheckViolation: KNDB R5: attribute hba1c is registered as MEASURED, got INFERRED
HINT:  This is the primary trust-boundary check the paper demonstrates.
CONTEXT:  PL/pgSQL function kndb.enforce_epistemic_kind() line 34 at RAISE",1,
266,READ COMMITTED,B,1,0,,"CheckViolation: KNDB R5: attribute hba1c is registered as MEASURED, got INFERRED
HINT:  This is the primary trust-boundary check the paper demonstrates.
CONTEXT:  PL/pgSQL function kndb.enforce_epistemic_kind() line 34 at RAISE",1,
267,READ COMMITTED,B,1,0,,"CheckViolation: KNDB R5: attribute hba1c is registered as MEASURED, got INFERRED
HINT:  This is the primary trust-boundary check the paper demonstrates.
CONTEXT:  PL/pgSQL function kndb.enforce_epistemic_kind() line 34 at RAISE",1,
268,READ COMMITTED,B,1,0,,"CheckViolation: KNDB R5: attribute hba1c is registered as MEASURED, got INFERRED
HINT:  This is the primary trust-boundary check the paper demonstrates.
CONTEXT:  PL/pgSQL function kndb.enforce_epistemic_kind() line 34 at RAISE",1,
269,READ COMMITTED,A,1,0,,"CheckViolation: KNDB R5: attribute hba1c is registered as MEASURED, got INFERRED
HINT:  This is the primary trust-boundary check the paper demonstrates.
CONTEXT:  PL/pgSQL function kndb.enforce_epistemic_kind() line 34 at RAISE",1,
270,READ COMMITTED,B,1,0,,"CheckViolation: KNDB R5: attribute hba1c is registered as MEASURED, got INFERRED
HINT:  This is the primary trust-boundary check the paper demonstrates.
CONTEXT:  PL/pgSQL function kndb.enforce_epistemic_kind() line 34 at RAISE",1,
271,READ COMMITTED,A,1,0,,"CheckViolation: KNDB R5: attribute hba1c is registered as MEASURED, got INFERRED
HINT:  This is the primary trust-boundary check the paper demonstrates.
CONTEXT:  PL/pgSQL function kndb.enforce_epistemic_kind() line 34 at RAISE",1,
272,READ COMMITTED,B,1,0,,"CheckViolation: KNDB R5: attribute hba1c is registered as MEASURED, got INFERRED
HINT:  This is the primary trust-boundary check the paper demonstrates.
CONTEXT:  PL/pgSQL function kndb.enforce_epistemic_kind() line 34 at RAISE",1,
273,READ COMMITTED,B,1,0,,"CheckViolation: KNDB R5: attribute hba1c is registered as MEASURED, got INFERRED
HINT:  This is the primary trust-boundary check the paper demonstrates.
CONTEXT:  PL/pgSQL function kndb.enforce_epistemic_kind() line 34 at RAISE",1,
274,READ COMMITTED,A,1,0,,"CheckViolation: KNDB R5: attribute hba1c is registered as MEASURED, got INFERRED
HINT:  This is the primary trust-boundary check the paper demonstrates.
CONTEXT:  PL/pgSQL function kndb.enforce_epistemic_kind() line 34 at RAISE",1,
275,READ COMMITTED,A,1,0,,"CheckViolation: KNDB R5: attribute hba1c is registered as MEASURED, got INFERRED
HINT:  This is the primary trust-boundary check the paper demonstrates.
CONTEXT:  PL/pgSQL function kndb.enforce_epistemic_kind() line 34 at RAISE",1,
276,READ COMMITTED,A,1,0,,"CheckViolation: KNDB R5: attribute hba1c is registered as MEASURED, got INFERRED
HINT:  This is the primary trust-boundary check the paper demonstrates.
CONTEXT:  PL/pgSQL function kndb.enforce_epistemic_kind() line 34 at RAISE",1,
277,READ COMMITTED,B,1,0,,"CheckViolation: KNDB R5: attribute hba1c is registered as MEASURED, got INFERRED
HINT:  This is the primary trust-boundary check the paper demonstrates.
CONTEXT:  PL/pgSQL function kndb.enforce_epistemic_kind() line 34 at RAISE",1,
278,READ COMMITTED,A,1,0,,"CheckViolation: KNDB R5: attribute hba1c is registered as MEASURED, got INFERRED
HINT:  This is the primary trust-boundary check the paper demonstrates.
CONTEXT:  PL/pgSQL function kndb.enforce_epistemic_kind() line 34 at RAISE",1,
279,READ COMMITTED,B,1,0,,"CheckViolation: KNDB R5: attribute hba1c is registered as MEASURED, got INFERRED
HINT:  This is the primary trust-boundary check the paper demonstrates.
CONTEXT:  PL/pgSQL function kndb.enforce_epistemic_kind() line 34 at RAISE",1,
280,READ COMMITTED,B,1,0,,"CheckViolation: KNDB R5: attribute hba1c is registered as MEASURED, got INFERRED
HINT:  This is the primary trust-boundary check the paper demonstrates.
CONTEXT:  PL/pgSQL function kndb.enforce_epistemic_kind() line 34 at RAISE",1,
281,READ COMMITTED,A,1,0,,"CheckViolation: KNDB R5: attribute hba1c is registered as MEASURED, got INFERRED
HINT:  This is the primary trust-boundary check the paper demonstrates.
CONTEXT:  PL/pgSQL function kndb.enforce_epistemic_kind() line 34 at RAISE",1,
282,READ COMMITTED,B,1,0,,"CheckViolation: KNDB R5: attribute hba1c is registered as MEASURED, got INFERRED
HINT:  This is the primary trust-boundary check the paper demonstrates.
CONTEXT:  PL/pgSQL function kndb.enforce_epistemic_kind() line 34 at RAISE",1,
283,READ COMMITTED,A,1,0,,"CheckViolation: KNDB R5: attribute hba1c is registered as MEASURED, got INFERRED
HINT:  This is the primary trust-boundary check the paper demonstrates.
CONTEXT:  PL/pgSQL function kndb.enforce_epistemic_kind() line 34 at RAISE",1,
284,READ COMMITTED,A,1,0,,"CheckViolation: KNDB R5: attribute hba1c is registered as MEASURED, got INFERRED
HINT:  This is the primary trust-boundary check the paper demonstrates.
CONTEXT:  PL/pgSQL function kndb.enforce_epistemic_kind() line 34 at RAISE",1,
285,READ COMMITTED,B,1,0,,"CheckViolation: KNDB R5: attribute hba1c is registered as MEASURED, got INFERRED
HINT:  This is the primary trust-boundary check the paper demonstrates.
CONTEXT:  PL/pgSQL function kndb.enforce_epistemic_kind() line 34 at RAISE",1,
286,READ COMMITTED,B,1,0,,"CheckViolation: KNDB R5: attribute hba1c is registered as MEASURED, got INFERRED
HINT:  This is the primary trust-boundary check the paper demonstrates.
CONTEXT:  PL/pgSQL function kndb.enforce_epistemic_kind() line 34 at RAISE",1,
287,READ COMMITTED,A,1,0,,"CheckViolation: KNDB R5: attribute hba1c is registered as MEASURED, got INFERRED
HINT:  This is the primary trust-boundary check the paper demonstrates.
CONTEXT:  PL/pgSQL function kndb.enforce_epistemic_kind() line 34 at RAISE",1,
288,READ COMMITTED,A,1,0,,"CheckViolation: KNDB R5: attribute hba1c is registered as MEASURED, got INFERRED
HINT:  This is the primary trust-boundary check the paper demonstrates.
CONTEXT:  PL/pgSQL function kndb.enforce_epistemic_kind() line 34 at RAISE",1,
289,READ COMMITTED,A,1,0,,"CheckViolation: KNDB R5: attribute hba1c is registered as MEASURED, got INFERRED
HINT:  This is the primary trust-boundary check the paper demonstrates.
CONTEXT:  PL/pgSQL function kndb.enforce_epistemic_kind() line 34 at RAISE",1,
290,READ COMMITTED,A,1,0,,"CheckViolation: KNDB R5: attribute hba1c is registered as MEASURED, got INFERRED
HINT:  This is the primary trust-boundary check the paper demonstrates.
CONTEXT:  PL/pgSQL function kndb.enforce_epistemic_kind() line 34 at RAISE",1,
291,READ COMMITTED,B,1,0,,"CheckViolation: KNDB R5: attribute hba1c is registered as MEASURED, got INFERRED
HINT:  This is the primary trust-boundary check the paper demonstrates.
CONTEXT:  PL/pgSQL function kndb.enforce_epistemic_kind() line 34 at RAISE",1,
292,READ COMMITTED,B,1,0,,"CheckViolation: KNDB R5: attribute hba1c is registered as MEASURED, got INFERRED
HINT:  This is the primary trust-boundary check the paper demonstrates.
CONTEXT:  PL/pgSQL function kndb.enforce_epistemic_kind() line 34 at RAISE",1,
293,READ COMMITTED,A,1,0,,"CheckViolation: KNDB R5: attribute hba1c is registered as MEASURED, got INFERRED
HINT:  This is the primary trust-boundary check the paper demonstrates.
CONTEXT:  PL/pgSQL function kndb.enforce_epistemic_kind() line 34 at RAISE",1,
294,READ COMMITTED,B,1,0,,"CheckViolation: KNDB R5: attribute hba1c is registered as MEASURED, got INFERRED
HINT:  This is the primary trust-boundary check the paper demonstrates.
CONTEXT:  PL/pgSQL function kndb.enforce_epistemic_kind() line 34 at RAISE",1,
295,READ COMMITTED,B,1,0,,"CheckViolation: KNDB R5: attribute hba1c is registered as MEASURED, got INFERRED
HINT:  This is the primary trust-boundary check the paper demonstrates.
CONTEXT:  PL/pgSQL function kndb.enforce_epistemic_kind() line 34 at RAISE",1,
296,READ COMMITTED,A,1,0,,"CheckViolation: KNDB R5: attribute hba1c is registered as MEASURED, got INFERRED
HINT:  This is the primary trust-boundary check the paper demonstrates.
CONTEXT:  PL/pgSQL function kndb.enforce_epistemic_kind() line 34 at RAISE",1,
297,READ COMMITTED,A,1,0,,"CheckViolation: KNDB R5: attribute hba1c is registered as MEASURED, got INFERRED
HINT:  This is the primary trust-boundary check the paper demonstrates.
CONTEXT:  PL/pgSQL function kndb.enforce_epistemic_kind() line 34 at RAISE",1,
298,READ COMMITTED,A,1,0,,"CheckViolation: KNDB R5: attribute hba1c is registered as MEASURED, got INFERRED
HINT:  This is the primary trust-boundary check the paper demonstrates.
CONTEXT:  PL/pgSQL function kndb.enforce_epistemic_kind() line 34 at RAISE",1,
299,READ COMMITTED,B,1,0,,"CheckViolation: KNDB R5: attribute hba1c is registered as MEASURED, got INFERRED
HINT:  This is the primary trust-boundary check the paper demonstrates.
CONTEXT:  PL/pgSQL function kndb.enforce_epistemic_kind() line 34 at RAISE",1,
300,READ COMMITTED,B,1,0,,"CheckViolation: KNDB R5: attribute hba1c is registered as MEASURED, got INFERRED
HINT:  This is the primary trust-boundary check the paper demonstrates.
CONTEXT:  PL/pgSQL function kndb.enforce_epistemic_kind() line 34 at RAISE",1,
301,READ COMMITTED,B,1,0,,"CheckViolation: KNDB R5: attribute hba1c is registered as MEASURED, got INFERRED
HINT:  This is the primary trust-boundary check the paper demonstrates.
CONTEXT:  PL/pgSQL function kndb.enforce_epistemic_kind() line 34 at RAISE",1,
302,READ COMMITTED,B,1,0,,"CheckViolation: KNDB R5: attribute hba1c is registered as MEASURED, got INFERRED
HINT:  This is the primary trust-boundary check the paper demonstrates.
CONTEXT:  PL/pgSQL function kndb.enforce_epistemic_kind() line 34 at RAISE",1,
303,READ COMMITTED,B,1,0,,"CheckViolation: KNDB R5: attribute hba1c is registered as MEASURED, got INFERRED
HINT:  This is the primary trust-boundary check the paper demonstrates.
CONTEXT:  PL/pgSQL function kndb.enforce_epistemic_kind() line 34 at RAISE",1,
304,READ COMMITTED,A,1,0,,"CheckViolation: KNDB R5: attribute hba1c is registered as MEASURED, got INFERRED
HINT:  This is the primary trust-boundary check the paper demonstrates.
CONTEXT:  PL/pgSQL function kndb.enforce_epistemic_kind() line 34 at RAISE",1,
305,READ COMMITTED,A,1,0,,"CheckViolation: KNDB R5: attribute hba1c is registered as MEASURED, got INFERRED
HINT:  This is the primary trust-boundary check the paper demonstrates.
CONTEXT:  PL/pgSQL function kndb.enforce_epistemic_kind() line 34 at RAISE",1,
306,READ COMMITTED,A,1,0,,"CheckViolation: KNDB R5: attribute hba1c is registered as MEASURED, got INFERRED
HINT:  This is the primary trust-boundary check the paper demonstrates.
CONTEXT:  PL/pgSQL function kndb.enforce_epistemic_kind() line 34 at RAISE",1,
307,READ COMMITTED,B,1,0,,"CheckViolation: KNDB R5: attribute hba1c is registered as MEASURED, got INFERRED
HINT:  This is the primary trust-boundary check the paper demonstrates.
CONTEXT:  PL/pgSQL function kndb.enforce_epistemic_kind() line 34 at RAISE",1,
308,READ COMMITTED,B,1,0,,"CheckViolation: KNDB R5: attribute hba1c is registered as MEASURED, got INFERRED
HINT:  This is the primary trust-boundary check the paper demonstrates.
CONTEXT:  PL/pgSQL function kndb.enforce_epistemic_kind() line 34 at RAISE",1,
309,READ COMMITTED,B,1,0,,"CheckViolation: KNDB R5: attribute hba1c is registered as MEASURED, got INFERRED
HINT:  This is the primary trust-boundary check the paper demonstrates.
CONTEXT:  PL/pgSQL function kndb.enforce_epistemic_kind() line 34 at RAISE",1,
310,READ COMMITTED,B,1,0,,"CheckViolation: KNDB R5: attribute hba1c is registered as MEASURED, got INFERRED
HINT:  This is the primary trust-boundary check the paper demonstrates.
CONTEXT:  PL/pgSQL function kndb.enforce_epistemic_kind() line 34 at RAISE",1,
311,READ COMMITTED,A,1,0,,"CheckViolation: KNDB R5: attribute hba1c is registered as MEASURED, got INFERRED
HINT:  This is the primary trust-boundary check the paper demonstrates.
CONTEXT:  PL/pgSQL function kndb.enforce_epistemic_kind() line 34 at RAISE",1,
312,READ COMMITTED,A,1,0,,"CheckViolation: KNDB R5: attribute hba1c is registered as MEASURED, got INFERRED
HINT:  This is the primary trust-boundary check the paper demonstrates.
CONTEXT:  PL/pgSQL function kndb.enforce_epistemic_kind() line 34 at RAISE",1,
313,READ COMMITTED,A,1,0,,"CheckViolation: KNDB R5: attribute hba1c is registered as MEASURED, got INFERRED
HINT:  This is the primary trust-boundary check the paper demonstrates.
CONTEXT:  PL/pgSQL function kndb.enforce_epistemic_kind() line 34 at RAISE",1,
314,READ COMMITTED,B,1,0,,"CheckViolation: KNDB R5: attribute hba1c is registered as MEASURED, got INFERRED
HINT:  This is the primary trust-boundary check the paper demonstrates.
CONTEXT:  PL/pgSQL function kndb.enforce_epistemic_kind() line 34 at RAISE",1,
315,READ COMMITTED,B,1,0,,"CheckViolation: KNDB R5: attribute hba1c is registered as MEASURED, got INFERRED
HINT:  This is the primary trust-boundary check the paper demonstrates.
CONTEXT:  PL/pgSQL function kndb.enforce_epistemic_kind() line 34 at RAISE",1,
316,READ COMMITTED,A,1,0,,"CheckViolation: KNDB R5: attribute hba1c is registered as MEASURED, got INFERRED
HINT:  This is the primary trust-boundary check the paper demonstrates.
CONTEXT:  PL/pgSQL function kndb.enforce_epistemic_kind() line 34 at RAISE",1,
317,READ COMMITTED,B,1,0,,"CheckViolation: KNDB R5: attribute hba1c is registered as MEASURED, got INFERRED
HINT:  This is the primary trust-boundary check the paper demonstrates.
CONTEXT:  PL/pgSQL function kndb.enforce_epistemic_kind() line 34 at RAISE",1,
318,READ COMMITTED,A,1,0,,"CheckViolation: KNDB R5: attribute hba1c is registered as MEASURED, got INFERRED
HINT:  This is the primary trust-boundary check the paper demonstrates.
CONTEXT:  PL/pgSQL function kndb.enforce_epistemic_kind() line 34 at RAISE",1,
319,READ COMMITTED,B,1,0,,"CheckViolation: KNDB R5: attribute hba1c is registered as MEASURED, got INFERRED
HINT:  This is the primary trust-boundary check the paper demonstrates.
CONTEXT:  PL/pgSQL function kndb.enforce_epistemic_kind() line 34 at RAISE",1,
320,READ COMMITTED,B,1,0,,"CheckViolation: KNDB R5: attribute hba1c is registered as MEASURED, got INFERRED
HINT:  This is the primary trust-boundary check the paper demonstrates.
CONTEXT:  PL/pgSQL function kndb.enforce_epistemic_kind() line 34 at RAISE",1,
321,READ COMMITTED,B,1,0,,"CheckViolation: KNDB R5: attribute hba1c is registered as MEASURED, got INFERRED
HINT:  This is the primary trust-boundary check the paper demonstrates.
CONTEXT:  PL/pgSQL function kndb.enforce_epistemic_kind() line 34 at RAISE",1,
322,READ COMMITTED,B,1,0,,"CheckViolation: KNDB R5: attribute hba1c is registered as MEASURED, got INFERRED
HINT:  This is the primary trust-boundary check the paper demonstrates.
CONTEXT:  PL/pgSQL function kndb.enforce_epistemic_kind() line 34 at RAISE",1,
323,READ COMMITTED,B,1,0,,"CheckViolation: KNDB R5: attribute hba1c is registered as MEASURED, got INFERRED
HINT:  This is the primary trust-boundary check the paper demonstrates.
CONTEXT:  PL/pgSQL function kndb.enforce_epistemic_kind() line 34 at RAISE",1,
324,READ COMMITTED,A,1,0,,"CheckViolation: KNDB R5: attribute hba1c is registered as MEASURED, got INFERRED
HINT:  This is the primary trust-boundary check the paper demonstrates.
CONTEXT:  PL/pgSQL function kndb.enforce_epistemic_kind() line 34 at RAISE",1,
325,READ COMMITTED,B,1,0,,"CheckViolation: KNDB R5: attribute hba1c is registered as MEASURED, got INFERRED
HINT:  This is the primary trust-boundary check the paper demonstrates.
CONTEXT:  PL/pgSQL function kndb.enforce_epistemic_kind() line 34 at RAISE",1,
326,READ COMMITTED,A,1,0,,"CheckViolation: KNDB R5: attribute hba1c is registered as MEASURED, got INFERRED
HINT:  This is the primary trust-boundary check the paper demonstrates.
CONTEXT:  PL/pgSQL function kndb.enforce_epistemic_kind() line 34 at RAISE",1,
327,READ COMMITTED,B,1,0,,"CheckViolation: KNDB R5: attribute hba1c is registered as MEASURED, got INFERRED
HINT:  This is the primary trust-boundary check the paper demonstrates.
CONTEXT:  PL/pgSQL function kndb.enforce_epistemic_kind() line 34 at RAISE",1,
328,READ COMMITTED,B,1,0,,"CheckViolation: KNDB R5: attribute hba1c is registered as MEASURED, got INFERRED
HINT:  This is the primary trust-boundary check the paper demonstrates.
CONTEXT:  PL/pgSQL function kndb.enforce_epistemic_kind() line 34 at RAISE",1,
329,READ COMMITTED,B,1,0,,"CheckViolation: KNDB R5: attribute hba1c is registered as MEASURED, got INFERRED
HINT:  This is the primary trust-boundary check the paper demonstrates.
CONTEXT:  PL/pgSQL function kndb.enforce_epistemic_kind() line 34 at RAISE",1,
330,READ COMMITTED,B,1,0,,"CheckViolation: KNDB R5: attribute hba1c is registered as MEASURED, got INFERRED
HINT:  This is the primary trust-boundary check the paper demonstrates.
CONTEXT:  PL/pgSQL function kndb.enforce_epistemic_kind() line 34 at RAISE",1,
331,READ COMMITTED,A,1,0,,"CheckViolation: KNDB R5: attribute hba1c is registered as MEASURED, got INFERRED
HINT:  This is the primary trust-boundary check the paper demonstrates.
CONTEXT:  PL/pgSQL function kndb.enforce_epistemic_kind() line 34 at RAISE",1,
332,READ COMMITTED,B,1,0,,"CheckViolation: KNDB R5: attribute hba1c is registered as MEASURED, got INFERRED
HINT:  This is the primary trust-boundary check the paper demonstrates.
CONTEXT:  PL/pgSQL function kndb.enforce_epistemic_kind() line 34 at RAISE",1,
333,READ COMMITTED,A,1,0,,"CheckViolation: KNDB R5: attribute hba1c is registered as MEASURED, got INFERRED
HINT:  This is the primary trust-boundary check the paper demonstrates.
CONTEXT:  PL/pgSQL function kndb.enforce_epistemic_kind() line 34 at RAISE",1,
334,READ COMMITTED,B,1,0,,"CheckViolation: KNDB R5: attribute hba1c is registered as MEASURED, got INFERRED
HINT:  This is the primary trust-boundary check the paper demonstrates.
CONTEXT:  PL/pgSQL function kndb.enforce_epistemic_kind() line 34 at RAISE",1,
335,READ COMMITTED,B,1,0,,"CheckViolation: KNDB R5: attribute hba1c is registered as MEASURED, got INFERRED
HINT:  This is the primary trust-boundary check the paper demonstrates.
CONTEXT:  PL/pgSQL function kndb.enforce_epistemic_kind() line 34 at RAISE",1,
336,READ COMMITTED,A,1,0,,"CheckViolation: KNDB R5: attribute hba1c is registered as MEASURED, got INFERRED
HINT:  This is the primary trust-boundary check the paper demonstrates.
CONTEXT:  PL/pgSQL function kndb.enforce_epistemic_kind() line 34 at RAISE",1,
337,READ COMMITTED,B,1,0,,"CheckViolation: KNDB R5: attribute hba1c is registered as MEASURED, got INFERRED
HINT:  This is the primary trust-boundary check the paper demonstrates.
CONTEXT:  PL/pgSQL function kndb.enforce_epistemic_kind() line 34 at RAISE",1,
338,READ COMMITTED,A,1,0,,"CheckViolation: KNDB R5: attribute hba1c is registered as MEASURED, got INFERRED
HINT:  This is the primary trust-boundary check the paper demonstrates.
CONTEXT:  PL/pgSQL function kndb.enforce_epistemic_kind() line 34 at RAISE",1,
339,READ COMMITTED,A,1,0,,"CheckViolation: KNDB R5: attribute hba1c is registered as MEASURED, got INFERRED
HINT:  This is the primary trust-boundary check the paper demonstrates.
CONTEXT:  PL/pgSQL function kndb.enforce_epistemic_kind() line 34 at RAISE",1,
340,READ COMMITTED,B,1,0,,"CheckViolation: KNDB R5: attribute hba1c is registered as MEASURED, got INFERRED
HINT:  This is the primary trust-boundary check the paper demonstrates.
CONTEXT:  PL/pgSQL function kndb.enforce_epistemic_kind() line 34 at RAISE",1,
341,READ COMMITTED,A,1,0,,"CheckViolation: KNDB R5: attribute hba1c is registered as MEASURED, got INFERRED
HINT:  This is the primary trust-boundary check the paper demonstrates.
CONTEXT:  PL/pgSQL function kndb.enforce_epistemic_kind() line 34 at RAISE",1,
342,READ COMMITTED,A,1,0,,"CheckViolation: KNDB R5: attribute hba1c is registered as MEASURED, got INFERRED
HINT:  This is the primary trust-boundary check the paper demonstrates.
CONTEXT:  PL/pgSQL function kndb.enforce_epistemic_kind() line 34 at RAISE",1,
343,READ COMMITTED,A,1,0,,"CheckViolation: KNDB R5: attribute hba1c is registered as MEASURED, got INFERRED
HINT:  This is the primary trust-boundary check the paper demonstrates.
CONTEXT:  PL/pgSQL function kndb.enforce_epistemic_kind() line 34 at RAISE",1,
344,READ COMMITTED,A,1,0,,"CheckViolation: KNDB R5: attribute hba1c is registered as MEASURED, got INFERRED
HINT:  This is the primary trust-boundary check the paper demonstrates.
CONTEXT:  PL/pgSQL function kndb.enforce_epistemic_kind() line 34 at RAISE",1,
345,READ COMMITTED,B,1,0,,"CheckViolation: KNDB R5: attribute hba1c is registered as MEASURED, got INFERRED
HINT:  This is the primary trust-boundary check the paper demonstrates.
CONTEXT:  PL/pgSQL function kndb.enforce_epistemic_kind() line 34 at RAISE",1,
346,READ COMMITTED,B,1,0,,"CheckViolation: KNDB R5: attribute hba1c is registered as MEASURED, got INFERRED
HINT:  This is the primary trust-boundary check the paper demonstrates.
CONTEXT:  PL/pgSQL function kndb.enforce_epistemic_kind() line 34 at RAISE",1,
347,READ COMMITTED,A,1,0,,"CheckViolation: KNDB R5: attribute hba1c is registered as MEASURED, got INFERRED
HINT:  This is the primary trust-boundary check the paper demonstrates.
CONTEXT:  PL/pgSQL function kndb.enforce_epistemic_kind() line 34 at RAISE",1,
348,READ COMMITTED,B,1,0,,"CheckViolation: KNDB R5: attribute hba1c is registered as MEASURED, got INFERRED
HINT:  This is the primary trust-boundary check the paper demonstrates.
CONTEXT:  PL/pgSQL function kndb.enforce_epistemic_kind() line 34 at RAISE",1,
349,READ COMMITTED,A,1,0,,"CheckViolation: KNDB R5: attribute hba1c is registered as MEASURED, got INFERRED
HINT:  This is the primary trust-boundary check the paper demonstrates.
CONTEXT:  PL/pgSQL function kndb.enforce_epistemic_kind() line 34 at RAISE",1,
350,READ COMMITTED,B,1,0,,"CheckViolation: KNDB R5: attribute hba1c is registered as MEASURED, got INFERRED
HINT:  This is the primary trust-boundary check the paper demonstrates.
CONTEXT:  PL/pgSQL function kndb.enforce_epistemic_kind() line 34 at RAISE",1,
351,READ COMMITTED,B,1,0,,"CheckViolation: KNDB R5: attribute hba1c is registered as MEASURED, got INFERRED
HINT:  This is the primary trust-boundary check the paper demonstrates.
CONTEXT:  PL/pgSQL function kndb.enforce_epistemic_kind() line 34 at RAISE",1,
352,READ COMMITTED,B,1,0,,"CheckViolation: KNDB R5: attribute hba1c is registered as MEASURED, got INFERRED
HINT:  This is the primary trust-boundary check the paper demonstrates.
CONTEXT:  PL/pgSQL function kndb.enforce_epistemic_kind() line 34 at RAISE",1,
353,READ COMMITTED,A,1,0,,"CheckViolation: KNDB R5: attribute hba1c is registered as MEASURED, got INFERRED
HINT:  This is the primary trust-boundary check the paper demonstrates.
CONTEXT:  PL/pgSQL function kndb.enforce_epistemic_kind() line 34 at RAISE",1,
354,READ COMMITTED,B,1,0,,"CheckViolation: KNDB R5: attribute hba1c is registered as MEASURED, got INFERRED
HINT:  This is the primary trust-boundary check the paper demonstrates.
CONTEXT:  PL/pgSQL function kndb.enforce_epistemic_kind() line 34 at RAISE",1,
355,READ COMMITTED,A,1,0,,"CheckViolation: KNDB R5: attribute hba1c is registered as MEASURED, got INFERRED
HINT:  This is the primary trust-boundary check the paper demonstrates.
CONTEXT:  PL/pgSQL function kndb.enforce_epistemic_kind() line 34 at RAISE",1,
356,READ COMMITTED,B,1,0,,"CheckViolation: KNDB R5: attribute hba1c is registered as MEASURED, got INFERRED
HINT:  This is the primary trust-boundary check the paper demonstrates.
CONTEXT:  PL/pgSQL function kndb.enforce_epistemic_kind() line 34 at RAISE",1,
357,READ COMMITTED,A,1,0,,"CheckViolation: KNDB R5: attribute hba1c is registered as MEASURED, got INFERRED
HINT:  This is the primary trust-boundary check the paper demonstrates.
CONTEXT:  PL/pgSQL function kndb.enforce_epistemic_kind() line 34 at RAISE",1,
358,READ COMMITTED,A,1,0,,"CheckViolation: KNDB R5: attribute hba1c is registered as MEASURED, got INFERRED
HINT:  This is the primary trust-boundary check the paper demonstrates.
CONTEXT:  PL/pgSQL function kndb.enforce_epistemic_kind() line 34 at RAISE",1,
359,READ COMMITTED,A,1,0,,"CheckViolation: KNDB R5: attribute hba1c is registered as MEASURED, got INFERRED
HINT:  This is the primary trust-boundary check the paper demonstrates.
CONTEXT:  PL/pgSQL function kndb.enforce_epistemic_kind() line 34 at RAISE",1,
360,READ COMMITTED,B,1,0,,"CheckViolation: KNDB R5: attribute hba1c is registered as MEASURED, got INFERRED
HINT:  This is the primary trust-boundary check the paper demonstrates.
CONTEXT:  PL/pgSQL function kndb.enforce_epistemic_kind() line 34 at RAISE",1,
361,READ COMMITTED,A,1,0,,"CheckViolation: KNDB R5: attribute hba1c is registered as MEASURED, got INFERRED
HINT:  This is the primary trust-boundary check the paper demonstrates.
CONTEXT:  PL/pgSQL function kndb.enforce_epistemic_kind() line 34 at RAISE",1,
362,READ COMMITTED,B,1,0,,"CheckViolation: KNDB R5: attribute hba1c is registered as MEASURED, got INFERRED
HINT:  This is the primary trust-boundary check the paper demonstrates.
CONTEXT:  PL/pgSQL function kndb.enforce_epistemic_kind() line 34 at RAISE",1,
363,READ COMMITTED,B,1,0,,"CheckViolation: KNDB R5: attribute hba1c is registered as MEASURED, got INFERRED
HINT:  This is the primary trust-boundary check the paper demonstrates.
CONTEXT:  PL/pgSQL function kndb.enforce_epistemic_kind() line 34 at RAISE",1,
364,READ COMMITTED,A,1,0,,"CheckViolation: KNDB R5: attribute hba1c is registered as MEASURED, got INFERRED
HINT:  This is the primary trust-boundary check the paper demonstrates.
CONTEXT:  PL/pgSQL function kndb.enforce_epistemic_kind() line 34 at RAISE",1,
365,READ COMMITTED,B,1,0,,"CheckViolation: KNDB R5: attribute hba1c is registered as MEASURED, got INFERRED
HINT:  This is the primary trust-boundary check the paper demonstrates.
CONTEXT:  PL/pgSQL function kndb.enforce_epistemic_kind() line 34 at RAISE",1,
366,READ COMMITTED,A,1,0,,"CheckViolation: KNDB R5: attribute hba1c is registered as MEASURED, got INFERRED
HINT:  This is the primary trust-boundary check the paper demonstrates.
CONTEXT:  PL/pgSQL function kndb.enforce_epistemic_kind() line 34 at RAISE",1,
367,READ COMMITTED,B,1,0,,"CheckViolation: KNDB R5: attribute hba1c is registered as MEASURED, got INFERRED
HINT:  This is the primary trust-boundary check the paper demonstrates.
CONTEXT:  PL/pgSQL function kndb.enforce_epistemic_kind() line 34 at RAISE",1,
368,READ COMMITTED,A,1,0,,"CheckViolation: KNDB R5: attribute hba1c is registered as MEASURED, got INFERRED
HINT:  This is the primary trust-boundary check the paper demonstrates.
CONTEXT:  PL/pgSQL function kndb.enforce_epistemic_kind() line 34 at RAISE",1,
369,READ COMMITTED,B,1,0,,"CheckViolation: KNDB R5: attribute hba1c is registered as MEASURED, got INFERRED
HINT:  This is the primary trust-boundary check the paper demonstrates.
CONTEXT:  PL/pgSQL function kndb.enforce_epistemic_kind() line 34 at RAISE",1,
370,READ COMMITTED,B,1,0,,"CheckViolation: KNDB R5: attribute hba1c is registered as MEASURED, got INFERRED
HINT:  This is the primary trust-boundary check the paper demonstrates.
CONTEXT:  PL/pgSQL function kndb.enforce_epistemic_kind() line 34 at RAISE",1,
371,READ COMMITTED,B,1,0,,"CheckViolation: KNDB R5: attribute hba1c is registered as MEASURED, got INFERRED
HINT:  This is the primary trust-boundary check the paper demonstrates.
CONTEXT:  PL/pgSQL function kndb.enforce_epistemic_kind() line 34 at RAISE",1,
372,READ COMMITTED,B,1,0,,"CheckViolation: KNDB R5: attribute hba1c is registered as MEASURED, got INFERRED
HINT:  This is the primary trust-boundary check the paper demonstrates.
CONTEXT:  PL/pgSQL function kndb.enforce_epistemic_kind() line 34 at RAISE",1,
373,READ COMMITTED,B,1,0,,"CheckViolation: KNDB R5: attribute hba1c is registered as MEASURED, got INFERRED
HINT:  This is the primary trust-boundary check the paper demonstrates.
CONTEXT:  PL/pgSQL function kndb.enforce_epistemic_kind() line 34 at RAISE",1,
374,READ COMMITTED,A,1,0,,"CheckViolation: KNDB R5: attribute hba1c is registered as MEASURED, got INFERRED
HINT:  This is the primary trust-boundary check the paper demonstrates.
CONTEXT:  PL/pgSQL function kndb.enforce_epistemic_kind() line 34 at RAISE",1,
375,READ COMMITTED,A,1,0,,"CheckViolation: KNDB R5: attribute hba1c is registered as MEASURED, got INFERRED
HINT:  This is the primary trust-boundary check the paper demonstrates.
CONTEXT:  PL/pgSQL function kndb.enforce_epistemic_kind() line 34 at RAISE",1,
376,READ COMMITTED,B,1,0,,"CheckViolation: KNDB R5: attribute hba1c is registered as MEASURED, got INFERRED
HINT:  This is the primary trust-boundary check the paper demonstrates.
CONTEXT:  PL/pgSQL function kndb.enforce_epistemic_kind() line 34 at RAISE",1,
377,READ COMMITTED,A,1,0,,"CheckViolation: KNDB R5: attribute hba1c is registered as MEASURED, got INFERRED
HINT:  This is the primary trust-boundary check the paper demonstrates.
CONTEXT:  PL/pgSQL function kndb.enforce_epistemic_kind() line 34 at RAISE",1,
378,READ COMMITTED,A,1,0,,"CheckViolation: KNDB R5: attribute hba1c is registered as MEASURED, got INFERRED
HINT:  This is the primary trust-boundary check the paper demonstrates.
CONTEXT:  PL/pgSQL function kndb.enforce_epistemic_kind() line 34 at RAISE",1,
379,READ COMMITTED,B,1,0,,"CheckViolation: KNDB R5: attribute hba1c is registered as MEASURED, got INFERRED
HINT:  This is the primary trust-boundary check the paper demonstrates.
CONTEXT:  PL/pgSQL function kndb.enforce_epistemic_kind() line 34 at RAISE",1,
380,READ COMMITTED,B,1,0,,"CheckViolation: KNDB R5: attribute hba1c is registered as MEASURED, got INFERRED
HINT:  This is the primary trust-boundary check the paper demonstrates.
CONTEXT:  PL/pgSQL function kndb.enforce_epistemic_kind() line 34 at RAISE",1,
381,READ COMMITTED,A,1,0,,"CheckViolation: KNDB R5: attribute hba1c is registered as MEASURED, got INFERRED
HINT:  This is the primary trust-boundary check the paper demonstrates.
CONTEXT:  PL/pgSQL function kndb.enforce_epistemic_kind() line 34 at RAISE",1,
382,READ COMMITTED,A,1,0,,"CheckViolation: KNDB R5: attribute hba1c is registered as MEASURED, got INFERRED
HINT:  This is the primary trust-boundary check the paper demonstrates.
CONTEXT:  PL/pgSQL function kndb.enforce_epistemic_kind() line 34 at RAISE",1,
383,READ COMMITTED,A,1,0,,"CheckViolation: KNDB R5: attribute hba1c is registered as MEASURED, got INFERRED
HINT:  This is the primary trust-boundary check the paper demonstrates.
CONTEXT:  PL/pgSQL function kndb.enforce_epistemic_kind() line 34 at RAISE",1,
384,READ COMMITTED,A,1,0,,"CheckViolation: KNDB R5: attribute hba1c is registered as MEASURED, got INFERRED
HINT:  This is the primary trust-boundary check the paper demonstrates.
CONTEXT:  PL/pgSQL function kndb.enforce_epistemic_kind() line 34 at RAISE",1,
385,READ COMMITTED,A,1,0,,"CheckViolation: KNDB R5: attribute hba1c is registered as MEASURED, got INFERRED
HINT:  This is the primary trust-boundary check the paper demonstrates.
CONTEXT:  PL/pgSQL function kndb.enforce_epistemic_kind() line 34 at RAISE",1,
386,READ COMMITTED,A,1,0,,"CheckViolation: KNDB R5: attribute hba1c is registered as MEASURED, got INFERRED
HINT:  This is the primary trust-boundary check the paper demonstrates.
CONTEXT:  PL/pgSQL function kndb.enforce_epistemic_kind() line 34 at RAISE",1,
387,READ COMMITTED,A,1,0,,"CheckViolation: KNDB R5: attribute hba1c is registered as MEASURED, got INFERRED
HINT:  This is the primary trust-boundary check the paper demonstrates.
CONTEXT:  PL/pgSQL function kndb.enforce_epistemic_kind() line 34 at RAISE",1,
388,READ COMMITTED,B,1,0,,"CheckViolation: KNDB R5: attribute hba1c is registered as MEASURED, got INFERRED
HINT:  This is the primary trust-boundary check the paper demonstrates.
CONTEXT:  PL/pgSQL function kndb.enforce_epistemic_kind() line 34 at RAISE",1,
389,READ COMMITTED,B,1,0,,"CheckViolation: KNDB R5: attribute hba1c is registered as MEASURED, got INFERRED
HINT:  This is the primary trust-boundary check the paper demonstrates.
CONTEXT:  PL/pgSQL function kndb.enforce_epistemic_kind() line 34 at RAISE",1,
390,READ COMMITTED,B,1,0,,"CheckViolation: KNDB R5: attribute hba1c is registered as MEASURED, got INFERRED
HINT:  This is the primary trust-boundary check the paper demonstrates.
CONTEXT:  PL/pgSQL function kndb.enforce_epistemic_kind() line 34 at RAISE",1,
391,READ COMMITTED,B,1,0,,"CheckViolation: KNDB R5: attribute hba1c is registered as MEASURED, got INFERRED
HINT:  This is the primary trust-boundary check the paper demonstrates.
CONTEXT:  PL/pgSQL function kndb.enforce_epistemic_kind() line 34 at RAISE",1,
392,READ COMMITTED,A,1,0,,"CheckViolation: KNDB R5: attribute hba1c is registered as MEASURED, got INFERRED
HINT:  This is the primary trust-boundary check the paper demonstrates.
CONTEXT:  PL/pgSQL function kndb.enforce_epistemic_kind() line 34 at RAISE",1,
393,READ COMMITTED,B,1,0,,"CheckViolation: KNDB R5: attribute hba1c is registered as MEASURED, got INFERRED
HINT:  This is the primary trust-boundary check the paper demonstrates.
CONTEXT:  PL/pgSQL function kndb.enforce_epistemic_kind() line 34 at RAISE",1,
394,READ COMMITTED,A,1,0,,"CheckViolation: KNDB R5: attribute hba1c is registered as MEASURED, got INFERRED
HINT:  This is the primary trust-boundary check the paper demonstrates.
CONTEXT:  PL/pgSQL function kndb.enforce_epistemic_kind() line 34 at RAISE",1,
395,READ COMMITTED,A,1,0,,"CheckViolation: KNDB R5: attribute hba1c is registered as MEASURED, got INFERRED
HINT:  This is the primary trust-boundary check the paper demonstrates.
CONTEXT:  PL/pgSQL function kndb.enforce_epistemic_kind() line 34 at RAISE",1,
396,READ COMMITTED,A,1,0,,"CheckViolation: KNDB R5: attribute hba1c is registered as MEASURED, got INFERRED
HINT:  This is the primary trust-boundary check the paper demonstrates.
CONTEXT:  PL/pgSQL function kndb.enforce_epistemic_kind() line 34 at RAISE",1,
397,READ COMMITTED,B,1,0,,"CheckViolation: KNDB R5: attribute hba1c is registered as MEASURED, got INFERRED
HINT:  This is the primary trust-boundary check the paper demonstrates.
CONTEXT:  PL/pgSQL function kndb.enforce_epistemic_kind() line 34 at RAISE",1,
398,READ COMMITTED,B,1,0,,"CheckViolation: KNDB R5: attribute hba1c is registered as MEASURED, got INFERRED
HINT:  This is the primary trust-boundary check the paper demonstrates.
CONTEXT:  PL/pgSQL function kndb.enforce_epistemic_kind() line 34 at RAISE",1,
399,READ COMMITTED,A,1,0,,"CheckViolation: KNDB R5: attribute hba1c is registered as MEASURED, got INFERRED
HINT:  This is the primary trust-boundary check the paper demonstrates.
CONTEXT:  PL/pgSQL function kndb.enforce_epistemic_kind() line 34 at RAISE",1,
400,READ COMMITTED,A,1,0,,"CheckViolation: KNDB R5: attribute hba1c is registered as MEASURED, got INFERRED
HINT:  This is the primary trust-boundary check the paper demonstrates.
CONTEXT:  PL/pgSQL function kndb.enforce_epistemic_kind() line 34 at RAISE",1,
401,READ COMMITTED,A,1,0,,"CheckViolation: KNDB R5: attribute hba1c is registered as MEASURED, got INFERRED
HINT:  This is the primary trust-boundary check the paper demonstrates.
CONTEXT:  PL/pgSQL function kndb.enforce_epistemic_kind() line 34 at RAISE",1,
402,READ COMMITTED,A,1,0,,"CheckViolation: KNDB R5: attribute hba1c is registered as MEASURED, got INFERRED
HINT:  This is the primary trust-boundary check the paper demonstrates.
CONTEXT:  PL/pgSQL function kndb.enforce_epistemic_kind() line 34 at RAISE",1,
403,READ COMMITTED,B,1,0,,"CheckViolation: KNDB R5: attribute hba1c is registered as MEASURED, got INFERRED
HINT:  This is the primary trust-boundary check the paper demonstrates.
CONTEXT:  PL/pgSQL function kndb.enforce_epistemic_kind() line 34 at RAISE",1,
404,READ COMMITTED,B,1,0,,"CheckViolation: KNDB R5: attribute hba1c is registered as MEASURED, got INFERRED
HINT:  This is the primary trust-boundary check the paper demonstrates.
CONTEXT:  PL/pgSQL function kndb.enforce_epistemic_kind() line 34 at RAISE",1,
405,READ COMMITTED,A,1,0,,"CheckViolation: KNDB R5: attribute hba1c is registered as MEASURED, got INFERRED
HINT:  This is the primary trust-boundary check the paper demonstrates.
CONTEXT:  PL/pgSQL function kndb.enforce_epistemic_kind() line 34 at RAISE",1,
406,READ COMMITTED,A,1,0,,"CheckViolation: KNDB R5: attribute hba1c is registered as MEASURED, got INFERRED
HINT:  This is the primary trust-boundary check the paper demonstrates.
CONTEXT:  PL/pgSQL function kndb.enforce_epistemic_kind() line 34 at RAISE",1,
407,READ COMMITTED,B,1,0,,"CheckViolation: KNDB R5: attribute hba1c is registered as MEASURED, got INFERRED
HINT:  This is the primary trust-boundary check the paper demonstrates.
CONTEXT:  PL/pgSQL function kndb.enforce_epistemic_kind() line 34 at RAISE",1,
408,READ COMMITTED,B,1,0,,"CheckViolation: KNDB R5: attribute hba1c is registered as MEASURED, got INFERRED
HINT:  This is the primary trust-boundary check the paper demonstrates.
CONTEXT:  PL/pgSQL function kndb.enforce_epistemic_kind() line 34 at RAISE",1,
409,READ COMMITTED,A,1,0,,"CheckViolation: KNDB R5: attribute hba1c is registered as MEASURED, got INFERRED
HINT:  This is the primary trust-boundary check the paper demonstrates.
CONTEXT:  PL/pgSQL function kndb.enforce_epistemic_kind() line 34 at RAISE",1,
410,READ COMMITTED,B,1,0,,"CheckViolation: KNDB R5: attribute hba1c is registered as MEASURED, got INFERRED
HINT:  This is the primary trust-boundary check the paper demonstrates.
CONTEXT:  PL/pgSQL function kndb.enforce_epistemic_kind() line 34 at RAISE",1,
411,READ COMMITTED,B,1,0,,"CheckViolation: KNDB R5: attribute hba1c is registered as MEASURED, got INFERRED
HINT:  This is the primary trust-boundary check the paper demonstrates.
CONTEXT:  PL/pgSQL function kndb.enforce_epistemic_kind() line 34 at RAISE",1,
412,READ COMMITTED,B,1,0,,"CheckViolation: KNDB R5: attribute hba1c is registered as MEASURED, got INFERRED
HINT:  This is the primary trust-boundary check the paper demonstrates.
CONTEXT:  PL/pgSQL function kndb.enforce_epistemic_kind() line 34 at RAISE",1,
413,READ COMMITTED,A,1,0,,"CheckViolation: KNDB R5: attribute hba1c is registered as MEASURED, got INFERRED
HINT:  This is the primary trust-boundary check the paper demonstrates.
CONTEXT:  PL/pgSQL function kndb.enforce_epistemic_kind() line 34 at RAISE",1,
414,READ COMMITTED,A,1,0,,"CheckViolation: KNDB R5: attribute hba1c is registered as MEASURED, got INFERRED
HINT:  This is the primary trust-boundary check the paper demonstrates.
CONTEXT:  PL/pgSQL function kndb.enforce_epistemic_kind() line 34 at RAISE",1,
415,READ COMMITTED,A,1,0,,"CheckViolation: KNDB R5: attribute hba1c is registered as MEASURED, got INFERRED
HINT:  This is the primary trust-boundary check the paper demonstrates.
CONTEXT:  PL/pgSQL function kndb.enforce_epistemic_kind() line 34 at RAISE",1,
416,READ COMMITTED,A,1,0,,"CheckViolation: KNDB R5: attribute hba1c is registered as MEASURED, got INFERRED
HINT:  This is the primary trust-boundary check the paper demonstrates.
CONTEXT:  PL/pgSQL function kndb.enforce_epistemic_kind() line 34 at RAISE",1,
417,READ COMMITTED,A,1,0,,"CheckViolation: KNDB R5: attribute hba1c is registered as MEASURED, got INFERRED
HINT:  This is the primary trust-boundary check the paper demonstrates.
CONTEXT:  PL/pgSQL function kndb.enforce_epistemic_kind() line 34 at RAISE",1,
418,READ COMMITTED,B,1,0,,"CheckViolation: KNDB R5: attribute hba1c is registered as MEASURED, got INFERRED
HINT:  This is the primary trust-boundary check the paper demonstrates.
CONTEXT:  PL/pgSQL function kndb.enforce_epistemic_kind() line 34 at RAISE",1,
419,READ COMMITTED,A,1,0,,"CheckViolation: KNDB R5: attribute hba1c is registered as MEASURED, got INFERRED
HINT:  This is the primary trust-boundary check the paper demonstrates.
CONTEXT:  PL/pgSQL function kndb.enforce_epistemic_kind() line 34 at RAISE",1,
420,READ COMMITTED,A,1,0,,"CheckViolation: KNDB R5: attribute hba1c is registered as MEASURED, got INFERRED
HINT:  This is the primary trust-boundary check the paper demonstrates.
CONTEXT:  PL/pgSQL function kndb.enforce_epistemic_kind() line 34 at RAISE",1,
421,READ COMMITTED,B,1,0,,"CheckViolation: KNDB R5: attribute hba1c is registered as MEASURED, got INFERRED
HINT:  This is the primary trust-boundary check the paper demonstrates.
CONTEXT:  PL/pgSQL function kndb.enforce_epistemic_kind() line 34 at RAISE",1,
422,READ COMMITTED,A,1,0,,"CheckViolation: KNDB R5: attribute hba1c is registered as MEASURED, got INFERRED
HINT:  This is the primary trust-boundary check the paper demonstrates.
CONTEXT:  PL/pgSQL function kndb.enforce_epistemic_kind() line 34 at RAISE",1,
423,READ COMMITTED,B,1,0,,"CheckViolation: KNDB R5: attribute hba1c is registered as MEASURED, got INFERRED
HINT:  This is the primary trust-boundary check the paper demonstrates.
CONTEXT:  PL/pgSQL function kndb.enforce_epistemic_kind() line 34 at RAISE",1,
424,READ COMMITTED,A,1,0,,"CheckViolation: KNDB R5: attribute hba1c is registered as MEASURED, got INFERRED
HINT:  This is the primary trust-boundary check the paper demonstrates.
CONTEXT:  PL/pgSQL function kndb.enforce_epistemic_kind() line 34 at RAISE",1,
425,READ COMMITTED,A,1,0,,"CheckViolation: KNDB R5: attribute hba1c is registered as MEASURED, got INFERRED
HINT:  This is the primary trust-boundary check the paper demonstrates.
CONTEXT:  PL/pgSQL function kndb.enforce_epistemic_kind() line 34 at RAISE",1,
426,READ COMMITTED,B,1,0,,"CheckViolation: KNDB R5: attribute hba1c is registered as MEASURED, got INFERRED
HINT:  This is the primary trust-boundary check the paper demonstrates.
CONTEXT:  PL/pgSQL function kndb.enforce_epistemic_kind() line 34 at RAISE",1,
427,READ COMMITTED,A,1,0,,"CheckViolation: KNDB R5: attribute hba1c is registered as MEASURED, got INFERRED
HINT:  This is the primary trust-boundary check the paper demonstrates.
CONTEXT:  PL/pgSQL function kndb.enforce_epistemic_kind() line 34 at RAISE",1,
428,READ COMMITTED,B,1,0,,"CheckViolation: KNDB R5: attribute hba1c is registered as MEASURED, got INFERRED
HINT:  This is the primary trust-boundary check the paper demonstrates.
CONTEXT:  PL/pgSQL function kndb.enforce_epistemic_kind() line 34 at RAISE",1,
429,READ COMMITTED,B,1,0,,"CheckViolation: KNDB R5: attribute hba1c is registered as MEASURED, got INFERRED
HINT:  This is the primary trust-boundary check the paper demonstrates.
CONTEXT:  PL/pgSQL function kndb.enforce_epistemic_kind() line 34 at RAISE",1,
430,READ COMMITTED,A,1,0,,"CheckViolation: KNDB R5: attribute hba1c is registered as MEASURED, got INFERRED
HINT:  This is the primary trust-boundary check the paper demonstrates.
CONTEXT:  PL/pgSQL function kndb.enforce_epistemic_kind() line 34 at RAISE",1,
431,READ COMMITTED,A,1,0,,"CheckViolation: KNDB R5: attribute hba1c is registered as MEASURED, got INFERRED
HINT:  This is the primary trust-boundary check the paper demonstrates.
CONTEXT:  PL/pgSQL function kndb.enforce_epistemic_kind() line 34 at RAISE",1,
432,READ COMMITTED,A,1,0,,"CheckViolation: KNDB R5: attribute hba1c is registered as MEASURED, got INFERRED
HINT:  This is the primary trust-boundary check the paper demonstrates.
CONTEXT:  PL/pgSQL function kndb.enforce_epistemic_kind() line 34 at RAISE",1,
433,READ COMMITTED,B,1,0,,"CheckViolation: KNDB R5: attribute hba1c is registered as MEASURED, got INFERRED
HINT:  This is the primary trust-boundary check the paper demonstrates.
CONTEXT:  PL/pgSQL function kndb.enforce_epistemic_kind() line 34 at RAISE",1,
434,READ COMMITTED,B,1,0,,"CheckViolation: KNDB R5: attribute hba1c is registered as MEASURED, got INFERRED
HINT:  This is the primary trust-boundary check the paper demonstrates.
CONTEXT:  PL/pgSQL function kndb.enforce_epistemic_kind() line 34 at RAISE",1,
435,READ COMMITTED,A,1,0,,"CheckViolation: KNDB R5: attribute hba1c is registered as MEASURED, got INFERRED
HINT:  This is the primary trust-boundary check the paper demonstrates.
CONTEXT:  PL/pgSQL function kndb.enforce_epistemic_kind() line 34 at RAISE",1,
436,READ COMMITTED,A,1,0,,"CheckViolation: KNDB R5: attribute hba1c is registered as MEASURED, got INFERRED
HINT:  This is the primary trust-boundary check the paper demonstrates.
CONTEXT:  PL/pgSQL function kndb.enforce_epistemic_kind() line 34 at RAISE",1,
437,READ COMMITTED,B,1,0,,"CheckViolation: KNDB R5: attribute hba1c is registered as MEASURED, got INFERRED
HINT:  This is the primary trust-boundary check the paper demonstrates.
CONTEXT:  PL/pgSQL function kndb.enforce_epistemic_kind() line 34 at RAISE",1,
438,READ COMMITTED,A,1,0,,"CheckViolation: KNDB R5: attribute hba1c is registered as MEASURED, got INFERRED
HINT:  This is the primary trust-boundary check the paper demonstrates.
CONTEXT:  PL/pgSQL function kndb.enforce_epistemic_kind() line 34 at RAISE",1,
439,READ COMMITTED,B,1,0,,"CheckViolation: KNDB R5: attribute hba1c is registered as MEASURED, got INFERRED
HINT:  This is the primary trust-boundary check the paper demonstrates.
CONTEXT:  PL/pgSQL function kndb.enforce_epistemic_kind() line 34 at RAISE",1,
440,READ COMMITTED,B,1,0,,"CheckViolation: KNDB R5: attribute hba1c is registered as MEASURED, got INFERRED
HINT:  This is the primary trust-boundary check the paper demonstrates.
CONTEXT:  PL/pgSQL function kndb.enforce_epistemic_kind() line 34 at RAISE",1,
441,READ COMMITTED,B,1,0,,"CheckViolation: KNDB R5: attribute hba1c is registered as MEASURED, got INFERRED
HINT:  This is the primary trust-boundary check the paper demonstrates.
CONTEXT:  PL/pgSQL function kndb.enforce_epistemic_kind() line 34 at RAISE",1,
442,READ COMMITTED,B,1,0,,"CheckViolation: KNDB R5: attribute hba1c is registered as MEASURED, got INFERRED
HINT:  This is the primary trust-boundary check the paper demonstrates.
CONTEXT:  PL/pgSQL function kndb.enforce_epistemic_kind() line 34 at RAISE",1,
443,READ COMMITTED,B,1,0,,"CheckViolation: KNDB R5: attribute hba1c is registered as MEASURED, got INFERRED
HINT:  This is the primary trust-boundary check the paper demonstrates.
CONTEXT:  PL/pgSQL function kndb.enforce_epistemic_kind() line 34 at RAISE",1,
444,READ COMMITTED,B,1,0,,"CheckViolation: KNDB R5: attribute hba1c is registered as MEASURED, got INFERRED
HINT:  This is the primary trust-boundary check the paper demonstrates.
CONTEXT:  PL/pgSQL function kndb.enforce_epistemic_kind() line 34 at RAISE",1,
445,READ COMMITTED,B,1,0,,"CheckViolation: KNDB R5: attribute hba1c is registered as MEASURED, got INFERRED
HINT:  This is the primary trust-boundary check the paper demonstrates.
CONTEXT:  PL/pgSQL function kndb.enforce_epistemic_kind() line 34 at RAISE",1,
446,READ COMMITTED,B,1,0,,"CheckViolation: KNDB R5: attribute hba1c is registered as MEASURED, got INFERRED
HINT:  This is the primary trust-boundary check the paper demonstrates.
CONTEXT:  PL/pgSQL function kndb.enforce_epistemic_kind() line 34 at RAISE",1,
447,READ COMMITTED,B,1,0,,"CheckViolation: KNDB R5: attribute hba1c is registered as MEASURED, got INFERRED
HINT:  This is the primary trust-boundary check the paper demonstrates.
CONTEXT:  PL/pgSQL function kndb.enforce_epistemic_kind() line 34 at RAISE",1,
448,READ COMMITTED,B,1,0,,"CheckViolation: KNDB R5: attribute hba1c is registered as MEASURED, got INFERRED
HINT:  This is the primary trust-boundary check the paper demonstrates.
CONTEXT:  PL/pgSQL function kndb.enforce_epistemic_kind() line 34 at RAISE",1,
449,READ COMMITTED,B,1,0,,"CheckViolation: KNDB R5: attribute hba1c is registered as MEASURED, got INFERRED
HINT:  This is the primary trust-boundary check the paper demonstrates.
CONTEXT:  PL/pgSQL function kndb.enforce_epistemic_kind() line 34 at RAISE",1,
450,READ COMMITTED,B,1,0,,"CheckViolation: KNDB R5: attribute hba1c is registered as MEASURED, got INFERRED
HINT:  This is the primary trust-boundary check the paper demonstrates.
CONTEXT:  PL/pgSQL function kndb.enforce_epistemic_kind() line 34 at RAISE",1,
451,READ COMMITTED,B,1,0,,"CheckViolation: KNDB R5: attribute hba1c is registered as MEASURED, got INFERRED
HINT:  This is the primary trust-boundary check the paper demonstrates.
CONTEXT:  PL/pgSQL function kndb.enforce_epistemic_kind() line 34 at RAISE",1,
452,READ COMMITTED,A,1,0,,"CheckViolation: KNDB R5: attribute hba1c is registered as MEASURED, got INFERRED
HINT:  This is the primary trust-boundary check the paper demonstrates.
CONTEXT:  PL/pgSQL function kndb.enforce_epistemic_kind() line 34 at RAISE",1,
453,READ COMMITTED,A,1,0,,"CheckViolation: KNDB R5: attribute hba1c is registered as MEASURED, got INFERRED
HINT:  This is the primary trust-boundary check the paper demonstrates.
CONTEXT:  PL/pgSQL function kndb.enforce_epistemic_kind() line 34 at RAISE",1,
454,READ COMMITTED,A,1,0,,"CheckViolation: KNDB R5: attribute hba1c is registered as MEASURED, got INFERRED
HINT:  This is the primary trust-boundary check the paper demonstrates.
CONTEXT:  PL/pgSQL function kndb.enforce_epistemic_kind() line 34 at RAISE",1,
455,READ COMMITTED,B,1,0,,"CheckViolation: KNDB R5: attribute hba1c is registered as MEASURED, got INFERRED
HINT:  This is the primary trust-boundary check the paper demonstrates.
CONTEXT:  PL/pgSQL function kndb.enforce_epistemic_kind() line 34 at RAISE",1,
456,READ COMMITTED,B,1,0,,"CheckViolation: KNDB R5: attribute hba1c is registered as MEASURED, got INFERRED
HINT:  This is the primary trust-boundary check the paper demonstrates.
CONTEXT:  PL/pgSQL function kndb.enforce_epistemic_kind() line 34 at RAISE",1,
457,READ COMMITTED,B,1,0,,"CheckViolation: KNDB R5: attribute hba1c is registered as MEASURED, got INFERRED
HINT:  This is the primary trust-boundary check the paper demonstrates.
CONTEXT:  PL/pgSQL function kndb.enforce_epistemic_kind() line 34 at RAISE",1,
458,READ COMMITTED,B,1,0,,"CheckViolation: KNDB R5: attribute hba1c is registered as MEASURED, got INFERRED
HINT:  This is the primary trust-boundary check the paper demonstrates.
CONTEXT:  PL/pgSQL function kndb.enforce_epistemic_kind() line 34 at RAISE",1,
459,READ COMMITTED,A,1,0,,"CheckViolation: KNDB R5: attribute hba1c is registered as MEASURED, got INFERRED
HINT:  This is the primary trust-boundary check the paper demonstrates.
CONTEXT:  PL/pgSQL function kndb.enforce_epistemic_kind() line 34 at RAISE",1,
460,READ COMMITTED,A,1,0,,"CheckViolation: KNDB R5: attribute hba1c is registered as MEASURED, got INFERRED
HINT:  This is the primary trust-boundary check the paper demonstrates.
CONTEXT:  PL/pgSQL function kndb.enforce_epistemic_kind() line 34 at RAISE",1,
461,READ COMMITTED,A,1,0,,"CheckViolation: KNDB R5: attribute hba1c is registered as MEASURED, got INFERRED
HINT:  This is the primary trust-boundary check the paper demonstrates.
CONTEXT:  PL/pgSQL function kndb.enforce_epistemic_kind() line 34 at RAISE",1,
462,READ COMMITTED,A,1,0,,"CheckViolation: KNDB R5: attribute hba1c is registered as MEASURED, got INFERRED
HINT:  This is the primary trust-boundary check the paper demonstrates.
CONTEXT:  PL/pgSQL function kndb.enforce_epistemic_kind() line 34 at RAISE",1,
463,READ COMMITTED,A,1,0,,"CheckViolation: KNDB R5: attribute hba1c is registered as MEASURED, got INFERRED
HINT:  This is the primary trust-boundary check the paper demonstrates.
CONTEXT:  PL/pgSQL function kndb.enforce_epistemic_kind() line 34 at RAISE",1,
464,READ COMMITTED,B,1,0,,"CheckViolation: KNDB R5: attribute hba1c is registered as MEASURED, got INFERRED
HINT:  This is the primary trust-boundary check the paper demonstrates.
CONTEXT:  PL/pgSQL function kndb.enforce_epistemic_kind() line 34 at RAISE",1,
465,READ COMMITTED,A,1,0,,"CheckViolation: KNDB R5: attribute hba1c is registered as MEASURED, got INFERRED
HINT:  This is the primary trust-boundary check the paper demonstrates.
CONTEXT:  PL/pgSQL function kndb.enforce_epistemic_kind() line 34 at RAISE",1,
466,READ COMMITTED,A,1,0,,"CheckViolation: KNDB R5: attribute hba1c is registered as MEASURED, got INFERRED
HINT:  This is the primary trust-boundary check the paper demonstrates.
CONTEXT:  PL/pgSQL function kndb.enforce_epistemic_kind() line 34 at RAISE",1,
467,READ COMMITTED,B,1,0,,"CheckViolation: KNDB R5: attribute hba1c is registered as MEASURED, got INFERRED
HINT:  This is the primary trust-boundary check the paper demonstrates.
CONTEXT:  PL/pgSQL function kndb.enforce_epistemic_kind() line 34 at RAISE",1,
468,READ COMMITTED,B,1,0,,"CheckViolation: KNDB R5: attribute hba1c is registered as MEASURED, got INFERRED
HINT:  This is the primary trust-boundary check the paper demonstrates.
CONTEXT:  PL/pgSQL function kndb.enforce_epistemic_kind() line 34 at RAISE",1,
469,READ COMMITTED,A,1,0,,"CheckViolation: KNDB R5: attribute hba1c is registered as MEASURED, got INFERRED
HINT:  This is the primary trust-boundary check the paper demonstrates.
CONTEXT:  PL/pgSQL function kndb.enforce_epistemic_kind() line 34 at RAISE",1,
470,READ COMMITTED,A,1,0,,"CheckViolation: KNDB R5: attribute hba1c is registered as MEASURED, got INFERRED
HINT:  This is the primary trust-boundary check the paper demonstrates.
CONTEXT:  PL/pgSQL function kndb.enforce_epistemic_kind() line 34 at RAISE",1,
471,READ COMMITTED,B,1,0,,"CheckViolation: KNDB R5: attribute hba1c is registered as MEASURED, got INFERRED
HINT:  This is the primary trust-boundary check the paper demonstrates.
CONTEXT:  PL/pgSQL function kndb.enforce_epistemic_kind() line 34 at RAISE",1,
472,READ COMMITTED,A,1,0,,"CheckViolation: KNDB R5: attribute hba1c is registered as MEASURED, got INFERRED
HINT:  This is the primary trust-boundary check the paper demonstrates.
CONTEXT:  PL/pgSQL function kndb.enforce_epistemic_kind() line 34 at RAISE",1,
473,READ COMMITTED,A,1,0,,"CheckViolation: KNDB R5: attribute hba1c is registered as MEASURED, got INFERRED
HINT:  This is the primary trust-boundary check the paper demonstrates.
CONTEXT:  PL/pgSQL function kndb.enforce_epistemic_kind() line 34 at RAISE",1,
474,READ COMMITTED,A,1,0,,"CheckViolation: KNDB R5: attribute hba1c is registered as MEASURED, got INFERRED
HINT:  This is the primary trust-boundary check the paper demonstrates.
CONTEXT:  PL/pgSQL function kndb.enforce_epistemic_kind() line 34 at RAISE",1,
475,READ COMMITTED,B,1,0,,"CheckViolation: KNDB R5: attribute hba1c is registered as MEASURED, got INFERRED
HINT:  This is the primary trust-boundary check the paper demonstrates.
CONTEXT:  PL/pgSQL function kndb.enforce_epistemic_kind() line 34 at RAISE",1,
476,READ COMMITTED,B,1,0,,"CheckViolation: KNDB R5: attribute hba1c is registered as MEASURED, got INFERRED
HINT:  This is the primary trust-boundary check the paper demonstrates.
CONTEXT:  PL/pgSQL function kndb.enforce_epistemic_kind() line 34 at RAISE",1,
477,READ COMMITTED,B,1,0,,"CheckViolation: KNDB R5: attribute hba1c is registered as MEASURED, got INFERRED
HINT:  This is the primary trust-boundary check the paper demonstrates.
CONTEXT:  PL/pgSQL function kndb.enforce_epistemic_kind() line 34 at RAISE",1,
478,READ COMMITTED,B,1,0,,"CheckViolation: KNDB R5: attribute hba1c is registered as MEASURED, got INFERRED
HINT:  This is the primary trust-boundary check the paper demonstrates.
CONTEXT:  PL/pgSQL function kndb.enforce_epistemic_kind() line 34 at RAISE",1,
479,READ COMMITTED,B,1,0,,"CheckViolation: KNDB R5: attribute hba1c is registered as MEASURED, got INFERRED
HINT:  This is the primary trust-boundary check the paper demonstrates.
CONTEXT:  PL/pgSQL function kndb.enforce_epistemic_kind() line 34 at RAISE",1,
480,READ COMMITTED,A,1,0,,"CheckViolation: KNDB R5: attribute hba1c is registered as MEASURED, got INFERRED
HINT:  This is the primary trust-boundary check the paper demonstrates.
CONTEXT:  PL/pgSQL function kndb.enforce_epistemic_kind() line 34 at RAISE",1,
481,READ COMMITTED,A,1,0,,"CheckViolation: KNDB R5: attribute hba1c is registered as MEASURED, got INFERRED
HINT:  This is the primary trust-boundary check the paper demonstrates.
CONTEXT:  PL/pgSQL function kndb.enforce_epistemic_kind() line 34 at RAISE",1,
482,READ COMMITTED,A,1,0,,"CheckViolation: KNDB R5: attribute hba1c is registered as MEASURED, got INFERRED
HINT:  This is the primary trust-boundary check the paper demonstrates.
CONTEXT:  PL/pgSQL function kndb.enforce_epistemic_kind() line 34 at RAISE",1,
483,READ COMMITTED,B,1,0,,"CheckViolation: KNDB R5: attribute hba1c is registered as MEASURED, got INFERRED
HINT:  This is the primary trust-boundary check the paper demonstrates.
CONTEXT:  PL/pgSQL function kndb.enforce_epistemic_kind() line 34 at RAISE",1,
484,READ COMMITTED,B,1,0,,"CheckViolation: KNDB R5: attribute hba1c is registered as MEASURED, got INFERRED
HINT:  This is the primary trust-boundary check the paper demonstrates.
CONTEXT:  PL/pgSQL function kndb.enforce_epistemic_kind() line 34 at RAISE",1,
485,READ COMMITTED,B,1,0,,"CheckViolation: KNDB R5: attribute hba1c is registered as MEASURED, got INFERRED
HINT:  This is the primary trust-boundary check the paper demonstrates.
CONTEXT:  PL/pgSQL function kndb.enforce_epistemic_kind() line 34 at RAISE",1,
486,READ COMMITTED,A,1,0,,"CheckViolation: KNDB R5: attribute hba1c is registered as MEASURED, got INFERRED
HINT:  This is the primary trust-boundary check the paper demonstrates.
CONTEXT:  PL/pgSQL function kndb.enforce_epistemic_kind() line 34 at RAISE",1,
487,READ COMMITTED,B,1,0,,"CheckViolation: KNDB R5: attribute hba1c is registered as MEASURED, got INFERRED
HINT:  This is the primary trust-boundary check the paper demonstrates.
CONTEXT:  PL/pgSQL function kndb.enforce_epistemic_kind() line 34 at RAISE",1,
488,READ COMMITTED,B,1,0,,"CheckViolation: KNDB R5: attribute hba1c is registered as MEASURED, got INFERRED
HINT:  This is the primary trust-boundary check the paper demonstrates.
CONTEXT:  PL/pgSQL function kndb.enforce_epistemic_kind() line 34 at RAISE",1,
489,READ COMMITTED,B,1,0,,"CheckViolation: KNDB R5: attribute hba1c is registered as MEASURED, got INFERRED
HINT:  This is the primary trust-boundary check the paper demonstrates.
CONTEXT:  PL/pgSQL function kndb.enforce_epistemic_kind() line 34 at RAISE",1,
490,READ COMMITTED,A,1,0,,"CheckViolation: KNDB R5: attribute hba1c is registered as MEASURED, got INFERRED
HINT:  This is the primary trust-boundary check the paper demonstrates.
CONTEXT:  PL/pgSQL function kndb.enforce_epistemic_kind() line 34 at RAISE",1,
491,READ COMMITTED,A,1,0,,"CheckViolation: KNDB R5: attribute hba1c is registered as MEASURED, got INFERRED
HINT:  This is the primary trust-boundary check the paper demonstrates.
CONTEXT:  PL/pgSQL function kndb.enforce_epistemic_kind() line 34 at RAISE",1,
492,READ COMMITTED,A,1,0,,"CheckViolation: KNDB R5: attribute hba1c is registered as MEASURED, got INFERRED
HINT:  This is the primary trust-boundary check the paper demonstrates.
CONTEXT:  PL/pgSQL function kndb.enforce_epistemic_kind() line 34 at RAISE",1,
493,READ COMMITTED,A,1,0,,"CheckViolation: KNDB R5: attribute hba1c is registered as MEASURED, got INFERRED
HINT:  This is the primary trust-boundary check the paper demonstrates.
CONTEXT:  PL/pgSQL function kndb.enforce_epistemic_kind() line 34 at RAISE",1,
494,READ COMMITTED,A,1,0,,"CheckViolation: KNDB R5: attribute hba1c is registered as MEASURED, got INFERRED
HINT:  This is the primary trust-boundary check the paper demonstrates.
CONTEXT:  PL/pgSQL function kndb.enforce_epistemic_kind() line 34 at RAISE",1,
495,READ COMMITTED,B,1,0,,"CheckViolation: KNDB R5: attribute hba1c is registered as MEASURED, got INFERRED
HINT:  This is the primary trust-boundary check the paper demonstrates.
CONTEXT:  PL/pgSQL function kndb.enforce_epistemic_kind() line 34 at RAISE",1,
496,READ COMMITTED,A,1,0,,"CheckViolation: KNDB R5: attribute hba1c is registered as MEASURED, got INFERRED
HINT:  This is the primary trust-boundary check the paper demonstrates.
CONTEXT:  PL/pgSQL function kndb.enforce_epistemic_kind() line 34 at RAISE",1,
497,READ COMMITTED,A,1,0,,"CheckViolation: KNDB R5: attribute hba1c is registered as MEASURED, got INFERRED
HINT:  This is the primary trust-boundary check the paper demonstrates.
CONTEXT:  PL/pgSQL function kndb.enforce_epistemic_kind() line 34 at RAISE",1,
498,READ COMMITTED,A,1,0,,"CheckViolation: KNDB R5: attribute hba1c is registered as MEASURED, got INFERRED
HINT:  This is the primary trust-boundary check the paper demonstrates.
CONTEXT:  PL/pgSQL function kndb.enforce_epistemic_kind() line 34 at RAISE",1,
499,READ COMMITTED,A,1,0,,"CheckViolation: KNDB R5: attribute hba1c is registered as MEASURED, got INFERRED
HINT:  This is the primary trust-boundary check the paper demonstrates.
CONTEXT:  PL/pgSQL function kndb.enforce_epistemic_kind() line 34 at RAISE",1,
500,READ COMMITTED,B,1,0,,"CheckViolation: KNDB R5: attribute hba1c is registered as MEASURED, got INFERRED
HINT:  This is the primary trust-boundary check the paper demonstrates.
CONTEXT:  PL/pgSQL function kndb.enforce_epistemic_kind() line 34 at RAISE",1,
501,READ COMMITTED,A,1,0,,"CheckViolation: KNDB R5: attribute hba1c is registered as MEASURED, got INFERRED
HINT:  This is the primary trust-boundary check the paper demonstrates.
CONTEXT:  PL/pgSQL function kndb.enforce_epistemic_kind() line 34 at RAISE",1,
502,READ COMMITTED,A,1,0,,"CheckViolation: KNDB R5: attribute hba1c is registered as MEASURED, got INFERRED
HINT:  This is the primary trust-boundary check the paper demonstrates.
CONTEXT:  PL/pgSQL function kndb.enforce_epistemic_kind() line 34 at RAISE",1,
503,READ COMMITTED,B,1,0,,"CheckViolation: KNDB R5: attribute hba1c is registered as MEASURED, got INFERRED
HINT:  This is the primary trust-boundary check the paper demonstrates.
CONTEXT:  PL/pgSQL function kndb.enforce_epistemic_kind() line 34 at RAISE",1,
504,READ COMMITTED,A,1,0,,"CheckViolation: KNDB R5: attribute hba1c is registered as MEASURED, got INFERRED
HINT:  This is the primary trust-boundary check the paper demonstrates.
CONTEXT:  PL/pgSQL function kndb.enforce_epistemic_kind() line 34 at RAISE",1,
505,READ COMMITTED,B,1,0,,"CheckViolation: KNDB R5: attribute hba1c is registered as MEASURED, got INFERRED
HINT:  This is the primary trust-boundary check the paper demonstrates.
CONTEXT:  PL/pgSQL function kndb.enforce_epistemic_kind() line 34 at RAISE",1,
506,READ COMMITTED,A,1,0,,"CheckViolation: KNDB R5: attribute hba1c is registered as MEASURED, got INFERRED
HINT:  This is the primary trust-boundary check the paper demonstrates.
CONTEXT:  PL/pgSQL function kndb.enforce_epistemic_kind() line 34 at RAISE",1,
507,READ COMMITTED,A,1,0,,"CheckViolation: KNDB R5: attribute hba1c is registered as MEASURED, got INFERRED
HINT:  This is the primary trust-boundary check the paper demonstrates.
CONTEXT:  PL/pgSQL function kndb.enforce_epistemic_kind() line 34 at RAISE",1,
508,READ COMMITTED,A,1,0,,"CheckViolation: KNDB R5: attribute hba1c is registered as MEASURED, got INFERRED
HINT:  This is the primary trust-boundary check the paper demonstrates.
CONTEXT:  PL/pgSQL function kndb.enforce_epistemic_kind() line 34 at RAISE",1,
509,READ COMMITTED,A,1,0,,"CheckViolation: KNDB R5: attribute hba1c is registered as MEASURED, got INFERRED
HINT:  This is the primary trust-boundary check the paper demonstrates.
CONTEXT:  PL/pgSQL function kndb.enforce_epistemic_kind() line 34 at RAISE",1,
510,READ COMMITTED,A,1,0,,"CheckViolation: KNDB R5: attribute hba1c is registered as MEASURED, got INFERRED
HINT:  This is the primary trust-boundary check the paper demonstrates.
CONTEXT:  PL/pgSQL function kndb.enforce_epistemic_kind() line 34 at RAISE",1,
511,READ COMMITTED,A,1,0,,"CheckViolation: KNDB R5: attribute hba1c is registered as MEASURED, got INFERRED
HINT:  This is the primary trust-boundary check the paper demonstrates.
CONTEXT:  PL/pgSQL function kndb.enforce_epistemic_kind() line 34 at RAISE",1,
512,READ COMMITTED,B,1,0,,"CheckViolation: KNDB R5: attribute hba1c is registered as MEASURED, got INFERRED
HINT:  This is the primary trust-boundary check the paper demonstrates.
CONTEXT:  PL/pgSQL function kndb.enforce_epistemic_kind() line 34 at RAISE",1,
513,READ COMMITTED,A,1,0,,"CheckViolation: KNDB R5: attribute hba1c is registered as MEASURED, got INFERRED
HINT:  This is the primary trust-boundary check the paper demonstrates.
CONTEXT:  PL/pgSQL function kndb.enforce_epistemic_kind() line 34 at RAISE",1,
514,READ COMMITTED,B,1,0,,"CheckViolation: KNDB R5: attribute hba1c is registered as MEASURED, got INFERRED
HINT:  This is the primary trust-boundary check the paper demonstrates.
CONTEXT:  PL/pgSQL function kndb.enforce_epistemic_kind() line 34 at RAISE",1,
515,READ COMMITTED,B,1,0,,"CheckViolation: KNDB R5: attribute hba1c is registered as MEASURED, got INFERRED
HINT:  This is the primary trust-boundary check the paper demonstrates.
CONTEXT:  PL/pgSQL function kndb.enforce_epistemic_kind() line 34 at RAISE",1,
516,READ COMMITTED,A,1,0,,"CheckViolation: KNDB R5: attribute hba1c is registered as MEASURED, got INFERRED
HINT:  This is the primary trust-boundary check the paper demonstrates.
CONTEXT:  PL/pgSQL function kndb.enforce_epistemic_kind() line 34 at RAISE",1,
517,READ COMMITTED,A,1,0,,"CheckViolation: KNDB R5: attribute hba1c is registered as MEASURED, got INFERRED
HINT:  This is the primary trust-boundary check the paper demonstrates.
CONTEXT:  PL/pgSQL function kndb.enforce_epistemic_kind() line 34 at RAISE",1,
518,READ COMMITTED,A,1,0,,"CheckViolation: KNDB R5: attribute hba1c is registered as MEASURED, got INFERRED
HINT:  This is the primary trust-boundary check the paper demonstrates.
CONTEXT:  PL/pgSQL function kndb.enforce_epistemic_kind() line 34 at RAISE",1,
519,READ COMMITTED,B,1,0,,"CheckViolation: KNDB R5: attribute hba1c is registered as MEASURED, got INFERRED
HINT:  This is the primary trust-boundary check the paper demonstrates.
CONTEXT:  PL/pgSQL function kndb.enforce_epistemic_kind() line 34 at RAISE",1,
520,READ COMMITTED,B,1,0,,"CheckViolation: KNDB R5: attribute hba1c is registered as MEASURED, got INFERRED
HINT:  This is the primary trust-boundary check the paper demonstrates.
CONTEXT:  PL/pgSQL function kndb.enforce_epistemic_kind() line 34 at RAISE",1,
521,READ COMMITTED,A,1,0,,"CheckViolation: KNDB R5: attribute hba1c is registered as MEASURED, got INFERRED
HINT:  This is the primary trust-boundary check the paper demonstrates.
CONTEXT:  PL/pgSQL function kndb.enforce_epistemic_kind() line 34 at RAISE",1,
522,READ COMMITTED,B,1,0,,"CheckViolation: KNDB R5: attribute hba1c is registered as MEASURED, got INFERRED
HINT:  This is the primary trust-boundary check the paper demonstrates.
CONTEXT:  PL/pgSQL function kndb.enforce_epistemic_kind() line 34 at RAISE",1,
523,READ COMMITTED,B,1,0,,"CheckViolation: KNDB R5: attribute hba1c is registered as MEASURED, got INFERRED
HINT:  This is the primary trust-boundary check the paper demonstrates.
CONTEXT:  PL/pgSQL function kndb.enforce_epistemic_kind() line 34 at RAISE",1,
524,READ COMMITTED,B,1,0,,"CheckViolation: KNDB R5: attribute hba1c is registered as MEASURED, got INFERRED
HINT:  This is the primary trust-boundary check the paper demonstrates.
CONTEXT:  PL/pgSQL function kndb.enforce_epistemic_kind() line 34 at RAISE",1,
525,READ COMMITTED,B,1,0,,"CheckViolation: KNDB R5: attribute hba1c is registered as MEASURED, got INFERRED
HINT:  This is the primary trust-boundary check the paper demonstrates.
CONTEXT:  PL/pgSQL function kndb.enforce_epistemic_kind() line 34 at RAISE",1,
526,READ COMMITTED,B,1,0,,"CheckViolation: KNDB R5: attribute hba1c is registered as MEASURED, got INFERRED
HINT:  This is the primary trust-boundary check the paper demonstrates.
CONTEXT:  PL/pgSQL function kndb.enforce_epistemic_kind() line 34 at RAISE",1,
527,READ COMMITTED,A,1,0,,"CheckViolation: KNDB R5: attribute hba1c is registered as MEASURED, got INFERRED
HINT:  This is the primary trust-boundary check the paper demonstrates.
CONTEXT:  PL/pgSQL function kndb.enforce_epistemic_kind() line 34 at RAISE",1,
528,READ COMMITTED,A,1,0,,"CheckViolation: KNDB R5: attribute hba1c is registered as MEASURED, got INFERRED
HINT:  This is the primary trust-boundary check the paper demonstrates.
CONTEXT:  PL/pgSQL function kndb.enforce_epistemic_kind() line 34 at RAISE",1,
529,READ COMMITTED,A,1,0,,"CheckViolation: KNDB R5: attribute hba1c is registered as MEASURED, got INFERRED
HINT:  This is the primary trust-boundary check the paper demonstrates.
CONTEXT:  PL/pgSQL function kndb.enforce_epistemic_kind() line 34 at RAISE",1,
530,READ COMMITTED,A,1,0,,"CheckViolation: KNDB R5: attribute hba1c is registered as MEASURED, got INFERRED
HINT:  This is the primary trust-boundary check the paper demonstrates.
CONTEXT:  PL/pgSQL function kndb.enforce_epistemic_kind() line 34 at RAISE",1,
531,READ COMMITTED,B,1,0,,"CheckViolation: KNDB R5: attribute hba1c is registered as MEASURED, got INFERRED
HINT:  This is the primary trust-boundary check the paper demonstrates.
CONTEXT:  PL/pgSQL function kndb.enforce_epistemic_kind() line 34 at RAISE",1,
532,READ COMMITTED,B,1,0,,"CheckViolation: KNDB R5: attribute hba1c is registered as MEASURED, got INFERRED
HINT:  This is the primary trust-boundary check the paper demonstrates.
CONTEXT:  PL/pgSQL function kndb.enforce_epistemic_kind() line 34 at RAISE",1,
533,READ COMMITTED,A,1,0,,"CheckViolation: KNDB R5: attribute hba1c is registered as MEASURED, got INFERRED
HINT:  This is the primary trust-boundary check the paper demonstrates.
CONTEXT:  PL/pgSQL function kndb.enforce_epistemic_kind() line 34 at RAISE",1,
534,READ COMMITTED,B,1,0,,"CheckViolation: KNDB R5: attribute hba1c is registered as MEASURED, got INFERRED
HINT:  This is the primary trust-boundary check the paper demonstrates.
CONTEXT:  PL/pgSQL function kndb.enforce_epistemic_kind() line 34 at RAISE",1,
535,READ COMMITTED,B,1,0,,"CheckViolation: KNDB R5: attribute hba1c is registered as MEASURED, got INFERRED
HINT:  This is the primary trust-boundary check the paper demonstrates.
CONTEXT:  PL/pgSQL function kndb.enforce_epistemic_kind() line 34 at RAISE",1,
536,READ COMMITTED,A,1,0,,"CheckViolation: KNDB R5: attribute hba1c is registered as MEASURED, got INFERRED
HINT:  This is the primary trust-boundary check the paper demonstrates.
CONTEXT:  PL/pgSQL function kndb.enforce_epistemic_kind() line 34 at RAISE",1,
537,READ COMMITTED,B,1,0,,"CheckViolation: KNDB R5: attribute hba1c is registered as MEASURED, got INFERRED
HINT:  This is the primary trust-boundary check the paper demonstrates.
CONTEXT:  PL/pgSQL function kndb.enforce_epistemic_kind() line 34 at RAISE",1,
538,READ COMMITTED,B,1,0,,"CheckViolation: KNDB R5: attribute hba1c is registered as MEASURED, got INFERRED
HINT:  This is the primary trust-boundary check the paper demonstrates.
CONTEXT:  PL/pgSQL function kndb.enforce_epistemic_kind() line 34 at RAISE",1,
539,READ COMMITTED,A,1,0,,"CheckViolation: KNDB R5: attribute hba1c is registered as MEASURED, got INFERRED
HINT:  This is the primary trust-boundary check the paper demonstrates.
CONTEXT:  PL/pgSQL function kndb.enforce_epistemic_kind() line 34 at RAISE",1,
540,READ COMMITTED,B,1,0,,"CheckViolation: KNDB R5: attribute hba1c is registered as MEASURED, got INFERRED
HINT:  This is the primary trust-boundary check the paper demonstrates.
CONTEXT:  PL/pgSQL function kndb.enforce_epistemic_kind() line 34 at RAISE",1,
541,READ COMMITTED,B,1,0,,"CheckViolation: KNDB R5: attribute hba1c is registered as MEASURED, got INFERRED
HINT:  This is the primary trust-boundary check the paper demonstrates.
CONTEXT:  PL/pgSQL function kndb.enforce_epistemic_kind() line 34 at RAISE",1,
542,READ COMMITTED,A,1,0,,"CheckViolation: KNDB R5: attribute hba1c is registered as MEASURED, got INFERRED
HINT:  This is the primary trust-boundary check the paper demonstrates.
CONTEXT:  PL/pgSQL function kndb.enforce_epistemic_kind() line 34 at RAISE",1,
543,READ COMMITTED,A,1,0,,"CheckViolation: KNDB R5: attribute hba1c is registered as MEASURED, got INFERRED
HINT:  This is the primary trust-boundary check the paper demonstrates.
CONTEXT:  PL/pgSQL function kndb.enforce_epistemic_kind() line 34 at RAISE",1,
544,READ COMMITTED,A,1,0,,"CheckViolation: KNDB R5: attribute hba1c is registered as MEASURED, got INFERRED
HINT:  This is the primary trust-boundary check the paper demonstrates.
CONTEXT:  PL/pgSQL function kndb.enforce_epistemic_kind() line 34 at RAISE",1,
545,READ COMMITTED,B,1,0,,"CheckViolation: KNDB R5: attribute hba1c is registered as MEASURED, got INFERRED
HINT:  This is the primary trust-boundary check the paper demonstrates.
CONTEXT:  PL/pgSQL function kndb.enforce_epistemic_kind() line 34 at RAISE",1,
546,READ COMMITTED,B,1,0,,"CheckViolation: KNDB R5: attribute hba1c is registered as MEASURED, got INFERRED
HINT:  This is the primary trust-boundary check the paper demonstrates.
CONTEXT:  PL/pgSQL function kndb.enforce_epistemic_kind() line 34 at RAISE",1,
547,READ COMMITTED,A,1,0,,"CheckViolation: KNDB R5: attribute hba1c is registered as MEASURED, got INFERRED
HINT:  This is the primary trust-boundary check the paper demonstrates.
CONTEXT:  PL/pgSQL function kndb.enforce_epistemic_kind() line 34 at RAISE",1,
548,READ COMMITTED,B,1,0,,"CheckViolation: KNDB R5: attribute hba1c is registered as MEASURED, got INFERRED
HINT:  This is the primary trust-boundary check the paper demonstrates.
CONTEXT:  PL/pgSQL function kndb.enforce_epistemic_kind() line 34 at RAISE",1,
549,READ COMMITTED,A,1,0,,"CheckViolation: KNDB R5: attribute hba1c is registered as MEASURED, got INFERRED
HINT:  This is the primary trust-boundary check the paper demonstrates.
CONTEXT:  PL/pgSQL function kndb.enforce_epistemic_kind() line 34 at RAISE",1,
550,READ COMMITTED,B,1,0,,"CheckViolation: KNDB R5: attribute hba1c is registered as MEASURED, got INFERRED
HINT:  This is the primary trust-boundary check the paper demonstrates.
CONTEXT:  PL/pgSQL function kndb.enforce_epistemic_kind() line 34 at RAISE",1,
551,READ COMMITTED,B,1,0,,"CheckViolation: KNDB R5: attribute hba1c is registered as MEASURED, got INFERRED
HINT:  This is the primary trust-boundary check the paper demonstrates.
CONTEXT:  PL/pgSQL function kndb.enforce_epistemic_kind() line 34 at RAISE",1,
552,READ COMMITTED,A,1,0,,"CheckViolation: KNDB R5: attribute hba1c is registered as MEASURED, got INFERRED
HINT:  This is the primary trust-boundary check the paper demonstrates.
CONTEXT:  PL/pgSQL function kndb.enforce_epistemic_kind() line 34 at RAISE",1,
553,READ COMMITTED,B,1,0,,"CheckViolation: KNDB R5: attribute hba1c is registered as MEASURED, got INFERRED
HINT:  This is the primary trust-boundary check the paper demonstrates.
CONTEXT:  PL/pgSQL function kndb.enforce_epistemic_kind() line 34 at RAISE",1,
554,READ COMMITTED,B,1,0,,"CheckViolation: KNDB R5: attribute hba1c is registered as MEASURED, got INFERRED
HINT:  This is the primary trust-boundary check the paper demonstrates.
CONTEXT:  PL/pgSQL function kndb.enforce_epistemic_kind() line 34 at RAISE",1,
555,READ COMMITTED,B,1,0,,"CheckViolation: KNDB R5: attribute hba1c is registered as MEASURED, got INFERRED
HINT:  This is the primary trust-boundary check the paper demonstrates.
CONTEXT:  PL/pgSQL function kndb.enforce_epistemic_kind() line 34 at RAISE",1,
556,READ COMMITTED,A,1,0,,"CheckViolation: KNDB R5: attribute hba1c is registered as MEASURED, got INFERRED
HINT:  This is the primary trust-boundary check the paper demonstrates.
CONTEXT:  PL/pgSQL function kndb.enforce_epistemic_kind() line 34 at RAISE",1,
557,READ COMMITTED,B,1,0,,"CheckViolation: KNDB R5: attribute hba1c is registered as MEASURED, got INFERRED
HINT:  This is the primary trust-boundary check the paper demonstrates.
CONTEXT:  PL/pgSQL function kndb.enforce_epistemic_kind() line 34 at RAISE",1,
558,READ COMMITTED,B,1,0,,"CheckViolation: KNDB R5: attribute hba1c is registered as MEASURED, got INFERRED
HINT:  This is the primary trust-boundary check the paper demonstrates.
CONTEXT:  PL/pgSQL function kndb.enforce_epistemic_kind() line 34 at RAISE",1,
559,READ COMMITTED,A,1,0,,"CheckViolation: KNDB R5: attribute hba1c is registered as MEASURED, got INFERRED
HINT:  This is the primary trust-boundary check the paper demonstrates.
CONTEXT:  PL/pgSQL function kndb.enforce_epistemic_kind() line 34 at RAISE",1,
560,READ COMMITTED,A,1,0,,"CheckViolation: KNDB R5: attribute hba1c is registered as MEASURED, got INFERRED
HINT:  This is the primary trust-boundary check the paper demonstrates.
CONTEXT:  PL/pgSQL function kndb.enforce_epistemic_kind() line 34 at RAISE",1,
561,READ COMMITTED,A,1,0,,"CheckViolation: KNDB R5: attribute hba1c is registered as MEASURED, got INFERRED
HINT:  This is the primary trust-boundary check the paper demonstrates.
CONTEXT:  PL/pgSQL function kndb.enforce_epistemic_kind() line 34 at RAISE",1,
562,READ COMMITTED,B,1,0,,"CheckViolation: KNDB R5: attribute hba1c is registered as MEASURED, got INFERRED
HINT:  This is the primary trust-boundary check the paper demonstrates.
CONTEXT:  PL/pgSQL function kndb.enforce_epistemic_kind() line 34 at RAISE",1,
563,READ COMMITTED,A,1,0,,"CheckViolation: KNDB R5: attribute hba1c is registered as MEASURED, got INFERRED
HINT:  This is the primary trust-boundary check the paper demonstrates.
CONTEXT:  PL/pgSQL function kndb.enforce_epistemic_kind() line 34 at RAISE",1,
564,READ COMMITTED,B,1,0,,"CheckViolation: KNDB R5: attribute hba1c is registered as MEASURED, got INFERRED
HINT:  This is the primary trust-boundary check the paper demonstrates.
CONTEXT:  PL/pgSQL function kndb.enforce_epistemic_kind() line 34 at RAISE",1,
565,READ COMMITTED,B,1,0,,"CheckViolation: KNDB R5: attribute hba1c is registered as MEASURED, got INFERRED
HINT:  This is the primary trust-boundary check the paper demonstrates.
CONTEXT:  PL/pgSQL function kndb.enforce_epistemic_kind() line 34 at RAISE",1,
566,READ COMMITTED,A,1,0,,"CheckViolation: KNDB R5: attribute hba1c is registered as MEASURED, got INFERRED
HINT:  This is the primary trust-boundary check the paper demonstrates.
CONTEXT:  PL/pgSQL function kndb.enforce_epistemic_kind() line 34 at RAISE",1,
567,READ COMMITTED,B,1,0,,"CheckViolation: KNDB R5: attribute hba1c is registered as MEASURED, got INFERRED
HINT:  This is the primary trust-boundary check the paper demonstrates.
CONTEXT:  PL/pgSQL function kndb.enforce_epistemic_kind() line 34 at RAISE",1,
568,READ COMMITTED,B,1,0,,"CheckViolation: KNDB R5: attribute hba1c is registered as MEASURED, got INFERRED
HINT:  This is the primary trust-boundary check the paper demonstrates.
CONTEXT:  PL/pgSQL function kndb.enforce_epistemic_kind() line 34 at RAISE",1,
569,READ COMMITTED,B,1,0,,"CheckViolation: KNDB R5: attribute hba1c is registered as MEASURED, got INFERRED
HINT:  This is the primary trust-boundary check the paper demonstrates.
CONTEXT:  PL/pgSQL function kndb.enforce_epistemic_kind() line 34 at RAISE",1,
570,READ COMMITTED,B,1,0,,"CheckViolation: KNDB R5: attribute hba1c is registered as MEASURED, got INFERRED
HINT:  This is the primary trust-boundary check the paper demonstrates.
CONTEXT:  PL/pgSQL function kndb.enforce_epistemic_kind() line 34 at RAISE",1,
571,READ COMMITTED,A,1,0,,"CheckViolation: KNDB R5: attribute hba1c is registered as MEASURED, got INFERRED
HINT:  This is the primary trust-boundary check the paper demonstrates.
CONTEXT:  PL/pgSQL function kndb.enforce_epistemic_kind() line 34 at RAISE",1,
572,READ COMMITTED,B,1,0,,"CheckViolation: KNDB R5: attribute hba1c is registered as MEASURED, got INFERRED
HINT:  This is the primary trust-boundary check the paper demonstrates.
CONTEXT:  PL/pgSQL function kndb.enforce_epistemic_kind() line 34 at RAISE",1,
573,READ COMMITTED,B,1,0,,"CheckViolation: KNDB R5: attribute hba1c is registered as MEASURED, got INFERRED
HINT:  This is the primary trust-boundary check the paper demonstrates.
CONTEXT:  PL/pgSQL function kndb.enforce_epistemic_kind() line 34 at RAISE",1,
574,READ COMMITTED,A,1,0,,"CheckViolation: KNDB R5: attribute hba1c is registered as MEASURED, got INFERRED
HINT:  This is the primary trust-boundary check the paper demonstrates.
CONTEXT:  PL/pgSQL function kndb.enforce_epistemic_kind() line 34 at RAISE",1,
575,READ COMMITTED,B,1,0,,"CheckViolation: KNDB R5: attribute hba1c is registered as MEASURED, got INFERRED
HINT:  This is the primary trust-boundary check the paper demonstrates.
CONTEXT:  PL/pgSQL function kndb.enforce_epistemic_kind() line 34 at RAISE",1,
576,READ COMMITTED,B,1,0,,"CheckViolation: KNDB R5: attribute hba1c is registered as MEASURED, got INFERRED
HINT:  This is the primary trust-boundary check the paper demonstrates.
CONTEXT:  PL/pgSQL function kndb.enforce_epistemic_kind() line 34 at RAISE",1,
577,READ COMMITTED,A,1,0,,"CheckViolation: KNDB R5: attribute hba1c is registered as MEASURED, got INFERRED
HINT:  This is the primary trust-boundary check the paper demonstrates.
CONTEXT:  PL/pgSQL function kndb.enforce_epistemic_kind() line 34 at RAISE",1,
578,READ COMMITTED,A,1,0,,"CheckViolation: KNDB R5: attribute hba1c is registered as MEASURED, got INFERRED
HINT:  This is the primary trust-boundary check the paper demonstrates.
CONTEXT:  PL/pgSQL function kndb.enforce_epistemic_kind() line 34 at RAISE",1,
579,READ COMMITTED,B,1,0,,"CheckViolation: KNDB R5: attribute hba1c is registered as MEASURED, got INFERRED
HINT:  This is the primary trust-boundary check the paper demonstrates.
CONTEXT:  PL/pgSQL function kndb.enforce_epistemic_kind() line 34 at RAISE",1,
580,READ COMMITTED,A,1,0,,"CheckViolation: KNDB R5: attribute hba1c is registered as MEASURED, got INFERRED
HINT:  This is the primary trust-boundary check the paper demonstrates.
CONTEXT:  PL/pgSQL function kndb.enforce_epistemic_kind() line 34 at RAISE",1,
581,READ COMMITTED,B,1,0,,"CheckViolation: KNDB R5: attribute hba1c is registered as MEASURED, got INFERRED
HINT:  This is the primary trust-boundary check the paper demonstrates.
CONTEXT:  PL/pgSQL function kndb.enforce_epistemic_kind() line 34 at RAISE",1,
582,READ COMMITTED,B,1,0,,"CheckViolation: KNDB R5: attribute hba1c is registered as MEASURED, got INFERRED
HINT:  This is the primary trust-boundary check the paper demonstrates.
CONTEXT:  PL/pgSQL function kndb.enforce_epistemic_kind() line 34 at RAISE",1,
583,READ COMMITTED,A,1,0,,"CheckViolation: KNDB R5: attribute hba1c is registered as MEASURED, got INFERRED
HINT:  This is the primary trust-boundary check the paper demonstrates.
CONTEXT:  PL/pgSQL function kndb.enforce_epistemic_kind() line 34 at RAISE",1,
584,READ COMMITTED,B,1,0,,"CheckViolation: KNDB R5: attribute hba1c is registered as MEASURED, got INFERRED
HINT:  This is the primary trust-boundary check the paper demonstrates.
CONTEXT:  PL/pgSQL function kndb.enforce_epistemic_kind() line 34 at RAISE",1,
585,READ COMMITTED,A,1,0,,"CheckViolation: KNDB R5: attribute hba1c is registered as MEASURED, got INFERRED
HINT:  This is the primary trust-boundary check the paper demonstrates.
CONTEXT:  PL/pgSQL function kndb.enforce_epistemic_kind() line 34 at RAISE",1,
586,READ COMMITTED,A,1,0,,"CheckViolation: KNDB R5: attribute hba1c is registered as MEASURED, got INFERRED
HINT:  This is the primary trust-boundary check the paper demonstrates.
CONTEXT:  PL/pgSQL function kndb.enforce_epistemic_kind() line 34 at RAISE",1,
587,READ COMMITTED,B,1,0,,"CheckViolation: KNDB R5: attribute hba1c is registered as MEASURED, got INFERRED
HINT:  This is the primary trust-boundary check the paper demonstrates.
CONTEXT:  PL/pgSQL function kndb.enforce_epistemic_kind() line 34 at RAISE",1,
588,READ COMMITTED,A,1,0,,"CheckViolation: KNDB R5: attribute hba1c is registered as MEASURED, got INFERRED
HINT:  This is the primary trust-boundary check the paper demonstrates.
CONTEXT:  PL/pgSQL function kndb.enforce_epistemic_kind() line 34 at RAISE",1,
589,READ COMMITTED,A,1,0,,"CheckViolation: KNDB R5: attribute hba1c is registered as MEASURED, got INFERRED
HINT:  This is the primary trust-boundary check the paper demonstrates.
CONTEXT:  PL/pgSQL function kndb.enforce_epistemic_kind() line 34 at RAISE",1,
590,READ COMMITTED,B,1,0,,"CheckViolation: KNDB R5: attribute hba1c is registered as MEASURED, got INFERRED
HINT:  This is the primary trust-boundary check the paper demonstrates.
CONTEXT:  PL/pgSQL function kndb.enforce_epistemic_kind() line 34 at RAISE",1,
591,READ COMMITTED,A,1,0,,"CheckViolation: KNDB R5: attribute hba1c is registered as MEASURED, got INFERRED
HINT:  This is the primary trust-boundary check the paper demonstrates.
CONTEXT:  PL/pgSQL function kndb.enforce_epistemic_kind() line 34 at RAISE",1,
592,READ COMMITTED,A,1,0,,"CheckViolation: KNDB R5: attribute hba1c is registered as MEASURED, got INFERRED
HINT:  This is the primary trust-boundary check the paper demonstrates.
CONTEXT:  PL/pgSQL function kndb.enforce_epistemic_kind() line 34 at RAISE",1,
593,READ COMMITTED,B,1,0,,"CheckViolation: KNDB R5: attribute hba1c is registered as MEASURED, got INFERRED
HINT:  This is the primary trust-boundary check the paper demonstrates.
CONTEXT:  PL/pgSQL function kndb.enforce_epistemic_kind() line 34 at RAISE",1,
594,READ COMMITTED,A,1,0,,"CheckViolation: KNDB R5: attribute hba1c is registered as MEASURED, got INFERRED
HINT:  This is the primary trust-boundary check the paper demonstrates.
CONTEXT:  PL/pgSQL function kndb.enforce_epistemic_kind() line 34 at RAISE",1,
595,READ COMMITTED,B,1,0,,"CheckViolation: KNDB R5: attribute hba1c is registered as MEASURED, got INFERRED
HINT:  This is the primary trust-boundary check the paper demonstrates.
CONTEXT:  PL/pgSQL function kndb.enforce_epistemic_kind() line 34 at RAISE",1,
596,READ COMMITTED,B,1,0,,"CheckViolation: KNDB R5: attribute hba1c is registered as MEASURED, got INFERRED
HINT:  This is the primary trust-boundary check the paper demonstrates.
CONTEXT:  PL/pgSQL function kndb.enforce_epistemic_kind() line 34 at RAISE",1,
597,READ COMMITTED,A,1,0,,"CheckViolation: KNDB R5: attribute hba1c is registered as MEASURED, got INFERRED
HINT:  This is the primary trust-boundary check the paper demonstrates.
CONTEXT:  PL/pgSQL function kndb.enforce_epistemic_kind() line 34 at RAISE",1,
598,READ COMMITTED,A,1,0,,"CheckViolation: KNDB R5: attribute hba1c is registered as MEASURED, got INFERRED
HINT:  This is the primary trust-boundary check the paper demonstrates.
CONTEXT:  PL/pgSQL function kndb.enforce_epistemic_kind() line 34 at RAISE",1,
599,READ COMMITTED,B,1,0,,"CheckViolation: KNDB R5: attribute hba1c is registered as MEASURED, got INFERRED
HINT:  This is the primary trust-boundary check the paper demonstrates.
CONTEXT:  PL/pgSQL function kndb.enforce_epistemic_kind() line 34 at RAISE",1,
600,READ COMMITTED,A,1,0,,"CheckViolation: KNDB R5: attribute hba1c is registered as MEASURED, got INFERRED
HINT:  This is the primary trust-boundary check the paper demonstrates.
CONTEXT:  PL/pgSQL function kndb.enforce_epistemic_kind() line 34 at RAISE",1,
601,READ COMMITTED,B,1,0,,"CheckViolation: KNDB R5: attribute hba1c is registered as MEASURED, got INFERRED
HINT:  This is the primary trust-boundary check the paper demonstrates.
CONTEXT:  PL/pgSQL function kndb.enforce_epistemic_kind() line 34 at RAISE",1,
602,READ COMMITTED,A,1,0,,"CheckViolation: KNDB R5: attribute hba1c is registered as MEASURED, got INFERRED
HINT:  This is the primary trust-boundary check the paper demonstrates.
CONTEXT:  PL/pgSQL function kndb.enforce_epistemic_kind() line 34 at RAISE",1,
603,READ COMMITTED,B,1,0,,"CheckViolation: KNDB R5: attribute hba1c is registered as MEASURED, got INFERRED
HINT:  This is the primary trust-boundary check the paper demonstrates.
CONTEXT:  PL/pgSQL function kndb.enforce_epistemic_kind() line 34 at RAISE",1,
604,READ COMMITTED,B,1,0,,"CheckViolation: KNDB R5: attribute hba1c is registered as MEASURED, got INFERRED
HINT:  This is the primary trust-boundary check the paper demonstrates.
CONTEXT:  PL/pgSQL function kndb.enforce_epistemic_kind() line 34 at RAISE",1,
605,READ COMMITTED,B,1,0,,"CheckViolation: KNDB R5: attribute hba1c is registered as MEASURED, got INFERRED
HINT:  This is the primary trust-boundary check the paper demonstrates.
CONTEXT:  PL/pgSQL function kndb.enforce_epistemic_kind() line 34 at RAISE",1,
606,READ COMMITTED,A,1,0,,"CheckViolation: KNDB R5: attribute hba1c is registered as MEASURED, got INFERRED
HINT:  This is the primary trust-boundary check the paper demonstrates.
CONTEXT:  PL/pgSQL function kndb.enforce_epistemic_kind() line 34 at RAISE",1,
607,READ COMMITTED,B,1,0,,"CheckViolation: KNDB R5: attribute hba1c is registered as MEASURED, got INFERRED
HINT:  This is the primary trust-boundary check the paper demonstrates.
CONTEXT:  PL/pgSQL function kndb.enforce_epistemic_kind() line 34 at RAISE",1,
608,READ COMMITTED,A,1,0,,"CheckViolation: KNDB R5: attribute hba1c is registered as MEASURED, got INFERRED
HINT:  This is the primary trust-boundary check the paper demonstrates.
CONTEXT:  PL/pgSQL function kndb.enforce_epistemic_kind() line 34 at RAISE",1,
609,READ COMMITTED,A,1,0,,"CheckViolation: KNDB R5: attribute hba1c is registered as MEASURED, got INFERRED
HINT:  This is the primary trust-boundary check the paper demonstrates.
CONTEXT:  PL/pgSQL function kndb.enforce_epistemic_kind() line 34 at RAISE",1,
610,READ COMMITTED,B,1,0,,"CheckViolation: KNDB R5: attribute hba1c is registered as MEASURED, got INFERRED
HINT:  This is the primary trust-boundary check the paper demonstrates.
CONTEXT:  PL/pgSQL function kndb.enforce_epistemic_kind() line 34 at RAISE",1,
611,READ COMMITTED,A,1,0,,"CheckViolation: KNDB R5: attribute hba1c is registered as MEASURED, got INFERRED
HINT:  This is the primary trust-boundary check the paper demonstrates.
CONTEXT:  PL/pgSQL function kndb.enforce_epistemic_kind() line 34 at RAISE",1,
612,READ COMMITTED,B,1,0,,"CheckViolation: KNDB R5: attribute hba1c is registered as MEASURED, got INFERRED
HINT:  This is the primary trust-boundary check the paper demonstrates.
CONTEXT:  PL/pgSQL function kndb.enforce_epistemic_kind() line 34 at RAISE",1,
613,READ COMMITTED,A,1,0,,"CheckViolation: KNDB R5: attribute hba1c is registered as MEASURED, got INFERRED
HINT:  This is the primary trust-boundary check the paper demonstrates.
CONTEXT:  PL/pgSQL function kndb.enforce_epistemic_kind() line 34 at RAISE",1,
614,READ COMMITTED,B,1,0,,"CheckViolation: KNDB R5: attribute hba1c is registered as MEASURED, got INFERRED
HINT:  This is the primary trust-boundary check the paper demonstrates.
CONTEXT:  PL/pgSQL function kndb.enforce_epistemic_kind() line 34 at RAISE",1,
615,READ COMMITTED,A,1,0,,"CheckViolation: KNDB R5: attribute hba1c is registered as MEASURED, got INFERRED
HINT:  This is the primary trust-boundary check the paper demonstrates.
CONTEXT:  PL/pgSQL function kndb.enforce_epistemic_kind() line 34 at RAISE",1,
616,READ COMMITTED,B,1,0,,"CheckViolation: KNDB R5: attribute hba1c is registered as MEASURED, got INFERRED
HINT:  This is the primary trust-boundary check the paper demonstrates.
CONTEXT:  PL/pgSQL function kndb.enforce_epistemic_kind() line 34 at RAISE",1,
617,READ COMMITTED,A,1,0,,"CheckViolation: KNDB R5: attribute hba1c is registered as MEASURED, got INFERRED
HINT:  This is the primary trust-boundary check the paper demonstrates.
CONTEXT:  PL/pgSQL function kndb.enforce_epistemic_kind() line 34 at RAISE",1,
618,READ COMMITTED,B,1,0,,"CheckViolation: KNDB R5: attribute hba1c is registered as MEASURED, got INFERRED
HINT:  This is the primary trust-boundary check the paper demonstrates.
CONTEXT:  PL/pgSQL function kndb.enforce_epistemic_kind() line 34 at RAISE",1,
619,READ COMMITTED,A,1,0,,"CheckViolation: KNDB R5: attribute hba1c is registered as MEASURED, got INFERRED
HINT:  This is the primary trust-boundary check the paper demonstrates.
CONTEXT:  PL/pgSQL function kndb.enforce_epistemic_kind() line 34 at RAISE",1,
620,READ COMMITTED,A,1,0,,"CheckViolation: KNDB R5: attribute hba1c is registered as MEASURED, got INFERRED
HINT:  This is the primary trust-boundary check the paper demonstrates.
CONTEXT:  PL/pgSQL function kndb.enforce_epistemic_kind() line 34 at RAISE",1,
621,READ COMMITTED,A,1,0,,"CheckViolation: KNDB R5: attribute hba1c is registered as MEASURED, got INFERRED
HINT:  This is the primary trust-boundary check the paper demonstrates.
CONTEXT:  PL/pgSQL function kndb.enforce_epistemic_kind() line 34 at RAISE",1,
622,READ COMMITTED,A,1,0,,"CheckViolation: KNDB R5: attribute hba1c is registered as MEASURED, got INFERRED
HINT:  This is the primary trust-boundary check the paper demonstrates.
CONTEXT:  PL/pgSQL function kndb.enforce_epistemic_kind() line 34 at RAISE",1,
623,READ COMMITTED,A,1,0,,"CheckViolation: KNDB R5: attribute hba1c is registered as MEASURED, got INFERRED
HINT:  This is the primary trust-boundary check the paper demonstrates.
CONTEXT:  PL/pgSQL function kndb.enforce_epistemic_kind() line 34 at RAISE",1,
624,READ COMMITTED,B,1,0,,"CheckViolation: KNDB R5: attribute hba1c is registered as MEASURED, got INFERRED
HINT:  This is the primary trust-boundary check the paper demonstrates.
CONTEXT:  PL/pgSQL function kndb.enforce_epistemic_kind() line 34 at RAISE",1,
625,READ COMMITTED,B,1,0,,"CheckViolation: KNDB R5: attribute hba1c is registered as MEASURED, got INFERRED
HINT:  This is the primary trust-boundary check the paper demonstrates.
CONTEXT:  PL/pgSQL function kndb.enforce_epistemic_kind() line 34 at RAISE",1,
626,READ COMMITTED,A,1,0,,"CheckViolation: KNDB R5: attribute hba1c is registered as MEASURED, got INFERRED
HINT:  This is the primary trust-boundary check the paper demonstrates.
CONTEXT:  PL/pgSQL function kndb.enforce_epistemic_kind() line 34 at RAISE",1,
627,READ COMMITTED,A,1,0,,"CheckViolation: KNDB R5: attribute hba1c is registered as MEASURED, got INFERRED
HINT:  This is the primary trust-boundary check the paper demonstrates.
CONTEXT:  PL/pgSQL function kndb.enforce_epistemic_kind() line 34 at RAISE",1,
628,READ COMMITTED,A,1,0,,"CheckViolation: KNDB R5: attribute hba1c is registered as MEASURED, got INFERRED
HINT:  This is the primary trust-boundary check the paper demonstrates.
CONTEXT:  PL/pgSQL function kndb.enforce_epistemic_kind() line 34 at RAISE",1,
629,READ COMMITTED,B,1,0,,"CheckViolation: KNDB R5: attribute hba1c is registered as MEASURED, got INFERRED
HINT:  This is the primary trust-boundary check the paper demonstrates.
CONTEXT:  PL/pgSQL function kndb.enforce_epistemic_kind() line 34 at RAISE",1,
630,READ COMMITTED,B,1,0,,"CheckViolation: KNDB R5: attribute hba1c is registered as MEASURED, got INFERRED
HINT:  This is the primary trust-boundary check the paper demonstrates.
CONTEXT:  PL/pgSQL function kndb.enforce_epistemic_kind() line 34 at RAISE",1,
631,READ COMMITTED,B,1,0,,"CheckViolation: KNDB R5: attribute hba1c is registered as MEASURED, got INFERRED
HINT:  This is the primary trust-boundary check the paper demonstrates.
CONTEXT:  PL/pgSQL function kndb.enforce_epistemic_kind() line 34 at RAISE",1,
632,READ COMMITTED,A,1,0,,"CheckViolation: KNDB R5: attribute hba1c is registered as MEASURED, got INFERRED
HINT:  This is the primary trust-boundary check the paper demonstrates.
CONTEXT:  PL/pgSQL function kndb.enforce_epistemic_kind() line 34 at RAISE",1,
633,READ COMMITTED,A,1,0,,"CheckViolation: KNDB R5: attribute hba1c is registered as MEASURED, got INFERRED
HINT:  This is the primary trust-boundary check the paper demonstrates.
CONTEXT:  PL/pgSQL function kndb.enforce_epistemic_kind() line 34 at RAISE",1,
634,READ COMMITTED,A,1,0,,"CheckViolation: KNDB R5: attribute hba1c is registered as MEASURED, got INFERRED
HINT:  This is the primary trust-boundary check the paper demonstrates.
CONTEXT:  PL/pgSQL function kndb.enforce_epistemic_kind() line 34 at RAISE",1,
635,READ COMMITTED,A,1,0,,"CheckViolation: KNDB R5: attribute hba1c is registered as MEASURED, got INFERRED
HINT:  This is the primary trust-boundary check the paper demonstrates.
CONTEXT:  PL/pgSQL function kndb.enforce_epistemic_kind() line 34 at RAISE",1,
636,READ COMMITTED,A,1,0,,"CheckViolation: KNDB R5: attribute hba1c is registered as MEASURED, got INFERRED
HINT:  This is the primary trust-boundary check the paper demonstrates.
CONTEXT:  PL/pgSQL function kndb.enforce_epistemic_kind() line 34 at RAISE",1,
637,READ COMMITTED,A,1,0,,"CheckViolation: KNDB R5: attribute hba1c is registered as MEASURED, got INFERRED
HINT:  This is the primary trust-boundary check the paper demonstrates.
CONTEXT:  PL/pgSQL function kndb.enforce_epistemic_kind() line 34 at RAISE",1,
638,READ COMMITTED,B,1,0,,"CheckViolation: KNDB R5: attribute hba1c is registered as MEASURED, got INFERRED
HINT:  This is the primary trust-boundary check the paper demonstrates.
CONTEXT:  PL/pgSQL function kndb.enforce_epistemic_kind() line 34 at RAISE",1,
639,READ COMMITTED,A,1,0,,"CheckViolation: KNDB R5: attribute hba1c is registered as MEASURED, got INFERRED
HINT:  This is the primary trust-boundary check the paper demonstrates.
CONTEXT:  PL/pgSQL function kndb.enforce_epistemic_kind() line 34 at RAISE",1,
640,READ COMMITTED,B,1,0,,"CheckViolation: KNDB R5: attribute hba1c is registered as MEASURED, got INFERRED
HINT:  This is the primary trust-boundary check the paper demonstrates.
CONTEXT:  PL/pgSQL function kndb.enforce_epistemic_kind() line 34 at RAISE",1,
641,READ COMMITTED,B,1,0,,"CheckViolation: KNDB R5: attribute hba1c is registered as MEASURED, got INFERRED
HINT:  This is the primary trust-boundary check the paper demonstrates.
CONTEXT:  PL/pgSQL function kndb.enforce_epistemic_kind() line 34 at RAISE",1,
642,READ COMMITTED,B,1,0,,"CheckViolation: KNDB R5: attribute hba1c is registered as MEASURED, got INFERRED
HINT:  This is the primary trust-boundary check the paper demonstrates.
CONTEXT:  PL/pgSQL function kndb.enforce_epistemic_kind() line 34 at RAISE",1,
643,READ COMMITTED,A,1,0,,"CheckViolation: KNDB R5: attribute hba1c is registered as MEASURED, got INFERRED
HINT:  This is the primary trust-boundary check the paper demonstrates.
CONTEXT:  PL/pgSQL function kndb.enforce_epistemic_kind() line 34 at RAISE",1,
644,READ COMMITTED,B,1,0,,"CheckViolation: KNDB R5: attribute hba1c is registered as MEASURED, got INFERRED
HINT:  This is the primary trust-boundary check the paper demonstrates.
CONTEXT:  PL/pgSQL function kndb.enforce_epistemic_kind() line 34 at RAISE",1,
645,READ COMMITTED,A,1,0,,"CheckViolation: KNDB R5: attribute hba1c is registered as MEASURED, got INFERRED
HINT:  This is the primary trust-boundary check the paper demonstrates.
CONTEXT:  PL/pgSQL function kndb.enforce_epistemic_kind() line 34 at RAISE",1,
646,READ COMMITTED,B,1,0,,"CheckViolation: KNDB R5: attribute hba1c is registered as MEASURED, got INFERRED
HINT:  This is the primary trust-boundary check the paper demonstrates.
CONTEXT:  PL/pgSQL function kndb.enforce_epistemic_kind() line 34 at RAISE",1,
647,READ COMMITTED,B,1,0,,"CheckViolation: KNDB R5: attribute hba1c is registered as MEASURED, got INFERRED
HINT:  This is the primary trust-boundary check the paper demonstrates.
CONTEXT:  PL/pgSQL function kndb.enforce_epistemic_kind() line 34 at RAISE",1,
648,READ COMMITTED,A,1,0,,"CheckViolation: KNDB R5: attribute hba1c is registered as MEASURED, got INFERRED
HINT:  This is the primary trust-boundary check the paper demonstrates.
CONTEXT:  PL/pgSQL function kndb.enforce_epistemic_kind() line 34 at RAISE",1,
649,READ COMMITTED,A,1,0,,"CheckViolation: KNDB R5: attribute hba1c is registered as MEASURED, got INFERRED
HINT:  This is the primary trust-boundary check the paper demonstrates.
CONTEXT:  PL/pgSQL function kndb.enforce_epistemic_kind() line 34 at RAISE",1,
650,READ COMMITTED,A,1,0,,"CheckViolation: KNDB R5: attribute hba1c is registered as MEASURED, got INFERRED
HINT:  This is the primary trust-boundary check the paper demonstrates.
CONTEXT:  PL/pgSQL function kndb.enforce_epistemic_kind() line 34 at RAISE",1,
651,READ COMMITTED,A,1,0,,"CheckViolation: KNDB R5: attribute hba1c is registered as MEASURED, got INFERRED
HINT:  This is the primary trust-boundary check the paper demonstrates.
CONTEXT:  PL/pgSQL function kndb.enforce_epistemic_kind() line 34 at RAISE",1,
652,READ COMMITTED,B,1,0,,"CheckViolation: KNDB R5: attribute hba1c is registered as MEASURED, got INFERRED
HINT:  This is the primary trust-boundary check the paper demonstrates.
CONTEXT:  PL/pgSQL function kndb.enforce_epistemic_kind() line 34 at RAISE",1,
653,READ COMMITTED,A,1,0,,"CheckViolation: KNDB R5: attribute hba1c is registered as MEASURED, got INFERRED
HINT:  This is the primary trust-boundary check the paper demonstrates.
CONTEXT:  PL/pgSQL function kndb.enforce_epistemic_kind() line 34 at RAISE",1,
654,READ COMMITTED,B,1,0,,"CheckViolation: KNDB R5: attribute hba1c is registered as MEASURED, got INFERRED
HINT:  This is the primary trust-boundary check the paper demonstrates.
CONTEXT:  PL/pgSQL function kndb.enforce_epistemic_kind() line 34 at RAISE",1,
655,READ COMMITTED,A,1,0,,"CheckViolation: KNDB R5: attribute hba1c is registered as MEASURED, got INFERRED
HINT:  This is the primary trust-boundary check the paper demonstrates.
CONTEXT:  PL/pgSQL function kndb.enforce_epistemic_kind() line 34 at RAISE",1,
656,READ COMMITTED,A,1,0,,"CheckViolation: KNDB R5: attribute hba1c is registered as MEASURED, got INFERRED
HINT:  This is the primary trust-boundary check the paper demonstrates.
CONTEXT:  PL/pgSQL function kndb.enforce_epistemic_kind() line 34 at RAISE",1,
657,READ COMMITTED,B,1,0,,"CheckViolation: KNDB R5: attribute hba1c is registered as MEASURED, got INFERRED
HINT:  This is the primary trust-boundary check the paper demonstrates.
CONTEXT:  PL/pgSQL function kndb.enforce_epistemic_kind() line 34 at RAISE",1,
658,READ COMMITTED,A,1,0,,"CheckViolation: KNDB R5: attribute hba1c is registered as MEASURED, got INFERRED
HINT:  This is the primary trust-boundary check the paper demonstrates.
CONTEXT:  PL/pgSQL function kndb.enforce_epistemic_kind() line 34 at RAISE",1,
659,READ COMMITTED,A,1,0,,"CheckViolation: KNDB R5: attribute hba1c is registered as MEASURED, got INFERRED
HINT:  This is the primary trust-boundary check the paper demonstrates.
CONTEXT:  PL/pgSQL function kndb.enforce_epistemic_kind() line 34 at RAISE",1,
660,READ COMMITTED,B,1,0,,"CheckViolation: KNDB R5: attribute hba1c is registered as MEASURED, got INFERRED
HINT:  This is the primary trust-boundary check the paper demonstrates.
CONTEXT:  PL/pgSQL function kndb.enforce_epistemic_kind() line 34 at RAISE",1,
661,READ COMMITTED,A,1,0,,"CheckViolation: KNDB R5: attribute hba1c is registered as MEASURED, got INFERRED
HINT:  This is the primary trust-boundary check the paper demonstrates.
CONTEXT:  PL/pgSQL function kndb.enforce_epistemic_kind() line 34 at RAISE",1,
662,READ COMMITTED,B,1,0,,"CheckViolation: KNDB R5: attribute hba1c is registered as MEASURED, got INFERRED
HINT:  This is the primary trust-boundary check the paper demonstrates.
CONTEXT:  PL/pgSQL function kndb.enforce_epistemic_kind() line 34 at RAISE",1,
663,READ COMMITTED,A,1,0,,"CheckViolation: KNDB R5: attribute hba1c is registered as MEASURED, got INFERRED
HINT:  This is the primary trust-boundary check the paper demonstrates.
CONTEXT:  PL/pgSQL function kndb.enforce_epistemic_kind() line 34 at RAISE",1,
664,READ COMMITTED,B,1,0,,"CheckViolation: KNDB R5: attribute hba1c is registered as MEASURED, got INFERRED
HINT:  This is the primary trust-boundary check the paper demonstrates.
CONTEXT:  PL/pgSQL function kndb.enforce_epistemic_kind() line 34 at RAISE",1,
665,READ COMMITTED,B,1,0,,"CheckViolation: KNDB R5: attribute hba1c is registered as MEASURED, got INFERRED
HINT:  This is the primary trust-boundary check the paper demonstrates.
CONTEXT:  PL/pgSQL function kndb.enforce_epistemic_kind() line 34 at RAISE",1,
666,READ COMMITTED,B,1,0,,"CheckViolation: KNDB R5: attribute hba1c is registered as MEASURED, got INFERRED
HINT:  This is the primary trust-boundary check the paper demonstrates.
CONTEXT:  PL/pgSQL function kndb.enforce_epistemic_kind() line 34 at RAISE",1,
667,READ COMMITTED,A,1,0,,"CheckViolation: KNDB R5: attribute hba1c is registered as MEASURED, got INFERRED
HINT:  This is the primary trust-boundary check the paper demonstrates.
CONTEXT:  PL/pgSQL function kndb.enforce_epistemic_kind() line 34 at RAISE",1,
668,READ COMMITTED,B,1,0,,"CheckViolation: KNDB R5: attribute hba1c is registered as MEASURED, got INFERRED
HINT:  This is the primary trust-boundary check the paper demonstrates.
CONTEXT:  PL/pgSQL function kndb.enforce_epistemic_kind() line 34 at RAISE",1,
669,READ COMMITTED,A,1,0,,"CheckViolation: KNDB R5: attribute hba1c is registered as MEASURED, got INFERRED
HINT:  This is the primary trust-boundary check the paper demonstrates.
CONTEXT:  PL/pgSQL function kndb.enforce_epistemic_kind() line 34 at RAISE",1,
670,READ COMMITTED,A,1,0,,"CheckViolation: KNDB R5: attribute hba1c is registered as MEASURED, got INFERRED
HINT:  This is the primary trust-boundary check the paper demonstrates.
CONTEXT:  PL/pgSQL function kndb.enforce_epistemic_kind() line 34 at RAISE",1,
671,READ COMMITTED,B,1,0,,"CheckViolation: KNDB R5: attribute hba1c is registered as MEASURED, got INFERRED
HINT:  This is the primary trust-boundary check the paper demonstrates.
CONTEXT:  PL/pgSQL function kndb.enforce_epistemic_kind() line 34 at RAISE",1,
672,READ COMMITTED,B,1,0,,"CheckViolation: KNDB R5: attribute hba1c is registered as MEASURED, got INFERRED
HINT:  This is the primary trust-boundary check the paper demonstrates.
CONTEXT:  PL/pgSQL function kndb.enforce_epistemic_kind() line 34 at RAISE",1,
673,READ COMMITTED,A,1,0,,"CheckViolation: KNDB R5: attribute hba1c is registered as MEASURED, got INFERRED
HINT:  This is the primary trust-boundary check the paper demonstrates.
CONTEXT:  PL/pgSQL function kndb.enforce_epistemic_kind() line 34 at RAISE",1,
674,READ COMMITTED,B,1,0,,"CheckViolation: KNDB R5: attribute hba1c is registered as MEASURED, got INFERRED
HINT:  This is the primary trust-boundary check the paper demonstrates.
CONTEXT:  PL/pgSQL function kndb.enforce_epistemic_kind() line 34 at RAISE",1,
675,READ COMMITTED,B,1,0,,"CheckViolation: KNDB R5: attribute hba1c is registered as MEASURED, got INFERRED
HINT:  This is the primary trust-boundary check the paper demonstrates.
CONTEXT:  PL/pgSQL function kndb.enforce_epistemic_kind() line 34 at RAISE",1,
676,READ COMMITTED,B,1,0,,"CheckViolation: KNDB R5: attribute hba1c is registered as MEASURED, got INFERRED
HINT:  This is the primary trust-boundary check the paper demonstrates.
CONTEXT:  PL/pgSQL function kndb.enforce_epistemic_kind() line 34 at RAISE",1,
677,READ COMMITTED,B,1,0,,"CheckViolation: KNDB R5: attribute hba1c is registered as MEASURED, got INFERRED
HINT:  This is the primary trust-boundary check the paper demonstrates.
CONTEXT:  PL/pgSQL function kndb.enforce_epistemic_kind() line 34 at RAISE",1,
678,READ COMMITTED,A,1,0,,"CheckViolation: KNDB R5: attribute hba1c is registered as MEASURED, got INFERRED
HINT:  This is the primary trust-boundary check the paper demonstrates.
CONTEXT:  PL/pgSQL function kndb.enforce_epistemic_kind() line 34 at RAISE",1,
679,READ COMMITTED,A,1,0,,"CheckViolation: KNDB R5: attribute hba1c is registered as MEASURED, got INFERRED
HINT:  This is the primary trust-boundary check the paper demonstrates.
CONTEXT:  PL/pgSQL function kndb.enforce_epistemic_kind() line 34 at RAISE",1,
680,READ COMMITTED,B,1,0,,"CheckViolation: KNDB R5: attribute hba1c is registered as MEASURED, got INFERRED
HINT:  This is the primary trust-boundary check the paper demonstrates.
CONTEXT:  PL/pgSQL function kndb.enforce_epistemic_kind() line 34 at RAISE",1,
681,READ COMMITTED,A,1,0,,"CheckViolation: KNDB R5: attribute hba1c is registered as MEASURED, got INFERRED
HINT:  This is the primary trust-boundary check the paper demonstrates.
CONTEXT:  PL/pgSQL function kndb.enforce_epistemic_kind() line 34 at RAISE",1,
682,READ COMMITTED,A,1,0,,"CheckViolation: KNDB R5: attribute hba1c is registered as MEASURED, got INFERRED
HINT:  This is the primary trust-boundary check the paper demonstrates.
CONTEXT:  PL/pgSQL function kndb.enforce_epistemic_kind() line 34 at RAISE",1,
683,READ COMMITTED,A,1,0,,"CheckViolation: KNDB R5: attribute hba1c is registered as MEASURED, got INFERRED
HINT:  This is the primary trust-boundary check the paper demonstrates.
CONTEXT:  PL/pgSQL function kndb.enforce_epistemic_kind() line 34 at RAISE",1,
684,READ COMMITTED,A,1,0,,"CheckViolation: KNDB R5: attribute hba1c is registered as MEASURED, got INFERRED
HINT:  This is the primary trust-boundary check the paper demonstrates.
CONTEXT:  PL/pgSQL function kndb.enforce_epistemic_kind() line 34 at RAISE",1,
685,READ COMMITTED,A,1,0,,"CheckViolation: KNDB R5: attribute hba1c is registered as MEASURED, got INFERRED
HINT:  This is the primary trust-boundary check the paper demonstrates.
CONTEXT:  PL/pgSQL function kndb.enforce_epistemic_kind() line 34 at RAISE",1,
686,READ COMMITTED,B,1,0,,"CheckViolation: KNDB R5: attribute hba1c is registered as MEASURED, got INFERRED
HINT:  This is the primary trust-boundary check the paper demonstrates.
CONTEXT:  PL/pgSQL function kndb.enforce_epistemic_kind() line 34 at RAISE",1,
687,READ COMMITTED,A,1,0,,"CheckViolation: KNDB R5: attribute hba1c is registered as MEASURED, got INFERRED
HINT:  This is the primary trust-boundary check the paper demonstrates.
CONTEXT:  PL/pgSQL function kndb.enforce_epistemic_kind() line 34 at RAISE",1,
688,READ COMMITTED,A,1,0,,"CheckViolation: KNDB R5: attribute hba1c is registered as MEASURED, got INFERRED
HINT:  This is the primary trust-boundary check the paper demonstrates.
CONTEXT:  PL/pgSQL function kndb.enforce_epistemic_kind() line 34 at RAISE",1,
689,READ COMMITTED,B,1,0,,"CheckViolation: KNDB R5: attribute hba1c is registered as MEASURED, got INFERRED
HINT:  This is the primary trust-boundary check the paper demonstrates.
CONTEXT:  PL/pgSQL function kndb.enforce_epistemic_kind() line 34 at RAISE",1,
690,READ COMMITTED,B,1,0,,"CheckViolation: KNDB R5: attribute hba1c is registered as MEASURED, got INFERRED
HINT:  This is the primary trust-boundary check the paper demonstrates.
CONTEXT:  PL/pgSQL function kndb.enforce_epistemic_kind() line 34 at RAISE",1,
691,READ COMMITTED,A,1,0,,"CheckViolation: KNDB R5: attribute hba1c is registered as MEASURED, got INFERRED
HINT:  This is the primary trust-boundary check the paper demonstrates.
CONTEXT:  PL/pgSQL function kndb.enforce_epistemic_kind() line 34 at RAISE",1,
692,READ COMMITTED,B,1,0,,"CheckViolation: KNDB R5: attribute hba1c is registered as MEASURED, got INFERRED
HINT:  This is the primary trust-boundary check the paper demonstrates.
CONTEXT:  PL/pgSQL function kndb.enforce_epistemic_kind() line 34 at RAISE",1,
693,READ COMMITTED,B,1,0,,"CheckViolation: KNDB R5: attribute hba1c is registered as MEASURED, got INFERRED
HINT:  This is the primary trust-boundary check the paper demonstrates.
CONTEXT:  PL/pgSQL function kndb.enforce_epistemic_kind() line 34 at RAISE",1,
694,READ COMMITTED,B,1,0,,"CheckViolation: KNDB R5: attribute hba1c is registered as MEASURED, got INFERRED
HINT:  This is the primary trust-boundary check the paper demonstrates.
CONTEXT:  PL/pgSQL function kndb.enforce_epistemic_kind() line 34 at RAISE",1,
695,READ COMMITTED,B,1,0,,"CheckViolation: KNDB R5: attribute hba1c is registered as MEASURED, got INFERRED
HINT:  This is the primary trust-boundary check the paper demonstrates.
CONTEXT:  PL/pgSQL function kndb.enforce_epistemic_kind() line 34 at RAISE",1,
696,READ COMMITTED,B,1,0,,"CheckViolation: KNDB R5: attribute hba1c is registered as MEASURED, got INFERRED
HINT:  This is the primary trust-boundary check the paper demonstrates.
CONTEXT:  PL/pgSQL function kndb.enforce_epistemic_kind() line 34 at RAISE",1,
697,READ COMMITTED,B,1,0,,"CheckViolation: KNDB R5: attribute hba1c is registered as MEASURED, got INFERRED
HINT:  This is the primary trust-boundary check the paper demonstrates.
CONTEXT:  PL/pgSQL function kndb.enforce_epistemic_kind() line 34 at RAISE",1,
698,READ COMMITTED,A,1,0,,"CheckViolation: KNDB R5: attribute hba1c is registered as MEASURED, got INFERRED
HINT:  This is the primary trust-boundary check the paper demonstrates.
CONTEXT:  PL/pgSQL function kndb.enforce_epistemic_kind() line 34 at RAISE",1,
699,READ COMMITTED,B,1,0,,"CheckViolation: KNDB R5: attribute hba1c is registered as MEASURED, got INFERRED
HINT:  This is the primary trust-boundary check the paper demonstrates.
CONTEXT:  PL/pgSQL function kndb.enforce_epistemic_kind() line 34 at RAISE",1,
700,READ COMMITTED,B,1,0,,"CheckViolation: KNDB R5: attribute hba1c is registered as MEASURED, got INFERRED
HINT:  This is the primary trust-boundary check the paper demonstrates.
CONTEXT:  PL/pgSQL function kndb.enforce_epistemic_kind() line 34 at RAISE",1,
701,READ COMMITTED,B,1,0,,"CheckViolation: KNDB R5: attribute hba1c is registered as MEASURED, got INFERRED
HINT:  This is the primary trust-boundary check the paper demonstrates.
CONTEXT:  PL/pgSQL function kndb.enforce_epistemic_kind() line 34 at RAISE",1,
702,READ COMMITTED,B,1,0,,"CheckViolation: KNDB R5: attribute hba1c is registered as MEASURED, got INFERRED
HINT:  This is the primary trust-boundary check the paper demonstrates.
CONTEXT:  PL/pgSQL function kndb.enforce_epistemic_kind() line 34 at RAISE",1,
703,READ COMMITTED,A,1,0,,"CheckViolation: KNDB R5: attribute hba1c is registered as MEASURED, got INFERRED
HINT:  This is the primary trust-boundary check the paper demonstrates.
CONTEXT:  PL/pgSQL function kndb.enforce_epistemic_kind() line 34 at RAISE",1,
704,READ COMMITTED,A,1,0,,"CheckViolation: KNDB R5: attribute hba1c is registered as MEASURED, got INFERRED
HINT:  This is the primary trust-boundary check the paper demonstrates.
CONTEXT:  PL/pgSQL function kndb.enforce_epistemic_kind() line 34 at RAISE",1,
705,READ COMMITTED,A,1,0,,"CheckViolation: KNDB R5: attribute hba1c is registered as MEASURED, got INFERRED
HINT:  This is the primary trust-boundary check the paper demonstrates.
CONTEXT:  PL/pgSQL function kndb.enforce_epistemic_kind() line 34 at RAISE",1,
706,READ COMMITTED,B,1,0,,"CheckViolation: KNDB R5: attribute hba1c is registered as MEASURED, got INFERRED
HINT:  This is the primary trust-boundary check the paper demonstrates.
CONTEXT:  PL/pgSQL function kndb.enforce_epistemic_kind() line 34 at RAISE",1,
707,READ COMMITTED,B,1,0,,"CheckViolation: KNDB R5: attribute hba1c is registered as MEASURED, got INFERRED
HINT:  This is the primary trust-boundary check the paper demonstrates.
CONTEXT:  PL/pgSQL function kndb.enforce_epistemic_kind() line 34 at RAISE",1,
708,READ COMMITTED,A,1,0,,"CheckViolation: KNDB R5: attribute hba1c is registered as MEASURED, got INFERRED
HINT:  This is the primary trust-boundary check the paper demonstrates.
CONTEXT:  PL/pgSQL function kndb.enforce_epistemic_kind() line 34 at RAISE",1,
709,READ COMMITTED,A,1,0,,"CheckViolation: KNDB R5: attribute hba1c is registered as MEASURED, got INFERRED
HINT:  This is the primary trust-boundary check the paper demonstrates.
CONTEXT:  PL/pgSQL function kndb.enforce_epistemic_kind() line 34 at RAISE",1,
710,READ COMMITTED,B,1,0,,"CheckViolation: KNDB R5: attribute hba1c is registered as MEASURED, got INFERRED
HINT:  This is the primary trust-boundary check the paper demonstrates.
CONTEXT:  PL/pgSQL function kndb.enforce_epistemic_kind() line 34 at RAISE",1,
711,READ COMMITTED,B,1,0,,"CheckViolation: KNDB R5: attribute hba1c is registered as MEASURED, got INFERRED
HINT:  This is the primary trust-boundary check the paper demonstrates.
CONTEXT:  PL/pgSQL function kndb.enforce_epistemic_kind() line 34 at RAISE",1,
712,READ COMMITTED,B,1,0,,"CheckViolation: KNDB R5: attribute hba1c is registered as MEASURED, got INFERRED
HINT:  This is the primary trust-boundary check the paper demonstrates.
CONTEXT:  PL/pgSQL function kndb.enforce_epistemic_kind() line 34 at RAISE",1,
713,READ COMMITTED,B,1,0,,"CheckViolation: KNDB R5: attribute hba1c is registered as MEASURED, got INFERRED
HINT:  This is the primary trust-boundary check the paper demonstrates.
CONTEXT:  PL/pgSQL function kndb.enforce_epistemic_kind() line 34 at RAISE",1,
714,READ COMMITTED,A,1,0,,"CheckViolation: KNDB R5: attribute hba1c is registered as MEASURED, got INFERRED
HINT:  This is the primary trust-boundary check the paper demonstrates.
CONTEXT:  PL/pgSQL function kndb.enforce_epistemic_kind() line 34 at RAISE",1,
715,READ COMMITTED,A,1,0,,"CheckViolation: KNDB R5: attribute hba1c is registered as MEASURED, got INFERRED
HINT:  This is the primary trust-boundary check the paper demonstrates.
CONTEXT:  PL/pgSQL function kndb.enforce_epistemic_kind() line 34 at RAISE",1,
716,READ COMMITTED,A,1,0,,"CheckViolation: KNDB R5: attribute hba1c is registered as MEASURED, got INFERRED
HINT:  This is the primary trust-boundary check the paper demonstrates.
CONTEXT:  PL/pgSQL function kndb.enforce_epistemic_kind() line 34 at RAISE",1,
717,READ COMMITTED,A,1,0,,"CheckViolation: KNDB R5: attribute hba1c is registered as MEASURED, got INFERRED
HINT:  This is the primary trust-boundary check the paper demonstrates.
CONTEXT:  PL/pgSQL function kndb.enforce_epistemic_kind() line 34 at RAISE",1,
718,READ COMMITTED,A,1,0,,"CheckViolation: KNDB R5: attribute hba1c is registered as MEASURED, got INFERRED
HINT:  This is the primary trust-boundary check the paper demonstrates.
CONTEXT:  PL/pgSQL function kndb.enforce_epistemic_kind() line 34 at RAISE",1,
719,READ COMMITTED,A,1,0,,"CheckViolation: KNDB R5: attribute hba1c is registered as MEASURED, got INFERRED
HINT:  This is the primary trust-boundary check the paper demonstrates.
CONTEXT:  PL/pgSQL function kndb.enforce_epistemic_kind() line 34 at RAISE",1,
720,READ COMMITTED,A,1,0,,"CheckViolation: KNDB R5: attribute hba1c is registered as MEASURED, got INFERRED
HINT:  This is the primary trust-boundary check the paper demonstrates.
CONTEXT:  PL/pgSQL function kndb.enforce_epistemic_kind() line 34 at RAISE",1,
721,READ COMMITTED,B,1,0,,"CheckViolation: KNDB R5: attribute hba1c is registered as MEASURED, got INFERRED
HINT:  This is the primary trust-boundary check the paper demonstrates.
CONTEXT:  PL/pgSQL function kndb.enforce_epistemic_kind() line 34 at RAISE",1,
722,READ COMMITTED,B,1,0,,"CheckViolation: KNDB R5: attribute hba1c is registered as MEASURED, got INFERRED
HINT:  This is the primary trust-boundary check the paper demonstrates.
CONTEXT:  PL/pgSQL function kndb.enforce_epistemic_kind() line 34 at RAISE",1,
723,READ COMMITTED,B,1,0,,"CheckViolation: KNDB R5: attribute hba1c is registered as MEASURED, got INFERRED
HINT:  This is the primary trust-boundary check the paper demonstrates.
CONTEXT:  PL/pgSQL function kndb.enforce_epistemic_kind() line 34 at RAISE",1,
724,READ COMMITTED,B,1,0,,"CheckViolation: KNDB R5: attribute hba1c is registered as MEASURED, got INFERRED
HINT:  This is the primary trust-boundary check the paper demonstrates.
CONTEXT:  PL/pgSQL function kndb.enforce_epistemic_kind() line 34 at RAISE",1,
725,READ COMMITTED,B,1,0,,"CheckViolation: KNDB R5: attribute hba1c is registered as MEASURED, got INFERRED
HINT:  This is the primary trust-boundary check the paper demonstrates.
CONTEXT:  PL/pgSQL function kndb.enforce_epistemic_kind() line 34 at RAISE",1,
726,READ COMMITTED,B,1,0,,"CheckViolation: KNDB R5: attribute hba1c is registered as MEASURED, got INFERRED
HINT:  This is the primary trust-boundary check the paper demonstrates.
CONTEXT:  PL/pgSQL function kndb.enforce_epistemic_kind() line 34 at RAISE",1,
727,READ COMMITTED,A,1,0,,"CheckViolation: KNDB R5: attribute hba1c is registered as MEASURED, got INFERRED
HINT:  This is the primary trust-boundary check the paper demonstrates.
CONTEXT:  PL/pgSQL function kndb.enforce_epistemic_kind() line 34 at RAISE",1,
728,READ COMMITTED,A,1,0,,"CheckViolation: KNDB R5: attribute hba1c is registered as MEASURED, got INFERRED
HINT:  This is the primary trust-boundary check the paper demonstrates.
CONTEXT:  PL/pgSQL function kndb.enforce_epistemic_kind() line 34 at RAISE",1,
729,READ COMMITTED,B,1,0,,"CheckViolation: KNDB R5: attribute hba1c is registered as MEASURED, got INFERRED
HINT:  This is the primary trust-boundary check the paper demonstrates.
CONTEXT:  PL/pgSQL function kndb.enforce_epistemic_kind() line 34 at RAISE",1,
730,READ COMMITTED,A,1,0,,"CheckViolation: KNDB R5: attribute hba1c is registered as MEASURED, got INFERRED
HINT:  This is the primary trust-boundary check the paper demonstrates.
CONTEXT:  PL/pgSQL function kndb.enforce_epistemic_kind() line 34 at RAISE",1,
731,READ COMMITTED,B,1,0,,"CheckViolation: KNDB R5: attribute hba1c is registered as MEASURED, got INFERRED
HINT:  This is the primary trust-boundary check the paper demonstrates.
CONTEXT:  PL/pgSQL function kndb.enforce_epistemic_kind() line 34 at RAISE",1,
732,READ COMMITTED,B,1,0,,"CheckViolation: KNDB R5: attribute hba1c is registered as MEASURED, got INFERRED
HINT:  This is the primary trust-boundary check the paper demonstrates.
CONTEXT:  PL/pgSQL function kndb.enforce_epistemic_kind() line 34 at RAISE",1,
733,READ COMMITTED,A,1,0,,"CheckViolation: KNDB R5: attribute hba1c is registered as MEASURED, got INFERRED
HINT:  This is the primary trust-boundary check the paper demonstrates.
CONTEXT:  PL/pgSQL function kndb.enforce_epistemic_kind() line 34 at RAISE",1,
734,READ COMMITTED,B,1,0,,"CheckViolation: KNDB R5: attribute hba1c is registered as MEASURED, got INFERRED
HINT:  This is the primary trust-boundary check the paper demonstrates.
CONTEXT:  PL/pgSQL function kndb.enforce_epistemic_kind() line 34 at RAISE",1,
735,READ COMMITTED,B,1,0,,"CheckViolation: KNDB R5: attribute hba1c is registered as MEASURED, got INFERRED
HINT:  This is the primary trust-boundary check the paper demonstrates.
CONTEXT:  PL/pgSQL function kndb.enforce_epistemic_kind() line 34 at RAISE",1,
736,READ COMMITTED,A,1,0,,"CheckViolation: KNDB R5: attribute hba1c is registered as MEASURED, got INFERRED
HINT:  This is the primary trust-boundary check the paper demonstrates.
CONTEXT:  PL/pgSQL function kndb.enforce_epistemic_kind() line 34 at RAISE",1,
737,READ COMMITTED,A,1,0,,"CheckViolation: KNDB R5: attribute hba1c is registered as MEASURED, got INFERRED
HINT:  This is the primary trust-boundary check the paper demonstrates.
CONTEXT:  PL/pgSQL function kndb.enforce_epistemic_kind() line 34 at RAISE",1,
738,READ COMMITTED,A,1,0,,"CheckViolation: KNDB R5: attribute hba1c is registered as MEASURED, got INFERRED
HINT:  This is the primary trust-boundary check the paper demonstrates.
CONTEXT:  PL/pgSQL function kndb.enforce_epistemic_kind() line 34 at RAISE",1,
739,READ COMMITTED,A,1,0,,"CheckViolation: KNDB R5: attribute hba1c is registered as MEASURED, got INFERRED
HINT:  This is the primary trust-boundary check the paper demonstrates.
CONTEXT:  PL/pgSQL function kndb.enforce_epistemic_kind() line 34 at RAISE",1,
740,READ COMMITTED,B,1,0,,"CheckViolation: KNDB R5: attribute hba1c is registered as MEASURED, got INFERRED
HINT:  This is the primary trust-boundary check the paper demonstrates.
CONTEXT:  PL/pgSQL function kndb.enforce_epistemic_kind() line 34 at RAISE",1,
741,READ COMMITTED,B,1,0,,"CheckViolation: KNDB R5: attribute hba1c is registered as MEASURED, got INFERRED
HINT:  This is the primary trust-boundary check the paper demonstrates.
CONTEXT:  PL/pgSQL function kndb.enforce_epistemic_kind() line 34 at RAISE",1,
742,READ COMMITTED,A,1,0,,"CheckViolation: KNDB R5: attribute hba1c is registered as MEASURED, got INFERRED
HINT:  This is the primary trust-boundary check the paper demonstrates.
CONTEXT:  PL/pgSQL function kndb.enforce_epistemic_kind() line 34 at RAISE",1,
743,READ COMMITTED,B,1,0,,"CheckViolation: KNDB R5: attribute hba1c is registered as MEASURED, got INFERRED
HINT:  This is the primary trust-boundary check the paper demonstrates.
CONTEXT:  PL/pgSQL function kndb.enforce_epistemic_kind() line 34 at RAISE",1,
744,READ COMMITTED,A,1,0,,"CheckViolation: KNDB R5: attribute hba1c is registered as MEASURED, got INFERRED
HINT:  This is the primary trust-boundary check the paper demonstrates.
CONTEXT:  PL/pgSQL function kndb.enforce_epistemic_kind() line 34 at RAISE",1,
745,READ COMMITTED,B,1,0,,"CheckViolation: KNDB R5: attribute hba1c is registered as MEASURED, got INFERRED
HINT:  This is the primary trust-boundary check the paper demonstrates.
CONTEXT:  PL/pgSQL function kndb.enforce_epistemic_kind() line 34 at RAISE",1,
746,READ COMMITTED,B,1,0,,"CheckViolation: KNDB R5: attribute hba1c is registered as MEASURED, got INFERRED
HINT:  This is the primary trust-boundary check the paper demonstrates.
CONTEXT:  PL/pgSQL function kndb.enforce_epistemic_kind() line 34 at RAISE",1,
747,READ COMMITTED,B,1,0,,"CheckViolation: KNDB R5: attribute hba1c is registered as MEASURED, got INFERRED
HINT:  This is the primary trust-boundary check the paper demonstrates.
CONTEXT:  PL/pgSQL function kndb.enforce_epistemic_kind() line 34 at RAISE",1,
748,READ COMMITTED,A,1,0,,"CheckViolation: KNDB R5: attribute hba1c is registered as MEASURED, got INFERRED
HINT:  This is the primary trust-boundary check the paper demonstrates.
CONTEXT:  PL/pgSQL function kndb.enforce_epistemic_kind() line 34 at RAISE",1,
749,READ COMMITTED,A,1,0,,"CheckViolation: KNDB R5: attribute hba1c is registered as MEASURED, got INFERRED
HINT:  This is the primary trust-boundary check the paper demonstrates.
CONTEXT:  PL/pgSQL function kndb.enforce_epistemic_kind() line 34 at RAISE",1,
750,READ COMMITTED,A,1,0,,"CheckViolation: KNDB R5: attribute hba1c is registered as MEASURED, got INFERRED
HINT:  This is the primary trust-boundary check the paper demonstrates.
CONTEXT:  PL/pgSQL function kndb.enforce_epistemic_kind() line 34 at RAISE",1,
751,READ COMMITTED,B,1,0,,"CheckViolation: KNDB R5: attribute hba1c is registered as MEASURED, got INFERRED
HINT:  This is the primary trust-boundary check the paper demonstrates.
CONTEXT:  PL/pgSQL function kndb.enforce_epistemic_kind() line 34 at RAISE",1,
752,READ COMMITTED,A,1,0,,"CheckViolation: KNDB R5: attribute hba1c is registered as MEASURED, got INFERRED
HINT:  This is the primary trust-boundary check the paper demonstrates.
CONTEXT:  PL/pgSQL function kndb.enforce_epistemic_kind() line 34 at RAISE",1,
753,READ COMMITTED,B,1,0,,"CheckViolation: KNDB R5: attribute hba1c is registered as MEASURED, got INFERRED
HINT:  This is the primary trust-boundary check the paper demonstrates.
CONTEXT:  PL/pgSQL function kndb.enforce_epistemic_kind() line 34 at RAISE",1,
754,READ COMMITTED,B,1,0,,"CheckViolation: KNDB R5: attribute hba1c is registered as MEASURED, got INFERRED
HINT:  This is the primary trust-boundary check the paper demonstrates.
CONTEXT:  PL/pgSQL function kndb.enforce_epistemic_kind() line 34 at RAISE",1,
755,READ COMMITTED,B,1,0,,"CheckViolation: KNDB R5: attribute hba1c is registered as MEASURED, got INFERRED
HINT:  This is the primary trust-boundary check the paper demonstrates.
CONTEXT:  PL/pgSQL function kndb.enforce_epistemic_kind() line 34 at RAISE",1,
756,READ COMMITTED,B,1,0,,"CheckViolation: KNDB R5: attribute hba1c is registered as MEASURED, got INFERRED
HINT:  This is the primary trust-boundary check the paper demonstrates.
CONTEXT:  PL/pgSQL function kndb.enforce_epistemic_kind() line 34 at RAISE",1,
757,READ COMMITTED,A,1,0,,"CheckViolation: KNDB R5: attribute hba1c is registered as MEASURED, got INFERRED
HINT:  This is the primary trust-boundary check the paper demonstrates.
CONTEXT:  PL/pgSQL function kndb.enforce_epistemic_kind() line 34 at RAISE",1,
758,READ COMMITTED,A,1,0,,"CheckViolation: KNDB R5: attribute hba1c is registered as MEASURED, got INFERRED
HINT:  This is the primary trust-boundary check the paper demonstrates.
CONTEXT:  PL/pgSQL function kndb.enforce_epistemic_kind() line 34 at RAISE",1,
759,READ COMMITTED,A,1,0,,"CheckViolation: KNDB R5: attribute hba1c is registered as MEASURED, got INFERRED
HINT:  This is the primary trust-boundary check the paper demonstrates.
CONTEXT:  PL/pgSQL function kndb.enforce_epistemic_kind() line 34 at RAISE",1,
760,READ COMMITTED,B,1,0,,"CheckViolation: KNDB R5: attribute hba1c is registered as MEASURED, got INFERRED
HINT:  This is the primary trust-boundary check the paper demonstrates.
CONTEXT:  PL/pgSQL function kndb.enforce_epistemic_kind() line 34 at RAISE",1,
761,READ COMMITTED,B,1,0,,"CheckViolation: KNDB R5: attribute hba1c is registered as MEASURED, got INFERRED
HINT:  This is the primary trust-boundary check the paper demonstrates.
CONTEXT:  PL/pgSQL function kndb.enforce_epistemic_kind() line 34 at RAISE",1,
762,READ COMMITTED,B,1,0,,"CheckViolation: KNDB R5: attribute hba1c is registered as MEASURED, got INFERRED
HINT:  This is the primary trust-boundary check the paper demonstrates.
CONTEXT:  PL/pgSQL function kndb.enforce_epistemic_kind() line 34 at RAISE",1,
763,READ COMMITTED,A,1,0,,"CheckViolation: KNDB R5: attribute hba1c is registered as MEASURED, got INFERRED
HINT:  This is the primary trust-boundary check the paper demonstrates.
CONTEXT:  PL/pgSQL function kndb.enforce_epistemic_kind() line 34 at RAISE",1,
764,READ COMMITTED,B,1,0,,"CheckViolation: KNDB R5: attribute hba1c is registered as MEASURED, got INFERRED
HINT:  This is the primary trust-boundary check the paper demonstrates.
CONTEXT:  PL/pgSQL function kndb.enforce_epistemic_kind() line 34 at RAISE",1,
765,READ COMMITTED,B,1,0,,"CheckViolation: KNDB R5: attribute hba1c is registered as MEASURED, got INFERRED
HINT:  This is the primary trust-boundary check the paper demonstrates.
CONTEXT:  PL/pgSQL function kndb.enforce_epistemic_kind() line 34 at RAISE",1,
766,READ COMMITTED,A,1,0,,"CheckViolation: KNDB R5: attribute hba1c is registered as MEASURED, got INFERRED
HINT:  This is the primary trust-boundary check the paper demonstrates.
CONTEXT:  PL/pgSQL function kndb.enforce_epistemic_kind() line 34 at RAISE",1,
767,READ COMMITTED,B,1,0,,"CheckViolation: KNDB R5: attribute hba1c is registered as MEASURED, got INFERRED
HINT:  This is the primary trust-boundary check the paper demonstrates.
CONTEXT:  PL/pgSQL function kndb.enforce_epistemic_kind() line 34 at RAISE",1,
768,READ COMMITTED,A,1,0,,"CheckViolation: KNDB R5: attribute hba1c is registered as MEASURED, got INFERRED
HINT:  This is the primary trust-boundary check the paper demonstrates.
CONTEXT:  PL/pgSQL function kndb.enforce_epistemic_kind() line 34 at RAISE",1,
769,READ COMMITTED,B,1,0,,"CheckViolation: KNDB R5: attribute hba1c is registered as MEASURED, got INFERRED
HINT:  This is the primary trust-boundary check the paper demonstrates.
CONTEXT:  PL/pgSQL function kndb.enforce_epistemic_kind() line 34 at RAISE",1,
770,READ COMMITTED,B,1,0,,"CheckViolation: KNDB R5: attribute hba1c is registered as MEASURED, got INFERRED
HINT:  This is the primary trust-boundary check the paper demonstrates.
CONTEXT:  PL/pgSQL function kndb.enforce_epistemic_kind() line 34 at RAISE",1,
771,READ COMMITTED,A,1,0,,"CheckViolation: KNDB R5: attribute hba1c is registered as MEASURED, got INFERRED
HINT:  This is the primary trust-boundary check the paper demonstrates.
CONTEXT:  PL/pgSQL function kndb.enforce_epistemic_kind() line 34 at RAISE",1,
772,READ COMMITTED,A,1,0,,"CheckViolation: KNDB R5: attribute hba1c is registered as MEASURED, got INFERRED
HINT:  This is the primary trust-boundary check the paper demonstrates.
CONTEXT:  PL/pgSQL function kndb.enforce_epistemic_kind() line 34 at RAISE",1,
773,READ COMMITTED,B,1,0,,"CheckViolation: KNDB R5: attribute hba1c is registered as MEASURED, got INFERRED
HINT:  This is the primary trust-boundary check the paper demonstrates.
CONTEXT:  PL/pgSQL function kndb.enforce_epistemic_kind() line 34 at RAISE",1,
774,READ COMMITTED,B,1,0,,"CheckViolation: KNDB R5: attribute hba1c is registered as MEASURED, got INFERRED
HINT:  This is the primary trust-boundary check the paper demonstrates.
CONTEXT:  PL/pgSQL function kndb.enforce_epistemic_kind() line 34 at RAISE",1,
775,READ COMMITTED,A,1,0,,"CheckViolation: KNDB R5: attribute hba1c is registered as MEASURED, got INFERRED
HINT:  This is the primary trust-boundary check the paper demonstrates.
CONTEXT:  PL/pgSQL function kndb.enforce_epistemic_kind() line 34 at RAISE",1,
776,READ COMMITTED,B,1,0,,"CheckViolation: KNDB R5: attribute hba1c is registered as MEASURED, got INFERRED
HINT:  This is the primary trust-boundary check the paper demonstrates.
CONTEXT:  PL/pgSQL function kndb.enforce_epistemic_kind() line 34 at RAISE",1,
777,READ COMMITTED,B,1,0,,"CheckViolation: KNDB R5: attribute hba1c is registered as MEASURED, got INFERRED
HINT:  This is the primary trust-boundary check the paper demonstrates.
CONTEXT:  PL/pgSQL function kndb.enforce_epistemic_kind() line 34 at RAISE",1,
778,READ COMMITTED,A,1,0,,"CheckViolation: KNDB R5: attribute hba1c is registered as MEASURED, got INFERRED
HINT:  This is the primary trust-boundary check the paper demonstrates.
CONTEXT:  PL/pgSQL function kndb.enforce_epistemic_kind() line 34 at RAISE",1,
779,READ COMMITTED,A,1,0,,"CheckViolation: KNDB R5: attribute hba1c is registered as MEASURED, got INFERRED
HINT:  This is the primary trust-boundary check the paper demonstrates.
CONTEXT:  PL/pgSQL function kndb.enforce_epistemic_kind() line 34 at RAISE",1,
780,READ COMMITTED,B,1,0,,"CheckViolation: KNDB R5: attribute hba1c is registered as MEASURED, got INFERRED
HINT:  This is the primary trust-boundary check the paper demonstrates.
CONTEXT:  PL/pgSQL function kndb.enforce_epistemic_kind() line 34 at RAISE",1,
781,READ COMMITTED,A,1,0,,"CheckViolation: KNDB R5: attribute hba1c is registered as MEASURED, got INFERRED
HINT:  This is the primary trust-boundary check the paper demonstrates.
CONTEXT:  PL/pgSQL function kndb.enforce_epistemic_kind() line 34 at RAISE",1,
782,READ COMMITTED,B,1,0,,"CheckViolation: KNDB R5: attribute hba1c is registered as MEASURED, got INFERRED
HINT:  This is the primary trust-boundary check the paper demonstrates.
CONTEXT:  PL/pgSQL function kndb.enforce_epistemic_kind() line 34 at RAISE",1,
783,READ COMMITTED,B,1,0,,"CheckViolation: KNDB R5: attribute hba1c is registered as MEASURED, got INFERRED
HINT:  This is the primary trust-boundary check the paper demonstrates.
CONTEXT:  PL/pgSQL function kndb.enforce_epistemic_kind() line 34 at RAISE",1,
784,READ COMMITTED,A,1,0,,"CheckViolation: KNDB R5: attribute hba1c is registered as MEASURED, got INFERRED
HINT:  This is the primary trust-boundary check the paper demonstrates.
CONTEXT:  PL/pgSQL function kndb.enforce_epistemic_kind() line 34 at RAISE",1,
785,READ COMMITTED,B,1,0,,"CheckViolation: KNDB R5: attribute hba1c is registered as MEASURED, got INFERRED
HINT:  This is the primary trust-boundary check the paper demonstrates.
CONTEXT:  PL/pgSQL function kndb.enforce_epistemic_kind() line 34 at RAISE",1,
786,READ COMMITTED,B,1,0,,"CheckViolation: KNDB R5: attribute hba1c is registered as MEASURED, got INFERRED
HINT:  This is the primary trust-boundary check the paper demonstrates.
CONTEXT:  PL/pgSQL function kndb.enforce_epistemic_kind() line 34 at RAISE",1,
787,READ COMMITTED,A,1,0,,"CheckViolation: KNDB R5: attribute hba1c is registered as MEASURED, got INFERRED
HINT:  This is the primary trust-boundary check the paper demonstrates.
CONTEXT:  PL/pgSQL function kndb.enforce_epistemic_kind() line 34 at RAISE",1,
788,READ COMMITTED,B,1,0,,"CheckViolation: KNDB R5: attribute hba1c is registered as MEASURED, got INFERRED
HINT:  This is the primary trust-boundary check the paper demonstrates.
CONTEXT:  PL/pgSQL function kndb.enforce_epistemic_kind() line 34 at RAISE",1,
789,READ COMMITTED,A,1,0,,"CheckViolation: KNDB R5: attribute hba1c is registered as MEASURED, got INFERRED
HINT:  This is the primary trust-boundary check the paper demonstrates.
CONTEXT:  PL/pgSQL function kndb.enforce_epistemic_kind() line 34 at RAISE",1,
790,READ COMMITTED,B,1,0,,"CheckViolation: KNDB R5: attribute hba1c is registered as MEASURED, got INFERRED
HINT:  This is the primary trust-boundary check the paper demonstrates.
CONTEXT:  PL/pgSQL function kndb.enforce_epistemic_kind() line 34 at RAISE",1,
791,READ COMMITTED,B,1,0,,"CheckViolation: KNDB R5: attribute hba1c is registered as MEASURED, got INFERRED
HINT:  This is the primary trust-boundary check the paper demonstrates.
CONTEXT:  PL/pgSQL function kndb.enforce_epistemic_kind() line 34 at RAISE",1,
792,READ COMMITTED,B,1,0,,"CheckViolation: KNDB R5: attribute hba1c is registered as MEASURED, got INFERRED
HINT:  This is the primary trust-boundary check the paper demonstrates.
CONTEXT:  PL/pgSQL function kndb.enforce_epistemic_kind() line 34 at RAISE",1,
793,READ COMMITTED,B,1,0,,"CheckViolation: KNDB R5: attribute hba1c is registered as MEASURED, got INFERRED
HINT:  This is the primary trust-boundary check the paper demonstrates.
CONTEXT:  PL/pgSQL function kndb.enforce_epistemic_kind() line 34 at RAISE",1,
794,READ COMMITTED,A,1,0,,"CheckViolation: KNDB R5: attribute hba1c is registered as MEASURED, got INFERRED
HINT:  This is the primary trust-boundary check the paper demonstrates.
CONTEXT:  PL/pgSQL function kndb.enforce_epistemic_kind() line 34 at RAISE",1,
795,READ COMMITTED,B,1,0,,"CheckViolation: KNDB R5: attribute hba1c is registered as MEASURED, got INFERRED
HINT:  This is the primary trust-boundary check the paper demonstrates.
CONTEXT:  PL/pgSQL function kndb.enforce_epistemic_kind() line 34 at RAISE",1,
796,READ COMMITTED,A,1,0,,"CheckViolation: KNDB R5: attribute hba1c is registered as MEASURED, got INFERRED
HINT:  This is the primary trust-boundary check the paper demonstrates.
CONTEXT:  PL/pgSQL function kndb.enforce_epistemic_kind() line 34 at RAISE",1,
797,READ COMMITTED,B,1,0,,"CheckViolation: KNDB R5: attribute hba1c is registered as MEASURED, got INFERRED
HINT:  This is the primary trust-boundary check the paper demonstrates.
CONTEXT:  PL/pgSQL function kndb.enforce_epistemic_kind() line 34 at RAISE",1,
798,READ COMMITTED,B,1,0,,"CheckViolation: KNDB R5: attribute hba1c is registered as MEASURED, got INFERRED
HINT:  This is the primary trust-boundary check the paper demonstrates.
CONTEXT:  PL/pgSQL function kndb.enforce_epistemic_kind() line 34 at RAISE",1,
799,READ COMMITTED,B,1,0,,"CheckViolation: KNDB R5: attribute hba1c is registered as MEASURED, got INFERRED
HINT:  This is the primary trust-boundary check the paper demonstrates.
CONTEXT:  PL/pgSQL function kndb.enforce_epistemic_kind() line 34 at RAISE",1,
800,READ COMMITTED,A,1,0,,"CheckViolation: KNDB R5: attribute hba1c is registered as MEASURED, got INFERRED
HINT:  This is the primary trust-boundary check the paper demonstrates.
CONTEXT:  PL/pgSQL function kndb.enforce_epistemic_kind() line 34 at RAISE",1,
801,READ COMMITTED,A,1,0,,"CheckViolation: KNDB R5: attribute hba1c is registered as MEASURED, got INFERRED
HINT:  This is the primary trust-boundary check the paper demonstrates.
CONTEXT:  PL/pgSQL function kndb.enforce_epistemic_kind() line 34 at RAISE",1,
802,READ COMMITTED,B,1,0,,"CheckViolation: KNDB R5: attribute hba1c is registered as MEASURED, got INFERRED
HINT:  This is the primary trust-boundary check the paper demonstrates.
CONTEXT:  PL/pgSQL function kndb.enforce_epistemic_kind() line 34 at RAISE",1,
803,READ COMMITTED,B,1,0,,"CheckViolation: KNDB R5: attribute hba1c is registered as MEASURED, got INFERRED
HINT:  This is the primary trust-boundary check the paper demonstrates.
CONTEXT:  PL/pgSQL function kndb.enforce_epistemic_kind() line 34 at RAISE",1,
804,READ COMMITTED,A,1,0,,"CheckViolation: KNDB R5: attribute hba1c is registered as MEASURED, got INFERRED
HINT:  This is the primary trust-boundary check the paper demonstrates.
CONTEXT:  PL/pgSQL function kndb.enforce_epistemic_kind() line 34 at RAISE",1,
805,READ COMMITTED,A,1,0,,"CheckViolation: KNDB R5: attribute hba1c is registered as MEASURED, got INFERRED
HINT:  This is the primary trust-boundary check the paper demonstrates.
CONTEXT:  PL/pgSQL function kndb.enforce_epistemic_kind() line 34 at RAISE",1,
806,READ COMMITTED,B,1,0,,"CheckViolation: KNDB R5: attribute hba1c is registered as MEASURED, got INFERRED
HINT:  This is the primary trust-boundary check the paper demonstrates.
CONTEXT:  PL/pgSQL function kndb.enforce_epistemic_kind() line 34 at RAISE",1,
807,READ COMMITTED,A,1,0,,"CheckViolation: KNDB R5: attribute hba1c is registered as MEASURED, got INFERRED
HINT:  This is the primary trust-boundary check the paper demonstrates.
CONTEXT:  PL/pgSQL function kndb.enforce_epistemic_kind() line 34 at RAISE",1,
808,READ COMMITTED,B,1,0,,"CheckViolation: KNDB R5: attribute hba1c is registered as MEASURED, got INFERRED
HINT:  This is the primary trust-boundary check the paper demonstrates.
CONTEXT:  PL/pgSQL function kndb.enforce_epistemic_kind() line 34 at RAISE",1,
809,READ COMMITTED,B,1,0,,"CheckViolation: KNDB R5: attribute hba1c is registered as MEASURED, got INFERRED
HINT:  This is the primary trust-boundary check the paper demonstrates.
CONTEXT:  PL/pgSQL function kndb.enforce_epistemic_kind() line 34 at RAISE",1,
810,READ COMMITTED,A,1,0,,"CheckViolation: KNDB R5: attribute hba1c is registered as MEASURED, got INFERRED
HINT:  This is the primary trust-boundary check the paper demonstrates.
CONTEXT:  PL/pgSQL function kndb.enforce_epistemic_kind() line 34 at RAISE",1,
811,READ COMMITTED,A,1,0,,"CheckViolation: KNDB R5: attribute hba1c is registered as MEASURED, got INFERRED
HINT:  This is the primary trust-boundary check the paper demonstrates.
CONTEXT:  PL/pgSQL function kndb.enforce_epistemic_kind() line 34 at RAISE",1,
812,READ COMMITTED,A,1,0,,"CheckViolation: KNDB R5: attribute hba1c is registered as MEASURED, got INFERRED
HINT:  This is the primary trust-boundary check the paper demonstrates.
CONTEXT:  PL/pgSQL function kndb.enforce_epistemic_kind() line 34 at RAISE",1,
813,READ COMMITTED,B,1,0,,"CheckViolation: KNDB R5: attribute hba1c is registered as MEASURED, got INFERRED
HINT:  This is the primary trust-boundary check the paper demonstrates.
CONTEXT:  PL/pgSQL function kndb.enforce_epistemic_kind() line 34 at RAISE",1,
814,READ COMMITTED,B,1,0,,"CheckViolation: KNDB R5: attribute hba1c is registered as MEASURED, got INFERRED
HINT:  This is the primary trust-boundary check the paper demonstrates.
CONTEXT:  PL/pgSQL function kndb.enforce_epistemic_kind() line 34 at RAISE",1,
815,READ COMMITTED,A,1,0,,"CheckViolation: KNDB R5: attribute hba1c is registered as MEASURED, got INFERRED
HINT:  This is the primary trust-boundary check the paper demonstrates.
CONTEXT:  PL/pgSQL function kndb.enforce_epistemic_kind() line 34 at RAISE",1,
816,READ COMMITTED,B,1,0,,"CheckViolation: KNDB R5: attribute hba1c is registered as MEASURED, got INFERRED
HINT:  This is the primary trust-boundary check the paper demonstrates.
CONTEXT:  PL/pgSQL function kndb.enforce_epistemic_kind() line 34 at RAISE",1,
817,READ COMMITTED,A,1,0,,"CheckViolation: KNDB R5: attribute hba1c is registered as MEASURED, got INFERRED
HINT:  This is the primary trust-boundary check the paper demonstrates.
CONTEXT:  PL/pgSQL function kndb.enforce_epistemic_kind() line 34 at RAISE",1,
818,READ COMMITTED,B,1,0,,"CheckViolation: KNDB R5: attribute hba1c is registered as MEASURED, got INFERRED
HINT:  This is the primary trust-boundary check the paper demonstrates.
CONTEXT:  PL/pgSQL function kndb.enforce_epistemic_kind() line 34 at RAISE",1,
819,READ COMMITTED,B,1,0,,"CheckViolation: KNDB R5: attribute hba1c is registered as MEASURED, got INFERRED
HINT:  This is the primary trust-boundary check the paper demonstrates.
CONTEXT:  PL/pgSQL function kndb.enforce_epistemic_kind() line 34 at RAISE",1,
820,READ COMMITTED,B,1,0,,"CheckViolation: KNDB R5: attribute hba1c is registered as MEASURED, got INFERRED
HINT:  This is the primary trust-boundary check the paper demonstrates.
CONTEXT:  PL/pgSQL function kndb.enforce_epistemic_kind() line 34 at RAISE",1,
821,READ COMMITTED,A,1,0,,"CheckViolation: KNDB R5: attribute hba1c is registered as MEASURED, got INFERRED
HINT:  This is the primary trust-boundary check the paper demonstrates.
CONTEXT:  PL/pgSQL function kndb.enforce_epistemic_kind() line 34 at RAISE",1,
822,READ COMMITTED,B,1,0,,"CheckViolation: KNDB R5: attribute hba1c is registered as MEASURED, got INFERRED
HINT:  This is the primary trust-boundary check the paper demonstrates.
CONTEXT:  PL/pgSQL function kndb.enforce_epistemic_kind() line 34 at RAISE",1,
823,READ COMMITTED,B,1,0,,"CheckViolation: KNDB R5: attribute hba1c is registered as MEASURED, got INFERRED
HINT:  This is the primary trust-boundary check the paper demonstrates.
CONTEXT:  PL/pgSQL function kndb.enforce_epistemic_kind() line 34 at RAISE",1,
824,READ COMMITTED,B,1,0,,"CheckViolation: KNDB R5: attribute hba1c is registered as MEASURED, got INFERRED
HINT:  This is the primary trust-boundary check the paper demonstrates.
CONTEXT:  PL/pgSQL function kndb.enforce_epistemic_kind() line 34 at RAISE",1,
825,READ COMMITTED,A,1,0,,"CheckViolation: KNDB R5: attribute hba1c is registered as MEASURED, got INFERRED
HINT:  This is the primary trust-boundary check the paper demonstrates.
CONTEXT:  PL/pgSQL function kndb.enforce_epistemic_kind() line 34 at RAISE",1,
826,READ COMMITTED,A,1,0,,"CheckViolation: KNDB R5: attribute hba1c is registered as MEASURED, got INFERRED
HINT:  This is the primary trust-boundary check the paper demonstrates.
CONTEXT:  PL/pgSQL function kndb.enforce_epistemic_kind() line 34 at RAISE",1,
827,READ COMMITTED,B,1,0,,"CheckViolation: KNDB R5: attribute hba1c is registered as MEASURED, got INFERRED
HINT:  This is the primary trust-boundary check the paper demonstrates.
CONTEXT:  PL/pgSQL function kndb.enforce_epistemic_kind() line 34 at RAISE",1,
828,READ COMMITTED,B,1,0,,"CheckViolation: KNDB R5: attribute hba1c is registered as MEASURED, got INFERRED
HINT:  This is the primary trust-boundary check the paper demonstrates.
CONTEXT:  PL/pgSQL function kndb.enforce_epistemic_kind() line 34 at RAISE",1,
829,READ COMMITTED,B,1,0,,"CheckViolation: KNDB R5: attribute hba1c is registered as MEASURED, got INFERRED
HINT:  This is the primary trust-boundary check the paper demonstrates.
CONTEXT:  PL/pgSQL function kndb.enforce_epistemic_kind() line 34 at RAISE",1,
830,READ COMMITTED,B,1,0,,"CheckViolation: KNDB R5: attribute hba1c is registered as MEASURED, got INFERRED
HINT:  This is the primary trust-boundary check the paper demonstrates.
CONTEXT:  PL/pgSQL function kndb.enforce_epistemic_kind() line 34 at RAISE",1,
831,READ COMMITTED,A,1,0,,"CheckViolation: KNDB R5: attribute hba1c is registered as MEASURED, got INFERRED
HINT:  This is the primary trust-boundary check the paper demonstrates.
CONTEXT:  PL/pgSQL function kndb.enforce_epistemic_kind() line 34 at RAISE",1,
832,READ COMMITTED,B,1,0,,"CheckViolation: KNDB R5: attribute hba1c is registered as MEASURED, got INFERRED
HINT:  This is the primary trust-boundary check the paper demonstrates.
CONTEXT:  PL/pgSQL function kndb.enforce_epistemic_kind() line 34 at RAISE",1,
833,READ COMMITTED,A,1,0,,"CheckViolation: KNDB R5: attribute hba1c is registered as MEASURED, got INFERRED
HINT:  This is the primary trust-boundary check the paper demonstrates.
CONTEXT:  PL/pgSQL function kndb.enforce_epistemic_kind() line 34 at RAISE",1,
834,READ COMMITTED,B,1,0,,"CheckViolation: KNDB R5: attribute hba1c is registered as MEASURED, got INFERRED
HINT:  This is the primary trust-boundary check the paper demonstrates.
CONTEXT:  PL/pgSQL function kndb.enforce_epistemic_kind() line 34 at RAISE",1,
835,READ COMMITTED,A,1,0,,"CheckViolation: KNDB R5: attribute hba1c is registered as MEASURED, got INFERRED
HINT:  This is the primary trust-boundary check the paper demonstrates.
CONTEXT:  PL/pgSQL function kndb.enforce_epistemic_kind() line 34 at RAISE",1,
836,READ COMMITTED,B,1,0,,"CheckViolation: KNDB R5: attribute hba1c is registered as MEASURED, got INFERRED
HINT:  This is the primary trust-boundary check the paper demonstrates.
CONTEXT:  PL/pgSQL function kndb.enforce_epistemic_kind() line 34 at RAISE",1,
837,READ COMMITTED,A,1,0,,"CheckViolation: KNDB R5: attribute hba1c is registered as MEASURED, got INFERRED
HINT:  This is the primary trust-boundary check the paper demonstrates.
CONTEXT:  PL/pgSQL function kndb.enforce_epistemic_kind() line 34 at RAISE",1,
838,READ COMMITTED,A,1,0,,"CheckViolation: KNDB R5: attribute hba1c is registered as MEASURED, got INFERRED
HINT:  This is the primary trust-boundary check the paper demonstrates.
CONTEXT:  PL/pgSQL function kndb.enforce_epistemic_kind() line 34 at RAISE",1,
839,READ COMMITTED,B,1,0,,"CheckViolation: KNDB R5: attribute hba1c is registered as MEASURED, got INFERRED
HINT:  This is the primary trust-boundary check the paper demonstrates.
CONTEXT:  PL/pgSQL function kndb.enforce_epistemic_kind() line 34 at RAISE",1,
840,READ COMMITTED,A,1,0,,"CheckViolation: KNDB R5: attribute hba1c is registered as MEASURED, got INFERRED
HINT:  This is the primary trust-boundary check the paper demonstrates.
CONTEXT:  PL/pgSQL function kndb.enforce_epistemic_kind() line 34 at RAISE",1,
841,READ COMMITTED,B,1,0,,"CheckViolation: KNDB R5: attribute hba1c is registered as MEASURED, got INFERRED
HINT:  This is the primary trust-boundary check the paper demonstrates.
CONTEXT:  PL/pgSQL function kndb.enforce_epistemic_kind() line 34 at RAISE",1,
842,READ COMMITTED,B,1,0,,"CheckViolation: KNDB R5: attribute hba1c is registered as MEASURED, got INFERRED
HINT:  This is the primary trust-boundary check the paper demonstrates.
CONTEXT:  PL/pgSQL function kndb.enforce_epistemic_kind() line 34 at RAISE",1,
843,READ COMMITTED,B,1,0,,"CheckViolation: KNDB R5: attribute hba1c is registered as MEASURED, got INFERRED
HINT:  This is the primary trust-boundary check the paper demonstrates.
CONTEXT:  PL/pgSQL function kndb.enforce_epistemic_kind() line 34 at RAISE",1,
844,READ COMMITTED,B,1,0,,"CheckViolation: KNDB R5: attribute hba1c is registered as MEASURED, got INFERRED
HINT:  This is the primary trust-boundary check the paper demonstrates.
CONTEXT:  PL/pgSQL function kndb.enforce_epistemic_kind() line 34 at RAISE",1,
845,READ COMMITTED,B,1,0,,"CheckViolation: KNDB R5: attribute hba1c is registered as MEASURED, got INFERRED
HINT:  This is the primary trust-boundary check the paper demonstrates.
CONTEXT:  PL/pgSQL function kndb.enforce_epistemic_kind() line 34 at RAISE",1,
846,READ COMMITTED,A,1,0,,"CheckViolation: KNDB R5: attribute hba1c is registered as MEASURED, got INFERRED
HINT:  This is the primary trust-boundary check the paper demonstrates.
CONTEXT:  PL/pgSQL function kndb.enforce_epistemic_kind() line 34 at RAISE",1,
847,READ COMMITTED,A,1,0,,"CheckViolation: KNDB R5: attribute hba1c is registered as MEASURED, got INFERRED
HINT:  This is the primary trust-boundary check the paper demonstrates.
CONTEXT:  PL/pgSQL function kndb.enforce_epistemic_kind() line 34 at RAISE",1,
848,READ COMMITTED,B,1,0,,"CheckViolation: KNDB R5: attribute hba1c is registered as MEASURED, got INFERRED
HINT:  This is the primary trust-boundary check the paper demonstrates.
CONTEXT:  PL/pgSQL function kndb.enforce_epistemic_kind() line 34 at RAISE",1,
849,READ COMMITTED,B,1,0,,"CheckViolation: KNDB R5: attribute hba1c is registered as MEASURED, got INFERRED
HINT:  This is the primary trust-boundary check the paper demonstrates.
CONTEXT:  PL/pgSQL function kndb.enforce_epistemic_kind() line 34 at RAISE",1,
850,READ COMMITTED,B,1,0,,"CheckViolation: KNDB R5: attribute hba1c is registered as MEASURED, got INFERRED
HINT:  This is the primary trust-boundary check the paper demonstrates.
CONTEXT:  PL/pgSQL function kndb.enforce_epistemic_kind() line 34 at RAISE",1,
851,READ COMMITTED,A,1,0,,"CheckViolation: KNDB R5: attribute hba1c is registered as MEASURED, got INFERRED
HINT:  This is the primary trust-boundary check the paper demonstrates.
CONTEXT:  PL/pgSQL function kndb.enforce_epistemic_kind() line 34 at RAISE",1,
852,READ COMMITTED,A,1,0,,"CheckViolation: KNDB R5: attribute hba1c is registered as MEASURED, got INFERRED
HINT:  This is the primary trust-boundary check the paper demonstrates.
CONTEXT:  PL/pgSQL function kndb.enforce_epistemic_kind() line 34 at RAISE",1,
853,READ COMMITTED,B,1,0,,"CheckViolation: KNDB R5: attribute hba1c is registered as MEASURED, got INFERRED
HINT:  This is the primary trust-boundary check the paper demonstrates.
CONTEXT:  PL/pgSQL function kndb.enforce_epistemic_kind() line 34 at RAISE",1,
854,READ COMMITTED,B,1,0,,"CheckViolation: KNDB R5: attribute hba1c is registered as MEASURED, got INFERRED
HINT:  This is the primary trust-boundary check the paper demonstrates.
CONTEXT:  PL/pgSQL function kndb.enforce_epistemic_kind() line 34 at RAISE",1,
855,READ COMMITTED,B,1,0,,"CheckViolation: KNDB R5: attribute hba1c is registered as MEASURED, got INFERRED
HINT:  This is the primary trust-boundary check the paper demonstrates.
CONTEXT:  PL/pgSQL function kndb.enforce_epistemic_kind() line 34 at RAISE",1,
856,READ COMMITTED,B,1,0,,"CheckViolation: KNDB R5: attribute hba1c is registered as MEASURED, got INFERRED
HINT:  This is the primary trust-boundary check the paper demonstrates.
CONTEXT:  PL/pgSQL function kndb.enforce_epistemic_kind() line 34 at RAISE",1,
857,READ COMMITTED,A,1,0,,"CheckViolation: KNDB R5: attribute hba1c is registered as MEASURED, got INFERRED
HINT:  This is the primary trust-boundary check the paper demonstrates.
CONTEXT:  PL/pgSQL function kndb.enforce_epistemic_kind() line 34 at RAISE",1,
858,READ COMMITTED,A,1,0,,"CheckViolation: KNDB R5: attribute hba1c is registered as MEASURED, got INFERRED
HINT:  This is the primary trust-boundary check the paper demonstrates.
CONTEXT:  PL/pgSQL function kndb.enforce_epistemic_kind() line 34 at RAISE",1,
859,READ COMMITTED,B,1,0,,"CheckViolation: KNDB R5: attribute hba1c is registered as MEASURED, got INFERRED
HINT:  This is the primary trust-boundary check the paper demonstrates.
CONTEXT:  PL/pgSQL function kndb.enforce_epistemic_kind() line 34 at RAISE",1,
860,READ COMMITTED,B,1,0,,"CheckViolation: KNDB R5: attribute hba1c is registered as MEASURED, got INFERRED
HINT:  This is the primary trust-boundary check the paper demonstrates.
CONTEXT:  PL/pgSQL function kndb.enforce_epistemic_kind() line 34 at RAISE",1,
861,READ COMMITTED,A,1,0,,"CheckViolation: KNDB R5: attribute hba1c is registered as MEASURED, got INFERRED
HINT:  This is the primary trust-boundary check the paper demonstrates.
CONTEXT:  PL/pgSQL function kndb.enforce_epistemic_kind() line 34 at RAISE",1,
862,READ COMMITTED,B,1,0,,"CheckViolation: KNDB R5: attribute hba1c is registered as MEASURED, got INFERRED
HINT:  This is the primary trust-boundary check the paper demonstrates.
CONTEXT:  PL/pgSQL function kndb.enforce_epistemic_kind() line 34 at RAISE",1,
863,READ COMMITTED,B,1,0,,"CheckViolation: KNDB R5: attribute hba1c is registered as MEASURED, got INFERRED
HINT:  This is the primary trust-boundary check the paper demonstrates.
CONTEXT:  PL/pgSQL function kndb.enforce_epistemic_kind() line 34 at RAISE",1,
864,READ COMMITTED,A,1,0,,"CheckViolation: KNDB R5: attribute hba1c is registered as MEASURED, got INFERRED
HINT:  This is the primary trust-boundary check the paper demonstrates.
CONTEXT:  PL/pgSQL function kndb.enforce_epistemic_kind() line 34 at RAISE",1,
865,READ COMMITTED,B,1,0,,"CheckViolation: KNDB R5: attribute hba1c is registered as MEASURED, got INFERRED
HINT:  This is the primary trust-boundary check the paper demonstrates.
CONTEXT:  PL/pgSQL function kndb.enforce_epistemic_kind() line 34 at RAISE",1,
866,READ COMMITTED,A,1,0,,"CheckViolation: KNDB R5: attribute hba1c is registered as MEASURED, got INFERRED
HINT:  This is the primary trust-boundary check the paper demonstrates.
CONTEXT:  PL/pgSQL function kndb.enforce_epistemic_kind() line 34 at RAISE",1,
867,READ COMMITTED,A,1,0,,"CheckViolation: KNDB R5: attribute hba1c is registered as MEASURED, got INFERRED
HINT:  This is the primary trust-boundary check the paper demonstrates.
CONTEXT:  PL/pgSQL function kndb.enforce_epistemic_kind() line 34 at RAISE",1,
868,READ COMMITTED,A,1,0,,"CheckViolation: KNDB R5: attribute hba1c is registered as MEASURED, got INFERRED
HINT:  This is the primary trust-boundary check the paper demonstrates.
CONTEXT:  PL/pgSQL function kndb.enforce_epistemic_kind() line 34 at RAISE",1,
869,READ COMMITTED,B,1,0,,"CheckViolation: KNDB R5: attribute hba1c is registered as MEASURED, got INFERRED
HINT:  This is the primary trust-boundary check the paper demonstrates.
CONTEXT:  PL/pgSQL function kndb.enforce_epistemic_kind() line 34 at RAISE",1,
870,READ COMMITTED,B,1,0,,"CheckViolation: KNDB R5: attribute hba1c is registered as MEASURED, got INFERRED
HINT:  This is the primary trust-boundary check the paper demonstrates.
CONTEXT:  PL/pgSQL function kndb.enforce_epistemic_kind() line 34 at RAISE",1,
871,READ COMMITTED,B,1,0,,"CheckViolation: KNDB R5: attribute hba1c is registered as MEASURED, got INFERRED
HINT:  This is the primary trust-boundary check the paper demonstrates.
CONTEXT:  PL/pgSQL function kndb.enforce_epistemic_kind() line 34 at RAISE",1,
872,READ COMMITTED,A,1,0,,"CheckViolation: KNDB R5: attribute hba1c is registered as MEASURED, got INFERRED
HINT:  This is the primary trust-boundary check the paper demonstrates.
CONTEXT:  PL/pgSQL function kndb.enforce_epistemic_kind() line 34 at RAISE",1,
873,READ COMMITTED,A,1,0,,"CheckViolation: KNDB R5: attribute hba1c is registered as MEASURED, got INFERRED
HINT:  This is the primary trust-boundary check the paper demonstrates.
CONTEXT:  PL/pgSQL function kndb.enforce_epistemic_kind() line 34 at RAISE",1,
874,READ COMMITTED,B,1,0,,"CheckViolation: KNDB R5: attribute hba1c is registered as MEASURED, got INFERRED
HINT:  This is the primary trust-boundary check the paper demonstrates.
CONTEXT:  PL/pgSQL function kndb.enforce_epistemic_kind() line 34 at RAISE",1,
875,READ COMMITTED,B,1,0,,"CheckViolation: KNDB R5: attribute hba1c is registered as MEASURED, got INFERRED
HINT:  This is the primary trust-boundary check the paper demonstrates.
CONTEXT:  PL/pgSQL function kndb.enforce_epistemic_kind() line 34 at RAISE",1,
876,READ COMMITTED,A,1,0,,"CheckViolation: KNDB R5: attribute hba1c is registered as MEASURED, got INFERRED
HINT:  This is the primary trust-boundary check the paper demonstrates.
CONTEXT:  PL/pgSQL function kndb.enforce_epistemic_kind() line 34 at RAISE",1,
877,READ COMMITTED,B,1,0,,"CheckViolation: KNDB R5: attribute hba1c is registered as MEASURED, got INFERRED
HINT:  This is the primary trust-boundary check the paper demonstrates.
CONTEXT:  PL/pgSQL function kndb.enforce_epistemic_kind() line 34 at RAISE",1,
878,READ COMMITTED,A,1,0,,"CheckViolation: KNDB R5: attribute hba1c is registered as MEASURED, got INFERRED
HINT:  This is the primary trust-boundary check the paper demonstrates.
CONTEXT:  PL/pgSQL function kndb.enforce_epistemic_kind() line 34 at RAISE",1,
879,READ COMMITTED,A,1,0,,"CheckViolation: KNDB R5: attribute hba1c is registered as MEASURED, got INFERRED
HINT:  This is the primary trust-boundary check the paper demonstrates.
CONTEXT:  PL/pgSQL function kndb.enforce_epistemic_kind() line 34 at RAISE",1,
880,READ COMMITTED,A,1,0,,"CheckViolation: KNDB R5: attribute hba1c is registered as MEASURED, got INFERRED
HINT:  This is the primary trust-boundary check the paper demonstrates.
CONTEXT:  PL/pgSQL function kndb.enforce_epistemic_kind() line 34 at RAISE",1,
881,READ COMMITTED,A,1,0,,"CheckViolation: KNDB R5: attribute hba1c is registered as MEASURED, got INFERRED
HINT:  This is the primary trust-boundary check the paper demonstrates.
CONTEXT:  PL/pgSQL function kndb.enforce_epistemic_kind() line 34 at RAISE",1,
882,READ COMMITTED,A,1,0,,"CheckViolation: KNDB R5: attribute hba1c is registered as MEASURED, got INFERRED
HINT:  This is the primary trust-boundary check the paper demonstrates.
CONTEXT:  PL/pgSQL function kndb.enforce_epistemic_kind() line 34 at RAISE",1,
883,READ COMMITTED,B,1,0,,"CheckViolation: KNDB R5: attribute hba1c is registered as MEASURED, got INFERRED
HINT:  This is the primary trust-boundary check the paper demonstrates.
CONTEXT:  PL/pgSQL function kndb.enforce_epistemic_kind() line 34 at RAISE",1,
884,READ COMMITTED,B,1,0,,"CheckViolation: KNDB R5: attribute hba1c is registered as MEASURED, got INFERRED
HINT:  This is the primary trust-boundary check the paper demonstrates.
CONTEXT:  PL/pgSQL function kndb.enforce_epistemic_kind() line 34 at RAISE",1,
885,READ COMMITTED,B,1,0,,"CheckViolation: KNDB R5: attribute hba1c is registered as MEASURED, got INFERRED
HINT:  This is the primary trust-boundary check the paper demonstrates.
CONTEXT:  PL/pgSQL function kndb.enforce_epistemic_kind() line 34 at RAISE",1,
886,READ COMMITTED,A,1,0,,"CheckViolation: KNDB R5: attribute hba1c is registered as MEASURED, got INFERRED
HINT:  This is the primary trust-boundary check the paper demonstrates.
CONTEXT:  PL/pgSQL function kndb.enforce_epistemic_kind() line 34 at RAISE",1,
887,READ COMMITTED,A,1,0,,"CheckViolation: KNDB R5: attribute hba1c is registered as MEASURED, got INFERRED
HINT:  This is the primary trust-boundary check the paper demonstrates.
CONTEXT:  PL/pgSQL function kndb.enforce_epistemic_kind() line 34 at RAISE",1,
888,READ COMMITTED,A,1,0,,"CheckViolation: KNDB R5: attribute hba1c is registered as MEASURED, got INFERRED
HINT:  This is the primary trust-boundary check the paper demonstrates.
CONTEXT:  PL/pgSQL function kndb.enforce_epistemic_kind() line 34 at RAISE",1,
889,READ COMMITTED,B,1,0,,"CheckViolation: KNDB R5: attribute hba1c is registered as MEASURED, got INFERRED
HINT:  This is the primary trust-boundary check the paper demonstrates.
CONTEXT:  PL/pgSQL function kndb.enforce_epistemic_kind() line 34 at RAISE",1,
890,READ COMMITTED,B,1,0,,"CheckViolation: KNDB R5: attribute hba1c is registered as MEASURED, got INFERRED
HINT:  This is the primary trust-boundary check the paper demonstrates.
CONTEXT:  PL/pgSQL function kndb.enforce_epistemic_kind() line 34 at RAISE",1,
891,READ COMMITTED,A,1,0,,"CheckViolation: KNDB R5: attribute hba1c is registered as MEASURED, got INFERRED
HINT:  This is the primary trust-boundary check the paper demonstrates.
CONTEXT:  PL/pgSQL function kndb.enforce_epistemic_kind() line 34 at RAISE",1,
892,READ COMMITTED,A,1,0,,"CheckViolation: KNDB R5: attribute hba1c is registered as MEASURED, got INFERRED
HINT:  This is the primary trust-boundary check the paper demonstrates.
CONTEXT:  PL/pgSQL function kndb.enforce_epistemic_kind() line 34 at RAISE",1,
893,READ COMMITTED,B,1,0,,"CheckViolation: KNDB R5: attribute hba1c is registered as MEASURED, got INFERRED
HINT:  This is the primary trust-boundary check the paper demonstrates.
CONTEXT:  PL/pgSQL function kndb.enforce_epistemic_kind() line 34 at RAISE",1,
894,READ COMMITTED,A,1,0,,"CheckViolation: KNDB R5: attribute hba1c is registered as MEASURED, got INFERRED
HINT:  This is the primary trust-boundary check the paper demonstrates.
CONTEXT:  PL/pgSQL function kndb.enforce_epistemic_kind() line 34 at RAISE",1,
895,READ COMMITTED,A,1,0,,"CheckViolation: KNDB R5: attribute hba1c is registered as MEASURED, got INFERRED
HINT:  This is the primary trust-boundary check the paper demonstrates.
CONTEXT:  PL/pgSQL function kndb.enforce_epistemic_kind() line 34 at RAISE",1,
896,READ COMMITTED,A,1,0,,"CheckViolation: KNDB R5: attribute hba1c is registered as MEASURED, got INFERRED
HINT:  This is the primary trust-boundary check the paper demonstrates.
CONTEXT:  PL/pgSQL function kndb.enforce_epistemic_kind() line 34 at RAISE",1,
897,READ COMMITTED,A,1,0,,"CheckViolation: KNDB R5: attribute hba1c is registered as MEASURED, got INFERRED
HINT:  This is the primary trust-boundary check the paper demonstrates.
CONTEXT:  PL/pgSQL function kndb.enforce_epistemic_kind() line 34 at RAISE",1,
898,READ COMMITTED,B,1,0,,"CheckViolation: KNDB R5: attribute hba1c is registered as MEASURED, got INFERRED
HINT:  This is the primary trust-boundary check the paper demonstrates.
CONTEXT:  PL/pgSQL function kndb.enforce_epistemic_kind() line 34 at RAISE",1,
899,READ COMMITTED,B,1,0,,"CheckViolation: KNDB R5: attribute hba1c is registered as MEASURED, got INFERRED
HINT:  This is the primary trust-boundary check the paper demonstrates.
CONTEXT:  PL/pgSQL function kndb.enforce_epistemic_kind() line 34 at RAISE",1,
900,READ COMMITTED,B,1,0,,"CheckViolation: KNDB R5: attribute hba1c is registered as MEASURED, got INFERRED
HINT:  This is the primary trust-boundary check the paper demonstrates.
CONTEXT:  PL/pgSQL function kndb.enforce_epistemic_kind() line 34 at RAISE",1,
901,READ COMMITTED,A,1,0,,"CheckViolation: KNDB R5: attribute hba1c is registered as MEASURED, got INFERRED
HINT:  This is the primary trust-boundary check the paper demonstrates.
CONTEXT:  PL/pgSQL function kndb.enforce_epistemic_kind() line 34 at RAISE",1,
902,READ COMMITTED,B,1,0,,"CheckViolation: KNDB R5: attribute hba1c is registered as MEASURED, got INFERRED
HINT:  This is the primary trust-boundary check the paper demonstrates.
CONTEXT:  PL/pgSQL function kndb.enforce_epistemic_kind() line 34 at RAISE",1,
903,READ COMMITTED,B,1,0,,"CheckViolation: KNDB R5: attribute hba1c is registered as MEASURED, got INFERRED
HINT:  This is the primary trust-boundary check the paper demonstrates.
CONTEXT:  PL/pgSQL function kndb.enforce_epistemic_kind() line 34 at RAISE",1,
904,READ COMMITTED,A,1,0,,"CheckViolation: KNDB R5: attribute hba1c is registered as MEASURED, got INFERRED
HINT:  This is the primary trust-boundary check the paper demonstrates.
CONTEXT:  PL/pgSQL function kndb.enforce_epistemic_kind() line 34 at RAISE",1,
905,READ COMMITTED,B,1,0,,"CheckViolation: KNDB R5: attribute hba1c is registered as MEASURED, got INFERRED
HINT:  This is the primary trust-boundary check the paper demonstrates.
CONTEXT:  PL/pgSQL function kndb.enforce_epistemic_kind() line 34 at RAISE",1,
906,READ COMMITTED,B,1,0,,"CheckViolation: KNDB R5: attribute hba1c is registered as MEASURED, got INFERRED
HINT:  This is the primary trust-boundary check the paper demonstrates.
CONTEXT:  PL/pgSQL function kndb.enforce_epistemic_kind() line 34 at RAISE",1,
907,READ COMMITTED,B,1,0,,"CheckViolation: KNDB R5: attribute hba1c is registered as MEASURED, got INFERRED
HINT:  This is the primary trust-boundary check the paper demonstrates.
CONTEXT:  PL/pgSQL function kndb.enforce_epistemic_kind() line 34 at RAISE",1,
908,READ COMMITTED,A,1,0,,"CheckViolation: KNDB R5: attribute hba1c is registered as MEASURED, got INFERRED
HINT:  This is the primary trust-boundary check the paper demonstrates.
CONTEXT:  PL/pgSQL function kndb.enforce_epistemic_kind() line 34 at RAISE",1,
909,READ COMMITTED,B,1,0,,"CheckViolation: KNDB R5: attribute hba1c is registered as MEASURED, got INFERRED
HINT:  This is the primary trust-boundary check the paper demonstrates.
CONTEXT:  PL/pgSQL function kndb.enforce_epistemic_kind() line 34 at RAISE",1,
910,READ COMMITTED,A,1,0,,"CheckViolation: KNDB R5: attribute hba1c is registered as MEASURED, got INFERRED
HINT:  This is the primary trust-boundary check the paper demonstrates.
CONTEXT:  PL/pgSQL function kndb.enforce_epistemic_kind() line 34 at RAISE",1,
911,READ COMMITTED,B,1,0,,"CheckViolation: KNDB R5: attribute hba1c is registered as MEASURED, got INFERRED
HINT:  This is the primary trust-boundary check the paper demonstrates.
CONTEXT:  PL/pgSQL function kndb.enforce_epistemic_kind() line 34 at RAISE",1,
912,READ COMMITTED,A,1,0,,"CheckViolation: KNDB R5: attribute hba1c is registered as MEASURED, got INFERRED
HINT:  This is the primary trust-boundary check the paper demonstrates.
CONTEXT:  PL/pgSQL function kndb.enforce_epistemic_kind() line 34 at RAISE",1,
913,READ COMMITTED,B,1,0,,"CheckViolation: KNDB R5: attribute hba1c is registered as MEASURED, got INFERRED
HINT:  This is the primary trust-boundary check the paper demonstrates.
CONTEXT:  PL/pgSQL function kndb.enforce_epistemic_kind() line 34 at RAISE",1,
914,READ COMMITTED,B,1,0,,"CheckViolation: KNDB R5: attribute hba1c is registered as MEASURED, got INFERRED
HINT:  This is the primary trust-boundary check the paper demonstrates.
CONTEXT:  PL/pgSQL function kndb.enforce_epistemic_kind() line 34 at RAISE",1,
915,READ COMMITTED,A,1,0,,"CheckViolation: KNDB R5: attribute hba1c is registered as MEASURED, got INFERRED
HINT:  This is the primary trust-boundary check the paper demonstrates.
CONTEXT:  PL/pgSQL function kndb.enforce_epistemic_kind() line 34 at RAISE",1,
916,READ COMMITTED,B,1,0,,"CheckViolation: KNDB R5: attribute hba1c is registered as MEASURED, got INFERRED
HINT:  This is the primary trust-boundary check the paper demonstrates.
CONTEXT:  PL/pgSQL function kndb.enforce_epistemic_kind() line 34 at RAISE",1,
917,READ COMMITTED,B,1,0,,"CheckViolation: KNDB R5: attribute hba1c is registered as MEASURED, got INFERRED
HINT:  This is the primary trust-boundary check the paper demonstrates.
CONTEXT:  PL/pgSQL function kndb.enforce_epistemic_kind() line 34 at RAISE",1,
918,READ COMMITTED,B,1,0,,"CheckViolation: KNDB R5: attribute hba1c is registered as MEASURED, got INFERRED
HINT:  This is the primary trust-boundary check the paper demonstrates.
CONTEXT:  PL/pgSQL function kndb.enforce_epistemic_kind() line 34 at RAISE",1,
919,READ COMMITTED,B,1,0,,"CheckViolation: KNDB R5: attribute hba1c is registered as MEASURED, got INFERRED
HINT:  This is the primary trust-boundary check the paper demonstrates.
CONTEXT:  PL/pgSQL function kndb.enforce_epistemic_kind() line 34 at RAISE",1,
920,READ COMMITTED,B,1,0,,"CheckViolation: KNDB R5: attribute hba1c is registered as MEASURED, got INFERRED
HINT:  This is the primary trust-boundary check the paper demonstrates.
CONTEXT:  PL/pgSQL function kndb.enforce_epistemic_kind() line 34 at RAISE",1,
921,READ COMMITTED,B,1,0,,"CheckViolation: KNDB R5: attribute hba1c is registered as MEASURED, got INFERRED
HINT:  This is the primary trust-boundary check the paper demonstrates.
CONTEXT:  PL/pgSQL function kndb.enforce_epistemic_kind() line 34 at RAISE",1,
922,READ COMMITTED,B,1,0,,"CheckViolation: KNDB R5: attribute hba1c is registered as MEASURED, got INFERRED
HINT:  This is the primary trust-boundary check the paper demonstrates.
CONTEXT:  PL/pgSQL function kndb.enforce_epistemic_kind() line 34 at RAISE",1,
923,READ COMMITTED,B,1,0,,"CheckViolation: KNDB R5: attribute hba1c is registered as MEASURED, got INFERRED
HINT:  This is the primary trust-boundary check the paper demonstrates.
CONTEXT:  PL/pgSQL function kndb.enforce_epistemic_kind() line 34 at RAISE",1,
924,READ COMMITTED,B,1,0,,"CheckViolation: KNDB R5: attribute hba1c is registered as MEASURED, got INFERRED
HINT:  This is the primary trust-boundary check the paper demonstrates.
CONTEXT:  PL/pgSQL function kndb.enforce_epistemic_kind() line 34 at RAISE",1,
925,READ COMMITTED,A,1,0,,"CheckViolation: KNDB R5: attribute hba1c is registered as MEASURED, got INFERRED
HINT:  This is the primary trust-boundary check the paper demonstrates.
CONTEXT:  PL/pgSQL function kndb.enforce_epistemic_kind() line 34 at RAISE",1,
926,READ COMMITTED,A,1,0,,"CheckViolation: KNDB R5: attribute hba1c is registered as MEASURED, got INFERRED
HINT:  This is the primary trust-boundary check the paper demonstrates.
CONTEXT:  PL/pgSQL function kndb.enforce_epistemic_kind() line 34 at RAISE",1,
927,READ COMMITTED,B,1,0,,"CheckViolation: KNDB R5: attribute hba1c is registered as MEASURED, got INFERRED
HINT:  This is the primary trust-boundary check the paper demonstrates.
CONTEXT:  PL/pgSQL function kndb.enforce_epistemic_kind() line 34 at RAISE",1,
928,READ COMMITTED,B,1,0,,"CheckViolation: KNDB R5: attribute hba1c is registered as MEASURED, got INFERRED
HINT:  This is the primary trust-boundary check the paper demonstrates.
CONTEXT:  PL/pgSQL function kndb.enforce_epistemic_kind() line 34 at RAISE",1,
929,READ COMMITTED,A,1,0,,"CheckViolation: KNDB R5: attribute hba1c is registered as MEASURED, got INFERRED
HINT:  This is the primary trust-boundary check the paper demonstrates.
CONTEXT:  PL/pgSQL function kndb.enforce_epistemic_kind() line 34 at RAISE",1,
930,READ COMMITTED,A,1,0,,"CheckViolation: KNDB R5: attribute hba1c is registered as MEASURED, got INFERRED
HINT:  This is the primary trust-boundary check the paper demonstrates.
CONTEXT:  PL/pgSQL function kndb.enforce_epistemic_kind() line 34 at RAISE",1,
931,READ COMMITTED,B,1,0,,"CheckViolation: KNDB R5: attribute hba1c is registered as MEASURED, got INFERRED
HINT:  This is the primary trust-boundary check the paper demonstrates.
CONTEXT:  PL/pgSQL function kndb.enforce_epistemic_kind() line 34 at RAISE",1,
932,READ COMMITTED,A,1,0,,"CheckViolation: KNDB R5: attribute hba1c is registered as MEASURED, got INFERRED
HINT:  This is the primary trust-boundary check the paper demonstrates.
CONTEXT:  PL/pgSQL function kndb.enforce_epistemic_kind() line 34 at RAISE",1,
933,READ COMMITTED,A,1,0,,"CheckViolation: KNDB R5: attribute hba1c is registered as MEASURED, got INFERRED
HINT:  This is the primary trust-boundary check the paper demonstrates.
CONTEXT:  PL/pgSQL function kndb.enforce_epistemic_kind() line 34 at RAISE",1,
934,READ COMMITTED,B,1,0,,"CheckViolation: KNDB R5: attribute hba1c is registered as MEASURED, got INFERRED
HINT:  This is the primary trust-boundary check the paper demonstrates.
CONTEXT:  PL/pgSQL function kndb.enforce_epistemic_kind() line 34 at RAISE",1,
935,READ COMMITTED,B,1,0,,"CheckViolation: KNDB R5: attribute hba1c is registered as MEASURED, got INFERRED
HINT:  This is the primary trust-boundary check the paper demonstrates.
CONTEXT:  PL/pgSQL function kndb.enforce_epistemic_kind() line 34 at RAISE",1,
936,READ COMMITTED,B,1,0,,"CheckViolation: KNDB R5: attribute hba1c is registered as MEASURED, got INFERRED
HINT:  This is the primary trust-boundary check the paper demonstrates.
CONTEXT:  PL/pgSQL function kndb.enforce_epistemic_kind() line 34 at RAISE",1,
937,READ COMMITTED,B,1,0,,"CheckViolation: KNDB R5: attribute hba1c is registered as MEASURED, got INFERRED
HINT:  This is the primary trust-boundary check the paper demonstrates.
CONTEXT:  PL/pgSQL function kndb.enforce_epistemic_kind() line 34 at RAISE",1,
938,READ COMMITTED,B,1,0,,"CheckViolation: KNDB R5: attribute hba1c is registered as MEASURED, got INFERRED
HINT:  This is the primary trust-boundary check the paper demonstrates.
CONTEXT:  PL/pgSQL function kndb.enforce_epistemic_kind() line 34 at RAISE",1,
939,READ COMMITTED,A,1,0,,"CheckViolation: KNDB R5: attribute hba1c is registered as MEASURED, got INFERRED
HINT:  This is the primary trust-boundary check the paper demonstrates.
CONTEXT:  PL/pgSQL function kndb.enforce_epistemic_kind() line 34 at RAISE",1,
940,READ COMMITTED,B,1,0,,"CheckViolation: KNDB R5: attribute hba1c is registered as MEASURED, got INFERRED
HINT:  This is the primary trust-boundary check the paper demonstrates.
CONTEXT:  PL/pgSQL function kndb.enforce_epistemic_kind() line 34 at RAISE",1,
941,READ COMMITTED,A,1,0,,"CheckViolation: KNDB R5: attribute hba1c is registered as MEASURED, got INFERRED
HINT:  This is the primary trust-boundary check the paper demonstrates.
CONTEXT:  PL/pgSQL function kndb.enforce_epistemic_kind() line 34 at RAISE",1,
942,READ COMMITTED,B,1,0,,"CheckViolation: KNDB R5: attribute hba1c is registered as MEASURED, got INFERRED
HINT:  This is the primary trust-boundary check the paper demonstrates.
CONTEXT:  PL/pgSQL function kndb.enforce_epistemic_kind() line 34 at RAISE",1,
943,READ COMMITTED,B,1,0,,"CheckViolation: KNDB R5: attribute hba1c is registered as MEASURED, got INFERRED
HINT:  This is the primary trust-boundary check the paper demonstrates.
CONTEXT:  PL/pgSQL function kndb.enforce_epistemic_kind() line 34 at RAISE",1,
944,READ COMMITTED,A,1,0,,"CheckViolation: KNDB R5: attribute hba1c is registered as MEASURED, got INFERRED
HINT:  This is the primary trust-boundary check the paper demonstrates.
CONTEXT:  PL/pgSQL function kndb.enforce_epistemic_kind() line 34 at RAISE",1,
945,READ COMMITTED,A,1,0,,"CheckViolation: KNDB R5: attribute hba1c is registered as MEASURED, got INFERRED
HINT:  This is the primary trust-boundary check the paper demonstrates.
CONTEXT:  PL/pgSQL function kndb.enforce_epistemic_kind() line 34 at RAISE",1,
946,READ COMMITTED,B,1,0,,"CheckViolation: KNDB R5: attribute hba1c is registered as MEASURED, got INFERRED
HINT:  This is the primary trust-boundary check the paper demonstrates.
CONTEXT:  PL/pgSQL function kndb.enforce_epistemic_kind() line 34 at RAISE",1,
947,READ COMMITTED,A,1,0,,"CheckViolation: KNDB R5: attribute hba1c is registered as MEASURED, got INFERRED
HINT:  This is the primary trust-boundary check the paper demonstrates.
CONTEXT:  PL/pgSQL function kndb.enforce_epistemic_kind() line 34 at RAISE",1,
948,READ COMMITTED,B,1,0,,"CheckViolation: KNDB R5: attribute hba1c is registered as MEASURED, got INFERRED
HINT:  This is the primary trust-boundary check the paper demonstrates.
CONTEXT:  PL/pgSQL function kndb.enforce_epistemic_kind() line 34 at RAISE",1,
949,READ COMMITTED,B,1,0,,"CheckViolation: KNDB R5: attribute hba1c is registered as MEASURED, got INFERRED
HINT:  This is the primary trust-boundary check the paper demonstrates.
CONTEXT:  PL/pgSQL function kndb.enforce_epistemic_kind() line 34 at RAISE",1,
950,READ COMMITTED,B,1,0,,"CheckViolation: KNDB R5: attribute hba1c is registered as MEASURED, got INFERRED
HINT:  This is the primary trust-boundary check the paper demonstrates.
CONTEXT:  PL/pgSQL function kndb.enforce_epistemic_kind() line 34 at RAISE",1,
951,READ COMMITTED,B,1,0,,"CheckViolation: KNDB R5: attribute hba1c is registered as MEASURED, got INFERRED
HINT:  This is the primary trust-boundary check the paper demonstrates.
CONTEXT:  PL/pgSQL function kndb.enforce_epistemic_kind() line 34 at RAISE",1,
952,READ COMMITTED,B,1,0,,"CheckViolation: KNDB R5: attribute hba1c is registered as MEASURED, got INFERRED
HINT:  This is the primary trust-boundary check the paper demonstrates.
CONTEXT:  PL/pgSQL function kndb.enforce_epistemic_kind() line 34 at RAISE",1,
953,READ COMMITTED,B,1,0,,"CheckViolation: KNDB R5: attribute hba1c is registered as MEASURED, got INFERRED
HINT:  This is the primary trust-boundary check the paper demonstrates.
CONTEXT:  PL/pgSQL function kndb.enforce_epistemic_kind() line 34 at RAISE",1,
954,READ COMMITTED,A,1,0,,"CheckViolation: KNDB R5: attribute hba1c is registered as MEASURED, got INFERRED
HINT:  This is the primary trust-boundary check the paper demonstrates.
CONTEXT:  PL/pgSQL function kndb.enforce_epistemic_kind() line 34 at RAISE",1,
955,READ COMMITTED,B,1,0,,"CheckViolation: KNDB R5: attribute hba1c is registered as MEASURED, got INFERRED
HINT:  This is the primary trust-boundary check the paper demonstrates.
CONTEXT:  PL/pgSQL function kndb.enforce_epistemic_kind() line 34 at RAISE",1,
956,READ COMMITTED,A,1,0,,"CheckViolation: KNDB R5: attribute hba1c is registered as MEASURED, got INFERRED
HINT:  This is the primary trust-boundary check the paper demonstrates.
CONTEXT:  PL/pgSQL function kndb.enforce_epistemic_kind() line 34 at RAISE",1,
957,READ COMMITTED,B,1,0,,"CheckViolation: KNDB R5: attribute hba1c is registered as MEASURED, got INFERRED
HINT:  This is the primary trust-boundary check the paper demonstrates.
CONTEXT:  PL/pgSQL function kndb.enforce_epistemic_kind() line 34 at RAISE",1,
958,READ COMMITTED,A,1,0,,"CheckViolation: KNDB R5: attribute hba1c is registered as MEASURED, got INFERRED
HINT:  This is the primary trust-boundary check the paper demonstrates.
CONTEXT:  PL/pgSQL function kndb.enforce_epistemic_kind() line 34 at RAISE",1,
959,READ COMMITTED,B,1,0,,"CheckViolation: KNDB R5: attribute hba1c is registered as MEASURED, got INFERRED
HINT:  This is the primary trust-boundary check the paper demonstrates.
CONTEXT:  PL/pgSQL function kndb.enforce_epistemic_kind() line 34 at RAISE",1,
960,READ COMMITTED,B,1,0,,"CheckViolation: KNDB R5: attribute hba1c is registered as MEASURED, got INFERRED
HINT:  This is the primary trust-boundary check the paper demonstrates.
CONTEXT:  PL/pgSQL function kndb.enforce_epistemic_kind() line 34 at RAISE",1,
961,READ COMMITTED,B,1,0,,"CheckViolation: KNDB R5: attribute hba1c is registered as MEASURED, got INFERRED
HINT:  This is the primary trust-boundary check the paper demonstrates.
CONTEXT:  PL/pgSQL function kndb.enforce_epistemic_kind() line 34 at RAISE",1,
962,READ COMMITTED,B,1,0,,"CheckViolation: KNDB R5: attribute hba1c is registered as MEASURED, got INFERRED
HINT:  This is the primary trust-boundary check the paper demonstrates.
CONTEXT:  PL/pgSQL function kndb.enforce_epistemic_kind() line 34 at RAISE",1,
963,READ COMMITTED,B,1,0,,"CheckViolation: KNDB R5: attribute hba1c is registered as MEASURED, got INFERRED
HINT:  This is the primary trust-boundary check the paper demonstrates.
CONTEXT:  PL/pgSQL function kndb.enforce_epistemic_kind() line 34 at RAISE",1,
964,READ COMMITTED,A,1,0,,"CheckViolation: KNDB R5: attribute hba1c is registered as MEASURED, got INFERRED
HINT:  This is the primary trust-boundary check the paper demonstrates.
CONTEXT:  PL/pgSQL function kndb.enforce_epistemic_kind() line 34 at RAISE",1,
965,READ COMMITTED,A,1,0,,"CheckViolation: KNDB R5: attribute hba1c is registered as MEASURED, got INFERRED
HINT:  This is the primary trust-boundary check the paper demonstrates.
CONTEXT:  PL/pgSQL function kndb.enforce_epistemic_kind() line 34 at RAISE",1,
966,READ COMMITTED,A,1,0,,"CheckViolation: KNDB R5: attribute hba1c is registered as MEASURED, got INFERRED
HINT:  This is the primary trust-boundary check the paper demonstrates.
CONTEXT:  PL/pgSQL function kndb.enforce_epistemic_kind() line 34 at RAISE",1,
967,READ COMMITTED,B,1,0,,"CheckViolation: KNDB R5: attribute hba1c is registered as MEASURED, got INFERRED
HINT:  This is the primary trust-boundary check the paper demonstrates.
CONTEXT:  PL/pgSQL function kndb.enforce_epistemic_kind() line 34 at RAISE",1,
968,READ COMMITTED,B,1,0,,"CheckViolation: KNDB R5: attribute hba1c is registered as MEASURED, got INFERRED
HINT:  This is the primary trust-boundary check the paper demonstrates.
CONTEXT:  PL/pgSQL function kndb.enforce_epistemic_kind() line 34 at RAISE",1,
969,READ COMMITTED,B,1,0,,"CheckViolation: KNDB R5: attribute hba1c is registered as MEASURED, got INFERRED
HINT:  This is the primary trust-boundary check the paper demonstrates.
CONTEXT:  PL/pgSQL function kndb.enforce_epistemic_kind() line 34 at RAISE",1,
970,READ COMMITTED,A,1,0,,"CheckViolation: KNDB R5: attribute hba1c is registered as MEASURED, got INFERRED
HINT:  This is the primary trust-boundary check the paper demonstrates.
CONTEXT:  PL/pgSQL function kndb.enforce_epistemic_kind() line 34 at RAISE",1,
971,READ COMMITTED,A,1,0,,"CheckViolation: KNDB R5: attribute hba1c is registered as MEASURED, got INFERRED
HINT:  This is the primary trust-boundary check the paper demonstrates.
CONTEXT:  PL/pgSQL function kndb.enforce_epistemic_kind() line 34 at RAISE",1,
972,READ COMMITTED,B,1,0,,"CheckViolation: KNDB R5: attribute hba1c is registered as MEASURED, got INFERRED
HINT:  This is the primary trust-boundary check the paper demonstrates.
CONTEXT:  PL/pgSQL function kndb.enforce_epistemic_kind() line 34 at RAISE",1,
973,READ COMMITTED,B,1,0,,"CheckViolation: KNDB R5: attribute hba1c is registered as MEASURED, got INFERRED
HINT:  This is the primary trust-boundary check the paper demonstrates.
CONTEXT:  PL/pgSQL function kndb.enforce_epistemic_kind() line 34 at RAISE",1,
974,READ COMMITTED,A,1,0,,"CheckViolation: KNDB R5: attribute hba1c is registered as MEASURED, got INFERRED
HINT:  This is the primary trust-boundary check the paper demonstrates.
CONTEXT:  PL/pgSQL function kndb.enforce_epistemic_kind() line 34 at RAISE",1,
975,READ COMMITTED,A,1,0,,"CheckViolation: KNDB R5: attribute hba1c is registered as MEASURED, got INFERRED
HINT:  This is the primary trust-boundary check the paper demonstrates.
CONTEXT:  PL/pgSQL function kndb.enforce_epistemic_kind() line 34 at RAISE",1,
976,READ COMMITTED,A,1,0,,"CheckViolation: KNDB R5: attribute hba1c is registered as MEASURED, got INFERRED
HINT:  This is the primary trust-boundary check the paper demonstrates.
CONTEXT:  PL/pgSQL function kndb.enforce_epistemic_kind() line 34 at RAISE",1,
977,READ COMMITTED,B,1,0,,"CheckViolation: KNDB R5: attribute hba1c is registered as MEASURED, got INFERRED
HINT:  This is the primary trust-boundary check the paper demonstrates.
CONTEXT:  PL/pgSQL function kndb.enforce_epistemic_kind() line 34 at RAISE",1,
978,READ COMMITTED,A,1,0,,"CheckViolation: KNDB R5: attribute hba1c is registered as MEASURED, got INFERRED
HINT:  This is the primary trust-boundary check the paper demonstrates.
CONTEXT:  PL/pgSQL function kndb.enforce_epistemic_kind() line 34 at RAISE",1,
979,READ COMMITTED,A,1,0,,"CheckViolation: KNDB R5: attribute hba1c is registered as MEASURED, got INFERRED
HINT:  This is the primary trust-boundary check the paper demonstrates.
CONTEXT:  PL/pgSQL function kndb.enforce_epistemic_kind() line 34 at RAISE",1,
980,READ COMMITTED,A,1,0,,"CheckViolation: KNDB R5: attribute hba1c is registered as MEASURED, got INFERRED
HINT:  This is the primary trust-boundary check the paper demonstrates.
CONTEXT:  PL/pgSQL function kndb.enforce_epistemic_kind() line 34 at RAISE",1,
981,READ COMMITTED,B,1,0,,"CheckViolation: KNDB R5: attribute hba1c is registered as MEASURED, got INFERRED
HINT:  This is the primary trust-boundary check the paper demonstrates.
CONTEXT:  PL/pgSQL function kndb.enforce_epistemic_kind() line 34 at RAISE",1,
982,READ COMMITTED,A,1,0,,"CheckViolation: KNDB R5: attribute hba1c is registered as MEASURED, got INFERRED
HINT:  This is the primary trust-boundary check the paper demonstrates.
CONTEXT:  PL/pgSQL function kndb.enforce_epistemic_kind() line 34 at RAISE",1,
983,READ COMMITTED,A,1,0,,"CheckViolation: KNDB R5: attribute hba1c is registered as MEASURED, got INFERRED
HINT:  This is the primary trust-boundary check the paper demonstrates.
CONTEXT:  PL/pgSQL function kndb.enforce_epistemic_kind() line 34 at RAISE",1,
984,READ COMMITTED,B,1,0,,"CheckViolation: KNDB R5: attribute hba1c is registered as MEASURED, got INFERRED
HINT:  This is the primary trust-boundary check the paper demonstrates.
CONTEXT:  PL/pgSQL function kndb.enforce_epistemic_kind() line 34 at RAISE",1,
985,READ COMMITTED,B,1,0,,"CheckViolation: KNDB R5: attribute hba1c is registered as MEASURED, got INFERRED
HINT:  This is the primary trust-boundary check the paper demonstrates.
CONTEXT:  PL/pgSQL function kndb.enforce_epistemic_kind() line 34 at RAISE",1,
986,READ COMMITTED,B,1,0,,"CheckViolation: KNDB R5: attribute hba1c is registered as MEASURED, got INFERRED
HINT:  This is the primary trust-boundary check the paper demonstrates.
CONTEXT:  PL/pgSQL function kndb.enforce_epistemic_kind() line 34 at RAISE",1,
987,READ COMMITTED,A,1,0,,"CheckViolation: KNDB R5: attribute hba1c is registered as MEASURED, got INFERRED
HINT:  This is the primary trust-boundary check the paper demonstrates.
CONTEXT:  PL/pgSQL function kndb.enforce_epistemic_kind() line 34 at RAISE",1,
988,READ COMMITTED,B,1,0,,"CheckViolation: KNDB R5: attribute hba1c is registered as MEASURED, got INFERRED
HINT:  This is the primary trust-boundary check the paper demonstrates.
CONTEXT:  PL/pgSQL function kndb.enforce_epistemic_kind() line 34 at RAISE",1,
989,READ COMMITTED,A,1,0,,"CheckViolation: KNDB R5: attribute hba1c is registered as MEASURED, got INFERRED
HINT:  This is the primary trust-boundary check the paper demonstrates.
CONTEXT:  PL/pgSQL function kndb.enforce_epistemic_kind() line 34 at RAISE",1,
990,READ COMMITTED,A,1,0,,"CheckViolation: KNDB R5: attribute hba1c is registered as MEASURED, got INFERRED
HINT:  This is the primary trust-boundary check the paper demonstrates.
CONTEXT:  PL/pgSQL function kndb.enforce_epistemic_kind() line 34 at RAISE",1,
991,READ COMMITTED,A,1,0,,"CheckViolation: KNDB R5: attribute hba1c is registered as MEASURED, got INFERRED
HINT:  This is the primary trust-boundary check the paper demonstrates.
CONTEXT:  PL/pgSQL function kndb.enforce_epistemic_kind() line 34 at RAISE",1,
992,READ COMMITTED,A,1,0,,"CheckViolation: KNDB R5: attribute hba1c is registered as MEASURED, got INFERRED
HINT:  This is the primary trust-boundary check the paper demonstrates.
CONTEXT:  PL/pgSQL function kndb.enforce_epistemic_kind() line 34 at RAISE",1,
993,READ COMMITTED,A,1,0,,"CheckViolation: KNDB R5: attribute hba1c is registered as MEASURED, got INFERRED
HINT:  This is the primary trust-boundary check the paper demonstrates.
CONTEXT:  PL/pgSQL function kndb.enforce_epistemic_kind() line 34 at RAISE",1,
994,READ COMMITTED,B,1,0,,"CheckViolation: KNDB R5: attribute hba1c is registered as MEASURED, got INFERRED
HINT:  This is the primary trust-boundary check the paper demonstrates.
CONTEXT:  PL/pgSQL function kndb.enforce_epistemic_kind() line 34 at RAISE",1,
995,READ COMMITTED,A,1,0,,"CheckViolation: KNDB R5: attribute hba1c is registered as MEASURED, got INFERRED
HINT:  This is the primary trust-boundary check the paper demonstrates.
CONTEXT:  PL/pgSQL function kndb.enforce_epistemic_kind() line 34 at RAISE",1,
996,READ COMMITTED,A,1,0,,"CheckViolation: KNDB R5: attribute hba1c is registered as MEASURED, got INFERRED
HINT:  This is the primary trust-boundary check the paper demonstrates.
CONTEXT:  PL/pgSQL function kndb.enforce_epistemic_kind() line 34 at RAISE",1,
997,READ COMMITTED,A,1,0,,"CheckViolation: KNDB R5: attribute hba1c is registered as MEASURED, got INFERRED
HINT:  This is the primary trust-boundary check the paper demonstrates.
CONTEXT:  PL/pgSQL function kndb.enforce_epistemic_kind() line 34 at RAISE",1,
998,READ COMMITTED,B,1,0,,"CheckViolation: KNDB R5: attribute hba1c is registered as MEASURED, got INFERRED
HINT:  This is the primary trust-boundary check the paper demonstrates.
CONTEXT:  PL/pgSQL function kndb.enforce_epistemic_kind() line 34 at RAISE",1,
999,READ COMMITTED,B,1,0,,"CheckViolation: KNDB R5: attribute hba1c is registered as MEASURED, got INFERRED
HINT:  This is the primary trust-boundary check the paper demonstrates.
CONTEXT:  PL/pgSQL function kndb.enforce_epistemic_kind() line 34 at RAISE",1,
